医保买药确实贵的离谱了,待回复,医疗 建言,滨***,2019-12-0211:11,我在青浦白鹤镇云湖药店买了两袋百蓝根就花了151元，医保里面的钱就不是钱了，板蓝根哪里都有卖的，十几二十块钱的药，让你们卖出了新的高度！希望政府办实事！,,,
《农民要建房，政府不批新宅基地》,待回复,三农 投诉,江***,2019-12-0209:13,白鹤的村庄规划文件什么时候下发？10年了，做个规划要10年吗？上海市政府的规划等到何年何月？让我们老百姓没人容身之地，十年建房的原材料人工成本翻了好几倍，你们政府想弄死我们无地无房的农民呀？白鹤的一个青龙村形象了一片区域，我们赵云又没古遗址。45以下的人都没人在种地了，这么等下去，孩子们大了成家都无定居的房子了。,,,
拒不执行垃圾分类  多户民宅内存在群租,待回复,环保 投诉,好***,2019-11-2208:41,青浦 重固镇 回龙村 472 473 474 475 这些民宅内住着大量租户 从18年实行垃圾分类 就劝说垃圾要分类 至今扔不执行 近来上门劝说 租户不但不分 还威胁打人 ,,,
房屋质量安全隐患严重，管辖人员不作为,待回复,城建 求助,我***,2019-11-2010:33,房屋位于沪青平公路2799弄56号，是精装房，拿到手就因屋顶开裂维修过两次，后情况愈发严重，到物业报修过三、四次，来人看过就没有下文了，现在情况更严重，我觉得已经影响到我们一家人的正常生活的安全了，说不定哪天就会塌下来，也往上一级反映了，至今没有结果，无奈之下上了留言板，打扰了领导，希望能够解决问题。,,,
青浦区公园东路2099号烂尾拆迁问题,待回复,城建 咨询,李***,2019-11-0716:29,你好，作为一个住在普通市民，看到距离青浦区市政府如此近的位置有此烂尾项目，而且一拖20年，比较影响青浦形象，也比较痛心，每次听说又要启动了都无比高兴，后来又不了了之。请问这个项目拆迁重建有什么进展吗？,,,
农民工工资要不到,待回复,城建 求助,廖***,2019-11-0713:46,尊敬的赵书记您好：本人2017年2O18年带领十几个兄弟在朱家角中骏雍景湾工地干砌墙活，至今还欠农民工工资五万元整，当时冯X同意这五万元公司付，后来查帐发现廖X兵的工程款没有了，所以又不付，他们俩互相推辞，都不付这批农民工工资，在这肯请赵书记帮忙解决，谢谢。,,,
小区建筑垃圾堆放点严重影响居民生活,待回复,城建 投诉,Q***,2019-11-0610:25,庆华苑也就是沙埭浜路258弄的建筑垃圾堆放点，离居民楼太近，导致影响居民生活。第一，噪音大且经常早上6:30不到开始铲垃圾，大型卡车加垃圾抛洒直接导致扰民。第二，灰尘污染严重，每次来铲建筑垃圾灰尘产生量很大，导致周边居民没法开窗、晒出的衣服也会积灰。第三，不安全，由于卡车停在小区道路中间，铲建筑垃圾工人会直接抛物，路过的行人车辆会很危险。由于我是一名孕妇，这个建筑垃圾堆放点已经给我生活带来了很严重的影响，噪音导致睡眠不好；灰尘导致全身过敏。本来是垃圾分类的好事，但选地方也应该考虑到离周边居民楼太近，这就变成了坏事，望有关部门领导能尽快解决。,,,
五浦汇B区小区麻将扰民,待回复,治安 投诉,z***,2019-11-0609:13,您好，青浦区五浦汇B区崧子苑13号楼某房，每天都有人打麻将，该房屋属居民住宅，但非法开设棋牌室。该棋牌室麻将声和说话声很大，棋牌室一般经营到半夜12点才结束。周围邻居无法休息好，影响到白天工作。希望执法部门能加强执法监管。,,,
外地农民工维权无门,待回复,就业 求助,弟***,2019-11-0607:33,我是甘肃人，2019年4月份经网络中介介绍到青浦区嘉松中路3899号百世快递仓库上班，由于刚出校门第一次出门打工，什么都不懂，没有签订任何合同，上班第三天就被百世工人赵X宝驾驶叉叉车撞断了脚踝，住院初期百世负责人曹X民骗走了我的工牌，销毁了我在百世上班的一切证据，现在已经七个月了，没有任何答复，走劳动仲裁由于缺乏直接证据没有认定劳动关系，现在脚还走不了路，打官司也没钱，生活靠家里救济，找了好多部门都没答复，我好端端的一个脚就这样废了，我才二十岁，现在还要做二次手术也没有钱，恳请领导能关心一下我们外地农民工维权的难处，为我说一句公道话，跪谢！,,,
劳务公司不发工资,待回复,就业 建言,匿***,2019-10-3118:44,暑假我和同学一起经过上海滨淮劳务派遣有限公司安排到淮安丰瑞化妆品有限公司，因为开学，我们8月底离职，8月份工资到现在还没有发放，企业说发给劳务公司了，劳务公司不发，我们没有办法，只有过来求助！#拒绝欠账#,,,
居改非，私自改建粪便池污染河道,待回复,城建 投诉,W***,2019-10-2418:04,中铁逸都某用户居改非，租赁给青亭新能源科技发展有限公司经营汽车充电桩影响居民正常生活，地下室另租给别人，将原有房屋私自搭建粪便池，并将粪便另接管道排入下水道流入汤家浜河道，周边恶臭不断，联系物业居委12345都无法解决 只求书记出面替我们老百姓解决一下。,,,
路标警示,待回复,治安 建言,豪***,2019-10-2417:37,领导你好！我是来沪务工人员，北青公路香花桥路段虽说设置有斑马线并没有警示牌，每次过马路都是胆战心惊的过，来往车辆也不让行也没有警示牌告知前方有斑马线避让行人的。请领导们能重视这个问题，谢谢了,,,
非机动车占用人行道,待回复,治安 投诉,W***,2019-10-2416:03,地铁17号线青浦新城站4号口非机动车停放人行道上 只留出一条盲道行走。行人 轮椅车 婴儿车只能在非机动车道上走 非常危险 12345投诉多次都无法解决 希望赵书记能给广大老百姓解决一下 不要和政府部门相互踢皮球不管此事，也不希望各领导部门明知此现象不合理 还支持这种现象 谢谢。,,,
朵x云文具用品经营部非法营业,待回复,治安 投诉,d***,2019-10-2310:54,投诉:上海市青浦区朵x云文具用品经营部地址:上海市青浦区白鹤镇白虬江路35幢37号xxx室1.未获得办学许可证（从业人员无教师资格证），持续非法办学一年多。至今仍在营业。2.建筑面积537平方，未获得办学消防验收（没有办学消防安全合格证）擅自投入使用开办培训机构一年多，目前一直在营业（已经非法营业一年多）3.没有餐饮服务许可证，采用黑窝点儿加工，运送到培训机构的方式，对其机构学员提供晚餐（每天6点左右供应晚餐,,,
组织学生听广告讲座,待回复,教育 投诉,匿***,2019-10-1118:50,作为一名高校新生，在大学一年级的生活已经被学习充实了，而学校还经常要求我们我听某些讲座。诚然有些ACCA，CPA的相关知识我们应该获取，但到最后都变成了某个教育机构的联系方式，以做广告的方式介绍，内容有失偏颇，浪费学生时间，还强制要求出席，以综测分数为代价！,,,
我不想乱扔垃圾！！！,待回复,城建 投诉,W***,2019-09-1916:40,盈港东路1785弄西郊一区垃圾定点（早晚两个时间段）投放，没有保障晚出晚归的打工仔的时间段，我无法正常扔垃圾，垃圾分类是一件好事情，但是如果因为无法扔垃圾而导致乱扔这件事却影响到了国民素质，我个人觉得这件事情便是不美的了，而我一个守法守德公民，居然因为这件事我却要乱扔垃圾，我强烈要求不要逼我乱扔垃圾！！！请求在中午时间段增加一个时间段。个人不能理解，为什么全天有垃圾桶，并也有志愿者看着，反而成了他们志愿者有了权利，说：过点了，不能扔拿回去！！！那为什么要放垃圾桶又为什么要浪费这人力物力呢，如果非得全体监视这个扔垃圾的地方而不改成请垃圾分类放好呢，就因为不是早晚吗？,,,
如果居民连睡觉的权利都没有，那大力发展建设有,待回复,环保 投诉,我***,2019-09-1512:05,青浦区会恒路200弄的工地，自打我入住这边的半年以来，日夜不停的施工。严重影响居民的休息，严重扰民。各部门投诉个遍，市长热线，环保局，城管。没有一个部门进行负责，都是含糊其辞，互相推卸责任，工地依旧日夜施工，加班加点，噪声巨大。试想，卧室和工地只隔着一条马路，半夜窗外尽是水泥车的喇叭声，浇灌机的轰鸣声，工人的吆喝声。刚一睡醒，又被惊醒，反反复复。经本人半年来的观察，此工地施工非特殊施工，水泥浇灌5个小时能完成，为何偏偏喜欢在夜间。原因大概是赶工期或者水泥运输存在非法运营嫌疑。望尽快查办，重视居民基本的休息权利，如果人民连睡觉的权利都没有，那大力发展建设有何意义。,,,
黑车非法营运,待回复,交通 咨询,w***,2019-09-0318:25,外青松公路纪鹤公路东约100米中石化加油站，每晚8-9点有多辆黑车非法营运，,,,
崧泽华城华中苑地区申请规划便民设施,待回复,城建 建言,落***,2019-08-0709:01,崧泽华城华中苑离宝龙广场还有一定距离，但随着动迁居民的搬入，以及附近房屋满三可以买卖后很多购房居民也大量装修入住，本人也是其中一员。目前附近配套银行，建材小卖部……便民设施缺乏，电影院，公园等娱乐设施更无从谈起，为了周边居民的生活质量请政府领导可以尽快考虑规划，谢谢,,,
青浦垃圾场散发出的气味困扰民生,待回复,环保 求助,Y***,2019-07-2514:34,领导，您好！我是昆山市千灯镇石浦东方玉园的业主。几乎每天19时左右的时间小区就要受到很浓烈的异味骚扰，业主们向当地环保办反映，得到回复是近期风向为东南风，千灯镇南部居民区（村）感受到的空气臭味来源系上海国清生物科技有限公司（简称青浦垃圾场）所产生，该公司现处理生活垃圾采用生物堆肥发酵-残渣填埋的工艺，所以挥发出强烈的臭味。在此恳请政府能够拿出有力的措施整改或者搬迁此企业。谢谢！,,,
徐泾东地铁站6号口出入问题,待回复,交通 投诉,z***,2019-07-2409:41,你好，徐泾东地铁站6号口，经常出现公交车站到地铁站20米，但是中间拦了很多栏杆，并且没有地标，绕半天都进不去6号口，只能放弃，走很远到8号口。,,,
联通打着5g的旗号，所住小区只有两格信号,待回复,城建 投诉,大***,2019-07-2117:04,书记你好，我是安徽外来务工人员，住在华新镇新凤北路900弄****，房子里联通手机信号只有两格，有3g的网速就不错了，这些年国家一直提倡三大运营商提速降费，堂堂大上海，可我们这连信号都这么差，不知道是怎么提速降费的，看个电视，刷个游戏啥的让人恼火不行，希望得到回复，谢谢！,,,
业委会管理小区好,待回复,城建 建言,匿***,2019-07-0313:14,我们业委会不仅赶走了坏企业，引进了金地物业，而且积极制定更完善的社区规约，大大减少了不文明行为，小区大变样，每个小区都这样，社会就会从根本上走向文明#业委会#,,,
赵重公路红十字会门口路口重大交通安全隐患,待回复,交通 建言,赵***,2019-06-2920:39,出赵重公路红十字会门口的无红绿灯的路口，南面设置限速60码标牌，限速太高，该路口及附近有红十字会陈列馆，对公众开放，人流较大，万科晶源小区以及物流园区的车流及人流也都很大，另外南面100米左右就是一个有红绿灯的路口，该路口到下个路口之间仅区区100米，过高的限速会给司机错误的提示信息，从而忽略该路口的存在，因此车辆经过该路口斑马线都是呼啸而过，很少有减速慢行或礼让行人的，快车道车辆在碰到前车突然减速掉头时，也会违章变道，右侧超车，对行人安全通行的隐患极大，斑马线形同虚设，行人的过马路权利变相被剥夺。进万科晶源小区的车辆在红十字会路口压斑马线掉头的很多，行人过斑马线需要与掉头车辆抢道，斑马线上的诸多车痕说明了压斑马线掉头现象的普遍性。另外斑马线这侧的绿化太高，甚至比没有斑马线的一侧绿化更高，挡住了小轿车驾驶员的视线，行人经过斑马线容易进入司机视觉盲区，险象环生。路口东侧的机非车道间的水泥隔离墩缺口设置不合理，未与斑马线同宽。由于以上种种隐患，导致最近在该路口及附近已经连续出现二起致人死亡交通事故，因此恳请相关部门实地调研，消除或优化该路口安全隐患，保障该路口附近交通安全特别是行人过马路安全。,,,
端午节四天要求全区上班,待回复,政务 建言,匿***,2019-06-0612:23,为了配合上级扫黑除恶巡视，端午节本该休息的几天，要求全区政府包括村居工作人员上班。24小时值班。    未免有点不尊重人的基本权利。   #基层减负年#,,,
企业为赶产量，产线员工超时加班,待回复,企业 投诉,来***,2019-05-2916:10,领导好，我是一名普通的来沪务工人员，所在公司为上海市上骅涂装有限公司，地址是青浦区新达路900号。所在企业为了生产需要赶产量，让产线员工超时加班。早上7：45到岗开始工作，晚上20：15打卡下班，这是平时正常的上下班时间，可是现在每天为了赶产量，企业安排部分产线员工加班到晚上22：45，有时候甚至加班到23：45才下班，我们每天除了吃饭，工作时间达到了13.5小时甚至14.5小时，这样一来留给员工的休息时间只有短短几个小时。长期如此，身体肯定吃不消。希望领导能帮助协调，有个合理的工作时间，在辛勤劳作的同时也有个健康的好身体。,,,
青浦融信铂爵户型与图纸不符，涉嫌虚假销售,待回复,城建 投诉,躲***,2019-04-1809:03,您好！本人在上海奋斗多年，去年与老公夫妻二人在双方父母的资金支持下购买了位于上海青浦区大盈浦路1500弄的融信铂爵项目的期房一套。数月前，通过实地看房，我们发现房屋的实际户型与开发商提供的户型图、样板间和购房期间的宣传信息严重不符。购房前，我们多次前去前去售楼中心咨询和查看样板间。户型图（92平C2户型图）显示，厨房有两扇移门面朝客厅，这个户型正式融信对外重点宣传的正十字户型。样板间中， 两扇开门的厨房与客厅正对，具有良好的美观性、采光性，内部空间为东西长、南北短的浅 U 型设计，实用性也较好。我们在选房时也看了周边很多新楼盘，该厨房结构是我们非常看重的，对我的购房决策影响很大。然而，实际看房后发现，厨房仅有一扇开门， 即样板间厨房开门宽度的一半，且与客厅不正对，内部空间亦变为东西短、南北长的深 U 型，基本仅能容纳一人左右活动，美观性、采光性和实用性均大大降低，而且严重影响了房屋的价值。目前该房屋临近交房，我们已经联络到与我们遇到同样遭遇的六位业主，该小区这一户型有60户，价值近3亿，后期估计将有越来越多的业主发现问题。我们与融信铂爵进行过交涉，但对方仅表示个人非常同情我们，但无法给予我们赔偿。我们购房使用的户型图并未含在合同中，这个购房时我们提出过异议，但销售以这是网签的标准合同为由，说服了我们，并表示融信是大集团值得信赖。同时他们说我们购买的其实是92平米的另一个户型C3，这个是我们从来没有听过的，其他业主也是，我们和销售的聊天也证实了这一点。我们认为，作为不同的商品，销售应该使用不同的户型图销售，而不是用更好卖的C2户型代替，并且隐瞒了两户型之间的重大差异。购房时消费者是上帝，融信从销售到客服的态度都可圈可点，购房后却遇到这样的问题，且迟迟得不到解决，我们难以接受，在咨询律师后，目前我们六户业主已经联合寄出拒收函，但在信息更充足、专业知识更多的开发商面前，我们感到非常弱小，希望有关媒体和部门能够出面帮助维护购房消费者的应有权益，整顿房地产市场包括虚假销售、偷工减料、霸王条款在内的种种乱象。,,,
在上海市青浦区朱家角镇酒龙路151号,待回复,环保 建言,赵***,2019-04-1416:35,管理部门说在家沙场。该2018年。2月9日拆除一直拖到2019年。还没有拆除希望调查此事,,,
中央一再强调农民工工资不能拖欠,待回复,城建 投诉,遥***,2019-04-1114:41,我是河南安阳的，2016年我在青浦区置鼎路和业煌路交叉口的海珀风华项目打工三个月，工资25790元到现在还没讨要到手，希望贵领导重视此事，,,,
拖欠农民工工资,待回复,就业 求助,姜***,2019-04-0513:24,我要反应重固镇北青公路6598号意邦建材市场j2-66号的老板卢XX，欠工人三年的工资都没给，找他要他一直不给，做一年回家都是白条，我们现在家人住院急需用钱，希望青浦区赵书记能重视下，谢谢,,,
人人车，平台人员违约，不退还客户的过户押金,待回复,治安 求助,对***,2019-03-3111:02,在人人车平台卖车，平台派评估师来验车，验好车说有买家会与我联系，过了两天平台人员带了一个自称买家的人过来买车，双方价格谈好，对方支付了购车款，平台人员说为了配合过户让支付一千元押金，过户的时候退，原本说好一周过户，结果推迟了半个月，经过与平台销售多次协商才过户，过户后，销售一直推脱说没钱退还押金，最后直接说不退，与平台反馈，平台推脱说销售人员是线下交易，他们不管，可销售确实是人人车平台指派的人，平台推脱属于欺骗客户，那个销售人员，在顾客不知情的情况，把平台交易改成线下交易，过户后不退押金，属于诈骗行为，拙去公安机关报案，提供各项证据及聊天记录，但公安机关说情节不严重不予立案，恳求为我们老百姓做主，还我们一个公道,,,
徐泾镇招待所动迁补偿标准不合理！,待回复,城建 求助,申***,2019-01-2815:50,尊敬的赵慧琴书记：    由于接到动迁办关于老镇改造动迁征收通知书，经与动迁工作人员接洽，有几点基本情况需要领导汇报说明：    一、青浦区徐泾招待所是1998年通过徐泾镇政府广虹公司以集体企业改制形式将振泾路262号经评估作价后签订出让协议合法出售给王金元并经青浦人民法院公证确认。出售单位是徐泾镇政府下属徐泾广虹公司，法定代表人为钱海明。受让人是王金元。    二、根据徐泾镇改制办的要求，我们取得徐泾招待所的所有权以后企业经青浦工商局凭区政府改制办出具改制报告后变更为私营企业（上海昱苑娱乐有限公司），房产证为事后根据镇政府要求补办但是名称仍为徐泾招待所，房屋用途注明为办公用房。    三、在改制中，根据评估报告所有房产价格是参照当时市场价格，评估报告明细表中房产部分最高价格为1000多元每平米，包括设备等总价结算达222.47万元，最后出让总价格为246万元整，土地为租赁形式，使用费为3万元每年，第四年开始每年递增5000元（同期本镇改制的工业企业土地租赁费为4000元每年每亩）。这是1998年的价格，完全是以当时商业价格评估而来。    四、虽然价格相当高，但是为了以后的生活能得到改善还是咬牙买下了。为了不拖欠政府的应交款项，全家节衣缩食省吃俭用还不得已采用民间借贷的方式筹集资金付清全部款项。现在喜闻老镇改造要动迁，老城镇改造是利国利民利子孙的大好事，我们不应该也不能够不配合政府的动迁工作，而且也相信这次动迁政府也一定会认真考虑和保障老百姓的正当的合理合法的补偿要求的，我们从始至终积极配合政府的动迁工作，绝不会用一些不正当的理由阻挠政府推进动迁，甚至可以为了动迁工作顺利进行适当的让利也是可以考虑的。但是在接到镇府出具的评估报告后心情无比失落，镇府给出的价格仅为每平方1500元左右，加上所谓速签奖励费后的总的均价远远低于同期同街其他动迁户（其他动迁户均价58000元左右）。我们并没有要求和其他动迁户一样，毕竟我们是属于企业动迁，但以没有先例为由生搬硬套以工业厂房标准补偿是无法接受的，不作为商业用房可以理解但绝不能以工业厂房标准。我们诉求的只是合理合情合法符合实际的补偿，希望政府和领导本着公平公正的原则以保护人民百姓的利益出发给予我们一个公平合理的补偿！   本人承诺以上所有的信息资料完全真实，有原始资料为证，如有弄虚作假愿意承担一切法律责任和后果。 至此，敬礼！     振泾路262号业主王金元敬上,,,
违法建筑房何时才能拆除,待回复,城建 投诉,y***,2018-12-0215:49,"  反映松江区九亭镇茂联路100号一厂区内，有一黄色的房为无证违章建筑房，为何此违建房拆不了啊？希望松江区九亭镇相关部门按照""五违四必""精神，对上处违章建筑依法予以拆除,让城市市容秩序更加规范，城市环境更加整齐。 ​​​​",,,
上海市青浦区徐泾镇高景花园744户居民无路行,待回复,城建 求助,新***,2018-11-1608:57,"尊敬的赵书记，你好！    我是位于上海青浦徐泾镇高泾路999弄的高景花园小区居民。我们要反馈的问题是，作为拥有住户744户，进出车辆有600余辆，常住居民1000 多人的小区，仅有一个狭窄的出口,下雨天还出现了老人滑倒的情况，消防车也出人困难。去年西虹桥建设公司招标勘察谢家角路，小区居民特别感谢，为此还送了锦旗，据了解该项目推进十分困难。    今年进博会的召开，镇政府狠抓精细化管理，我们看到了除我们小区之外的环境都得到了极大的改善，唯独我们小区因为二次水改，导致的小区内部道路破损，绿化损坏糟糕，小区锻炼场所破损严重，没有任何改善。本人认真学习了上次关于对上海城市的精细化管理要求。期望徐泾镇政府能够将我们普通的、低收入群体小区作为精细化管理的示范小区，那么我们将十分感谢！",,,
关于民乐苑三期民欣社区消防隐患的求助,待回复,治安 求助,茶***,2018-10-1710:47,赵书记，你好：    很抱歉打扰您，我居住在盈港路1880弄民欣社区多年，这两年小区当中汽车越来越多，胡乱停放，但是却无人进行管理，导致了小区的主通道只能允许一辆小轿车通过，消防车根本不能进入小区，小区物业虽然设置了门卫，但是任何社会车辆都能够自由进入小区，由于小区对面就是公交车站，导致小区中滞留了大量社会车辆、忠斌旅游公司的大巴士、中巴车。    我们是拆迁户，年近90的爷爷和患有老年痴呆的奶奶也住在这个小区当中，还包括我两个学龄前的孩子，我们也一直向民欣居委会反映，但是居委会的同志告诉我们，其他小区也是这样的，自己居住的小区也停了很多车辆，所以无能为力，而且这都是物业管的，居委会没有权力管理。    目前两个问题：第一就是因为汽车胡乱停放，平常想带老人和孩子在小区里面散个步什么的，都要特别当心，因为汽车阻拦了视线，进出小区的汽车、电瓶车、自行车非常容易撞发生事故；第二就是消防问题，小区通道两边停满了车子，正常只能通过一辆车子，消防车进入小区只能到达正门进来20余米，后面90%左右的区域消防车无法进入，万一发生火灾什么的，只能依靠人力，而且小区中每天都有居民使用煤球炉，小区东面与河交界的地方属于荒地，经常有居民焚烧杂草。    今年3月份的时候居委会开始统计居民的车辆，我们以为是要进行管理了，结果到7月份的时候也没有任何动静，于是我拨打了12345市民热线，民欣居委会工作人员回复是物业公司的问题，7月底再次拨打时，民欣居委会陆书记承诺会在8月底前完成智能化社区的建设，9月6日陆书记联系我告诉我因为街道要统一协调，会在9月底国庆前完成，结果还是没有动静，9月30日我再次拨打12345热线，热线工作人员给我读了民欣社区回复12345的内容：居委会将会在2018年8月底前完成智能化社区的建设。    我不知道向谁向哪个部门反映这个事情，停车难是每一个小区的通病，我可以理解，但是消防隐患没人处理，特别是现在临近进博会，我们不希望家人发生什么，也不希望邻居或者小区里发生什么恶性时间，所以冒昧向您求助！,,,
一句“存量”就能让违建“天长地久”？,待回复,城建 投诉,y***,2018-09-2909:32,     青浦区委书记赵惠琴，你好：反映青浦区徐泾镇联民路（沪青平公路~豪都花园大门“沪青平公路1881弄”）段的马路被违规设置临时疏导点，严重地影响了即将在青浦区徐泾镇举办国际博览会周边城市的形象。     此外，违规设置临时疏导点在路边经营，随之而来的是各类环境卫生问题。随意排放的污水和被丢弃的垃圾污染了周边环境。     本市《城市道路管理条例》、《市容环境卫生管理条例》等明确禁止擅自占用城市道路人行道设置各类设施、应当保证设置设施后的人行道通行宽度不小于1.8米、任何单位和个人不得在道路两侧和其他公共场所搭建影响市容环境卫生的临时建筑物、构筑物或者其他设施。    希望青浦区徐泾镇政府通过实质性措施加大管理、执法力度。开展专项整治，落实长效管理机制。在国际博览会前，依法拆除违规设置临时疏导点。并进一步结合周边产业结构，积极推进青浦区徐泾镇农产品市场规划的编制工作，尽快从源头上合理规划该类场所的选址和建设。,,,
上海天壮物业乱收费，态度恶劣,待回复,城建 投诉,W***,2018-09-2119:18,尊敬的赵书记，您好！近期位于青浦区诸光路1355弄西郊家园被天壮物业接管，现在因中博会整理整顿小区，美化环境，物业趁机收费，而且态度十分恶劣。经查，小区属于安置房产，车位为业主集体所有，物业无权收费，其行为触犯物权法；另外，经查该物业不具有收费资质，属于违法行为。发改委三令五申，禁止乱收费，其顶风作案，请求领导为百姓做主，严惩违法乱纪行为，感谢受人爱戴的赵领导。,,,
依法拆除违规设置临时疏导点,待回复,城建 投诉,y***,2018-09-2009:08,上海青浦区徐泾镇联民路（沪青平公路~豪都花园大门“沪青平公路1881弄”）段的马路被违规设置临时疏导点，严重地影响了即将在青浦区徐泾镇举办国际博览会周边城市的形象。此外，违规设置临时疏导点在路边经营，随之而来的是各类环境卫生问题。随意排放的污水和被丢弃的垃圾污染了周边环境。希望青浦区徐泾镇政府通过实质性措施加大管理、执法力度。开展专项整治，落实长效管理机制。在国际博览会前，依法拆除违规设置临时疏导点。并进一步结合周边产业结构，积极推进青浦区徐泾镇农产品市场规划的编制工作，尽快从源头上合理规划该类场所的选址和建设。,,,
华新镇噪音毒瘤，无人整治,待回复,文娱 投诉,W***,2018-09-1709:55,华新公园每天晚上噪音响的不得了，根本没人管，吵都吵死人了，政府人员请问在哪里？管不管，多少年的问题了，就是个噪音毒瘤加工厂～吵死人了～每天都吵，没有一天安静的～,,,
拆除违规设置临时疏导点。,待回复,城建 投诉,y***,2018-09-0620:26,青浦区委书记赵惠琴，你好：    反映青浦区徐泾镇（沪青平公路~豪都花园大门“沪青平公路1881弄”）段的马路被违规搭建的简易设施，无固定墙体和顶棚的——临时疏导点，严重地影响了即将在青浦区徐泾镇举办国际博览会周边城市的形象。    此外，违规设置临时疏导点在路边经营，里面乱脏着、私自乱拉电线、门口岗亭外违规电瓶车充，电三合一住人、简易棚部分铁架松动等问题严重，随之而来的是各类环境卫生问题，随意排放的污水和被丢弃的垃圾污染了周边环境。一旦这临时疏导点发生火灾、或简易棚倒塌事故，后果严重。    希望青浦区徐泾镇政府通过实质性措施加大管理、执法力度。开展专项整治，落实长效管理机制。在国际博览会前，依法拆除违规设置临时疏导点。由镇有关部门牵头，在就近区域市场化运作，引进第三方配菜公司，提供一定的净菜配送服务。并进一步结合周边产业结构，积极推进青浦区徐泾镇农产品市场规划的编制工作，尽快从源头上合理规划该类场所的选址和建设。,,,
拆除临时疏导点 打通“断头路,待回复,城建 投诉,y***,2018-08-0802:35,青浦区委书记赵惠琴，你好：青浦区徐泾镇联民路（沪青平公路~豪都花园大门“沪青平公路1881弄”）段的马路被违规设置临时疏导点，马路也被设置了栏杆，机动车也被禁止通行。断头路”一度成为不少市民的出行之痛，畅通城市路网，是民心所向。政府在打通断头路，而青浦区徐泾镇不仅把好好的道路给封闭了，而且还把此段路面部分土地出让了。希望青浦区政府聚焦交通补短板，关注民生之事，解决群众“急难愁盼，停止此段路面部分土地出让，拆除存在安全隐患和影响城市形象的马路违规设置临时疏导点，由区政府牵头，从区所在徐泾镇所在村（居）等单位，实地勘查“断头路”，收集好第一手资料，制订逐步打通“断头路”的规划，尽力在国际博览会前把这条老联民路开通，方便附近市民车辆进出沪青平公路。断头路的建成打通，不仅为附近市民节省了出行时间、缩短了出行距离，更拉近了政府与群众“心”的距离。,,,
违建厂房，噪音，粉尘，严重污染！,待回复,环保 投诉,匿***,2018-08-0110:57,尊敬的领导        您好！在当前拆违整治的大环境下，白鹤，鹤国路266号长隆塑胶有限公司，只是拆除了外围看见的，里面依然是违章违建，噪音，粉尘严重污染，明天检查今天都收到了消息，想想都让人不敢相信，恳请领导关注！,,,
光明,待回复,交通 建言,匿***,2018-07-2909:52,尊敬的领导您好:在重固镇徐山路上有数以万计的农民工上下班，可是一个路灯都没有，晚上上下班光线不好，容易发生交通事故，恳请解决一下，非常感谢！,,,
嵩山村村干部办事不力,待回复,交通 投诉,W***,2018-07-0211:05,尊敬的领导，你好！我是华新镇嵩山村村民，嵩山村205号前面这条水泥路是我们村庄平时出入的唯一一条水泥路，由于前两年有村民在这条水泥路边种植了一排小树，这两年间树越长越大，导致三分之一的路面已被长出来的树枝覆盖，路边又是一个很深的坎，现在我们进出非常不方便，为了躲避树枝的刮蹭，已经有好几部车子掉进路边的坎被卡住了。我跟村长郁林反应过好几次了，第一次他叫人来象征性的修了一下，没过一个多月又长出来了，上个月月初又跟他反应了，口头上是答应了，结果快一个月了也没人来处理！还有一些村里拆违章留围墙问题我后续再跟您反应！,,,
请领导能够体谅底层农民,待回复,其他 求助,N***,2018-05-1609:00,我是香花社区51号的村民，在1986年响应香花大队开河动迁，原拆除6间房子，大队重批宅基地位于新址，建造12米楼上楼下，房屋开工时因后面两家不同意我建造12米，找到村里协调，后经双方让步建造11米。后来实际建造3间小屋，两上两下加东侧一间平顶与主屋相连。今年动迁，拆迁办提调我方批复为两上两下三间小屋，批复里没有一间平顶，只能按实际面积176给予补偿，不能按照200平米补偿。事后找到当时村里的两名委员给我们出面作证，当时村里是给我们12米的政策。可动迁办方面说只认批复。可是这张申请批复不要说我们当事人没见过不知情，两位村委委员也不知情。希望领导能够体谅我们农民的无奈，响应支持了村里开河的决策，最终被一张不是本人提交的申请批复造成了不小损失。,,,
尽快恢复老联民路段道路,待回复,城建 投诉,y***,2018-05-0714:53,青浦区委书记赵惠琴，你好：反映青浦区徐泾镇联民路（沪青平公路~豪都花园大门“沪青平公路1881弄”）段的马路被违规设置临时疏导点 ，马路也被设置了栏杆，机动车也被禁止通行。断头路”一度成为不少市民的出行之痛，畅通城市路网，是民心所向。政府在打通断头路，而青浦区徐泾镇不仅把好好的道路给封闭了，而且还把此段路面部分土地出让了。希望青浦区政府聚焦交通补短板，关注民生之事，解决群众“急难愁盼，停止此段路面部分土地出让，尽快把这条老联民路开通，方便附近市民车辆进出沪青平公路。断头路的建成打通，不仅为市民节省了出行时间、缩短了出行距离，更拉近了政府与群众“心”的距离。,,,
无证经营 多次举报未果,待回复,城建 求助,",***",2018-04-2716:09,青浦区 重固镇 回龙村 472号  这户民宅 无证经营 加工（搭建舞台的金属架子及电子产品）架子打磨时火花四溅  还有加工控制音乐的仪器  来往车辆繁多  出行带来诸多不便   群租  没有安全的外地钢瓶  这些钢瓶一旦发生爆炸 后果不堪设想  多次举报未果的情况下望政府部门没解决这一难题  还老百姓一个干净 清洁无火灾隐患的环境 谢谢,,,
徐泾镇无证餐饮存在着食品安全隐患,待回复,城建 投诉,y***,2018-04-1307:51,青浦区徐泾镇北青公路3028号处有高压线底下有一违建临时疏导点（金联村），里面经营着几家无证夜排档，及各种餐饮，卫生条件十分恶劣。无证餐饮存在着食品安全隐患，市民对此问题反映强烈。 今年，上海召开食品生产经营监管工作会议，全面打响无证餐饮大整治，力争在年内基本消除无证餐饮。 希望徐泾镇政府和镇市场监管、公安、城管、绿化市容等各个部门参与到整治工作中去，集中整治，对无证夜排档进行取缔，依照《五违四必》精神，尽快拆除存在安全隐患和市容市貌的金联村违章临时疏导点，以良好的形象迎接上海国际博览会和创全工作。 ,,,
整治无证夜排档   拆除违章临时疏导点,待回复,城建 投诉,y***,2018-04-1207:49,青浦区委书记赵惠琴，你好：反映青浦区徐泾镇北青公路3028号处有高压线底下有一违建临时疏导点（金联村），里面经营着几家无证夜排档，及各种餐饮，卫生条件十分恶劣。无证餐饮存在着食品安全隐患。今年，上海召开食品生产经营监管工作会议，全面打响无证餐饮大整治，力争在年内基本消除无证餐饮。希望徐泾镇政府和镇市场监管、公安、城管、绿化市容等各个部门参与到整治工作中去，集中整治，对无证夜排档进行取缔，依照《五违四必》(无违法建筑、无违法用地、无违法经营、无违法居住、无违法排污)精神，尽快拆除存在安全隐患和市容市貌的金联村违章临时疏导点，以良好的形象迎接上海国际博览会和创全工作。,,,
（金联村）违建临时疏导点何时才能整治,待回复,城建 投诉,y***,2018-04-0619:31,青浦区徐泾镇北青公路3028号处有高压线底下有一违建临时疏导点（金联村），里面经营着几家无证夜排档，及各种餐饮，卫生条件十分恶劣。无证餐饮存在着食品安全隐患。今年，上海召开食品生产经营监管工作会议，全面打响无证餐饮大整治，力争在年内基本消除无证餐饮。希望徐泾镇政府和镇市场监管、公安、城管、绿化市容等各个部门参与到整治工作中去，集中整治，对无证夜排档进行取缔，依照《实施》精神，尽快拆除存在安全隐患和市容市貌的金联村违章临时疏导点，以良好的形象迎接上海国际博览会和创全工作。,,,
拆除违章临时疏导点  尽快打通断头路,待回复,城建 投诉,y***,2018-04-0115:59,反映青浦区徐泾镇联民路（沪青平公路~豪都花园大门“沪青平公路1881弄”）段的马路被违规设置临时疏导点 ，马路也被设置了栏杆，机动车也被禁止通行。政府在打通断头路，而青浦区徐泾镇不仅把好好的道路给封闭了，而且还把此段路面部分土地出让了。希望青浦区政府关注民生之事，停止此段路面部分土地出让，尽快把这条联民路开通，方便附近市民车辆进出沪青平公路。,,,
整治无证夜排档  拆除违章临时疏导点,待回复,城建 投诉,y***,2018-04-0115:58,青浦区徐泾镇北青公路3028号处有高压线底下有一违建临时疏导点（金联村），里面经营着几家无证夜排档，及各种餐饮，卫生条件十分恶劣。无证餐饮存在着食品安全隐患。今年，上海召开食品生产经营监管工作会议，全面打响无证餐饮大整治，力争在年内基本消除无证餐饮。希望徐泾镇政府和镇市场监管、公安、城管、绿化市容等各个部门参与到整治工作中去，集中整治，对无证夜排档进行取缔，依照《实施》精神，尽快拆除存在安全隐患和市容市貌的金联村违章临时疏导点，以良好的形象迎接上海国际博览会和创全工作。,,,
取缔无证夜排档  拆除违章临时疏导点,待回复,城建 投诉,y***,2018-03-2606:51, 反映青浦区徐泾镇北青公路3028号处有高压线底下有一违建临时疏导点（金联村），里面经营着几家无证夜排档，及各种餐饮，卫生条件十分恶劣。无证餐饮存在着食品安全隐患。今年，上海召开食品生产经营监管工作会议，全面打响无证餐饮大整治，力争在年内基本消除无证餐饮。希望徐泾镇政府和镇市场监管、公安、城管、绿化市容等各个部门参与到整治工作中去，集中整治，对无证夜排档进行取缔，依照《五违四必》精神，尽快拆除存在安全隐患和市容市貌的金联村违章临时疏导点，以良好的形象迎接上海国际博览会和创全工作。,,,
拆除松江区九亭镇茂联路100号违章建筑房,待回复,城建 投诉,y***,2018-03-2009:38,反映松江区九亭镇茂联路100号一厂区内，有一黄色的房为无证违章建筑房。希望松江区九亭镇政府执法部门调取茂联路100号房屋资料，确认违建面积，找房主做工作配合拆除，如房主不同意配合政府拆除违法建筑，那依照《实施》精神，对茂联路100号违章建筑房依法予以拆除。让城市市容秩序更加规范安全，家园更加整齐规矩。,,,
取缔无证夜排档,待回复,城建 投诉,y***,2018-03-1920:36,反映青浦区徐泾镇北青公路3028号处有高压线底下有一违建疏导点（金联村），里面经营着几家无证夜排档，及各种餐饮，卫生条件十分恶劣。无证餐饮存在着食品安全隐患。今年，上海召开食品生产经营监管工作会议，全面打响无证餐饮大整治，力争在年内基本消除无证餐饮。希望徐泾镇政府和镇市场监管、公安、城管、绿化市容等各个部门参与到整治工作中去，集中整治，对无证夜排档进行取缔。,,,
整治无证夜排档,待回复,城建 投诉,y***,2018-03-1607:38,反映青浦区徐泾镇北青公路3028号处有高压线底下有一违建疏导点（金联村），里面经营着几家无证夜排档，及各种餐饮，卫生条件十分恶劣。无证餐饮存在着食品安全隐患。今年，上海召开食品生产经营监管工作会议，全面打响无证餐饮大整治，力争在年内基本消除无证餐饮。希望徐泾镇政府和镇市场监管、公安、城管、绿化市容等各个部门参与到整治工作中去，集中整治，对无证夜排档进行取缔。,,,
拆除违章建筑房,待回复,城建 投诉,y***,2018-02-2619:11,松江区九亭镇茂联路100号一厂区内，有一黄色的房为无证违章建筑房，租给外来人员群居，存在着严重的安全隐患。希望松江区九亭镇相关部门依法拆除违章建筑房。 ,,,
违建疏导点多数无证经营餐饮等,待回复,城建 投诉,y***,2018-02-2619:09,青浦区徐泾镇北青公路3028号处有高压线底下有一违建疏导点，里面经营着几家无证大排档，及各种餐饮，卫生条件十分恶劣，国家有规定高压线下不能建房，而该疏导点直接建在高压线下面，有着特大的安全隐患。希望望徐泾镇政府和有关部门重视这一存在重大安全隐患的疏导点,,,
南山雨果小区停车费问题,待回复,其他 求助,n***,2018-02-1222:02,书记您好：我是青浦区徐泾镇叶联路699弄南山雨果的居民，我们小区居民想求助政府。小区的物业随意对停车费涨价，现已涨到停一晚要30块，这简直就是商场的要价了，回个家都回不起了。我们只想知道，物业是可以随意这样涨价的吗，这次是30，过一段时间可能又要50、60了，这让我们老百姓怎么过啊。我们实在是没有办法了，希望政府可以只条明路，谢谢！,,,
尽快恢复原联民路段道路,待回复,城建 投诉,y***,2018-01-1313:41,青浦区委书记赵惠琴，你好：   反映青浦区徐泾镇联民路（沪青平公路~豪都花园大门“识青平公路1881弄”）段的马路被违规设置临时疏导点 ，马路也被设置了栏杆，机动车也被禁止通行。政府在打通断头路，而青浦区徐泾镇不仅把好好的道路给封闭了，而且还把此段路面部分土地出让了。希望青浦区政府关注民生之事，停止此段路面部分土地出让，尽快把这条联民路开通，方便附近市民车辆进出沪青平公路。政府真正为民做实事，为创建青浦区全国文明城区而努力奋斗！,,,
打通联民路，方便市民出行,待回复,城建 投诉,y***,2018-01-0321:43,青浦区委书记赵惠琴，你好：     反映青浦区徐泾镇联民路（沪青平公路~豪都花园大门“识青平公路1881弄”）段的马路被违规设置临时疏导点 ，马路也被设置了栏杆，机动车也被禁止通行。政府在倡导打通断头路，而青浦区徐泾镇政府把好好的道路给封闭了，还要在临时疏导点地皮出让。希望青浦区委书记赵惠琴关注此问题，尽快把这条联民路开通，真正方便市民车辆进出沪青平公路。,,,
徐泾一小区面临火灾威胁，基层政府漠视不理,待回复,城建 求助,忍***,2017-12-2609:19,青浦区徐泾镇高泾路的高景花园小区约有700户居民，但是整个小区只有一个出口，单向通道最宽不到3米，人行通道大约有1米宽左右，全长有600百米，完全不符合消防通道的规定，整个小区的人民群众的生命安全受到极大的威胁。平时，出行极为不便，下雨天更加困难，并且在这条路上，发生多次交通事故，多名儿童受伤。  徐泾镇高泾社区居委，就在高景花园办公，数十年来，群众多次反映小区出行难和消防通道不合规定问题。但是居委会相关负责人，置广大群众的利益与不顾，漠视广大群众的生命财产安全，并没有向上级反应问题或采取行动解决出行安全问题，致使整个小区面临着极大的火灾隐患，生命安全受到极大的威胁。时至今日700户居民面临着巨大的火灾危险。  除此之外，由于高景花园小区的现任业委会不能解决小区的问题。业主按规定向居委会提交了业主50%的签名和20%的业主房产证复印件，要求重新选举业委会，高泾居委受理相关材料后，到现在没有给予一个明确的答复，不置可否，不作为。    只要把现在的路拓宽一下，或者把墙外的路连接一下就能解决的问题（墙外徐泾镇政府借给隔壁小区一条路大约一公里，就在小区五十米处，但是徐泾镇完全不顾我们需求，不让我们接上使用），为什么就迟迟不能解决？致使700户居民面临巨大火灾威胁。高泾居委会和徐泾镇政府是不是切实考虑小区居民的需求，不要不管不问！你能借给别的小区一公里，为什么不能借给我们五十米呢？   小区群众多次向12345反应，都没有解决问题，都是一些程序上回复。我强烈要求，至少要青浦区一级的部门给我回复，希望能引起重视，不要让火灾悲剧上演，不要把诉求又转到徐泾镇政府。否则没有任何实际效果。图中如果连上，小区多了一条求生之路。,,,
整治清退街头临时疏导点,待回复,城建 投诉,y***,2017-12-2420:53,反映青浦区徐泾镇豪都花园（沪青平公路1881弄）门口马路和人行道上违规搭建设置的临时疏导点，据了解，该临时疏导点是徐泾镇政府设置的临时疏导点，是租给私人承包（摊位收私金）的临时疏导点，严重影响城市的形象，也影响人行道行人和马路行车的正常通行，占道经营也存在着严重安全隐患问题。为加强经营性场所公共安全管控、规范市场经营秩序，以城市管理领域“补好短板”重大课题为主线，以改善城市市容环境质量为重点，有关部门要有效开展码头街临时疏导点整治清退工作。希望徐泾政府尽快在周边配套规划建设新市场，政府带头依法拆除豪都花园门口一段马路违建临时疏导点。并建议把联民路这段路与沪青平公路接通，以方便附近小区住户出入。,,,
市政建设多一点规划,待回复,城建 投诉,旻***,2017-11-1607:21,一段小小的围墙在几个月的时间里拆了又修，修了又拆，这次刚修好才3天又拆了。纳税人的钱就这样“流失”了。华新镇宝丰路999号,,,
徐泾镇高景花园744户对安全出行请求领导帮助,待回复,交通 求助,枫***,2017-11-0315:51,"致各级领导一封信尊敬的政府各部门领导:    我们是位于上海青浦徐泾镇高泾路999弄的高景花园小区业主。我们要反馈的问题是，作为拥有住户744户，进出车辆有600辆，常住居民1000 多人的小区，仅有一个狭窄的出口,还是借宅东村的！！！（见附实景图），小区就像被围墙包围着的孤岛。高景花园因为历史遗留问题和西郊景园多年协商未果。小区业主现在只能在唯一条两边都是围墙的窄道上通行，居民的出行极为不便且存在着严重安全隐忧。这个问题多年反馈无果。而我高景花园外正在施工一条宽阔的谢家角路（见附图规划及实景），此路直达沪青平公路，距离我们小区门口不足50米（见附图实景。这原有条路，那时还有本地人的宅基地房子，一间一间分租给别人的。后来被拆了，让这一片地荒芜起来，等着升值坐地起价。可能太贵了，还没有开发商来要。不知名原因突然我们有了围墙！）我们一点点被蚕食，终于有了触地反弹的现在！我全体居民请求各位领导可以指导 ，帮助我居民修建这50米的求生之路!尊严之路!幸福之路!图片因不擅长，提示格式问题，未能上传请谅解，可提供纸质。                                高景花园小区全体居民                                          2017-10-25",,,
违法建筑房何时才能拆除 ？？？,待回复,城建 投诉,y***,2017-09-0311:19, 青浦区徐泾镇沪青平公路1881弄5杠21号一住户，原二层房违规升自为三层房，房的北区也是违规扩建的，严重地影响到旁边住户的采光，这存量房为何当初没拆除呢？今年以来以“五违四必”治理工作为重点，重点有力拆除违建钉子户。请问青浦区徐泾镇拆违办，沪青平公路1881弄5杠21号这一违法建筑房何时才能拆除 ？？？,,,
徐泾豪都国际小区门口违法占道经营,待回复,城建 投诉,涩***,2017-07-2810:48,书记你好！关于青浦豪都国际疏导点违建多年，一直控扰着豪都靠小区几家别墅住户，在加上现在的车辆太多，本来一个联盟路开通还能缓解一下交通，可让疏导点占用栽了好多铁桩，给行人直接带来安全隐患，现在不是到处都拆违建，望政府能不能早点拿出个方案，给市民一个舒适的生活环境，这样的违章建筑严重影响市容市貌。存在安全隐患。,,,
求助信,待回复,就业 求助,q***,2017-06-1907:10,尊敬的赵书记您好：我是一名杭州师范大学医学院护理系本科应届毕业生。我去年通过了青浦中山医院的护理人员招聘考试，于2016年4月和青浦中山医院签订了三方协议，准予招聘我。但后来由于学校辅导员的失职和我自己的失误，导致差两个（二类）学分不能顺利毕业，故延长学制一年，于2017年6月应届毕业，青浦中山医院人事科和护理部在了解到我已经正常完成专业所需学分，只是差两个（二类）学分无法毕业入职，同时我向医院领导提出书面申请，我在中山医院以实习生的身份在医院实习工作一年，到明年再招聘时，我顺利毕业，医院人事部口头承诺直接录用我。我于2016年9月1日开始在青浦中山医院实习工作至今。6月9号上午，护理部主任对我说今年你即使拿到毕业证也无法入职了。我和姑母于6月12号上午去找青浦中山医院人事部主任王卫莲问明原因，她给我们的回答是由于人员招聘突然改革，现在人事招聘归卫生局管。后来我们去青浦区卫计委了解今年的招聘情况，卫计委人事跟我讲今年护士的招聘工作是青浦中山医院自己招的，让我回去和中山医院协商。此时我感受到了很多的不公和社会的恶意。如果你中山医院不想招聘我，4月份招聘好了，就应该如实告知我，我也可以去参加其他医院的招聘，但是却在6月9日这么晚几乎所有医院都完成招聘后跟我讲。我对这件事的愤怒是我相信承诺，坚守诚信没有去其他单位应聘，在医院无偿工作了一年，本就想留在青浦中山医院兢兢业业工作。结果却在6月9日突然通知我今年不能入职，晴天霹雳。上天已经对我太不公了，我7岁父母离异、19岁丧父，大四时辅导员工作失误导致延后一年毕业，现在青浦中山医院人事部这样做，简直就是拦断了我今后在医院工作的职业生涯，这对于我而言是十分巨大的影响，对我整个人生都是巨大的创伤。我在医院认真工作将近一整年后就这样被突然无情抛弃。我对此感到十分的不甘和伤心，青浦中山医院这么大的文明单位，招聘如此没有诚信可言，我现在感觉很无助、对未来很迷茫。本来家庭条件就十分艰苦，希望在医院入职后能自食其力，好好报答辛苦一辈子的爷爷奶奶，他们还未从丧子之痛的阴影中走出来，我应聘又被欺骗，叫他们情何以堪、何以承受？ 青浦中山医院人事部失诚信、失公德造成我现在工作无着落。我身处绝境，实在无路可走，只能向您领导求助，恳请帮助一个痛苦、悲凉、无助的我！此致敬礼！朱悦2017.6.16,,,
赵巷沪青平公路与赵重公路交叉口的小广场文化作,待回复,其他 咨询,3***,2017-06-0708:26,沪青平公路与赵重公路的交叉口，赵巷小广场上的广场灯，为何从来没亮过，而且这么好的一个崧泽神韵文化广场成了一些流浪汉和小偷的晚上睡觉的地方，建这个广场还有什么意义，简直是在玷污崧泽文化。能不能让广场上的等亮起来，把崧泽文化树立起来，让老百姓体会到这是一个广场，并可供老百姓生活娱乐休闲。把她的功能发挥出来！,,,
马路临时疏导点必须拆除,待回复,城建 投诉,匿***,2017-05-3116:37,反映上海青浦区徐泾镇豪都花园（沪青平公路1881弄）门口马路上违规搭建设置的临时疏导点，该临时疏导点严重影响城市的形象，也存在着安全隐患问题。青浦区徐泾政府仍未进行整改。为了切实解决这一马路乱象，政府搭建的马路违章临时疏导点也必须依法拆除。希望青浦区徐泾镇尽快规划建设新市场，政府带头依法拆除豪都花园门口一段马路违建临时疏导点。并把这段路与沪青平公路接通，以方便附近小区住户出入。 ,,,
关于豪都国际花园业委会选举,待回复,城建 投诉,孤***,2017-05-2318:39,尊敬的夏区长您好！我是家住徐泾豪都国际花园3002-6A的业主，家中屋顶漏水5年，找过物业、居委会、镇房办、区住建局都无任何结果，甚至连回访电话都没有，经了解该小区2年无业委会，好多业主苦不堪言，打过12345电话4次，也是无结果。该小区环境脏乱差，路面破损严重，小区绿化破损面积过多，违章建筑频繁。 个人觉得徐泾是青浦的一张名片，这样的小区出现在徐泾真的不应该，希望政府相关部门引起重视，一个业委会选举竟然2年多受阻，这中间是否有政府相关部门干涉，是否有一些领导干部做一些违规违纪的事情，请求赵书记关心一下老百姓的苦衷，帮老百姓办一些实事。最后我想问一句赵书记我党的宗旨是什么？,,,
关于豪都国际花园业委会选举推进工作,待回复,城建 投诉,孤***,2017-05-2318:39,尊敬的赵书记您好！我是家住徐泾豪都国际花园3002-6A的业主，家中屋顶漏水5年，找过物业、居委会、镇房办、区住建局都无任何结果，甚至连回访电话都没有，经了解该小区2年无业委会，好多业主苦不堪言，打过12345电话4次，也是无结果。该小区环境脏乱差，路面破损严重，小区绿化破损面积过多，违章建筑频繁。 个人觉得徐泾是青浦的一张名片，这样的小区出现在徐泾真的不应该，希望政府相关部门引起重视，一个业委会选举竟然2年多受阻，这中间是否有政府相关部门干涉，是否有一些领导干部做一些违规违纪的事情，请求赵书记关心一下老百姓的苦衷，帮老百姓办一些实事。最后我想问一句赵书记我党的宗旨是什么？,,,
上海咏乐企业管理有限公司智库星还我血汗钱,待回复,企业 求助,死***,2017-05-1716:19,尊敬的人民公仆你好：我被上海咏乐企业管理有限公司，智库星创意玩具童车生活馆骗了一万多元血汗钱。以前说的进货价格很低，交过二两万块钱后给我发了一些货物。价格比市场价都高。和以前他们说的价格有天壤之别。而且不让退货也不退钱，我现在真是欲哭无泪。请领导们管管这些皮包公司，别让他们再去骗人骗钱了。还我血汗钱。同时也别给上海抹黑了。,,,
光明工程,待回复,城建 求助,匿***,2017-05-1123:57,尊敬的父母官。我与上上海市光明工程的一家公司签订了光明工程施工协议，合同的保证金 也交了。工人的保险费也买了。工作服钱也交了。等了一个多月了还没有开工。下面的做事情的人很急。天天在等损失很大，问公司什么上海开工，回答在等，原来3月6号开工，推迟二会结束。现在都月底了。都问不出什么具体的开工日期。只有求助您了，拜托,,,
违建马路临时疏导点也必须依法拆除,待回复,城建 投诉,匿***,2017-02-2807:49,反映青浦区徐泾镇豪都花园（沪青平公路1881弄）门口马路上违规搭建设置的临时疏导点，该临时疏导点严重影响城市的形象，也存在着安全隐患问题。为了切实解决这一马路乱象，政府搭建的马路违章临时疏导点也必须依法拆除。希望青浦区徐泾镇尽快规划建设新市场，政府带头依法拆除豪都花园门口一段马路违建临时疏导点。,,,
上海青浦区求助,待回复,教育 咨询,匿***,2017-02-1607:10,借校费用6000一年，叫我们这些农民工如何去面对。,,,
拆除马路违章搭建,待回复,城建 投诉,匿***,2017-01-2416:34,反映青浦区徐泾镇豪都花园（沪青平公路1881弄）门口马路上违规搭建市场，严重影响城市的形象，也存在着安全隐患问题。为了切实解决这一马路乱象，希望青浦区徐泾镇规划建设市场，依法取缔豪都花园门口一段马路违建市场。,,,
一住户二层房违规升自三层房,待回复,城建 投诉,匿***,2017-01-2416:33,反映青浦区徐泾镇沪青平公路1881弄5杠21号一住户，未经主管部门批准，擅自把原二层房违规升自为三层房(北墙放宽1.5米左右、升高1.6米左右)，房的北区也是违规扩建的。严重影响旁边住户采光，希望青浦区徐泾镇政府尽快对沪青平公路1881弄5杠21号违规乱搭建房依法予以拆除，并恢复原样。,,,
求助,待回复,其他 求助,匿***,2017-01-1916:19,   本人在12月初在上海巧收信息技术有限公司8000元购买一台芊手牌美甲机，到货后因机器无法正常工作该单位重新更换，更换后的机器任然无法正常工作，售后人员通过电话多次调试无结果。年关将至，恳请书记帮我让该单位把我8000元返还。,,,
上海艺瑾雕塑有限公司欠我工资,待回复,就业 求助,匿***,2016-12-1514:34,赵书记您好！我是安徽的一个农民工，16年3月份至9月份我在上海艺瑾雕塑有限公司上班，至今工资没有全部拿到，公司还欠我20000万元的工资，春节将近我没办法只好向您求助！希望您能帮我要回我的血汗钱！谢谢,,,
房租无休止的上涨谁来管,待回复,其他 投诉,匿***,2016-12-0214:08,书记您好!我是99年来上海，不说为上海做出多大贡献，但也尽了一份力。然而现在拆危。搞的我们负担不起房租。我租的12平米房子房东竞然要我950元一月。比上月涨了一半。请问书记民房出租有没有合理的收费标准。为我们外来工说句话。,,,
行政服务中心,待回复,环保 投诉,匿***,2016-11-1717:27,行政服务中心在上班期间三楼施工，噪音就不说了，现在还在涂油漆，这不是让我们在里面办公的人吸毒吸毒吗？和办公室反应完全不作为,,,
赵巷镇小区门口无故堆放大量垃圾，无人治理,待回复,环保 投诉,匿***,2016-11-0319:36,赵巷镇金葫芦16区（垂姚支路255弄）小区门口堆放大量生活垃圾，至今已数月，无人管理，无人治理。,,,
赵巷镇马路无故堆放建筑用材，占用机动车道非机,待回复,城建 投诉,匿***,2016-11-0319:36,赵巷镇金葫芦12区后门（垂姚支路）堆放大量的建筑材料，钢筋，铁架，占用机动车道，非机动车道，严重影响车辆，行人通行。阻碍交通，遮挡视线，大大增加了行车风险，望有关部门尽快解决。,,,
上海青浦区赵书记你好!！,待回复,治安 投诉,匿***,2016-10-2715:13,赵书记你好！本人是上海天赐福投资管理有限公司工作，老公是南汇新场镇的，为代领工资一事，把我办公桌上东西撕的撕，扔的扔，把放满铁箱子都到我这边推，口出狂言，把我弄伤了，拒不道歉，我害怕啊！,,,
凤溪中学师生在拼了命的上课何时还他们一片蓝天,待回复,环保 投诉,匿***,2016-10-2713:16,凤溪中学的老师们拼了命的在工作，那里的学生拼了命的在学习！学校门前的污染源何时可以结束？近十多年来凤溪中学校园里经常飘来刺鼻异味，老师和孩子闻了之后身体出现不适，去年经投诉后，经环保部门的介入情况相对改善，但是近一年过去了，这学期异味问题又开始出现了，比之前的更严重，师生明显感觉异味强烈，扁桃体炎因此发炎，咳嗽，头疼，浑身不舒服。事情已经发生几年了，但是相关部门还是没有解决环境严重污染的问题，孩子在这样的坏境中学习成长使得我们家长们每天是忧心忡忡，相关政府部门的不作为也使得所有的家长及老师都很寒心，一次次的举报，一次次的媒体报道，但是只是暂时的宁静，不知道什么时候可以真正的还凤溪中学所有师生一片湛蓝的天空？,,,
城管执法问题,待回复,城建 咨询,匿***,2016-10-1708:34,你好赵书记，我是一名农民工我想咨询一个问题，10月16日晚在凤溪城管执法过程中抢夺商贩的物品这样执法合适吗,,,
白鹤镇居委给外来人员出具居住证明拖延,待回复,政务 投诉,匿***,2016-10-1313:47,办理上海长期居住证，正常要先到所在居委开居住证明，才能去居住证办理点柜台受理或年审（第一次办好每年年审一次），目前遇到问题不管第一次办还是后续年审，每次去白鹤居委开证明都会卡，拖延等着，迟迟不给办理，老百姓也没办法，呵斥两句就打发你了。拿着纳税人的钱，不办事，也没人管没人问。,,,
交警执法,待回复,交通 投诉,匿***,2016-10-1008:50,本人外牌车于2016年8月7日早上8点30分上班路上正常行驶在青浦城区城中北路上 走到世纪联华超市旁被交警拦下 说我跨越实线变道行驶 罚款200扣3分 我有行车记录仪记录 路面也有天网视频  交通什么都不说直接开了罚单 我没有签字。 后续2个月之类 我车被贴了10张罚单 我也没有过问 因为觉得多一事不如少一事好 平时工作也忙就算了 没有申诉  但是就在今天2016年10月9日晚上22点2分被我看到了  当时是一辆警车在执法  我车是停在商城街里面一个小巷道里 晚上业主的车都是停在这边的 这个地方我问了不同的交警不下5次都说这边可以停车 只要不超出路边边线  后面我也知道这里能停了 交警执法时都没有执法这条巷子  但是今天晚上交警当着我的面贴了罚单 而且只贴我的车 其他车都不过问 。 我上前询问想了解下情况 是什么原因 执法交警 态度很强势 直接说不要影响执法 不要动手  我就是上前询问一下 想得到一个合理的解释都没有 我是踏踏实实上班的良好市民 得不到一个说法 。我也是投诉无门才这样的 我也是遵守交通法则的 却在几个月时间里接了接近20张罚单 基本都是乱停乱放的单子 交警真的是看心情执法吗？我想要个合理的说法,,,
同济装潢有限公司拖欠民工工资,待回复,城建 求助,匿***,2016-10-0314:14,2016年4月份左右我被同济装潢公司合伙人胡浩电话15202195808，雇佣在朱家角某住户进行建筑装修，于8月份完工，当时完工后有胡浩本人手写工资核算情况，约定一个星期给钱，后面到期未付，打电话联系扬言不给了，多次联系追讨未果。,,,
公路,待回复,环保 求助,匿***,2016-09-2719:09,书记，你好，我是青浦区白鹤镇绿地时代名邸业主，2014.8.31交房至今，两年多，小区前面唯一一条路，竟然没有名字，小区业主投诉很多次，一直没有解决。没有路名会给小区近万人带来诸多不便：1.小区空调安装工人从六楼摔下，因没有路名，救护车找不到地方，抢救不及时导致工人死亡。2.一期住户家中失火，因为没有路名，消防车找不到地方，导致不必要的财产损失。3.小区消防通道被堵，小区道路两边乱停车，甚至有大卡车和货车也停在路边，严重遮挡视线，多*次发生交通事故，因为没有路名，警察也没办法开罚单。4.因为没有路名，快递拒绝送货，安装师傅拒绝安装。没有路名已严重威胁到我们的人身安全和财产安，我想如果您住在这样的小区，您怎么想？我们每次投诉得到的回答都是申报、走流程，两年了，走了两年的流程，不知道书记您是否真能体会我们底层居民的苦恼和无奈，除了投诉反应问题，我们真的没有别的办法，希望可以得到不是敷衍的答复。,,,
小区人口上万户，没有幼儿园,待回复,教育 投诉,匿***,2016-09-2714:17,赵书记您好，我是白鹤绿地时代名邸的居民，我们小区一共三期，现在附近连幼儿园都没有，今年只一期就有四五十和娃娃上不了幼儿园，到明年适龄的孩子更多了，幼儿园没有，那么请问政府房子卖给我们了，那么我们的孩子要去哪里上学呢？,,,
青浦区白河镇绿地时代名邸，关于路名的问题,待回复,城建 投诉,匿***,2016-09-1819:07,小区，一期已经交房3年了，现在二期，三期已相继在去年，几年交房了，但是目前小区目前的路名没有，已经发生多起交通安全事故，虽然我们事隔在华侨昆山交界，但是我们这里产权属于青浦白鹤，现在路名杂草丛生，路边路灯不开，当时开发商虚假宣传，关键是现在没有路名，这里警察进不来，出现一些安全事故，很容易耽搁了，希望政府体谅下百姓苦楚，毕竟大家都不容易，买个房子要还贷款的，小区物业搞几个老头不作为，新校区成了垃圾的对方地，脏乱差，很多撞楼的承重墙都被敲掉了，物业也不管，整个楼的百姓都生活在危房中。,,,
六尺大床。用了一年多，床大桥坏了要求救帮助,待回复,企业 投诉,匿***,2016-09-0116:34,赵书记。我在一年多前在宝山买了雄达家具有限公司生产一套家具。六尺床横梁坏了。向厂家多次要求上门修理。厂家一直没有前来，三四个月过去了没有上门来修理。要求得到你的帮助。要求厂家尽快来修。,,,
农民申请宅基地,待回复,城建 咨询,匿***,2016-08-0317:26,领导        你们好！         我是上海青浦区华新镇北新村村民，符合农民申请宅基地政策，现在又被告知要两年后拿高层，两年后，由谁来给我交代？两年会有多少个领导会调动，谁来做主？现在宅基地紧张可以理解，我前两年就已经申请了，这来回一拖就五年，有谁能理解老百姓的苦？我有几点疑惑想在这说明1:非农为何可以在我村建房？2:一户多宅为何解释为历史遗留问题？3:宅基地紧张，为何别人能拆旧宅换新的宅基地？4:我没要求，别人不用的旧宅给我也行      请领导为百姓考虑，感激不尽！,,,
违规二层房升自为三层房,待回复,交通 投诉,y***,2016-07-3017:12,    青浦区书记赵惠琴，你好： 爆料青浦区徐泾镇沪青平公路1881弄5杠21号一住户，原二层房违规升自为三层房，房的北区也是违规扩建的。希望青浦区徐泾镇政府按照《实施》精神，对沪青平公路1881弄5杠21号违规乱搭建房尽快依法予以拆除。为何青浦区徐泾拆违办对沪青平公路1881弄5杠21号违规乱搭建房不敢尽快依法予以拆除呢？小区业主反响强烈，建议对相关职能部门执法部门人员要对进行“问责”。 ,,,
求助政府谢谢,待回复,其他 求助,匿***,2016-07-1320:19,遵敬的赵书记，您好！我是一名残疾人，每月拿620元补贴！无工作，小孩刚初中毕业！马上要读高中了！我已离婚好几年了！希望政府能帮我申请低保户可以吗？我实在无能为力了！才想到政府！谢谢！,,,
东紫园房产证问题,待回复,城建 求助,匿***,2016-07-0618:59,同样的我卖的是东紫园24号楼，2016年2月，办理房产证的钱都交了，可是到2016年7月现在还没办出来，怎么回事,,,
老板恶意拖欠农民工工资,待回复,就业 投诉,匿***,2016-06-3014:03,我爸在上海青浦区一个工地上班，2015年春节回家也没拿到钱，写了个欠条说2016年，6月1号能拿到钱，现在都2016年6月底了也没拿到钱，也报过警，打过投诉电话，无人问津，具体情况问本人，求领导查实一下,,,
小孩上学怎么办,待回复,教育 求助,匿***,2016-06-2316:49,您好赵书记，我是 一名安徽青年，1985年出生，2008年安徽本科院校毕业后就来到上海，怀揣着梦想来到上海，开始是找了几份工作，后来自己创业，开了家小型公司（上海耘都贸易有限公司），主营汽车用品，已经在上海7个年头，目前共有5名工作人员，正在积极开拓业务，努力在上海更上一层楼，同时， 2014年婚后有一女，我们小夫妻沉浸在幸福的喜悦中，但是，眼前的一件事让我们寝食难安，明年2007年9月1日我女儿就该上幼儿园了，入园的条件是必须有临时居住证或者长期居住证，办居住证的条件如下：1.上海社保满6个月+2.租住满6个月+3.房东的房产证+4.房东本人到场签字！！！第1第2条件很好解决，第3房东的房产证是回迁房，产证还没办下来，只有商品房销售合同。第4，房东本人也不配合帮着办居住证，只要提办居住证，就不租房了，我们也只能委屈求全租下，（这个是普片现象，10个有8个房东这样），这种情况下我们的生活就陷入了困局，生活中有很多事情办理需要居住证，例如电动车办牌照，就没法办理，经常路上被拦下罚款，听一个同事说黄牛可以办，没办法去找了，结果被骗了钱，还没办成！这些都可以接受，但是孩子不能入学，真的是我们全家人的心病，希望赵书记能给关心下这个问题，就是房东的这一步能不能给解决下！万分感谢了 ，实在没办法了！,,,
路灯坏了村里也不管,待回复,三农 求助,匿***,2016-06-1621:52,书记您好！我们青浦金泽徐李与李红村的路有一边的路灯不亮，而另外一边是没有路灯。晚上下班回家的时候就在摸黑回家，村长也不管。请书记帮帮我们。谢谢。,,,
杂乱的凤溪镇，凤中路,待回复,环保 投诉,匿***,2016-06-0215:34,凤溪镇，凤中路一条街，一到晚上10点以后，一条街上全是摊位，烧烤，小吃，炒菜，离远看，都是浓烟，看起来像下雾一样，为什么像华新，重固，都不让摆摊，这里让摆，弄的一条街，杂乱不堪，希望你们能加以改进凤溪的市容,,,
举报赌博,待回复,其他 投诉,匿***,2016-05-1509:46,在青浦区凤溪镇凤中路，东方网点里有3台赌博机，里面每天都有很多人赌博。很多人在里面输了钱，每天都有几万块的输赢，害了很多人。赌博机在3楼，楼梯口有摄像头，后门在英伦停车场那，2楼厕所边有人望风，认识的才开3楼的小门老板是福建人，就是网吧的老板。报警没用，他们跟派出所的人有关系，送了很多钱。这种官匪一家的情况，不应该在上海出现。希望你们能出来好好管理一下，把这种害人的东西从上海清理掉。,,,
安全隐患,待回复,城建 求助,匿***,2016-05-0116:53,赵书记您好！谢谢您百忙中来阅，这是青浦区香花桥镇四队，位于青浦东法院东数米，变压器杆上还有一块牌写着05028香花宾馆北的变压器切被一些违章搭建堆放废品给围的水泄不通，且无人问津，那里可住着许许多多外来打工者当地百姓企业，请解决这个安全隐患,,,
事实胜于雄辩,待回复,三农 投诉,匿***,2016-04-2715:26,  上海市青浦区金泽镇商榻双祥村党委书记徐X荣一切以克扣百姓，侵占群众利益为目的，善用瞎编乱造、隐瞒欺骗、利用职权强权强行，谋取私利。   去年水利部在我村清理河道，村委书记故意不告知我家的情况下强行填埋我家鱼塘想从中牟利，之后我家要求赔偿，村书记说我家鱼塘没交租金没的赔偿，都是荒地都是集体的，事实鱼塘在荒废的墓地和沉水低洼荒地由我家开的，多少年来村委没要我家交过租金，也默认鱼塘我家自己开的，由我家养殖或其它使用，现在清理河道强行填埋我家鱼塘就说都是荒地都是集体的不赔。有现场作证，赔偿的钱到哪里去了？村书记不提前告知强权强行目的要克扣我家以权谋私？    今年1月15日之前村委修路村书记又故意不告知我家的情况下强行填埋我家皎白地，又说都是荒地都是集体的，瞎编我家两年不种了，薄弱村给你青苗费2元一个平方已是人道主义了。有填埋时现场照片为证，村书记不提前告知，强权强行目的是要克扣我家。   村委在前几年占用我们整个生产队每家的部分粮田开鱼塘租给承包户养殖，直到现在分文未拿到，而粮田都归村委了。有我村七组44家代表联名签字为证，有村党委书记之前亲笔字句为证，这是不是侵占群众利益？   村委囤有36亩粮田确认无疑，在3月15日下午在村委会村书记亲口说我们七组有10亩多。粮款哪里去了？补贴款去哪里了？村书记是不是侵占群众利益。    ,,,
关于重固镇徐元村兴隆杂货店被拆,待回复,城建 求助,匿***,2016-04-1810:46,继昨天的贴子再次求助尊敬的父母官，现在的问题是镇里以没有土地规划许可把我们打入冷宫，村里也是以没有房屋批复为由强拆小店。我想说：如果没有当初村里统一规划是谁何德何能让这现在连上访都能静观其变坐等消息的四户人家同合一堵墙造房？事实是当初村里统一让我们造的时候根本没有和镇里沟通和办理有关手续，造成现在尴尬的局面却来让我们老百姓来承担，既然是村里当初目无镇里政府土地法的违规规划行为，为什么现在却以我们违章搭建下定认来掩盖当初的错误？无人出来替我们作主认定事实！当初油灯江边上也是因为要江边建设绿化以给我们统一造房的理由不带任何赔偿让我拆造（小店是1993左右开的），现在美丽乡村了又说我们是违章搭建强拆，这和鬼子进村了要拆就拆的行为有啥区别？当初家里的老人不懂法，也不知道要办什么土地批复，相信政府相信村里统一造了应该没问题，现在村里却翻脸不认，过河拆桥，至我们蒙受损失而漠视弃管。工商所声明违章搭建不可能办得出营业执照和烟草证，我们不会嚼文咬字去面对村里举一反三的理由，我们不服，跪求区父母官能为我们老百姓作主，村里理应为当初资料不全面的违规规划买单，给予我们适当经济的赔偿！而不是满天过海说违章搭建强拆，天理何在？？？难道老百姓注定要被践踏和欺负？,,,
居住证积分办理孩子同等待遇，找不到出生证,待回复,其他 求助,匿***,2015-12-0714:45,居住证积分办理孩子同等待遇，找不到出生证，有户口簿和独生子女光荣证，如何补救？,,,
基层干部真的是“效率”超钱啊,待回复,政务 投诉,匿***,2015-12-0108:50,尊敬的赵书记您好！我原本是一公司职员，由于公司业务不景气，自愿停薪留职从公司手里拿到120于亩地种水稻，村里要求种水稻，我严格按照村里规划种植，但是村里又不给解决水电，造成水稻大量减产，改享受的国家补贴明细都不给，更多苦水憋在肚里。希望您早日回复。,,,
对辖区治安忧虑,待回复,治安 投诉,匿***,2015-11-2815:24,尊敬的青浦区委赵书记你好：我是你辖区内一位普通居民，对屡屡被窃深感无奈，对治安现状忧心忡忡，对无法破案表示疑惑。听听书记大人对此的看法。我十余年里被窃轻便摩托车3辆、自行车2辆（报过案）。2013年11月18日遭遇入室盗窃，当初小区楼道内的唯一监控是坏的，小区内没有任何视频线索。当初盈浦房管办发函至综治办要求修复监控，对此解放居委会也反映到综治办要求修复，相关人员对此置若罔闻。祸不单行，2015年11月10日凌晨，我家再次遭遇入室盗窃，小区楼道内唯一的形同虚设的监控必然无视频可提供。请问不起作用的监控谁之过？据小区物业王经理说。多年前要求综治办在小区大门口装监控探头，到目前也没安装过。是群众观念淡薄、治安意识的缺位、履职能力有问题，还是其它因素？相关人员在这件事上如此不作为、敷衍漠视问题。涉嫌失责。小偷猖獗、入室盗窃，辖区治安可见一斑。报案只是一种形式。多起案件没有一件破获过，从未追回过被盗财物，被窃也只能自认倒霉，悲乎！听到异响半夜就惊醒，居民的安全感在哪儿？本次被窃我当天就提供了小偷入室盗窃全过程视频。包括小偷进入的时间，离开时间。结合小区外面的全方位监控应该马上能破案吧！十九天了一点消息也没有。11月15日去了盈浦派出所想了解案件进展情况，窗口民警说经办孙警官休息，明天上班。16日打他办公室电话，他办公室同事告知孙警官休息，当得知我15日去过他们所里、要问案情进展后要了我的手机号码说：“转告后让孙警官联系我.”。遗憾的是目前也没回复。多次电话咨询案件进展情况，听到的回复是经办民警休息而联系不上。公安部长郭声琨强调：“直接关系民生、直接关系群众切身利益的案件，一定要当作大事来抓”。我们没体会到。小偷猖獗到入室盗窃，相关人员是否做到“守土有责、守土尽责、认真履职”？人民群众希望有一个安定的生活环境，期待案件尽快得到侦破而不至烂尾结局。这也是检验和衡量执法成效、履职能力的基本标准。你说是吗？切实提高对社会面治安的控制力，向党和人民交上一份满意的答卷；着力提升人民群众安全感、满意度不能只在说话层面。对不负责任、落实不力、工作懈怠等是否有责任追究制？此致敬礼,,,
白鹤镇居住证办理：门难进、脸难看、事难办,待回复,其他 投诉,匿***,2015-10-2415:24,白鹤镇办理居住证太繁琐，正常上班族（周末双休的）没有两个月根本办不下来。1.需要的材料比其他地区多。比如夫妻投靠的居住证，竟然还要住所证明，打电话咨询时，对方就说这是白鹤镇的规定，必须办理。在这边最难办的就是住所证明。为此我整整用了一个月时间都没办好。我想，其他类型居住证都是在住所证明上浪费时间和精力。2.金项村居委会有一个专门办理住所证明的办公室。第一次去，说没有在系统中登记，无法获取房屋代码，先登记，过几天再来开。（户主两个月前就已经落户了，竟然他们系统中没有户主姓名，代码也没生成）。3.大约过了十天左右，第二次再去。大门紧锁，打电话问（幸好在我们业主群中有人分享了经办人员的电话号码），他说在外面办事，下次再来。继续问下次什么时候，回答“最近安排的事很多，明天还要体检，后天早上吧。”我说“我们平时都要上班，好不容易在工作日抽时间来办这个，不是你说什么时候就什么时候的，你们到底上班时间是怎么规定的？”，回答“我们上班是周一到周五，最近事多。再说是你等我又不是我等你……”。对此我已经无话可说了。上班时间擅离职守还有理了！！！这就是我们伟大的人民公仆，不是人民大爷！！3.第三次，已经不敢直接过去了。上午去上班，下午正好有空，先打电话，对方说下午不在，明天早上来吧。4.第四次。出差回来，刚好多，打电话。对方说，已经11：10了，已经下班了，下午有事请假，明天早上来。5.第五次。下午要去市区办事，上午去，八点四十到，结果一直等到9：10，才见两个人悠闲来上班。面对他们挑剔，尖刻的嘴脸，终于把证明开出来。但还需要到白鹤镇人口办盖章，想着这个部门应该正规些，尽量在上午把这个证明搞定。结果过去又是大门紧锁。旁边办公室说他们在开会，大约10：30左右结束。但我已经没时间了，当时甚至都想着直接闯他们办公室，把人叫出来盖章。基于还要赶往市区，没这么做。只能等下次抽空过去了。他们的下班时间真变态，竟然是下午15：30，第一次遇到这么上班的。       目前我的居住证就办到这里，后面的程序还没时间过去，已经快要崩溃了。幸好我们有车，路上还快点。几个办事地点分布太散了，地理位置很偏僻，公交车都到不了的。       这就是我办居住证的经历。白鹤镇基层单位的大爷们真让我见识到了。是不是必须要送红包，走后门才能顺利点…………       你们群众路线教育实践活动是怎么开展的，“门难进，脸难看，事难办”就是说的他们！！,,,
关于合生御廷园违建问题,待回复,其他 投诉,匿***,2015-10-1513:27,书记你好，处在上海青浦赵巷巷居路99弄合生御廷园存在好多住户私自搭建阳台，小区绿花私自改造纳入已有，严重造成小区的整体美观和规划，小区的物业广东康景物业服务有限公司上海分公司为事不管，举例说小区物业办公室对面16号17号住户籍朝南的二楼三楼有阳台搭建，跟原来小区的设计大改变，16号靠河的绿化带严重破坏，17号朝北也有阳台搭建，而这些情况在小区的物业眼皮下违建都不管，我们怎么办，请书记能给我们公平的处理。为了人身安全，不受外界的打扰，你有关部门给予支持保密本人的举报,,,
请你关心,待回复,城建 求助,匿***,2015-08-1609:34,防火设施。尊敬的韩书记，作为一名村名，我在此向您建议启动片林移迁，原因是我们这里家离片林只有几米，最近的是连着场地，曾经在两年前发生过一次深林火灾，在村民的合理奋力下，得到了控制，有惊无险，万一引发大火，我们都无处逃生，何况老人居多，年轻的都买房了不在村上，希望市领导关注。这是我们大家的意愿，相信我们在学习十八大精神下，努力工作，争做上海好市民，为我们上海的建设建设的更美好。希望市领导关注我们。我们也去过地方信访，沟通，都没了下文，目的只是让我们这里的人能过上比较安全的日子,,,
青浦区尚客优快捷酒店（香花桥店）无故克扣工资,待回复,就业 求助,匿***,2015-07-2116:36,尊敬的区委领导：我在青浦区香花桥尚客优快捷酒店（上海香花桥店）工作，现已离职。但是工资一直不给于结清。辛辛苦苦工作，确无故克扣我一两个月工资不结，多次讨要也无果，现在打电话给老板也不接。而且也到相关劳动部门反映过也一直没有结果。请领导关注，请相关部门核实并予以帮助。谢谢！,,,
噪音扰民,待回复,其他 投诉,匿***,2015-07-1617:02,新青浦佳苑的垃圾房，每天清晨处理垃圾的噪音，非常折磨人，向物业投诉，向居委投诉，向清洁所投诉，一拖十几年。向您求助。,,,
家附近的公司散发恶臭，影响村民生活,待回复,环保 投诉,匿***,2015-06-1517:08,我是金米村村民，位于青赵路4429号的上海国清生物科技有限公司，时常散发恶臭的气体，周边居民苦不堪言，极大的损害的周边居民的身心健康。现在进入夏天，若是遇到下雨天，会有恶臭弥漫在空气中，让人呼吸困难，恶心呕吐，家里蚊虫、苍蝇特别多，经常用的井水也受到污染，洗菜淘米吃出来有异味，这样长期以往会影响我们的身体健康。望政府能够拿出有力的措施整改或者搬迁此企业。,,,
坐落于居民区的工厂夜间生产,待回复,城建 求助,匿***,2015-05-3108:45,正常工作日中。夜间九点十点寂静时分。位于香花桥普光路居委会边的一个厂房内，总会有刺入脑海的金属摩擦音。猜测是转机钻孔摩擦导致。极度刺耳，音调极其尖锐。希望可以得到解决。,,,
化学气味影响居民生活，请领导重视,待回复,环保 投诉,匿***,2015-05-0811:24,您好，我是青浦城南村居民，近几年每到傍晚时分直至第二天清晨，总能闻到难闻的化学品挥发的气味，我想这该是附近的宏城工业区里的某工厂排放的，请区领导能够重视，这味道已经严重影响到居民的生活了，特别是会对儿童的身体健康造成不可估计的后果，我是一个10岁孩子的妈妈，每次孩子写作业的时候跟我说：妈妈好难闻的味道啊，头晕了！我就心痛的很！所以我代表我们村所有的孩子向您求助，希望您能派相关人员来检查核实情况，叩谢！,,,
盈朱路桥为什么要设置障碍？,待回复,三农 投诉,匿***,2015-03-2208:33,青浦至昆山的盈朱路桥为什么要不断设置障碍？给我们生活和工作带来严重困难！,,,
已交外地社保，在华新镇买房了孩子不能读书？,待回复,教育 咨询,匿***,2015-01-0614:00,我去年在青浦区华新镇买了住房，在这边办公司，孩子随迁也在华新，现在是上民办春晖幼儿园。但我得知孩子以后在华新上小学，家长需要交社保，我本人社保已经在温州那边交过了，我找外来人口综合办，那边给我的回复是外地社保不行，必须要在上海交。那么问题来了，我一个人要交2次社保？总不能温州交上海也交吧？办居住证也要交社保，也是同样的问题，不能两边我都要交社保吧？请青浦区领导百忙之中给予回复，总得让老板姓有个出路吧？？我看这里问政平台的留言都没有回复，估计我的咨询也是石沉大海了。纠结中！！,,,
赌博机害了多少人家破人亡，妻离子散。,待回复,治安 建言,匿***,2015-01-0414:15,赌博机害了多少人。害了多少家破人亡，妻离子散。徐泾镇就开了5，6家，还放高利贷，还打人，没有王法了，还扬言上面有保护伞，我想请上海市有关负责人能出来管一管，拔除这个残害社会的毒瘤。,,,
公路问题,待回复,征集 群众路线,匿***,2014-09-2014:18,商周公路又小又破，应该扩展一下，修理一下,,,
道路噪声,待回复,交通 投诉,匿***,2014-08-2710:29,青浦区徐泾镇教苑新村（徐泾镇镇机关后边）和新虹桥花园中间的徐诚路上深受马路喧闹之苦，主要是因为：徐诚路是一条不足1000米的马路，周边都是居民小区，许多车辆因躲避盈港东路处的红灯，很多车经过此路，由于未设置红绿灯，车速很快，多有鸣笛，从早到晚，对小区的出入安全也造成很大影响。建议设置相关措施限制车辆通行或减少车辆通行，降低噪音扰民，小区出行安全。希望领导给与支持！,,,
切实希望解决真正的最后一公里,待回复,征集 群众路线,匿***,2014-08-1609:55,上海市青浦区练塘镇的练民小区是全镇最大的一个居民小区，属于动迁小区，已经建成三年多了，一期和二期的动迁户已经全部搬迁进来了，但是有很多基础设施至今没有解决好，比如从小区到练塘镇上的一段约1000米的老朱枫公路没有路灯，居民到街上，晚上只能在黑夜里行走，给老百姓的出行造成很多不便和不安全因素。还有小区里没有一个自行车车棚，老百姓的自行车和电动车等交通工具，只能日晒雨淋，居民们曾经不止一次向练塘镇政府反应过上述问题，镇政府不予理睬，对老百姓的合理诉求置之不理，这样的小事本不该在这里反应，迫于无奈，我们只能这样做，希望为我们的百姓解决问题，希望党的群众路线教育实践活动真正为老百姓带来福音！,,,
关于幼儿园升小学问题,待回复,教育 咨询,匿***,2014-07-0117:14,尊敬的领导：  我想咨询一下，我是十年前就到上海工作，小孩出生在上海，幼儿园也在上海，今天听说上学更难，必须要有房产，后通过到处去借钱，筹积到首付，把购房合同签了，幼儿园及教育局初审都没说不行，到了分学校的时候突然通知购房合同不行，不能算房产，请问领导有购房合同，有付款发票，算不算有房，教育局把我们小孩分到一个偏远的民办小学去了，说没房子只能分到这个学校，那我千辛万苦买的房子等于白买，背负着这么多的贷款，请问领导我们外地人应该怎么办？,,,
上海什么时候放开异地高考,待回复,教育 两会,匿***,2014-03-0211:33,领导您好，我是来沪务工人员，社保和税我们和本地人一样一分钱不少都在交，孩子在上海出生，学前班、小学、现在初一都在上海读，但是现在老师动员我们家长让孩子回老家读书，说在上海现在还不能参加中考、高考。我们家长每天都能看到放开中考高考报道，为什么上海就没有具体政策，希望领导在两会帮我们提一下建议，给我们一个明确答复。谢谢,,,
外地农民工医保有待提高和完善,待回复,医疗 两会,匿***,2014-02-2111:03,外地农民工医保有待提高和完善，我们在上海交了医保费了，老家就不交了，现在外地农民工回老家看病但在上海却不给报销，老家也无法报销。,,,
请领导解决老人的燃眉之急,待回复,就业 求助,匿***,2014-01-0315:14,"尊敬的领导:   我们两是青浦区重固镇退休的两名老党员,现年73岁,生育一对儿女.儿子今年45岁仍未成家立业,走投无路才来恳求领导帮助.   儿子是工业外贸专业本科生,毕业后先在青联制衣厂上班,后在外贸办就业,工作顺利.后因重固工业公司经理恳求我儿子回乡帮助销售产品,期间一帆风顺,可好景不长,由于产品质量不过硬,仍是倒闭.   失去工作后,儿子想自己创业,可未果.儿子一直在找工作,可随着年龄增加,就业已成问题!   若非万般无奈,我们老两口决不会向政府领导开这个口的,现下只有恳请领导能为我们两个老人解决燃眉之急!   谢谢了!",,,
我们公司不给外来务工人员买社保和克扣工资。,待回复,企业 投诉,匿***,2013-12-2614:55,我是在上海市青浦区的一家名叫《上海孚翔电子》的企业打工，我们公司不为我们缴纳社保，并且每月都要扣我们加班工资，即便辞职也要扣500元钱才可以辞职走人。请问公司的这一做法对吗？符合相关劳动法规吗？请求领导给予帮忙解决，谢谢!我们公司地址：上海市青浦区华徐公路3055号3楼。,,,
无证经营，噪声扰民,待回复,其他 求助,匿***,2013-12-2509:58,尊敬的高书记您好，我是家住朱家角镇沈巷长浜小区的居民，最近在我家小区楼下新开了一家叫云上音乐茶座的KTV，他们只有茶社的营业执照并没有开设KTV的资质，已经超出了经营许可范围，属于无证经营，每天晚上歌舞升平，噪声很大，小区居民怨声载道让人无法休息，严重影响小区居民的正常生活工作和学习，我们也向当地镇工商所和镇有关部门反映甚至打过多次110，但都收效甚微，我们实在无法忍受这样的噪音生活𣎴得已给您写信，恳请领导能督促有关部门尽快解决群众所急，还百姓以安宁，最后祝您身体健康，工作顺利。谢谢!,,,
乱焚木材污染空气 自私自利破坏环境,待回复,环保 求助,匿***,2013-12-1317:38,在清浦区华新镇（凤溪）古思浜农民中心村内，很多外来住户在公共区域用木材与自购火炉烧开水，使得小区一片乌烟瘴气，并且烟雾随着风不断吹进居民家里，影响别人的正常生活。并且烧的木材灰乱堆乱倒，把小区的环境弄得一塌糊涂。希望政府能管管这事，还凤溪的蓝天和原本美好的环境！！！！！！！！,,,
重固三号街乱仃车乱设摊顽症何时根治？,待回复,交通 投诉,匿***,2013-12-0617:42,福贸路〔三号街〕是现代华庭、夏阳金城约三千户居住的小区。是人员，车辆进岀的必经要道，又是超市银行电信等繁华的商业街，集镇的繁荣对重固的建设是件大好事，然而对政府和市容责任部门如何下大力气来治理的确成了大问题，乱设摊乱仃车及黑车横行，严重影响小区居民和业主车辆进出和人员安全！长期以来群众呼声极高，政府虽用了一些办法但收效甚微，力度不足，长效管理机制没到位，抓抓仃仃时紧时松！盼执法部门白天和夜里不定时的加强巡视干预！说句公道话在一年之中会有几天很像样的，那一定是市区领导下来视察检查罢了？？？,,,
外来务工子女读书问题,待回复,教育 求助,匿***,2013-12-0311:24,  尊敬的市长您好，我是湖北来上海的务工者，自己没读什么书，我的小孩从幼儿园开始就在上海读，现在已经是青浦区毓秀学校七年级6班的学生了，还有2年就要中考了，可是我们外地的小孩不能在这里中考，中考也只能考职校，我和儿子说回老家去读，儿子不想回去，他在这里成绩也很优秀，老师也舍不得他回去。我现在真的是好难过，如果因为这样不能让他得到好的教育，我真的是枉为人母了，我真心的求求你们帮帮我吧。,,,
胜利路人行道行不通,待回复,治安 咨询,匿***,2013-11-2914:36,胜利路香大路以南的一段人行道自胜利路开通至今还是断头路，自行车骑到这里时必须从车行道上过，为什么公路所对此视而不见，把人民的生命视同儿戏？希望区长抓紧落实。,,,
水电费乱涨价,待回复,治安 咨询,匿***,2013-11-0717:03,我是住在，徐静镇2联佳苑，他们的水电费乱涨价，电费一块3，水费涨到6块一顿我们都是外地到上海打工的，外地民工，请领导，调查一下我说的句句都是实话，。,,,
