连接沧源翁丁至孟定二级路，打造周未旅游环线。,待回复,交通 建言,依***,2019-11-2220:49,          张市长您好，一直已来临沧由于地理环境制约，交通基础设施滞后。严重影响当地贸易、旅旅市场的发展，这几年已来，特別在张市长的带领下，各县高速路取得飞速发展。为了留住人，拉动临沧旅市场，为孟定边境开发切实招到商，造福一方百姓特建议抢修打通沧源翁丁沿小黑河至孟定约50公里二级路，让临沧现有的两个机场，两个最有特色的佤乡傣乡连接起来，形成临沧一双江一沧源一孟定的双向空中人流周未旅游线。,,,
碧桂园降价一事怎么处理？,待回复,城建 投诉,匿***,2019-11-2216:34,尊敬的领导，我是一名碧桂园业主，我于一年前购买碧桂园小区商品房118平，全款88万。碧桂园在尚未交房的情况下，碧桂园在今年11月份以集团回笼资金为由以全款7.7折的方式进行抛售。此行径造成前期购买客户均造成损失20万到60万元不等。我们在维权的情况下，向有关部门进行了情况反应。有关部门对碧桂园进行了停止网签协议。但是碧桂园相关部门采取回避方式，避而不谈。我想恳请相关领导督促碧桂园尽快落实相关事宜，对广大群众有一个交代。,,,
建议在禁毒支队至亚微馆路口设置红绿灯,待回复,城建 建言,七***,2019-11-2108:44,尊敬的张市长：禁毒支队至亚微馆路口（沧江路与沧江北路交叉口）旁边有沃尔玛超市、幼儿园，财富中心二期小区，两个电影院等，加之与至市人民政府的沧江路形成十字交叉路口，人流，车流量非常大。特别上下班，接送娃娃及黄昏出行高峰期，由于没有红绿灯及人行天桥，人流，车流乱成一团，人不让车，车不让人，给交通安全埋下极大隐患，也影响了群众出行便利，此地多次发生车辆剐蹭及车祸说明了这一点。在此路口前后沧江路都有红绿灯，但是这个路口人流，车流是最大的。虽然画了斑马线，但实际效果并不好，车辆过往并不减速让行，每次过马路都心惊胆战的，因此，建议在禁毒支队至亚微馆路口（沧江路与沧江北路交叉口）设置红绿灯及人行天桥，解决这一突出的交通混乱问题。,,,
临沧市反诈骗中心问题,待回复,政务 建言,安***,2019-11-1207:58,到临沧后电话无法正常使用怀疑被列入反诈骗黑名单导致电话无法呼出无法接听 联系0883 96110多次始终无法打通 本人并没有涉及任何一项诈骗之类的东西 实在是没办法求助一下   ,,,
临沧市幸福镇婚姻登记处,待回复,政务 投诉,W***,2019-11-0516:53,尊敬的市长你好，感谢你百忙之中抽空看一下我的留言，我是一个四川人，来到临沧市云县幸福镇婚姻登记处办理结婚证，因为当地的卫生院规定只有礼拜一做婚检，无奈我从外省来到这个地方，被前台工作人员告知不婚检就不登记结婚，态度非常恶劣，我就说了一句婚姻法规定的是自愿检查，并非强制，然后前台那个男的就说，来到这里就要遵守他的规矩，,,,
批发市场和旧货市场中间道路商家霸占公共车位,待回复,交通 投诉,2***,2019-11-0417:55,张市长你好，我是批发市场小区的住户，因为批发市场正在改造因此没有什么停车位，然后批发市场周围的公共停车位很多都被商家用塑料锥桶、石头、车轮霸占，白天也占晚上也占，导致很多人没地方停车，要是晚上侥幸停上了，早上起晚了没及时开走还会被那些商家说。为避免不必要的麻烦还请张市长能为我们解决车位的问题。很多卖大米，卖饲料的商家，整天都在霸占，不是用锥桶，石头霸占就是用，没拉货的大货车霸占，导致我们中午晚上下班了回家没法找到停车位，我们自己去沟通无果，只能望请市长帮帮忙。,,,
关于新亚太广场收取购房配套费的情况。,待回复,城建 咨询,Z***,2019-10-1916:14,尊敬的市领导：您好！我是在新亚太广场购房的市民，在云签购房合同时，发现有配套设施费，其中含有线电视初装费300元、天然气初装费3300元、网络初装费300元、可视对讲系统费800元，国家有明文规定从2016年1月1日起，房地产开发企业不得在房价外向购房者另行收取天然气初装费，法律依据《关于全国整顿住房建设收费项目取消部分收费项目的通知》【2001】585号文件中取消了城市基础设施配套费及其他专项配套费性收费一律取消。为什么临沧的房地产开发企业还向购房者收取配套费？请市领导关注并给予回复。,,,
关于临沧市临翔区体育运动中心体育馆灯光问题,已办理,文娱 投诉,为***,2019-10-1914:22,市长您好！  我是临沧市人民群众中的一员，曾经临沧市修建体育运动中心，为市民提供运动场所，使市民身体素质得到有效提高的做法使全市人民感受到了政府的关爱。但现如今体育运动中心出现了灯光上的一些问题，具体如下  一、灯光昏暗，长期无人检修  二、晚上开灯数量较少，不少市民只能在昏暗的灯光下运动，大大增加了运动危险性因此我建议：一、加强基础设施建设，检修球场路灯。二、增加夜间开灯数量，开灯时间市民身体素质不但关乎市民身体健康，也是下一代人综合素质发展的一部分，使体育馆灯光在夜晚再次亮起，是广大人民群众的意愿，让运动更安全才能达到修建体育馆的目的，我恳请市长先生尽快解决体育馆运动照明问题，还市民一片安全运动的场所。,临沧市政府办公室,"网民同志：您好！       您通过人民网地方领导留言板给张之政同志的留言收悉，张之政同志高度重视，及时交市国资公司办理。现将有关情况回复如下：       临沧市体育运动中心由临沧市民族歌舞演艺有限责任公司的子公司临沧市体育运动服务有限公司负责经营管理。接件后，临沧市民族歌舞演艺有限责任公司立即就反映的问题展开调查并进行整修。经查，造成篮球场灯光较弱的原因：一是太阳能照明功率偏弱，灯杆座数少。二是时值亚洲微电影艺术节之前，为保障艺术节期间用电安全，确保亚微节活动的顺利进行，公司组织技术人员对电力设施和设备进行全面检修，8盏白炽灯在检修排线范围内,目前已恢复照明。       祝您身体健康、生活愉快！",回复时间：2019-11-26 15:43
请求帮助解决81岁老人身份证办理问题,待回复,政务 求助,白***,2019-10-1913:56,尊敬的市长:你好，我是耿马县勐简乡迎门寨村大树地组一名普通村民，我外婆现年81岁，因长年患病、老年痴呆、行动不便，无法到当地派出所进行第二代身份证影像采集和身份证办理工作，导致因无第二代身份证无法申报80岁以上老人高龄补贴。恳请市长帮忙解决。谢谢。,,,
请打击非法电鱼,已办理,环保 投诉,陈***,2019-10-1421:19,尊敬的张市长您好：我是普洱市的，今天在一个钓鱼群里看到别的钓友转发的一个电鱼鱼获视频，我们普洱，西双版纳各个钓鱼群里的爱心钓友看后很心痛，请您百忙之中安排调查一下这个抖音号的注册人为谢，非法电鱼的鱼获里好像还有国家二级保护鱼类丝尾鱯（长胡子鱼）祝临沧市发展越来越好！,临沧市政府办公室,网民同志：您好！       您通过人民网地方领导留言板给张之政同志的留言收悉，张之政同志高度重视，及时交市农业农村局办理。现将有关情况回复如下：       由于您所反映的情况、提供的信息不全，农业部门无法查找此类图片来源地和真实性。如需对此问题进行办理，请提供准确的信息，方便我们查实处理。在此，感谢您对临沧发展的关注和关心！近年来，临沧渔业发展迅速，渔业执法力度也不断增强，震慑了一些渔业违法行为，在今后的工作中，我们将继续加大各项农业执法力度，坚决维护大美临沧和谐环境。       祝您身体健康、生活愉快！,回复时间：2019-11-19 11:56
手机号被封,已办理,治安 求助,z***,2019-10-1313:06,在广东东莞办理的，无故被封号，我已用了十多年的号码，所有的朋友，网上各种平台都绑定了这张卡，因为现在在云南工作，打了几个云南电话就停我的机，请问为什么封，我没有犯法违法，如果违法可以直接传我查我，我都没意见，老百姓的日子还怎么过？,临沧市政府办公室,网民同志：您好！       您通过人民网地方领导留言板给张之政同志的留言收悉，张之政同志高度重视，及时交市公安局办理。现将有关情况回复如下：       近期由于公安部集中封停一批在临沧边境地区使用的外省及本地重点地段疑似涉嫌电信诈骗的手机号码，导致大量被封停机号码无法正常使用。根据公安部及云南省公安厅要求各（州）市级公安机关在接到请求解封号码诉求，分两种情况处理：一是本人亲自带其证明材料到公安机关说明情况的，当地公安机关核实清楚情况后，可直接报公安部五局请求解封；二是对于因个人原因无法提供相关材料或者亲自到公安机关说明情况的由（州）市公安机关登记相关信息后报省厅，由省厅核实后报公安部申请解封。经与联系，您由于个人原因无法到公安机关提供材料说明情况，故按第二种情况登记上报省厅。市公安局民警电话联系您本人，告知手机号码已开通，但多次拨打电话均提示暂时无法接通。       祝您身体健康、生活愉快！,回复时间：2019-11-26 15:36
玉龙花园保障性住房收缴不合理停车费,已办理,城建 求助,羊***,2019-10-1217:41,玉龙花园保障性住房停车费不合理业主维权过程中，我们业主不是抵制缴纳停车费，是要求降低停车费，廉住房住的都是有得国家低保的扶持比较贫困的人群，公租房的住户大多数都是外来打工者，本地企业工作者生活所迫买的代步车或者货车都是为了生计，对于停车费用太高，很多住户真的承受不起。地下车库200元一月，车位管理费15元一月，字母车位350元一月。一年下来就是2400~3000元的停车费。最难接受的是地面车位一小时2元，31分钟就开始收费。早上上班就要缴纳昨晚的停车费10 元，中午下班回家吃饭休息出门又缴纳6元，下午下班回家晚上要出门又缴纳6元。这样进进出出的，一天的停车费20 元左右，也不可能下班了不回家不出门好好在家蹲着，这笔钱到底是进了谁的口袋。,临沧市政府办公室,网民同志：您好！       您通过人民网地方领导留言板给张之政同志的留言收悉，张之政同志高度重视，及时交临翔区办理。现将有关情况回复如下：       由于目前玉龙花园小区地面停车严重堵塞通道，存在重大安全隐患。为规范和强化玉龙花园小区车辆乱停、乱放的问题，切实保证小区消防安全通道的畅通，进一步维护小区全体住户的生命财产安全，经综合车位区域内设施设备的日常运营维护以及结合临翔区高层住宅小区的运营管理实际，通过临翔区发改局审核，并在小区各出入口、醒目位置采取粘贴公告、电子大屏播放等形式进行了为期31日的公示（即2019年9月7日至10月7日），并于2019年10月8日正式启动玉龙花园小区停车收费试运行工作。车位运营管理费用参照《云南省公共租赁住房出租出售征收使用管理暂行办法规定》收取，所收取的费用通过“收支两条线”的原则，全额上缴临翔区财政，主要用于维护地下车位照明、保洁、设施设备的日常运营维护以及区域内安全保卫、卫生保洁、停车管理等人员工资支出。       2019年10月8日玉龙花园小区停车收费试运行工作开展以来，针对部分住户提出收费不合理的问题，临翔区人民政府及时成立了由区发改局、区信访局、区住建局、区城投公司、玉龙社区等部门组成的联合接访工作组，采取一对一现场解答方式接访住户反映诉求，并听取住户对小区管理的意见和建议。       通过宣传解释，大多数人表示接受、支持和同意收取停车费。截止目前，已有300户余住户办理了地下车位出租合同。下步如有对小区停车收费的相关事宜咨询，出租咨询电话请致电0883-2125577，地下车位出售咨询电话请致电0883-2152716。       祝您身体健康、生活愉快！,回复时间：2019-11-08 15:56
莫名微信和Qq被封,已办理,治安 求助,Z***,2019-09-1221:23,本人在7月21日微信和Qq都莫名被封。本人常年在全国各地走动，因为听亲戚朋友说云南地区物流行业跟不上，所以本人与朋友结伴约了当地司机导路，去了云南周边，去了临沧大理南伞，具体方向都是司机开车，然后我们下车看看周边物流公司，寻找店面，并且自己尝试寄件，联系当地快递员，因为要看看寄到所需地点需要多少时间，以及路程2. 本人电话除了快递就是和家人联系，都是短号，从没有和什么诈骗分子联系，本人遵纪守法，遵守国家法律法规，绝不从事违法的犯罪行为。近日这片区域电信诈骗活动猖獗，公安机关加大打击力度，本人对此深表敬意！但现在可能系统原因，误将我使用长达10几年的微信和Qq封停了。这两个账号是我从小到大的社交以及回忆记录。微信上也是与快递员联系，和朋友聊聊，视频，和领导报备账目。Qq连话都没说过，更不用说包庇诈骗，本人坚决拥护党组织，爱国敬业诚信友善。请领导组织公平公正的的调查此事，本人的qq和微信都伴随本人多年，所有的回忆在qq空间相册、因为从没想过会封号，因此很多去世的亲人照片都存在相册作为念想封禁给我的生活带来了极大不便，烦请陈书记费心联系公安机关，告诉我封禁的流程手续！如有打扰，实属无奈,临沧市政府办公室,"网民同志：您好！       您通过人民网地方领导留言板给张之政同志的留言收悉，张之政同志高度重视，及时交市公安局办理。现将有关情况回复如下：       收件后,临沧市公安局于2019年9月23日起至10月2日一直与您联系，但您预留电话（15757189757）均无人接听，无法与您核实相关情况，故不能为您登记上报相关信息进行解封。收到此回复后，请迅速与0883－96110联系。       祝您身体健康、生活愉快！",回复时间：2019-10-14 16:25
关于财富中心小区垃圾收集扰民已经得到解决,已办理,城建 感谢,七***,2019-09-1015:08,尊敬的张市长，我于2019年9月3日在留言中所谈到的财富中心凌晨四点垃圾清运扰民一事在您的关心协调下已经得到圆满解决，环卫站打电话来告知他们以前也接到一些关于这个市情的投诉，现在他们已经安排调整垃圾清运路线，先清运不影响居民休息地段的，然后再清运居民区附近的，也是在早上七点半之前可以完成清运任务。这两天都是凌晨六点半左右来我们小区清运，已经不影响我们正常休息。在此代表涉及的财富中心小区居民感谢市长，感谢有关部门的协调帮助。也感谢环卫工人的辛苦工作和对我们居民诉求的理解支持。,临沧市书记市长信箱,网民同志：您好！      感谢您对我们工作的信任理解与肯定。      祝身体健康、生活愉快！,回复时间：2019-09-12 01:23
垃圾清运车凌晨四点清运垃圾噪音扰民,已办理,城建 建言,七***,2019-09-0319:54,我是临沧市财富中心广场二期一名普通的业主，我们小区靠近临沧市禁毒支队大门侧，翰林幼儿园入口旁路边有一个金属垃圾箱，每天凌晨4点多环卫车来我们小区收垃圾，垃圾车距离我们楼仅两三米的距离，环卫工人铁铲与水泥地面摩擦的刺耳噪音，铁铲敲击金属垃圾箱的响声，还有垃圾车发动机的轰鸣，我们每天凌晨四点都要忍受这些巨大的噪音，涉及这一面的住户多达40余家，有的人家有老人，有的有孩子，四点总被吵醒，身心饱受极大的打击，我们现在连睡眠都保证不了……我咨询物业公司，他们说垃圾箱不在小区内，不属于他们管，我又打电话到临翔区环卫站，答复得很好，但垃圾车还是凌晨四点过来，打了几次电话依然不管用，我们很理解环卫工人早起打扫的辛苦，也想要一个干净美丽的城市，但我们强烈希望能改变一下收集垃圾线路，先收集距离居民区远一点的垃圾，将清理时间稍微延后至6点后。根据国家规定，在居民区内，户外允许噪音级昼间为50分贝，夜间为40分贝。一类生活区域夜测50分贝以上，二类生活区域夜测65分贝以上，只要超过晚上22点或至次日早6点的就是扰民了，属于噪音污染。根据《中华人民共和国环境噪声污染防治法》，第六十一条，受到环境噪声污染危害的单位和个人，有权要求加害人排除危害；造成损失的，依法赔偿损失。 我们能理解临翔区环卫站对垃圾的日常清理，但每天凌晨4点期间的高达75分贝且持续半小时的清理过程，造成严重扰民实属事实。恳请领导关注协调，谢谢！,临沧市政府办公室,网民同志：您好！       您通过人民网地方领导留言板给张之政同志的留言收悉，张之政同志高度重视，及时交由临翔区办理。现将有关情况回复如下：       经调查，临沧市财富中心靠近临沧市禁毒支队大门侧面的垃圾箱点属公共箱点，专供附近居民住户和商铺投放日常生活垃圾。临翔区城区垃圾清运工作从每日凌晨4点左右开始（先将主街道的垃圾进行清运后依次对次街道以及居民小区和单位垃圾进行清运），由于垃圾清运所使用的清运钩臂车为柴油车，车辆运行时发出的声响较大，针对您反映的问题，临翔区环卫站专门将该公共垃圾箱点的垃圾清运工作延迟至每日早晨6点左右。此外，还对驾驶员及环卫工人作出在垃圾清运工作中尽量避免发出不必要的噪音，减少对周边居民的影响要求。       祝身体健康、生活愉快！,回复时间：2019-09-23 11:22
同康北城万象业主至今仍无房本,待回复,城建 求助,皮***,2019-08-3117:06,尊敬的张市长，您好！           我们是临翔区工业园区同康北城万象的业主，至今仍没有拿到房本。业主们曾多次与开发商交涉，要求给房本，但每次都是答复正在办理中，无奈之下，业主又集体向区政府，区城建局，工业园区建设局求助。7月2日，区城建局给的答复是正在录入数据，一周左右完成，大概8月份房本到手，可是转眼又马上九月份了，房本又如同石沉大海，杳无音信。         房子是一户普通人家一辈子的积蓄，没有房本就不能贷款，不能还买房借的钱，不能买卖房子，再拖下去当初愿意借钱给买房子的亲戚就要反目成仇了！没有房本就像住着别人的房，总在担心会不会什么时候一辈子的心血就没了。打扰领导实属无奈，希望领导能尽快帮忙解决，让大家尽快安下心来好好生活。         祝，工作顺利！,,,
公租房,已办理,城建 咨询,李***,2019-08-2815:25,市领导！您好，临翔区今年还可能分配公租房吗？,临沧市政府办公室,网民同志：您好！       您通过人民网地方领导留言板给张之政同志的留言收悉，张之政同志高度重视，及时交由临翔区办理。现将有关情况回复如下：       为切实解决住房困难群体的住房问题，临翔区住建局面于2019 年 5月 18 日下午14：30-17:00 ，在区会议中心三楼报告厅举行了临翔区城区统建公共租赁住房第八批实物配租选房仪式。此次摇号配租房源为300套，有符合条件的8331户家庭参与。目前临翔区城区统建第八批公共租赁住房已完成配租工作，300套配租房源已全部通知到户。根据相关规定，此次摇号未能获得配租的申请人，已经登记为住房保障对象，继续轮候，轮候期间申请人资格符合的，待有房源时直接摇号配租。下步临翔区将于每年10月到各职能部门对保障对象进行资格复核，每年12月省审计厅对全区保障性安居工程进行专项审计，及时对不符合保障条件的对象进行清理，清淘房源。后续保障房是否配租，将结合房源情况，适时进行公开摇号配租。请您关注临翔区人民政府网，相关配租事宜，临翔区将在临翔区人民政府网进行公布。       祝您身体健康、生活愉快！,回复时间：2019-09-23 11:23
关于市级单位遴选,已办理,就业 建言,有***,2019-08-2720:22,尊敬的张市长，您好：       今年临沧市委党校、文联等市级单位遴选，面向的范围只是县乡级公务员，我的妻子是县上一名普通的税务干部，她原本也准备报名参加，最后很遗憾得知不在遴选的范围。我想恳请市委、市政府在今后再有遴选的时候，能不能考虑一下这一部分中央、省驻地方县上的单位！她们也风华正茂，一毕业就带着抱负参加了国考，同样也具备优秀的工作能力，也渴望一个更高的平台有所作为，也想要一个能够去临沧和家人团聚的机会！              ,临沧市政府办公室,网民同志：您好！       您通过人民网地方领导留言板给张之政同志的留言收悉，张之政同志高度重视，及时交由市委组织部办理。现将有关情况回复如下：       公开遴选是指市级以上机关从下级机关公开择优选拔任用内设机构公务员。因税务部门属中央、省属驻临单位，为上级机关，市、县两级税务干部均属省级管理的公务员，市级没有遴选权限。       在今后的工作中，我们将根据编制和职位空缺的情况，按照《公务员公开遴选办法（试行）》等有关规定，结合具体工作和公务员的实际积极协调有关单位，进一步做好公务员公开遴选工作。       祝您身体健康、生活愉快！,回复时间：2019-09-23 11:21
公交站牌标识及公交车行驶标识,已办理,交通 建言,y***,2019-08-2417:59,尊敬的市长您好：临沧公交车站牌标识不便乘车出行，站牌路线站点不详要改进一下，一般外地人不知无法乘车，每个站点应有是哪路车经过也难辨识，公交车头也标识到目的终点站地址不详，行车路线不详“XX路车”车字太小，建议改进一下，特别是市人民医院老区哪条街人员密集区更应改进，可以学习一下楚雄.昆明的标识管理，提的不妥请原谅！,临沧市政府办公室,网民同志：您好！       您通过人民网地方领导留言板给张之政同志的留言收悉，张之政同志高度重视，及时交由临翔区办理。现将有关情况回复如下：       市政府已对临翔区规划的275个公交车停靠站式样给予批复，临沧市交通运输集团益民公共汽车有限责任公司正委托招标代理公司对所有停靠站进行招标。现有的停靠站只是临时站牌，正式停靠站等招标结束后，由中标单位投资建设。目前临沧市交通运输集团益民公共汽车有限责任公司正在配合集团公司加快招标工作进展，尽快完成正式停靠站的投入使用，届时新的停靠站将标有明确的线路走向、首末班时间、票价、途径的线路车辆等。       祝您身体健康、生活愉快！,回复时间：2019-11-07 15:11
临沧印象小区汉云物业不作为乱作为扰乱小区秩序,已办理,治安 建言,匿***,2019-08-2314:23,临沧印象小区汉云物业不作为乱作为扰乱小区秩序：1.汉云物业存在对日常物业管理不作为行为，存在态度恶劣行为有录音，业主已交水电费但因为汉云物业不及时缴纳被水电公司强行停电停水对业主的正常生活产生影响；2.汉云物业偷盖业主委员会公章对小区业主随意收费，引发群体事件有视频，事后未对业主做出解释；3. 汉云物业存在故意不开具发票给业主的行为，有录音，4.业主委员会存在不作为行为，大部分业主强烈要求更换汉云物业但业主委员会两耳不闻窗外事也不做回应，普通业主投诉无门，请临沧政府机构出面还小区业主一个安定祥和的居住环境。#业委会#,临沧市政府办公室,网民同志：您好！       您通过人民网地方领导留言板给张之政同志的留言收悉，张之政同志高度重视，及时交由临翔区办理。现将有关情况回复如下：       经查，临沧印象小区物业服务企业为临沧汉云物业有限责任公司，是由临沧印象小区业主委员会通过招投标方式选聘的物业服务企业，合同生效时间为2018年8月1日，合同服务期限为5年。 物业企业与业主是服务与被服务、聘用与被聘用的合同关系，任何一方违反合同规定，另一方有权按合同约定追究其违约责任。对于物业公司的一般性问题，可向业主委员会投诉，责其按合同约定的内容进行改正。其次，业主可以根据物业服务企业实际违约情况直接起诉物业公司，物业公司与业主的关系是合同关系，业主聘请物业公司对房屋及配套的设施设备和相关场地进行维修、养护、管理，维护相关区域内的环境卫生和秩序等，在合同中规定了双方的权利和义务，如果发生纠纷，也可以通过法律渠道解决。       业主委员会是由业主大会依法选举产生，履行业主大会赋予的职责，执行业主大会决定的事项，接受业主的监督。业主认为业主委员会不称职，业主可以根据《业主大会和业主委员会指导规则》更换业主委员会成员，具体流程如下：1.书面提议更换业主委员会成员议题要求召开临时业主大会。 提议书应当明确提出需要更换业主委员会成员姓名，并且应当明确提出更换成员的理由。该提议应获得20% 以上业主联名签署同意后递交小区业主委员会。2.经20%以上的业主提议，业主委员会应当组织召开业主大会临时会议。3.业主委员会发出召开临时业主大会的通知和公告。业主委员会应当提前十五天发出召开临时业主大会通知，将需要表决的议题内容通知全体业主并在物业管理区域内进行公告，同时应当告知所在地居民委员会。4.业主委员会召开业主大会。业主大会会议可以采用集体讨论的形式，也可以采用书面征求意见的形式；但应当有物业管理区域内专有部分占建筑物总面积过半数的业主且占总人数过半数的业主参加。采用书面征求意见形式的，应当将征求意见书送交每一位业主；无法送达的，应当在物业管理区域内公告。凡需投票表决的，表决意见应由业主本人签名。经专有部分占建筑物总面积过半数的业主且占总人数过半数的业主表决同意，才能更换业主委员会成员。       祝身体健康、生活愉快！,回复时间：2019-11-08 15:58
帮忙解决房子问题,已办理,城建 求助,我***,2019-07-3112:46,尊敬的张市长您好：我是临沧市临翔区天豪国际的一名业主，4年前就以住进这个小区，但因为开发商的原因至今还未交房，房子存在着很多问题，我们住的是担惊受怕。消防没有收尾，经常停电停水，我们的生活已经陷入水深火热之中  严重影响我们的正常生活，小区是高楼一共有32层 ，一旦发生火灾 小区有老人也有小孩 后果不堪设想 ，望张市长重视  请求张市长帮忙解决！ 在此跪谢!,临沧市政府办公室,"网民同志：您好！       您通过人民网地方领导留言板给张之政同志的留言收悉，张之政同志高度重视，及时交由市住建局办理。现将有关情况回复如下：       一、关于消防工程未竣工验收问题，天豪国际小区目前消防工程尚未完工，主要是通风系统电源安装设备未进行安装，致使整个消防系统无法启用。为此,临翔区工作组、开发商多次与消防工程责任人进行交涉，症结是通风系统电源安装设备资金有缺口。经工作组、开发商协商，决定将该小区现有的一套76.31㎡的住房变现，用变现资金解决电源安装设备资金问题，但因该套房屋无人问津，资金问题一直未能落实。考虑到消防工程的安全性，临翔区工作组己请区消防大队相关人员对己完成的部分进行实地查看，设备资金缺口问题工作组将约谈开发商、施工方再进一步协商。       二、关于经常停水停电问题，天豪国际小区业主生活用电目前已完成抄表到户，只要业主每月能按时缴纳电费，供电部门就能够保障供电。目前，因外电工程施工方还未将外电工程竣工资料、设备清单、结算发票提供给开发商，故开发商未能及时办理资产移交相关手续。针对此问题，区工作组已督促施工方尽快将相关材料移交开发商，待资料收齐后开发商就可对接供电局完成资产移交工作。停水问题，天豪国际小区业主已享受居民正常生活用水水价，商铺4.2元/方、住宅3.1元/方，但还未办理水表抄表到户工作。经与临翔区供排水公司联系后了解到，办理小区水表抄表到户工作，需开发商提供小区水电竣工图纸，小区业主要同意承担水表改造费用，方可对小区水表进行改造。       下步工作中，我们将督促临翔区抓紧做好小区通风系统电源设备安装及小区水表抄表到户工作，尽快妥善处理好遗留问题。       祝身体健康、生活愉快！",回复时间：2019-09-19 08:37
医院开清单去别的药店购买手术用品,已办理,医疗 投诉,流***,2019-07-3016:48,尊敬的张市长             你好，我女朋友妈妈在临沧人民医院临翔分院住院。需要手术切除胰腺癌，医生开具清单叫去他指定的药店购买手术用品，还没发开具正规清单发票，请问这样做是医院需要还是医生需要？合理吗？从未听说过做手术还需到医生指定的药店购买手术用品！医生态度也需要改善，病人本来就是生病来到医院，不是欠医院钱来医院！感谢张市长能否有个回复,临沧市政府办公室,网民同志：您好！       您通过人民网地方领导留言板给张之政同志的留言收悉，张之政同志高度重视，及时交由临翔区办理。现将有关情况回复如下：       临翔区卫生健康局与您本人联系，您不愿提供您女朋友母亲的姓名、基本情况、住在什么科、是哪个医生开具手术用品清单等等，有关部门暂时无法查证有关情况，之后您自己要求撤销投诉。       在下一步工作中，我们将督促卫生部门进一步加强对医疗机构和医生的诊疗行为、医德医风方面的管理教育和业务培训工作，为患者提供优良的服务。       祝您身体健康、生活愉快！,回复时间：2019-10-31 11:02
出境证办理问题,已办理,就业 求助,李***,2019-07-2017:22,张市长:  您好！我是在孟定镇这边做边贸生意的。我们一家三代人现在在缅甸那边做生意，经常于缅甸和孟定之间往返。但是现在有一个大难题摆在了我们的面前，这个难题不仅难道我们，也难倒了很多在缅甸生活的中国人。  因为办个出境证实在是太难了，要房产证办暂住证，办得暂住证半年才可以办出境证，可是办出境证还要实体店门面还要自己开才可能给自己家的小孩办，可是谁家没有小孩，谁家就一定在孟定有门面，我们是在缅甸做，小孩还小，带在身边，进出很不方便，可是为了生活，真的没有办法。  我写的不好，文化不够，希望领导能给我们寻一条出路。,临沧市政府办公室,"网民同志：您好！       您通过人民网地方领导留言板给张之政同志的留言收悉，张之政同志高度重视，及时交由市公安局办理。现将有关情况回复如下：       根据《中华人民共和国普通护照和出入境通行证签发管理办法》和《云南省公安厅出入境管理局关于边贸人员办理出入境通告证的工作规定》,办理边贸出入境通行证,应当向公安机关出入境管理部门登记备案,个体商户登记备案材料包括:一是个体登记备案申请表;二是边境地区工商管理部门核发的营业执照; 三是个体户业主及其携带亲属或雇员的身份证复印件、亲属关系证明或雇用劳动合同、住房证明(房产证或住房租赁合同)。       您属于边境地区个体商户,如因从事边贸活动需出入境的,可向当地出入境管理部门申请办理出入境通行证,申请证件时需按规定提交申请材料。如有疑问请拨打临沧市公安局出入境管理支队电话咨询,联系电话:0883-2852317。       祝您身体健康、生活幸福！",回复时间：2019-09-04 09:54
危房补助申请,待回复,城建 求助,杨***,2019-07-1718:00,本人云南省临沧市永德县小勐统镇街子上社人。本人于2017年3月份。向云南省临沧市永德县小勐统镇政府申请了4万元的危房补助金。申请时交了村民委会证明。户口本，身份证等。到现在快三年了，没有拿到一分补助金。建房时向银行贷了5万元的健房贷款。希望领导帮忙问一下危房补助什么时候能到谢谢。,,,
居民区存在切割、焊接及喷漆作业，居民苦不堪言,已办理,环保 投诉,杨***,2019-07-1216:14,尊敬的市长同志，我们入住的临翔区忙畔公租房，一楼前面为铺面，后面为车库，二楼及以上为居住使用房，最近一楼被前后打通用作不锈钢材的加工。一方面，摆料、切割、焊接操作时的噪音严重吵到居民的休息；二方面，喷漆作业带来的刺鼻油漆味，让居民呼吸困难，甚是有不良反应，即便到晚上都飘着油漆气味，住户直接不敢开窗户，带来高温、空气不流通；三方面，操作产生的钢粉、漆粉等废弃物，被就地随意冲走，没做任何处理，直接严重污染居住环境；四方面，焊接好的成品人行道及车辆停放区随意堆放。楼上居住的用户大多有老人和小孩，他们的这一“随意性”、“不负责“行为已经让我们楼上的住户不能正常生活，严重侵扰到我们住户的身心健康，长期下去将威胁到我们住户的身体健康，带来不可估量的并发后果。民生无小事，请领导安排相关部门进行调查、治理，以恢复居民正常的生活秩序。为盼！,临沧市政府办公室,网民同志：您好！       您通过人民网地方领导留言板给张之政同志的留言收悉，张之政同志高度重视，及时交由临沧工业园区管委会办理。现将有关情况回复如下：       接件后，园区国资公司于7月30日组织园区城市综合执法中队、海豪物业公司，邀约临翔区环保局到商铺现场进行查看，发现目前该商铺不锈钢加工存在两个问题，一是不锈钢建材占用人行道问题；二是不锈钢加工产生的气味及噪音问题。针对该商铺存在的问题，一是园区城市综合执法中队责令该商铺业主一周内将占道的不锈钢护栏搬离人行道，国资公司及物业公司将在5个工作日内监督其全部清理完毕，经查2019年8月1日已全部搬离。二是经与园区工商部门进行核实，确认该商铺目前所进行的不锈钢加工行为属于营业执照上所注册的工商经营范围，经临翔区环保局现场核实，该加工行为已超出环保部门规定的相关指标。环保部门与该商铺业主沟通后，由物业公司立即对其发放停工通知，停止一切相关的加工行为，现该加工厂已停工，该商铺业主也承诺不再在商铺内进行违反环保条例的加工行为。       祝您身体健康、生活愉快！,回复时间：2019-08-26 08:47
感谢党领导,已办理,三农 感谢,岩***,2019-07-1111:56,尊敬的张之政好市长，我代表各家庭百姓感谢您！农民的经济合法利益是真的有保障了，我的求助昨天就通知了，在次谢谢您。,临沧市书记市长信箱,网民同志：您好！      感谢您对我们工作的信任理解与肯定。      祝身体健康、生活愉快！,回复时间：2019-07-12 11:45
临清高速不按法定征农村集体土地公共设施问题,已办理,三农 求助,岩***,2019-07-1014:35,尊敬的领导您好！我是一个正真的劳动农民工，没什么文化，关于国家临清高速建设征收孟定镇贺海村集体土地，不按法定程序先建占用地。土属于贺海村民集体个人投资建用地为农用公共道路地，于2017年5月未告知，就于自私乱建设用地。个人己多次找村民干部和村委会及项目部，可是现在2019年7月今都没有决定，地也用了，路也通了，土地也被损坏了，到底农民有没有保障，不要光看外面好，不要光夸领导工作分配的好！农村家庭内部谁负责到户公开信息过，我问过本村长征地补偿标准他们都不知道这一切是为了什么？请求巿临导查询，依法办理。事件位置如下图标。,临沧市政府办公室,网民同志：您好！       您通过人民网地方领导留言板给张之政同志的留言收悉，张之政同志高度重视，及时交由耿马县办理。现将有关情况回复如下：       经查，您反映的问题主要涉及两方面事项：一是征用您家土地建设贺海村委会星火组人蓄饮水水池存在超占的问题；二是因高速公路建设征用您家的土地存在界线和权属争议的问题。具体情况如下：       1、关于修建水池超占问题。因建设临清高速公路需占用原贺海村委会星火组人蓄饮水供水池，经选址并与您达成协议，征用您家的土地新建星火组人蓄饮水供水池，并及时按协议支付了征地款及附着物补偿款，因征用的土地全部用来建造水池，造成工程建设过程中开挖的土方占用了未征用的土地，同时水池的进、排水管道影响未征用土地的正常使用。经贺海村委会组织您和星火组干部调处，双方已达成调处协议，您表示不需再进行信访调处。       2、因高速公路建设征用您家的土地存在界线和权属争议的问题。您向群众购买的用于其砂石场进场道路的土地，在临清高速公路建设中被征用，因当时在征地过程中该地块与刘建生的砂石场进场道路一起被征用，并一并登记在张红旗的征用名户下，（刘建生与张红旗为合伙人），高速公路建设完工后，由于工程施工，致双方原有土地的地貌变化而界线不清，造成土地权属纠纷。2019年8月20日，经孟定镇协商调处，你们双方在现场就土地权属及界线进行指定认同，并商定，之后由你们双方择时自行组织就指定认同的土地界线制定协议，作为下一步进行征地补偿款兑付和分配的依据，您的信访诉求已得到妥善调处。       祝您身体健康、生活愉快！,回复时间：2019-10-25 15:32
求助信,已办理,治安 求助,百***,2019-07-0320:19,您好！张市长   我是临翔区的一名个体工商户（店址在临沧市民族中学高中部学生宿舍楼下），我户隔壁是一宠物店。二0一六年以来，我户深受隔壁宠物店的恶臭、噪音等不法侵害。三年多来我找过临翔区的城管、环保、公安等部门，希望相关部门能够认真履行职责，保障我们的合法权益。    再有就是楼上住的全是备战高考的学子们，正值炎热的夏季，是各种传染疾病的高发期，该宠物店内关有大大小小宠物20多个，存有严重卫生和传染病隐患。晚饭后还将狗放到人行道进行训练，给过往的行人人身安全带来严重威胁。    但此事至今未能得到解决。无奈之下，我只有求助“市长热线”向您反映情况。,临沧市政府办公室,网民同志：您好！       您通过人民网地方领导留言板给张之政同志的留言收悉，张之政同志高度重视，及时交由临翔区办理。现将有关情况回复如下：       根据您反映的情况，临翔区综合执法局多次到民族中学高中部附近的宠物店进行调查并向其告知有关规定，目前，店主已对问题进行整改。       祝您身体健康、生活愉快！ ,回复时间：2019-08-26 08:48
驻村扶贫队员适时轮换及业务培训问题,已办理,政务 建言,y***,2019-07-0211:16,尊敬的张市长您好：作为一名驻村扶贫队员的家属在您百忙中打扰留言，驻村扶贫工作队员在村级工作任务重艰苦很少能与家人团聚，也无法回原单位进行业务锻炼学习培训，时间长了在不严重影响工作据情况下建议适时轮换，属于专业技术部门的要回原单位业务技术培训或提高培训，让业务生疏的同志能更好胜任原本职工作，提得欠妥敬请谅解，谢谢！,临沧市政府办公室,网民同志：您好！       您通过人民网地方领导留言板给张之政同志的留言收悉，张之政同志高度重视，及时交由市委组织部办理。现将有关情况回复如下：       一是关于适时轮换问题。驻村工作队员的集中调整轮换由省委组织部统一安排部署。目前，2019年调整轮换工作已正式启动，市级部门（单位）人员按照“一出一进”原则调整轮换，县级部门（单位）人员由各县统筹安排，2017年及以前选派的驻村工作队员可进行调整轮换；2018年以来选派的驻村工作队员因年龄偏大、身体不适、能力不强或因机构改革等原因不宜继续驻村的，也可同步进行调整轮换。二是关于工作人员与家人团聚及学习培训等其他问题。省、市两级已下发文件要求进一步关心爱护脱贫攻坚一线干部，并从进一步落实待遇保障、强化人文关怀、加强正向激励、加大培养使用、做好抚恤救助等五个方面提出了17条保障措施。在下步工作中，我们将督促有关单位认真落实好。       感谢您及家属对临沧脱贫攻坚事业的付出和贡献。       祝您身体健康、工作顺利！ ,回复时间：2019-09-17 16:13
关于南塘街老城酒吧晚上扰民问题的申诉,已办理,文娱 投诉,自***,2019-06-3016:29,"尊敬的张市长：您好！我是一名普通的临沧市民，家住临翔区南塘街凯龙花苑老城酒吧附近。老城酒吧处于凯龙花苑3楼，属于敞开式装修，该酒吧每天晚上10点开始K歌，音量之大让人无法忍受，我家上有小上有老，老人小孩都需要早点休息，但该酒吧根本不考虑附近居民感受，我行我素，每天晚上不到12点，更甚着到凌晨1点多，严重影响附近居民的休息。附近居民投诉无门，故通过此渠道叨扰张市长，希望该酒吧能够采取隔音措施，不在将酒吧当做KTV使用。非常感谢。",临沧市政府办公室,网民同志：您好！       您通过人民网地方领导留言板给张之政同志的留言收悉，张x政同志高度重视，及时交由临翔区办理。现将有关情况回复如下：       临翔区公安分局凤翔派出所组织社区民警分不同时间段先后两次到南塘街老城酒吧走访核实。经核实，南塘街老城酒吧在晚上存在播放音乐且音量较大的情况，民警对其噪声扰民的行为进行了批评教育，并在播放音量、营业时间方面作了具体要求，同时要求如若声音调整之后还是对周围住户造成影响，就必须及时安装隔音装置。目前，凤翔派出所已在夜晚巡逻时抽查其落实情况，如其依然如故将采取进一步措施。       祝您身体健康、生活愉快！,回复时间：2019-08-16 09:24
林翔时代广场一直不交房问题,已办理,城建 投诉,伽***,2019-06-0420:54,尊敬的领导：    你好！有几个想向你反映一下，我于2017年10月在林翔时代广场购买自住商品房一套，当时的定购合同预计是12月底交房，但是现在已经过去将近两年的时间开发商依然没有交房，而且对于什么时候能够交房开发商也一直没有给一个答复。上个月因我原来租住房屋到期，所以我再次到售楼部去咨询，答复是我们2幢的暂时不能交房和办证也不知道什么时候能交房和办证，但是可以在购买1个小区停车位（19万元）或者将房款交付购房总价的80%后可以进行装修入住。该公司这种在房屋没有经过相关职能部门验收的情况让业主先行装修入住的行为是否合法？该公司对该项目开发建设手续是否齐全？不能交房的真正原因又是什么？这些问题开发商对我们业主都没有一个正面的答复也不会把真实情况告诉我们普通业主，所以只能通过这种方式请你帮助协调相关职能部门帮助调查并能反馈社会大众知悉。最后，感谢你百忙之中查看我们的留言，祝您身体健康！,临沧市政府办公室,"网民同志：您好！       您通过人民网地方领导留言板给张之政同志的留言收悉，张之政同志高度重视，及时交由市住建局办理。现将有关情况回复如下：       一、关于房屋没有经过相关职能部门验收就让业主先行入住的行为是否合法的问题。按照《城市房地产管理法》第二十七条“房地产开发项目的设计、施工，必须符合国家的有关标准和规范。房地产开发项目竣工，经验收合格后，方可交付使用”的规定，房地产开发项目竣工后，需验收合格才能交付使用。经查在临翔时代广场项目中目前尚未发现存在未经竣工验收合格交付业主装修入住的行为。市住建局已要求开发商必须严格执行《城市房地产管理法》规定，凡是交付业主使用的住房，必须经验收合格，并办理竣工验收备案手续。       二、关于公司项目开发手续是否齐全问题。经查阅项目资料，林翔时代广场于2008年11月通过立项审批，建筑工程规划许可证号：建字第530900201600520，建筑工程施工许可证号码：530902216112402010110，开发单位云南林翔房地产开发有限公司，房地产开发企业资质四级，预售许可证发放时间为2017年5月份，该项目开发建设手续完备。       三、关于交房问题。经查，您购买的2栋1单元1701号房屋，目前已建设完毕，水、电、电梯已通过单项验收，因与5栋的地下人防工程、消防属于一体，5栋地面工程尚未建设完成，导致项目未整体验收，暂不能交房入住。5栋的地下人防工程计划于今年10月份完成建设， 12月份申请单项验收。市住建局已要求开发商加快施工进度，做好整体验收相关准备工作，尽快将房屋交付使用。       四、关于超过合同约定期限未交房问题。此问题属合同争议，主要是开发商履约不到位，可通过双方协商的方式处理，也可通过司法途径解决,选择何种方式，请您自行决定。       五、关于购买车位款问题。此问题系开发商私自承诺，不符合房地产开发有关规定，市住建局已严肃批评开发商并要求立即整改，房屋必须经整体验收合格，达到入住条件后，方能交房入住。       祝您身体健康、工作顺利！ ",回复时间：2019-09-10 15:26
大量外来车辆进小区导致小区交通拥堵。,已办理,交通 投诉,W***,2019-05-3114:53,华旭小区是临沧唯一的一个国有小区，也是第一个小区，现如今是最差的一个小区。临沧市临翔区华旭小区幼儿园，每天家长接送孩子的外来车辆大量进入小区，乱停乱放导致小区交通拥堵，小区住户无法正常接送孩子上学，放学。无法正常上下班。并且进小区的车辆车主素质很差，随意停放，堵塞交通。,临沧市政府办公室,网民同志：您好！       您通过人民网地方领导留言板给张之政同志的留言收悉，张之政同志高度重视，及时交由华旭小区物业公司办理。现将有关情况回复如下：       华旭幼儿园属于华旭小区的配套设施，与小区同步建设并同时交付使用。针对您反映的问题，华旭小区物业公司及时与华旭幼儿园进行沟通，由华旭幼儿园要求家长在接送孩子期间尽量把车停放在小区外面，并要求进入小区的车辆进行规范停车，避免造成交通堵塞。       祝您身体健康、生活愉快！,回复时间：2019-11-26 15:45
咨询关于办理合作社经营有相关政策扶持吗？,已办理,政务 咨询,W***,2019-05-2515:23,尊敬的张市长，你好！   我是凤庆县新华乡凤云村的一个村民，现在我想开办一个养殖场，主营肉鸡，村上有个养殖合作社我想利用起来，自己也讨生活，也想带动村上村民们的经济，我想咨询下如果做这个合作社的话要怎么申请，在这个合作社后面有相关政策扶持，建设的话现在还有政府提供的三通政策吗？,临沧市政府办公室,网民同志：您好！       您通过人民网地方领导留言板给张之政同志的留言收悉，张之政同志高度重视，及时交由凤庆县办理。现将有关情况回复如下：       经凤庆县政府反馈，就您所咨询了解事项，凤庆县新华乡人民政府已当面向您进行了解释答复，您本人对凤庆县新华乡人民政的解释答复表示满意。今后若您遇有需咨询了解的事项，可直接与凤庆县新华乡人民政府联系。联系电话：0883-4750087。       祝您工作顺利，身体健康！,回复时间：2019-06-28 17:14
西河有污水排入，很可惜，无人处理,已办理,环保 投诉,T***,2019-05-1516:08,尊敬的张市长，您好，我想向您反应临沧西河——滇西科技师范学院段内，靠近图书馆有一股污水排入，目前已昼夜不停排入数月有余，造成水质污染，并且有明显的刺激性气味，如再不停止，西河污染越发严重，很是可惜。再次是华旭小区与滇西科技师范学院中间的一条小河沟也是有生活污水排入，不知会不会改造。我们已拨打过12369环保热线与12319城建热线，但是只有环保热线记录了简单的信息，但是也没有告知是否处理及处理时间。希望市长同志百忙之中请相关部门关注下西河污染，留住绿水青山。谢谢,临沧市政府办公室,网民同志：您好！       您通过人民网地方领导留言板给张之政同志的留言收悉，张之政同志高度重视，及时交由临翔区办理。现将有关情况回复如下：       按照您提供的情况，临翔区住建、环保等职能部门抽调工作人员组成调查组到实地进行了查看，您反映的排污口具体位置在西河桥上游左岸约600米处，属于滇西科技师范学院排污口。针对现场情况，采取截污的方式将污水接入城市排污管道进行处理，该工程已于7月初结束。       祝您身体健康、生活愉快！,回复时间：2019-08-07 14:47
医保报销要求开具各项无意义证明材料,已办理,医疗 求助,孙***,2019-05-0708:14,尊敬的市长您好，我母亲在家中打扫卫生时不慎滑倒，导致左手骨折住院，现报销医保时，竟然需要到村组，社区，街道开具证明，要求其证明我母亲确属在家中跌倒，前前后后我已经跑了三天，至今还未能报销，中央一再强调让老百姓少跑腿，废除一些无意义证明，我临翔区临沧市是否是例外？,临沧市政府办公室,网民同志：您好！        您通过人民网地方领导留言板给张之政同志的留言收悉，张之政同志高度重视，及时交由市医保局办理。现将有关情况回复如下：        为确保医保基金安全，杜绝欺诈骗取医保基金的行为发生，依据医疗保险基金管理有关规定，我市对参保人员意外伤害发生的医疗费用医保报销，一直以来执行村（社区）、乡镇（街道）、单位（城镇职工医保）盖章证明和医院、医保经办机构审核盖章的层层把关制度，确实存在让参保群众多跑路现象。2019年5月13日，市医保局按照“放管服”改革关于“简化一批办理流程、取消一批证明材料”的要求，研究下发了《关于调整意外伤害纳入医保报销审核流程的通知》（临医保发〔2019〕41号）文件，全市将全面取消村（社区）、乡镇（街道）对参保人员意外伤害住院医保报销盖章证明环节，实行由参保人承诺方式自行承担相应法律责任，真正实现让参保群众少跑路，让群众有获得感。简化后的具体审核流程为：参保人员因意外伤害住院治疗的，由申请人（或代理人）填写《临沧市参保人员意外伤害（中毒）申请纳入基本医疗保险支付范围情况表》交到医保经办机构，并在“本人（代理人）承诺及授权书”对承诺及授权内容进行确认，医保经办机构工作人员对申请人（或代理人）将意外伤害纳入医保报销的相关政策进行现场说明，符合纳入医保报销的，当场向申请人（或代理人）出具相关证明，并对参保人员意外伤害纳入医保报销的情况及时通过互联网或公共媒体进行公示，有举报投诉时，由各级医保经办机构核实处理；不符合纳入医保报销的，由经办机构工作人员向申请人（或代理人）做好政策解释工作。       经查，收到您的信访件后，市医保局及时责成临翔区医疗保障局调查核实，并于5月7日按政策落实报销了您母亲杨玲的医疗费用。       祝您身体健康、工作顺利！,回复时间：2019-06-18 10:16
希望重视公租房问题,已办理,城建 建言,云***,2019-05-0116:57,尊敬的张市长您好：就公租房问题在此打扰您一下，临沧地处边远地区住房相对紧张，特别是镇康.耿马.沧源较边远又是边境地区，新参加工作的同志及其它因素无住房的同志住房难一时无法解决，因申请排队时间长及等待“无名额”加剧了住房难，给生活工作造成压力，要给予优惠政策重视公租房建设及投放量，缩短审批时间及简化流程，清查清理整顿不符合使用公租房者，及时解决住房难，提得不妥敬请调查研究，谢谢市长！,临沧市政府办公室,网民同志：您好！       您通过人民网地方领导留言板给张之政同志的留言收悉，张之政同志高度重视，及时交由市住建局办理。现将有关情况回复如下：       2006年实施保障性住房建设以来，围绕城镇中低收入群众基本住房需求，临沧市各级党委、政府按照中央和省的安排部署，结合临沧实际，采取完善政策、健全制度、规范管理，不断加大公租房建设分配管理力度，至目前，全市共计开工建设公共租赁住房79222套，盘活处置后，全市政府投资建设的公共租赁住房共69330套，截至4月底，已累计分配66172套（含预分配5001套），分配率95.44%，13万多中低收入群众住房困难问题得到有效解决。2016年开始，省级已明确原则上不再新建公共租赁住房。2016年制定印发《临沧市人民政府办公室转发云南省住房和城乡建设厅关于印发云南省推进公共租赁住房分配管理运营工作试点方案文件的通知》，对新就业无房职工等住房困难家庭公租房准入门槛进行了进一步降低，对审批流程进一步简化，确保保障性住房申请、分配规范化和科学化，不断提高分配效率。       临沧市公共租赁住房申请、审核、分配、管理采取属地管理模式，针对镇康、耿马、沧源申请排队时间长问题，下步工作中，市级将进一步督促指导3县认真贯彻落实国家、省、市有关文件精神，进一步简化审批流程，全力做到惠民便民；同时，加大公租房动态管理，采取定期核查、公布群众举报电话等方式，及时核查清退已不符合保障条件的入住对象。       公共租赁住房申请配租具体事宜，请详询3县进行办理：       镇康县住房和城乡建设局：0883—6632116       耿马自治县住房和城乡建设局：0083—6128059       沧源自治县住房和城乡建设局：0883—7121022       祝您身体健康、生活愉快！,回复时间：2019-06-05 08:36
希望东城区(市一中片区)设置活动广场的建议,已办理,城建 建言,W***,2019-04-2214:12,市长您好！我是东城区(市一中、金旭之光片区)的普通居民，近年该片区开发较快，新建小区众多，居民越发密集，交通出行拥堵和停车困难的问题比较突出，还有一个很大的问题是这个片区至今没有一个大一点的市民活动广场，居民在茶余饭后只能去金旭之光楼下的小广场活动、遛娃、遛狗，受场地限制，活动也比较单一，每天傍晚只能进行一小队广场舞，加上大量遛娃的老老小小，拥挤不堪，恳请政府考虑在该片区规划建设一个规模化市民活动广场，可辐射众多小区(金旭之光、书香世家、阳光花园、文林秋苑、学府名苑、茶马古镇、东城郦景、东港商城等)及文华、南信桥片区的广大居民群众，方便市民生活，丰富市民文娱活动，提升市民身体素质和精神面貌，创建文明和谐氛围。烦请市长考虑，非常感谢！,临沧市政府办公室,网民同志：您好！       您通过人民网地方领导留言板给张之政同志的留言收悉，张之政同志高度重视，及时交由临翔区办理。现将有关情况回复如下：       市、区二级政府历来高度重视市民文化活动阵地建设工作，把文化活动阵地建设作为一项民生工程来抓，针对此项工作，临翔区制定了《临翔区文化体育广场建设实施方案》，明确了2015年至2020年全区文化广场建设的工作目标、建设标准、实施步骤、责任分工以及保障措施等。截止目前，临翔区10个乡镇(街道)，已建成文化广场108个，基本已做到全覆盖。临翔区有关部门还为文化广场添加多种体育健身器材、音响等设备。您提出的在市一中、金旭之光片区设立活动场所的建议，临翔区已采纳并纳入规划，下一步将按程序报批，待项目落地后即可开工建设，感谢您对我市活动广场文化建设工作的关心。       祝您身体健康、生活愉快！,回复时间：2019-07-18 11:48
乡镇快递乱收费是否合理？,已办理,企业 求助,杨***,2019-04-2115:46,张市长，您好，我是临沧市凤庆县诗礼乡的一名普通百姓，给您留言是想要咨询一下在快递行业乡镇收费是否合理。   因为在整个临沧市的乡镇普遍存在一种现象收取包邮的快递需要支付5-50不等的费用，在寄快递时已经支付过快递费用了，但是被告知说快递只能到县，乡是由个人与快递公司签订合同，县上的快递网点又收取一定的费用，由他们去领下来然后再发给我们。   因此我想请问这种经营方式是否合理，是否存在二次收费，快递公司是否存在违规操作？,临沧市政府办公室,网民同志：您好！       您通过人民网地方领导留言板给张之政同志的留言收悉，张之政同志高度重视，及时交由凤庆县办理。现将有关情况回复如下：       经与凤庆县人民政府联系了解到，凤庆县有关部门在您来信前就已关注此问题，并将于近期在全县范围内对未经许可、未经备案经营的乡镇快递网点的违规收费等行为进行查处，有效整治乡镇快递网点违规收费问题。因您来信未明确提供举报对象（快递公司名称）、举报要件（快递运单），有关部门目前暂时无法进行调查取证及核实。若您还有其他需咨询了解事项，请拨打邮政行业申诉热线：0871-12305，或提供相关举报对象及举报要件信息，以便邮政管理部门调查取证核实，保障您自身合法权益。       祝工作顺利，身体健康！,回复时间：2019-05-21 10:55
建议加强对临沧市区道路交通的管理,已办理,交通 建言,风***,2019-04-1217:12,尊敬的张市长您好，我是一名普通市民，从小生活在临沧，我觉得近年来临沧的市容市貌发生了翻天覆地的变化，既自豪，也欣喜，但是有些问题始终觉得不吐不快。因为之前长期在昆明工作，对临沧的道路交通没有太深感受，但是去年我回到临沧工作后发现，虽然城市的体量相差很多倍，车流量也相差巨大，但是临沧的很多道路通行能力却远不如昆明。后来我发现，不是因为临沧的道路不够宽、不够新，而是道路交通秩序实在有待完善。举个例子，新城区的道路绝大部分都配有非机动车道，但是就我每天的观察来看，几乎没有摩托车或非机动车按照交通规则在非机动车道上行走，总是大摇大摆的行进在机动车道上，不但占用了宝贵的道路资源，而且十分危险，极大地影响了车辆通行效率，相信很多在昆明和临沧都开过车的人和我都有同感，那就是临沧的道路上感觉没多少车，却总是开不快。另外，我在昆明开车的时候，特别害怕被拍照，也很遵守交规，但是回来临沧以后，发现在昆明一些习以为常的遵规守纪行为，在临沧依然十分奢侈，闯黄灯甚至闯红灯、不礼让行人、实线并道、实线掉头、随意停靠等，比比皆是，。在这样“宽松”的环境中，我也渐渐不再那么遵守交规了，这也让我自己很惭愧。我真心希望，城市的美不仅仅只是高楼大厦、鲜花盛开、窗明几净，更重要的还是软环境的建设和人民素质水平的提升，谢谢！,临沧市政府办公室,网民同志：您好！       您通过人民网地方领导留言板给张之政同志的留言收悉，张之政同志高度重视，及时交由临翔区办理。现将有关情况回复如下：       临翔区对营造安全、畅通、和谐的道路交通环境高度重视，不断采取有力措施，科学研判，多措并举，针对辖区道路拥堵、车辆乱停乱放、重点车辆（校车、公路客运、旅游客车、危化品运输车、货车）违法等“顽疾”主要采取以下措施：一是临翔区交警大队以定点检查和流动巡逻的方式，加大对电动车、无牌无证、违停、闯红灯、非法拼装等交通违法行为的整治力度。二是结合开展专项整治行动，在重要路口设置卡点，开展酒驾、毒驾整治行动查处；三是通过采取步巡和车巡的方式，加强巡逻管控力度，全面清理非机动车乱停乱放；四是加强重点路段巡逻力度和密度，对小商小贩随意摆摊设点、非法占道经营等行为多部门联合整治。       从2018年开展多项专项整治行动以来，共查处现场违法45548起，利用电子警察及智能违停抓拍设备抓拍非现场违法18390起（其中：违法停车11434起，违法禁令5072起，闯红灯573起，不按分道行驶650起，不礼让斑马线661起）。并通过广播、电视、网络等新媒体，加大对交通参与者遵守交通法规的宣传力度，使交通参与者能够自觉各行其道，保障出行安全。      下一步工作中，临翔区还将根据交管局《关于加强电动自行车安全管理工作的通知》要求，一是对非机动车道进行清理排查整改，及时完善非机动车道通行环境。二是对电动车自行车号牌进行挂牌登记管理。三是临翔区交警大队、城管等职能部门将采取综合治理的方式，对非机动车交通违法行为进行有力、科学高效的整治，并建立健全长效管理机制。       祝您身体健康、工作顺利！ ,回复时间：2019-05-29 09:06
恶意拖欠工资,已办理,就业 求助,鲁***,2019-04-0713:18,尊敬的张之政市长您好，我是一名来自孟定镇的电力设备维修技术员民工，在2018年5月份加入祁XX成立的电力施工队做技术员，到八月份辞退，其间我一直催促祁XX在过年前后要结清给我工资，现在欠款人祁XX一直不履行发放工资义务的理由是合伙人张X不去和他兑清账单，但是这些不和我有直接的关系，却成了他不发放工资的理由，她现在也有还款义务能力，原因是她每个月收入都在两万块左右，但他实际欠我的工资是5400，现在只能诉求市长您了。,临沧市政府办公室,网民同志：您好！       您通过人民网地方领导留言板给张之政同志的留言收悉，张之政同志高度重视，及时交由耿马县办理。现将有关情况回复如下：       经核实，您2018年5月加入的祁某某的电力施工队即为张刚和祁明生的施工队，该施工队的工程是从云南科强电力工程有限公司承包出来。       2019年4月28日，耿马县供电局经与祁明生联系，了解到您在其施工队所做的工资已结清，所欠部分为张刚欠款。于是又联系了张刚，张刚承认所欠款项属实。2019年4月29日，耿马县供电局将张刚及鲁小安等人召集到办公室进行协商，经协商，张刚现场将所欠您的5100元（经张刚和鲁小安双方对证，所欠工资实为5100元）以微信转账形式支付给您。       祝您身体健康、生活愉快！,回复时间：2019-05-20 10:31
临沧事业单位三项人员的岗位服务地要为云南省,已办理,就业 建言,沧***,2019-04-0314:32,敬爱的张市长，您好！今天又看了临沧市2019年事业单位的岗位表，我认真看了好几遍关于“三项人员”岗位，感到很失望！2017年我在普洱学院毕业留在那里打工，后面得知他们招募西部志愿者，为了方便我就报了一个普洱市这边的西部志愿者，怀着一个服务锻炼的心态在普洱市的西部志愿者以及脱贫攻坚工作中付出自己、锻炼自己，因为当时情况我在普洱紧急、路途遥远，所以只能报了普洱的志愿者。我看了今年我们临沧市发布的岗位表“三项人员”后，发现今年却偏偏只有我们临沧市限制服务地为本州市，并且还认真看了其它十五个州市的岗位表，他们都限制为服务地为云南省，只有我们临沧市那样限制，我还希望怀着好好对待考试、到时候考回临沧服务家乡的心态。但是，今年看了这个岗位表真让我失望了，因为临沧市的事业单位考试符合我专业的也基本没有，希望临沧市人民政府和人社部门领导在这个事业单位考试招聘上，对“三项人员”的要求，可以参照其它州市一样，限制服务地为云南省，像我这样在其它州市当西部志愿者的其实也没几个，所以这样限制为云南省也没什么多大的影响，户籍可以限制，但服务地的限制要跟其它州市统一！作为一名在脱贫攻坚努力奉献的一名志愿者也是真不容易，特别是西部志愿者不像其它三项人员待遇一样那么好！希望领导能够高度重视，谢谢张市长和其他领导们！,临沧市政府办公室,网民同志：您好！       您通过人民网地方领导留言板给张之政同志的留言收悉，张之政同志高度重视，及时交由市人社局办理。现将有关情况回复如下：       按照《临沧市人力资源和社会保障局关于2019年全市事业单位公开招聘新进工作人员考试的公告》，“市级事业单位招聘大专及以上学历具有临沧市一年以上户籍（非临沧市户籍生源，于2018年4月9日前迁入临沧市的，视为临沧市户籍，非临沧市户籍到临沧市就学人员，户籍迁入集体户的，不视为临沧市户籍，原为临沧市户籍，参加全国普通高考将户籍迁出到所就学学校集体户口的，视同临沧市户籍）的未就业毕业生；县（自治县、区）、乡（镇）事业单位招聘中专及以上学历具有临沧市一年以上户籍的未就业毕业生；不具有临沧市一年以上户籍的市外报考人员必须为全日制国民教育硕士及以上学位的未就业毕业生。现仍在临沧市服务的“大学生志愿者”、“三支一扶”、“特设岗位教师”三类农村基层服务项目人员的户籍视为所服务县（自治县、区）户籍，可报考符合条件的岗位。”您可结合自身的情况，自主选择参加2019年临沧市事业单位公开招聘考试。       在2019年事业公开招聘考试中，要求报考人员需具有临沧市一年以上户籍、“三类人员”服务地需为临沧市等条件，这些条件均是结合我市经济社会发展及人才需求等因素确定的。在今后的事业单位公开招聘工作中，我市将会结合岗位实际设定报考人员资格条件，不断改进工作。       祝您身体健康、生活愉快！,回复时间：2019-05-07 10:43
求助书,已办理,就业 求助,留***,2019-04-0308:54,市长您好！我是2011年403殡仪馆交通事故聂xx妻子，聂xx生前任临翔区殡仪馆长，他也是一名优秀共产党员，他生前对工作兢兢业业，每天都奋战在殡葬事业第一线，由于工作的特殊性，他当时在岗位工作已经36小时以上，因为疲劳接运尸体因公牺牲了，政府工伤赔偿金就3万多块钱，当时他上有80多岁的老母亲，下有刚就读初三的孩子，他是我家唯一的经济来源人，我当时在临翔区中心敬老院做护工，月收入500多块钱，根本无法维持我这个家，我唯一的要求就是希望政府解决我身份问题，给我能维持我这个家，政府工作人员就去过我家两次，一次是去宣读聂xx工伤牺牲文件，第二次就是去下达聂xx3万多块钱卖命钱通知了，现在政府给我解决的身份就是殡仪馆政府购买身份，现在我工资2060块，我婆婆长年体弱多病，娃娃现在还在读大学，我的那点工资真的无法维持我这个家了，我还是希望政府能考虑我身份问题。我找过我们单位，我们民政局，我们临翔区政府，他们都是无能为力，我没有要百万千万，我也没有无理要求，我就希望政府能够帮帮我解决我家的情况。望与解决，谢谢谢谢！拜托了，每年的今天我都是在医院度过,临沧市政府办公室,网民同志：您好！       您通过人民网地方领导留言板给张之政同志的留言收悉，张之政同志高度重视，及时交由临翔区办理。现将有关情况回复如下：       根据中共云南省委组织部 云南省人力资源和社会保障厅 云南省公安厅关于印发《云南省事业单位公开招聘工作人员办法》的通知（云人社发[2016]182号），第三条“事业单位新聘用工作人员，应当面向社会公开招聘”；第四条“事业单位公开招聘工作人员要坚持德才兼备的用人标准，遵循公开、平等、竞争、择优的原则”；第四十二条 “各级机关、参照公务员法管理的事业单位补充工勤人员，依照本办法执行”的规定 ，机关、事业单位新增工作人员必须凡进必考。临翔区区委政府充分考虑政策因素及您家庭的实际困难，已于2012年10月起将您聘用在区民政局殡仪馆工作（属政府购买服务岗位）。建议您按每年公开招聘事业人员的具体规定及条件结合自身情况参加报名考试，通过公开考试渠道解决身份问题。       祝身体健康、生活愉快！,回复时间：2019-06-18 10:14
公租房申请,已办理,城建 建言,浮***,2019-03-2210:26,尊敬的领导你好，这两天申请公租房几乎挤断了腰，跑断了腿，可是临沧好多信息平台或者中介都发出公租房或者廉租房出租的信息，我想建议临沧政府好好清查一下，把那些不需要或者已经有住房的公租房名额退了留给真正有需要的人，不应该沦为别人赚钱的渠道呀,临沧市政府办公室,网民同志：您好！       您通过人民网地方领导留言板给张之政同志的留言收悉，张之政同志高度重视，及时交由临翔区办理。现将有关情况回复如下：       经查，临翔区对转租转借公租房的问题，主要是通过公租房管理人员日常入户开展住户信息调查工作、群众举报获得线索，区住建局工作人员入户进行调查笔录，被调查人签字确认后，向承租人发出取消公共租赁住房保障资格告知书、临翔区公共租赁住房退房通知，要求承租人限期退房。因玉龙花园小区配建着部分商品房，且目前临翔区正在开展公租房先租后售工作，部分承租人在满足先租后售条件后，已将自己租住的公租房购买，住房性质发生改变，在接到群众举报后，经工作人员核实，有的住户是租住商品房，并不属于公租房转租行为。       针对公租房转租转借问题，临翔区将采取以下措施：一是加大对打击公租房转租转借行为的宣传力度，并长期公示公租房转租转借举报号码（0883-2135088），动员更多的群众参与进来；二是区住建局成立公租房廉租房转租转借工作组，受理举报反馈工作，广大的人民群众一旦发现身边有转租公租房和廉租房的行为，可及时向区住建部门举报，相关部门会及时介入调查，及时处理；三是进一步研究保障性住房政策及法律法规，探索与律师事务所合作机制，从具体核查清退层面建立健全公租房转租核查清退的长效机制。       祝身体健康、生活愉快！,回复时间：2019-05-20 10:30
玉龙花园小区公租房目前处于什么状态,已办理,城建 求助,苦***,2019-03-1514:20,"尊敬的领导 首先感谢您百忙之中查看留言！祝您万事如意！幸福安康！曾于一年前本人就为该问题留过言！当时给的回复是让等候！可如今又过了这么久,身边同时申请的朋友已有入住的！因为孩子上学因素、工作因素…我真的很迫切的需要公租房、所以才会这样一次、两次的询问！还望海涵！会不会因为曾经留言的方式方法欠妥当而影响分配公租房……还是同样的问题！什么时候才能入住曾公示的公租房！万分感谢",临沧市政府办,网民同志：您好！       您通过人民网地方领导留言板给张之政同志的留言收悉，张之政同志高度重视，及时交由临翔区办理。现将有关情况回复如下：       经核查，您所申请并摇号预分配的12-1-1711号房，经与临翔区城投公司对接，将于2019年4月份交房并分配入住，届时请您保持通信畅通，临翔区住建局工作人员会跟您及时联系。       祝身体健康、生活愉快！,回复时间：2019-03-29 14:51
建议将师范学院忙角学生公寓至校园的道路整改,已办理,交通 建言,星***,2019-03-1208:11,您好，张市长，我是滇西科技师范学院的学生。我们所居住的忙角学生公寓到校本部的那段道路交通状况恶劣，特别是一到上下课高峰期，遇到各种车辆来往，不仅有较大的安全隐患，也特别拥堵，遇到性子急的车主，车速稍快一点我们更是躲闪不及，很多次往往是有惊无险。这样既耽误了车主的时间，也影响我们去上课的安全，也不利于临沧市和学校的城市形象。希望能引起市长和相关领导的重视，将那一段道路规划，整改一下。,临沧市政府办,网民同志：您好！       您通过人民网地方领导留言板给张之政同志的留言收悉，张之政同志高度重视，及时交由临翔区办理。现将有关情况回复如下：       据查，临翔区一直把滇西科技师范学院周边交通管理作为一项重点工作，针对学院周边交通实际情况制定了相应的管理工作勤务模式：一是在学院后门设置“护学岗”，每天安排3名警力在上下学4个时段（7:00-8:00、12:00-12:40、13:30-14:30、20:40-22:00）对道路交通进行疏导指挥。二是临翔大队城市专班每日8:00-22:00对临耿线忙角段道路采用警车巡逻与徒步巡逻相结合的方式，加大巡逻力度，对乱停放车辆进行重点管理。对于临耿线通往学生公寓路段，该道路为村镇道路，周边住户300余户，道路连接新安路与临耿线，是进出村镇的必要路口，下步临翔区将加大对周边住户的交通安全宣传工作，提高周边驾驶员安全意识，尽力为广大师生创造良好的道路交通环境。       祝您身体健康、生活愉快！,回复时间：2019-04-02 11:30
为四季豆种植的我们帮帮忙找销路,已办理,三农 求助,L***,2019-03-0913:30,张市长你好，永德永康因为糖厂问题，现在我们多数改种条件比较合适的四季豆，但是因为冷库数量不多容量少，销路少，造成积压太多，造成老百姓经济损失。还望张市长多帮帮忙。,临沧市政府办公室,网民同志：您好！       您通过人民网地方领导留言板给张之政同志的留言收悉，张之政同志高度重视，及时交由永德县办理。现将有关情况回复如下：       根据您反映的情况，永德县永康镇党委政府迅速成立由镇长鲁卫华同志任组长，镇纪委书记周强同志（朝阳村挂钩领导）、副镇长王云楷同志（甘蔗产业分管领导）、副镇长李建全同志（产业发展分管领导）任副组长的调查核实工作组，于2019年3月12日至18日对您反映的四季豆销路问题进行全面核实，目前四季豆销路问题已得到解决。       祝您身体健康、生活愉快！    ,回复时间：2019-04-15 10:16
重视公租廉租申请下来又高价出租的问题,已办理,城建 建言,苍***,2019-03-0810:21,麻烦领导重视下廉租公租房申请下来又被转租的问题，申请下来几百块，他们出租1000多块，微临沧上挂着出租，都没人管吗？为何真真正正需要房子申请不到，对于我们这些刚刚毕业买不起房，工资低的，每个月还要去负担1000多块的房租，麻烦领导出面管管这个问题，既然他们不需要保障房，那就把房子给我们这些需要的人。,临沧市政府办公室,网民同志：您好！       您通过人民网地方领导留言板给张之政同志的留言收悉，张之政同志高度重视，及时交由临翔区办理。现将有关情况回复如下：       您来信中反映的问题临翔区高度重视，已成立工作组开展调查核实，一经查实属公（廉）租房转租的，将及时进行清退并依法依规处理。对临翔区公租房的相关事宜欢迎来电举报或咨询，联系电话：2123199。        祝身体健康、生活愉快！,回复时间：2019-06-05 08:38
关于临沧市同康北城交房未办理房产证一事,已办理,城建 投诉,春***,2019-03-0717:21,关于同康北城万象小区产权证未办理的反映材料尊敬的领导： 您好！我们是同康北城万象小区业主，小区是由云南同康置业开发有限公司（法定代表人陈鹤龄）于2014年开工建设、2015年底交房。小区共180户人家，交房至今入住166户。按常规业主与开发商在办理购房相关手续交齐之日起生效，开发商应在两年之内向业主提供房产证。但是时隔四年，开发商不但没有为业主办理房产证也从未和业主们沟通交流给过任何交代，业主几次向开发商讨要无果，开发商已造成违约。为此，我们选出业主代表于2018年7月与开发商交涉，开发商口头回复会在2018年12月内结并交给业主。然而，2018年12月底，开发商并未兑现承诺给业主办理也无任何回复。通过小区业主全体商议，一致认为只有通过政府的协调，事情才能得以解决。于是在2018年12月26日，全体业主联名向领导递交了一份情况反映材料，但至今未得到任何回复。因此，特写此材料再次向领导反映情况希望能够及时得到领导的关心支持，维护我们的合法权益，以免促使矛盾升级，以致于发生大家都不愿看到的维权过激现象。 我们真诚感谢领导能在百忙之中处理我们的信访，老百姓永远不会忘记权为民所用，情为民所系，利为民所牟的好干部。我们只能寄希望于领导帮助我们及时顺利办理房产证，切实维护我们的正当合法权益，让我们全体业户真正过上放心、安心、舒心生活！附件：同康北城万象小区业主签名单  ,临沧市政府办公室,网民同志：您好！       您通过人民网地方领导留言板给张之政同志的留言收悉，张之政同志高度重视，及时交由临翔区政府办理。现将有关情况回复如下：       经调查核实，同康北城万象小区土地在中国工商银行设定抵押，现该公司正在与工商银行协商注销抵押事宜，待抵押注销后可办理该小区购房户不动产权登记。       祝您身体健康、生活愉快！,回复时间：2019-04-10 17:06
临沧市同康北城万象小区房产证的问题,已办理,城建 求助,Z***,2019-03-0713:42,尊敬的领导： 您好！我们是同康北城万象小区业主，小区是由云南同康置业开发有限公司（法定代表人陈鹤龄）于2014年开工建设、2015年底交房。小区共180户人家，交房至今入住166户。按常规业主与开发商在办理购房相关手续交齐之日起生效，开发商应在两年之内向业主提供房产证。但是时隔四年，开发商不但没有为业主办理房产证也从未和业主们沟通交流给过任何交代，业主几次向开发商讨要无果，开发商已造成违约。为此，我们选出业主代表于2018年7月与开发商交涉，开发商口头回复会在2018年12月内结并交给业主。然而，2018年12月底，开发商并未兑现承诺给业主办理也无任何回复。通过小区业主全体商议，一致认为只有通过政府的协调，事情才能得以解决。于是在2018年12月26日，全体业主联名向领导递交了一份情况反映材料，但至今未得到任何回复。因此，特写此材料再次向领导反映情况希望能够及时得到领导的关心支持，维护我们的合法权益，以免促使矛盾升级，以致于发生大家都不愿看到的维权过激现象。 我们真诚感谢领导能在百忙之中处理我们的信访，老百姓永远不会忘记权为民所用，情为民所系，利为民所牟的好干部。我们只能寄希望于领导帮助我们及时顺利办理房产证，切实维护我们的正当合法权益，让我们全体业户真正过上放心、安心、舒心生活！我们将毫不动摇地捍卫我们的合法权益，并保留群体上访和越级上访的权利。,临沧市政府办公室,网民同志：您好！       您通过人民网地方领导留言板给张之政同志的留言收悉，张之政同志高度重视，及时交由临翔区政府办理。现将有关情况回复如下：       经调查核实，同康北城万象小区土地在中国工商银行设定抵押，现该公司正在与工商银行协商注销抵押事宜，待抵押注销后可办理该小区购房户不动产权登记。       祝您身体健康、生活愉快！,回复时间：2019-04-10 17:05
同康北城万象业主,已办理,城建 求助,水***,2019-03-0713:31,市长您好，我们房子己拿到几年，可开发商迟迟办给，去问了多次，今天、明天，就是认不得到底是什么时候，希望领导关心一下我们,临沧市政府办公室,网民同志：您好！       您通过人民网地方领导留言板给张之政同志的留言收悉，张之政同志高度重视，及时交由临翔区政府办理。现将有关情况回复如下：       经调查核实，同康北城万象小区土地在中国工商银行设定抵押，现该公司正在与工商银行协商注销抵押事宜，待抵押注销后可办理该小区购房户不动产权登记。       祝您身体健康、生活愉快！,回复时间：2019-04-10 17:05
农民工工资拖欠问题求助,已办理,企业 投诉,黄***,2018-12-2115:56,尊敬的领导你好2016年2月份，我在云南沧源机场，海力控股公司旗下一个叫张龙兵的手下做室内装修，口头协议是每平方米支付我10.5元，面积计算方式以机场指挥部与海力公司计算数据为准，工程结束后，包工头张xx说什么也不同意以指挥部数据结算，说是要按总面积扣出门窗面积，就连角线面积也扣除，我用手机拍到了机场指挥部与海力公司的结算数据为19812.01平方米，以张xx的方式结算数据为15233.53平方米，为了这件事情闹了半年多拿不到钱，后来抱着能拿着一点总比一分钱都拿不到要好的想法，本人向他张xx妥协了，心想多少都钱行，只要能拿到钱就好，但条件是，必须于2017年6月30日前全部付清，两人起草协议，超过6月30号若没有支付本人尾款，将由张xx每天支付给本人500元违约金，于是我两人都分别各起草过一份协议，综合内容是，工程量为15233.53平方米，按单价10.05元每平方米计算，张应支付给黄159952元，施工途中预付126975元，质保金扣押为7997元，质保金扣押为验收结束后24个月，如果期间有质量问题需联系黄xx修补，如果没有质量问题，张xx将无条件退回全部质保金，另外有一条欲加之罪是说验收的时候我不在现场，找人帮忙给我修补，计工32个工，每工付款300元，为9600元，扣到最后为应支付本人尾款15780元，质保金7797元，我一直在上面修补，明明知道这些工人是外墙班主王xx在2016年火把节前几天拿到4万元工程预付款后，感觉这工地钱难以结算后离开，32个工也是找来做外墙的，我当时说什么也不同意，还有就是我刚上工地的时候，张xx在机场指挥部生活区的外墙漆还没有验收，当时给他负责指挥部外墙漆的负责人谢x找到到本人帮忙修补，共计工39.5个，每个工程付款300元，和计11850元，这是事实，本人有多方面的证据，可他张xx对此拒不承认，并说你黄xx如果同意，就这样结算，不同意我张xx马上走人了，无奈之下，才有了我和他之间那种丧尽天良的协议，我在此求助，希望各位领导能帮我讨回血汗钱和相应赔偿金，这么长时间以来为了讨工资的一些车旅费，误工损失费，另外对于讨工资的事机场方面也对农民工有过书面承诺，现在张xx人不知去向，这事还希望机场能出面解决,临沧市政府办公室,网民同志：您好！       您通过人民网地方领导留言板给张之政同志的留言收悉，张之政同志高度重视，及时交由沧源县政府办理。现将有关情况回复如下：       经沧源佤山机场工程建设指挥部核查，所反映的事项您本人已于2018年12月24日向沧源县人民法院提起诉讼，沧源县人民法院已受理此案，对此问题的处理只能由人民法院依法作出。       祝您身体健康、生活愉快！,回复时间：2019-02-14 10:59
已脱贫公示的村什么时候才能修路,已办理,三农 求助,不***,2018-12-2007:45,尊敬的张市长，您好。感谢您为临沧人民排忧解难。近年来党和政府全力以赴开展脱贫攻坚、实施乡村振兴战略，让山村农民如沐春风，对农村未来的美好生活充满了向往，让在外谋生的青年又充满希望的回到老家起房盖屋、憧憬未来，原来只剩孤寡老幼的农村逐渐恢复了人气、重现了活力。然而，有这样几个小山村的人民最近缺感到非常困惑。云县爱华镇石房村委会上邦介、下帮介村以及凤庆县雪山镇新民村委会大帮界村是云、凤两县的交界村，公用从云雅线冷水箐分岔口上山的毛路交通线，实际上公共这条毛路的村子不止这几个。几年前，雪山镇到新民村委会的硬板路修通了，又过了两年，新民村委会到很多自然村的路也修通了，刚刚过去的这一年，基本上全村委会各个村的路要么扩宽平整，要么铺硬板，都在热火朝天的进行，硬板路在很多年前就修到了与大帮界村一河之隔的红星队，大帮界自然村的村民一次次燃起能通路的希望，又一次次等不到任何消息，2018年11月15日，凤庆县扶贫开发领导小组办公室发布了《关于2018年贫困村退出公告》，新民村在列，村民却更加担心了，退出贫困村以后是否还有人会注意到这个小山村还没有修路？经跟隔壁云县上、下帮介村的村民交流，他们也存在同样的疑问，在村村三通的进程中，是否将边界角落的我们遗忘？事实上从冷水箐到这几个村的距离不远，但路况却十多年没有改变，身强年轻胆大的村民能骑摩托车上下，晴天季节少数技术好的拖拉机师傅勉强能上下，到了雨季几乎没法通行。希望市长能关注这几个村子的交通状况，如果已有修路的规划，也希望能得到回复以安民心。再次感谢！,临沧市政府办公室,"网民同志：您好！       您通过人民网地方领导留言板给张之政同志的留言收悉，张之政同志高度重视，及时交由凤庆县政府办理。现将有关情况回复如下：       关于您反映雪山镇新民村邦介小组道路未硬化问题。凤庆县雪山镇人民政府已将邦介小组等未实施道路硬化的小组列入2019年实施乡村振兴规划项目库，待该项目下达后即可组织实施。       关于您反映的邦介小组先后实施了魔芋、重楼种植,目前正在实施自然村饮水工程项目，4公里村组路面加宽改造等问题。凤庆县雪山镇自脱贫攻坚工作开展以来与全县一道严格按照云南省认定贫困村退出标准，把改善贫困村基础设施条件作为脱贫攻坚的重要切入点，突出道路通畅、饮水安全、用电充足、网络覆盖“四大保障”,强力推进基础设施建设，实现建制村道路100%通畅、贫困群众饮水安全均得到保障、所有自然村通动力电、建制村宽带网络全覆盖，切实增强贫困山区的发展后劲，推进村容村貌改善和群众生活质量提升。       在今后的工作中，我们将督促凤庆县继续加大各类惠民政策的宣传力度，继续结合群众发展需求，认真做好精准扶贫，精准脱贫工作，让贫困群众早日脱贫致富奔小康。       若您还有其他需咨询了解事项，可直接与雪山镇人民政府联系。联系电话：0883-4890002。       祝身体健康，工作顺利。",回复时间：2019-04-15 10:14
双江交警乱设信号灯罚款扣分,已办理,交通 投诉,匿***,2018-11-2921:15,张市长你好，我2018年10月30日凌晨驾车从小黑江往临沧方向行驶，当日02时22分途经双江县滨河大道与三十六米大道交叉口时，因前方有一辆货车低速行驶，我从右侧变道行驶，由于货车的遮挡及本人车辆左前方的视线盲区，我未能观察到横杆上的直行信号灯是红灯（当时横杆显示的是左转为绿灯，直行为红灯），我只看到人行道上立杆上的信号灯显示的是绿灯，就径直开过去了，后被记录为&amp;ldquo;违反交通信号灯通行&amp;rdquo;的违法行为。通过双江县有关部门告知，横杆和立杆在直行方向信号灯的不一致是双江交警大队人为设置的，不是设备故障造成的。我完全想不通他们这种设置是基于什么考虑。难道是为了罚款、扣分？退一步讲，我作为一个非双江本地的驾驶员，就算我看见横杆上的红灯，而立杆上是绿灯，我是不是应该考虑的是信号灯故障，在确保安全的前提下通过，因为左转与直行同时进行也是一个常见的设置。我在这个路口就经历过，当时我由西往北行驶，第一次绿灯没敢通行，等了一个红灯确认之后才敢行驶。事实上，我经过这个路口的时候，注意力主要是集中在路面（这也进一步导致我没能注意到横杆上的信号灯），通过路口后还减档提速了。进一步讲，如果按照双江交警大队设置的这个这个信号灯通行，左转的机动车与直行的行人发生交通事故，是交警大队负全责还是机动车、行人负全责。特别是在夜间通行的情况下，驾驶员的盲区是比较大的。对于双江交警大队这种机动车左转加行人直行的信号灯设置，我是闻所未闻，而且存在极大的安全隐患，明显违反道路交通安全法律法规。这种设置，除了罚款、扣分，我实在想不出是基于什么考虑。,临沧市政府办公室,网民同志：您好！        您通过人民网地方领导留言板给张之政同志的留言收悉，张之政同志高度重视，及时交由双江县政府办理。现将有关情况回复如下：        经双江县城市建设管理监察队和交警大队相关技术人员于2018年11月20日对双江县过境线及主要市政道路交通信号灯进行排查，过境线四个信号灯路口存在左转弯灯和人行道灯同时显示绿灯的情况，经交警队技术人员调整，目前已全部整改完毕。        祝您身体健康、生活愉快！,回复时间：2019-01-09 11:11
关于申请公租房、廉租房的疑问及建议,已办理,城建 咨询,W***,2018-11-2708:10,市长您好，因住房困难，我和家人想申请临翔区的公租房或者廉租房，自今年初以来我们多次咨询临翔区住建局，答复没有房源，2017年7月就已经停止受理申请了，至于什么时候再次受理申请要等市政府的通知。同时，告知我们政府从去年底就通过实地走访的方式清理不符合条件但是仍然占用公租房或者廉租房的人员。可是已经清理了一年了仍然没有腾出房源，众所周知，我们临翔区之前申请到公租房的很多人都是自己不住却拿去转租、或者后来买了商品房却不腾退公租房等等（身边见过很多此类情况，房产中介那里也能看到很多转租信息）。公租房廉租房本来是给低收入群体和住房困难人群的保障性住房，是政府关爱民生的工程，现在已经变成了少数人谋利的工具，真正需要公租房廉租房的人群却连申请的机会都没有！我不想举报任何人，但是希望政府能提高清理腾退的效率，规范管理保障性住房。建议:1.增加清理的手段和方式，单靠入户走访速度慢又不准确，通过不动产登记查询、用水用电量监测、社保工资查询、实地走访多措并举，让清理腾退工作常态化，迅速、准确得到落实。2.希望有关部门严格落实公共租赁住房管理实施方案，每年都对入住人进行资格复审。3.建议监管房产中介违规帮助转租公租房廉租房的行为。希望得到答复，希望真正需要保障性住房的群众能申请到住房，也希望临沧的保障性住房管理工作越来越规范，让我们临沧真正成为平等公正法治的文明城市。,临沧市政府办公室,网民同志：您好！       您通过人民网地方领导留言板给张之政同志的留言收悉，张之政同志高度重视，及时交由临翔区政府办理。现将有关情况回复如下：       一、临翔区公租房是否可以申请的问题。鉴于临翔区主城区已建成的保障房房源已基本分配完的实际情况，已于2017年7月暂时停止临翔区城区统建公共租赁住房常态化申请审核受理工作，待有房源时再集中受理，具体申请情况将在临翔区政府公众信息网上发布公告。       二、保障对象的资格复审：临翔区在每年10月以前都会到各职能部门进行资格复审，每年12月省审计厅都会对临翔区保障性安居工程进行专项审计，动态监测保障对象家庭人口、住房、经济状况变化等情况，具体清退措施参照《临沧市人民政府关于印发临沧市公共租赁住房管理实施方案的通知》（临政发〔2013〕34号）第六条“规范管理”（五）“退出管理”执行。即：1、廉租住房住户的收入水平已超过廉租住房保障范围的，但不超过公共租赁住房保障范围的，住房租金改按公共租赁住房标准收取；2、收入水平超过公共租赁住房保障范围的住户，应退出公共租赁住房或按市场标准收取租金；3、承租人通过购买、受赠、继承等方式在申请公共租赁住房地区获得其他住房的，必须腾退租赁的公共租赁住房住房；4、拒不退出的，依法申请人民法院强制执行。       三、公租房转租转借及清退出来的房源问题：临翔区住建局专门成立处理专项治理工作小组，常态化查处公租房的转租转借等各类违规行为。目前清退出的房源主要用于解决“临翔区建档立卡贫困户进城务工”和“棚户区拆迁”住房困难户的临时安置。       四、房产中介的监管，下步将会同有关部门对发布公租房出租、转租等违规经纪业务行为进行查处。       祝身体健康、生活愉快！,回复时间：2019-01-09 11:08
临沧地区公租房建议多建点,已办理,城建 建言,y***,2018-11-1710:51,张市长您好：临沧地区房价相对高主要是公租房相对较少，商品房也较少，住房紧张，建议增加各县市区公租房建设量，同时关怀好新参加工作及各种因素无住房的职工，让他们少一点后顾之忧，共同把工作做好，我虽然是外地人亲戚在你们这里工作提个建议，谢谢！,临沧市政府办公室,网民同志：您好！       您通过人民网地方领导留言板给张之政同志的留言收悉，张之政同志高度重视，及时交由市住建局办理。现将有关情况回复如下：       2006年以来，临沧市共实施城镇保障性住房建设项目79222套。2017年根据国家住建部、发改委、财政部、国土部4个部委联合下发的建包〔2017〕111号文件精神，把边远的无公租房需求的项目调整为棚改安置、异地扶贫搬迁安置，将教育、医疗、养老、双创基地用房退出公租房管理盘活处置后，全市政府投资建设公共租赁住房共70336套，截至目前，已累计分配入住60670套、预分配4973套，分配率达93%，10多万中低收入群众的住房困难问题得到有效解决。经核实，2016年底临沧市城区所在地临翔区城镇常住人口11.97万人，其中：本地户籍10.06万人、非本地户籍1.01万人，城镇常住人口家庭4.36万户，其中：本地户籍3.83万户、非本地户籍0.53万户。2006年以来，临翔区辖区内共开工建设保障性住房15918套，其中：市本级实施2000套、临沧工业园区实施500套、临翔区实施13418套；截至2017年底已分配14450套（含预分配1408套），占城镇常住人口家庭的33.14%，随着项目的竣工并全面交付使用，辖区内35.84%的城镇常住人口家庭的居住问题将通过公共租赁住房得到有效解决。鉴于目前公租房建设体量较大实际，结合市、县财政承受能力、县（区）新建公租房建设计划需求以及国家、省级有关公租房建设政策调整等因素，2016年至今我市各县（区）已不再新建公共租赁住房项目。       下步工作中，我们将继续贯彻落实住房保障有关政策，采取实物保障与货币保障相结合的方式，全力实现中低收入住房困难群众及新就业无房职工“住有所居”的目标。       祝身体健康、生活愉快！,回复时间：2019-01-23 15:44
事业单位限制户籍,已办理,就业 建言,熊***,2018-11-1608:57,尊敬的市长： 您好！为了引进外来人才  临沧市事业单位招考报名条件  是否可以适当放宽   例如户籍限制这一块！,临沧市政府办公室,网民同志：您好！        您通过人民网地方领导留言板给张之政同志的留言收悉，张之政同志高度重视，及时交由市人社局办理。现将有关情况回复如下：        临沧市对事业单位公开招聘新进工作人员的报考条件，是根据《中共云南省委组织部 云南省人力资源和社会保障厅 云南省公安厅关于印发<云南省事业单位公开招聘工作人员办法>的通知》（云人社发〔2016〕182号）第八条：关于事业单位公开招聘工作人员的范围和条件，由各地各部门根据当地和岗位需要的实际情况自行确定的规定，结合用人单位的实际需要提出的。对户籍的要求，根据招聘岗位的具体实际，会有无限制条件和有限制条件的规定，希望得到您的理解并给予支持。        祝身体健康，生活愉快！,回复时间：2019-01-14 17:39
临沧街子天,已办理,城建 投诉,情***,2018-11-1508:27,尊敬的市长:   最近半年批发市场的街子天集市，一到街子天，批发市场区域就成了集市一团乱。好好的批发市场，变成了没有管理的集市整个批发市场全是摊贩连过路的道都没有，更别说过车，所有赶集的人全部压到批发市场，以前说乱但比现在好现在只要有地方摆全都摆满了，严重影响批发市生活次序,临沧市政府办公室,网民同志：您好！       您通过人民网地方领导留言板给张之政同志的留言收悉，张之政同志高度重视，及时交由临翔区政府办理。现将有关情况回复如下：       经查，造成综合批发市场街天拥堵的主要原因是扎路营批发市场容纳量有限，原市场外临时经营场地被取消，每逢街子天，周边乡（镇）有圈内、博尚、蚂蚁堆、邦东、马台、章驮农民自产自销农产品全部进入综合批发市场销售，临时摊点增加约800到1000个，市场无法容纳。执法人员已督促市场管理方加强街天占道经营管理，并协助市场管理方对占道经营行为进行整治。       祝身体健康，生活愉快！,回复时间：2019-01-09 11:06
给市长的一封信,已办理,城建 咨询,l***,2018-11-0508:00,尊敬的张市长，你好，我是临翔区邦东乡一个14岁初二学生我叫兰光文我家染上了肺结核首先是叔叔已在2017年10月因肺结核去世然后是爸爸2018年6月去世了我们才知道这个病的严重性，后来村长让我们全家来医院检查一下，妈妈爷爷和我都被传染了，查出被传染后村里所有人都开始远离我们，我也去不了学校上学了怕传染其他同学，村长让我们来住院治疗但是我们家接二连三的住院然后去世还要处理后事本来农村就难生活钱已经花光了家里只剩下三个人也都被传染了我们没钱住院后来村长说免费治疗的，到医院几天后我们生活费也没了医院给说政府扶贫10000块，然后我们已经住院一周了也没收到钱，打电话问村长他说上面说只有八千但是我们也没收到三个人都来医院住着不知道怎么办，本来家里也只有妈妈能挣钱还要养爷爷和我但是现在她也生病了我们真的很需要帮助，我想问一下尊敬的领导是真的有扶贫资金吗？有的话我真的真的很感谢你们所有人的帮助,临沧市政府办公室,网民同志：您好！        您通过人民网地方领导留言板给张之政同志的留言收悉，张之政同志高度重视，及时交由临翔区政府办理。现将有关情况回复如下：        2018年11月8日，临翔区邦东乡卫生院到您家进行随访和核实，经核实，您户为非建档立卡户。通过入户调查，邦东乡政府根据您家的实际情况，于9月份给予安排3000元临时救助金，2人享受农村低保396元（198元/人.月），并为您母亲郭宗玲安排一个公益性岗位（乡村公路养护）每月可收入1600元。因您家庭情况特殊，此次您爷爷兰富云、母亲郭宗玲和您到市医院住院时，邦东乡政府先行借支6000元，璋珍村委会也先行借支3000元，并帮助申请11月临时医疗救助8000元。鉴于您家的特殊情况，临翔区卫计局已帮助您家落实家庭签约医生服务，医生将定期到您家访问病人病情。此外邦东乡政府根据您家的实际情况，下一步会根据扶贫动态调整政策将您家纳入动态调整贫困户。        祝您身体健康、生活愉快！,回复时间：2019-01-09 11:18
市长先生，百姓不懂程序，如有冒昧，请多包涵！,已办理,交通 求助,小***,2018-10-2009:58,尊敬的市长先生:忙亥、岔河街村委会的主干道（简称忙岔路）位于云县涌宝镇最偏远最高寒的山区。其中我岔河街村委会小光山组，和忙亥村委会树林脚组、亮谷村组，连接三组的主干路仍为土路，雨季无法通车。所涉及的三个组上百村民都深刻意识到要致富先修路。2007年，我组及其他组都把各组的部分毛路修好。2015年，十几个组把毛路加实加宽并相互连通，从忙亥村委会忙亥组到干沟边组的土路已经铺上了硬板路面。贯穿十几个组的毛路干季终于勉强可以首次通车。各组所开挖的毛路路程并不算长，但是因为村民的经济条件限制，道路没有钱用机械疏通，所有道路都是靠所有村民用锄头一锄一锄的开挖，每户人家的工作量都异常的大，村民们付出了许多艰辛的劳动，同时也无偿的献出了自己的几亩田地。修建好所有涵洞、挡墙都是各组每家每户出钱买材料和出力修建。为了修路，为了致富，两个村委会十几个组的村民都尽了最大的力量。多年以来，生活在我们这个区域的村民到雨季就无路可走。即使道路每隔一段时间都进行维修，但是每逢下雨天，道路如农田处处积水，坑坑洼洼，泥泞不堪，部分毛路坍塌，路面变窄甚至中断；大部分路面被雨水冲坏，形成一些分割路面的山水沟，道路状况非常糟糕。现在处于晴天一身灰，雨天一身泥的状态。最糟糕的是无法通行。由于交通不便，严重制约着我们这个区域的经济发展，给生产生活带来了很多不方便，导致几百户村民长期处于贫困状态。在雨季时期，村民到镇上集市交易就只能靠人挑驴驮，无形中增加了各种经济和劳动负担；今年国家扶持建设新平房，建筑材料无法运到施工场地，村民就也只能靠人挑驴驮，无形中还是很难承受各种经济和劳动负担；我们这个区域人口老龄化严重，遇到需要急救的时候，由于道路不畅通，许多鲜活的生命错过了最佳黄金抢救时间。村民不能忍受这样的生活，让忙岔主干道这段毛路铺上水泥路面，已经成为各组全部村民的愿望，道路势在必修。国家每次下来的项目两个村委会都全力竞争，但是各组能力有限。现在仍有小光山组无法通车，因此在无路可走的时候，想到了党和政府，所有村民非常渴望党和政府能够支持忙岔主干道尽快铺上水泥路面。为此所有村民一直恳求主管部门和相关领导实地考察，为我们这个区域的村民解决交通问题。特恳请上级部门给予批复，所有村民不胜感激。此致敬礼,临沧市政府办公室,网民同志：您好！       您通过人民网地方领导留言板给张之政同志的留言收悉，张之政同志高度重视，及时交由云县政府办理。现将有关情况回复如下：       涌宝镇地处高寒山区，山高坡陡，道路崎岖，近年来，经过争取项目，镇政府到村委会的道路已实现硬化，群众出行困难问题得到适当缓解。但村委会到小组的道路，尚未全部建成硬板路。您反映的岔河街村小光山组的小组道路，现在仍是土路，在雨水季节泥滑路烂，给村民生产生活和出行带来许多不便。为改善村组道路的问题，云县涌宝镇党委政府一是依靠村委会发动小组村民，修缮排险，保持通畅；二是积极向上级汇报，争取项目。       现在，借助国家实施乡村振兴计划的契机，涌宝镇将岔河街村小光山组道路硬化列入乡村振兴项目，并上报了相应的申报材料。项目下达后，云县涌宝镇政府将迅速组织实施，彻底解决小组村民出行难问题。       祝您身体健康、生活愉快！,回复时间：2018-11-27 16:28
为什么云县涌宝岔河街小光山村没有水泥路？,已办理,交通 求助,临***,2018-10-1910:56,贯穿忙亥村委会和岔河街村委会十几个组的主干道（小光山村路段）修缮请示。       尊敬的各位市长:您好！忙亥、岔河街村委会的主干道（简称忙岔路）位于涌宝镇最偏远最高寒的山区。忙岔路是附近十几个组唯一的一条交通要道，忙岔路从岔河街村委会羊圈山组开始，依次经过罗家山小学、胡家组、罗家组、李家组、小光山组，接着是忙亥村委会树林脚组、亮谷村组、干沟边组、赶马村组、罗家组、忙亥组等十几个组的主要干道。其中我村委会羊圈山组到干沟边组为土路，全长大约6公里。    所涉及的十几个组上千名村民都深刻意识到要致富先修路。2007年，我组及其他组都把各组的部分毛路修好。2015年，十几个组把毛路加实加宽并相互连通，从忙亥村委会忙亥组到干沟边组的土路已经铺上了硬板路面。贯穿十几个组的毛路干季终于勉强可以首次通车。各组所开挖的毛路路程并不算长，但是因为村民的经济条件限制，道路没有钱用机械疏通，所有道路都是靠所有村民用锄头一锄一锄的开挖，每户人家的工作量都异常的大，村民们付出了许多艰辛的劳动，同时也无偿的献出了自己的几亩田地。修建好所有涵洞、挡墙都是各组每家每户出钱买材料和出力修建。为了修路，为了致富，两个村委会十几个组的村民都尽了最大的力量。多年以来，生活在我们这个区域的村民到雨季就无路可走。即使道路每隔一段时间都进行维修，但是每逢下雨天，道路如农田处处积水，坑坑洼洼，泥泞不堪，部分毛路坍塌，路面变窄甚至中断；大部分路面被雨水冲坏，形成一些分割路面的山水沟，道路状况非常糟糕。现在处于晴天一身灰，雨天一身泥的状态。最糟糕的是无法通行。由于交通不便，严重制约着我们这个区域的经济发展，给生产生活带来了很多不方便，导致500多户村民长期处于贫困状态。在雨季时期，村民到镇上集市交易就只能靠人挑驴驮，无形中增加了各种经济和劳动负担；今年国家扶持建设新平房，建筑材料无法运到施工场地，村民就也只能靠人挑驴驮，无形中还是很难承受各种经济和劳动负担；我们这个区域人口老龄化严重，遇到需要急救的时候，由于道路不畅通，许多鲜活的生命错过了最佳黄金时间。村民不能忍受这样的生活，让忙岔主干道这段毛路铺上水泥路面，已经成为十几个组全部村民的愿望，道路势在必修。国家每次下来的项目两个村委会十几个组都全力竞争，但是各组能力有限。因此在无路可走的时候，想到了党和政府，所有村民非常渴望党和政府能够支持忙岔主干道尽快铺上水泥路面。,临沧市政府办公室,网民同志：您好！       您通过人民网地方领导留言板给张之政同志的留言收悉，张之政同志高度重视，及时交由云县政府办理。现将有关情况回复如下：       由于云县涌宝镇地处高寒山区，山高坡陡，村组道路经过长期努力，虽然得到很大的改善，但由于资金缺乏和地理环境的限制，有的小组交通道路路况不理想，特别在雨季，泥滑路烂，村民开车出行不便。云县涌宝镇党委政府已积极组织力量，排险修缮，力保通行。为改善涌宝镇村组道路交通问题，云县涌宝镇党委政府已积极向上级主动争取道路建设项目，对村民反映的忙岔路（岔河街村小光山组小组路）硬化问题，云县涌宝镇已经列入了乡村振兴项目，待项目下达后，云县涌宝镇将及时组织实施，彻底改善该路段路况。         祝您身体健康、生活愉快！,回复时间：2018-11-27 16:29
拖拉机,已办理,交通 建言,g***,2018-09-0209:59,临沧市区（城区）拖拉机出入频繁，噪音污染大，对市民身心健康影响大，建议禁止拖拉机入城。,临沧市政府办,网民同志：您好！        您通过人民网地方领导留言板给张之政同志的留言收悉，张之政同志高度重视，及时交由临翔区政府办理。现将有关情况回复如下：        随着近年来临沧经济发展，人民生活水平有了显著提高，汽车保有量也在逐年增加。为缓解临翔区城区交通拥挤压力，降低机动车噪声污染，确保道路交通安全畅通，给城区居民创造一个良好的生活、工作环境，根据《中华人民共和国道路交通安全法》第三十九条之规定，临翔区政府制定了《临翔区货运机动车管理办法》，根据此办法第四条规定：货运机动车进入县城区实行全天24小时入城限制管理制度。确因生产、生活需要在县城区禁行路段通行的，须申领《临翔区货运机动车入城通行证》。目前，临翔区人民政府根据《云南省道路交通安全条例》第98条规定，对临翔区部分路段实行1吨以上货运机动车及拖拉机限时通行，具体限时通行路段如下：7:00—22:00时：世纪路、凤翔路；7:00—20:00时：公园路、南塘街、圈掌街、西大街、洪桥路、人民路、临翔路、南屏西路、南屏南路、头塘街、玉龙街；6:30—7:30、11:00—12:00、13:20—14:00、17:00—17:40、18:50—19:30、21:00—21:45时：南屏小学及民族中学初中部路段。如违反上述规定的，根据《云南省道路交通安全条例》第82条第9项的规定处以150—200元的罚款。如遇特殊情况需要通行的，需报临翔区公安分局交警大队审批，并按指定时间、路段通行。        祝您身体健康、生活愉快！ ,回复时间：2018-09-28 15:11
危房改造工程,已办理,城建 投诉,支***,2018-08-2809:17,你好张市长   我是参与临翔区忙畔街道平河和明子村危房该造工程的农民工    我们于2018年6月19号按相关规定完成施工  到目前为止没有领到工程款 多次找政府相关部门和投标的劳务公司讨要  他们互相推委  没有实质性的解决办法   现在实在没有办法 才打扰到您   望您帮忙解决  拿到   我们农民工的血汗钱  如有打扰敬请理解,临沧市政府办公室,网民同志：您好！        您通过人民网地方领导留言板给张之政同志的留言收悉，张之政同志高度重视，及时交由市住建局认真办理。现将有关情况回复如下：        经查，您反映的问题属实。您是临翔区马台乡和忙畔街道办事处危房改造项目施工负责人何太宗的工人，您与何太宗双方签订有《施工承包合同协议》，您参与临翔区马台乡平和村17户、忙畔街道办事处明子村礼成组11户共28户危房改造。现项目施工已结束，尚未验收。何太宗与您于2018年6月15日结算：您应得施工款118000元（拾壹万捌仟元整），何太宗先后支付给您68300元（陆万捌仟叁佰元整），剩余款项你们双方约定于2018年8月31日支付。何太宗于当日给您打了欠条。接到您的信访件后，临翔区忙畔街道及时找到何太宗了解情况，同时还多次打电话给您，但因您一直没有回应，因此不能与您进一步沟通。        目前，何太宗已准备好剩余工程款，随时可以支付给您，请您尽快与何太宗当面对接。        祝您身体健康、生活愉快！,回复时间：2018-09-30 17:43
来自外市一个普通女生的心语,已办理,城建 咨询,j***,2018-08-1215:28,张市长您好！我是来自曲靖的一个普通女生，毕业之际，我也和所有即将参加工作的人一样，都想去一个自己心中理想的地方工作，没错，我选择了物美景美的临沧。于是，我和我的同学们踏上了车程8小时以上的客车离乡来到这个连空气中都充满着青草味的地方，希望在临沧好好工作，回报父母，贡献社会。当然来到这第一件事就是租房，这是最大的一个问题，也是我今天想表达的一个疑惑。由于是外地姑娘，且工作需要上夜班，故而想寻觅一个小区房可能安全些，找了很多天，58同城上也看了很多，不看不知道，临沧房价真的是比较高（这里说的高是与当地GDP相较），不带家电不到50平米的房子不会低于一千RMB ，其他条件稍好一点的想想可知。市长，我是一个外地人，不懂政治经济也不懂物价局亦或房地产，只是一个刚离开学校的普通学生，我知道因为交通不发达，所以临沧物价普遍的高于其他地方，但难过的是连这里都要炒房吗？都要把房价定的这么高吗？对于中国人来说，房子意味着家，现在买房，以后租房，近些年全中国的一个潮流都是在“追房”，毕竟是大趋势下，而且那些地方发展也是很好的，也能理解。对于我们来说，家是曲靖的，也在昆明生活过，但是临沧，我真的很疑惑，这样一个慢节奏，自给自足，没有高速，甚至有的乡村寨子连水泥路都没有的地方也要这样哄抬房价？赶曲超昆是事实，真的不知道为什么。当然，或许随着大临铁路的建成，临沧的发展会越来越好，云南对外的旅游名片也不仅仅是大理丽江，像临沧这么原始的风土人情更是值得好好的发展！我知道市长公务繁忙，所以还是期望市长能看到我的留言吧！,临沧市政府办公室,网民同志：您好！        您通过人民网地方领导留言板给张之政同志的留言收悉，张之政同志高度重视，及时交由市住建局认真办理。现将有关情况回复如下：        一、基本情况        随着城市经济的发展，临沧和其他三四线的城市一样，经济在发展的同时房价也呈现上涨趋势。据统计，2018年1至6月全市新建商品住房均价3896元/平方米，比2017年上涨296元/平方米，在全省16个州市中房价水平处于第9位。临沧市8个县区中主城区房价上涨相对较快，主要原因：一是主城区商品住宅存量较小，可供选择的房源不多；二是城市棚户区改造中采取货币化安置方式有效扩大了住房需求市场量；三是高档住宅投放市场抬高主城区房价。2018年1至6月临沧主城区新建高档住宅均价6516元/平方米、普通商品住房均价为4126 元/平方米。1至6月主城区销售房源主要集中在茶马古镇F2区、海棠国际、世玺凤凰城，3个项目均为高档住宅商品房。        二、稳定主城区房价的应对措施       （一）加快推进在建项目。加大在建房地产开发项目的推进力度，建立推进缓慢的项目企业的约谈机制，督促企业不断加大资金投入，严格要求房地产企业按照约定的开发周期加快整体推进的进度。鼓励房地产企业提供类型多样的高品质房源，形成住宅商品房的供给的多样性和差异性，满足人民群众不同层次的住房消费需求，满足临沧主城区住宅商品房供应，稳定住宅商品房价格，控制房价涨幅。       （二）促新开工一批项目。2018年临沧市主城区计划新开工项目11个，计划总用地面积803.2亩，计划建筑面积104.63万平方米，其中普通商品住房5880套，高档住宅396套。我们将加大项目的跟踪服务力度，加快推进各项前期准备工作，促项目尽快开工，有力保障主城区商品住房的供给。       （三）服务项目建设。对房地产开发项目继续加大服务项目建设力度，实行一个项目一个服务工作班子，一个工作班子服务一个开发项目的服务机制，从立项到实施实行全程监管。对房地产开发企业在办理资质审批、施工许可、预售许可、项目竣工验收、审批绿色通道，限时办理，全力为企业提供及时、有效、方便、快捷的服务。及时做好房地产项目的协调服务保障工作，促动房地产开发项目有序推进。       （四）加强项目监管。进一步规范房地产开发企业的经营行为，引导房地产开发企业理性定价，严厉打击恶意提高房价及炒房的违规行为。建立健全商品房预售许可、预售资金监管制度、一房一价备案、明码标价等环节的监督约束机制，维护交易双方的合法利益，稳定市场预期，确保房地产市场平稳健康发展。        祝您身体健康、生活愉快！ ,回复时间：2018-10-08 17:54
肯请临沧公共场所禁止吸烟,已办理,环保 建言,a***,2018-07-0422:25,云南是烟草大省，公共场所禁止吸烟，不会影响烟草公司收入。几千年来百姓都是男的吸烟，妻子吸二手烟，在街上，小区，车站，餐馆…人们随地吸烟，烟民的急剧增加，使得我只要走十步就就要遇到一个吸烟的，被呛。我家住4楼，到了24:00，依旧打不开窗（烟草味特浓），仅靠卫生间的小窗口呼吸。烟民在办公室吸烟，屡教不改。旁边的人无法办公。我在的办公室有一刺头头，旁边的女职工戴口罩上班，吸烟照旧，这样逼走了3个员工。烟民为何肆无忌惮，就是云南公共场所禁止吸烟没有开始，所以恳请市长，下令临沧，公共场所禁止吸烟，保护人们健康。吸烟容易得癌，因为吸烟得的癌，对药不敏感。癌，5年生存率约10%，美国自50年代开始公共场所禁止吸烟，癌大幅度下降，美国公布国会议员质问烟草公司首席执行官的视频。公务员在办公室吸烟，有损形象。还严重影响勤奋工作的员工。拜托了。,临沧市政府办,网民同志：您好！        您通过人民网地方领导留言板给张之政同志的留言收悉，张之政同志高度重视，及时交由市卫生计生委办理。现将有关情况回复如下：        您所反映的情况属实。日常生活中，一些公共场所尽管已标识醒目的禁止吸烟标志，但很多烟民选择了无视，只顾自己的需求和感受，在公众场所大肆吸烟，致使大量无辜者被动吸烟，很多市民对“二手烟”非常反感。为改变无视公共场所吸烟这种不良习惯，有关部门已根据相关法律法规的规定，结合临沧实际，在研究制定相关的管理办法。下步，我们将结合省级文明城市的创建，一是加大在公共场所禁烟的宣传力度，通过电视、报纸、广播等媒体全方位多形式地宣传公共场所吸烟的危害性，倡导市民文明行为习惯，严禁在公共场所吸烟；二是广泛开展无烟政府机关、无烟学校、无烟企业等创建工作，在全社会营造创建无烟环境的氛围。三是研究出台关于办公场所禁止吸烟的规定，从行政角度加强对办公场所吸烟的管控，努力构建临沧美丽、和谐、宜居的卫生环境。        祝您身体健康，工作顺利！,回复时间：2018-09-30 17:42
体育馆建议,已办理,文娱 建言,临***,2018-06-2613:44,我是临沧市的一名毕业高中生，自从临沧市的体育馆建成到现在，我发现很多设施是不向市民开放的。体育馆的设施较齐全，但是没有真正的用好这一资源。临沧很多地方都缺少规范的体育设施或者场地，临沧市民的体育锻炼没有得到充分的发挥。其实体育也是一种文化。向全民开放体育馆有助于培育临沧体育文化的发展。所以我想向市民定期开放体育馆是很好的。,临沧市政府办,网民同志：您好！        您通过人民网《地方领导留言板》给张之政同志的留言收悉，张之政同志高度重视，将问题交由市文体广电和新闻出版局办理，现将有关问题回复如下：        一、临沧体育运动中心项目虽然已经完成工程验收，但根据相关规定，在项目未完成工程竣工报备之前，均属在建工程，故场馆不能进行对外开放。鉴于临沧市区内没有体育场馆的实际情况，加之人民群众对体育健身锻炼的需要，上级部门抽调相关工作人员组成场馆临时管理办公室，暂时对体育运动中心进行管理，并向公众开放了室外篮球场地以及健身路径等部分区域。        二、云南省第十五届运动会、云南省第十一届残疾人运动会暨第五届特殊奥林匹克运动会、云南省第十一届少数民族传统体育运动会将于今年8月-12月在我市举行，临沧体育运动中心属于这三项运动会开幕式和闭幕式的主会场及主要比赛场地。为了提供比赛场地，保障及维护好比赛场地内的各项设施设备，故今年暂时不能全面对外开放。        三、根据国家对大型体育场馆对外开放的有关文件，加之人民群众对体育健身锻炼的需要，待今年“三项”运动会结束后，我们将请求得到上级部门的支持，预计在明年努力达到体育场馆全面对外开放。        感谢您对我们工作的理解和支持，祝身体健康、万事如意！,回复时间：2018-08-02 09:13
高速建设征地补偿公平、公正、公开问题,已办理,三农 求助,肖***,2018-06-1908:34,尊敬的张之政市长，您好！我是来自临沧市临翔区忙畔街道忙畔社区的一名普通百姓！最近因高速公路建设需要，家有部分田地需征收进行土方填装！土地征收方面我们积极配合，也希望早日修好高速，临沧快速发展！但是在土地经济作物补偿方面没有做到公平公正，有的按照补偿标准支撑，150元1株作物补助，有的不按标准，200元1株补助！而相同的经济作物，我们的只按40元1株，在这个问题上，存在特殊化，没有做到公平公正！经过多次协商没有达成一致意见，从侧面上也耽误了高速路施工进度，一些民工也因为没有协调好，没活可干，等了个把月回去了。说点题外话，之前因为一些事情影响到部分人的利益，所以我们和社区一级产生了一些矛盾，我认为在这个问题上存在私仇公报，他们街道和社区还警告我们，给我们一周时间考虑，协商不行就让联合执法强制实行，我们老百姓也不知道什么有效途径和方式维护利益，得知张市长您为百姓做了很多好事，所以特向张市长求助，希望得到一个公平公正的处理结果！如果需要提供其他相关信息，这是我的联系方式：18388981521，最后希望张市长工作顺利，生活愉快！,临沧市政府办公室,网民同志：您好！        您通过人民网《地方领导留言板》给张之政同志的留言收悉，张之政同志高度重视，将问题交由临翔区政府办理，现将有关情况回复如下：        经调查，临翔区在墨临高速征地拆迁过程中，征地工作组严格按照临翔政发〔2015〕131号文件规定对被征地农户进行补偿。您户所反映被征收的土地，主要用于高速公路弃土场的拦砂坝，该土地用仪器丈量面积为1.37亩，用人工皮尺丈量面积为1.32亩，您户最后认可仪器丈量面积。根据临翔区政府反馈的情况得知，您户被征土地上有火镰菜苗520株，属高速公路技术员放线以后，征地工作组未进场以前抢种的，征地工作组根据临翔政发〔2015〕131号文件“属于征地公告后抢种的，适当给予补偿”的规定，与您户协商补偿40元/株，多次协商未果，2018年6月21日工作组在区执法局配合下，再次与您户协商，至今仍未达成协议。        墨临高速公路是临沧连通外界的重要通道，建设墨临高速也是每一个临沧人的期盼，感谢你们对临沧公路建设给予的支持和作出的贡献。对于你们因公路建设造成合法财物的损失问题，我们一定督促临翔区政府严格依法按政策规定办理，并确保公平、公正、公开，杜绝公报私仇。同时，也建议你们，维权要依法，如协商仍达不成一致意见，可通过司法途径解决。        祝您身体健康、生活愉快！,回复时间：2018-08-27 10:36
永德县城区停车收费,已办理,城建 投诉,一***,2018-06-1409:26,停车收费可以，但是过程不规范，时间自己写，没有对证的票据，收费人员态度恶劣，语言辱骂,临沧市政府办,网民同志：您好！        您通过人民网《地方领导留言板》给张之政市长的留言收悉，张之政市长高度重视，将问题交由永德县人民政府办理，现将有关问题回复如下：        一、关于“收费过程不规范，时间自己写，没有对证票据”的问题。        永德县住建局和湖滨城市管理局已要求永德县云山绿色科技有限公司加强管理，健全相关制度，进一步规范停车收费相关行为。目前，永德县云山绿色科技有限公司持有税务机关专用发票，驾驶员可根据需要向收费员索取，同时，永德县云山绿色科技有限公司已购置收费手持机，下步将持机上岗，进一步规范收费手续。        二、关于“收费人员态度恶劣，语言辱骂”的问题。        永德县住建局和湖滨城市管理局已要求永德县云山绿色科技有限公司强化收费人员的技能与职业道德培训，打造一支让人民满意的收费队伍。同时，将进一步加强收费工作监管力度，购置巡查车，配置巡查人员，对收费员服务情况进行巡查，处理解决管理服务过程中遇到的各类问题和纠纷。同时，若再发生此类事件，请您将收费员的照片直接发给县住建局或综管局，我们将对其进行严肃处理。        感谢您对我们工作的支持与理解，祝您身体健康、生活愉快！,回复时间：2018-07-11 16:27
世玺凤凰城附近是否纳入市政建设规划,已办理,城建 咨询,F***,2018-06-0210:26,张市长：          你好！我在世玺凤凰城认筹一套别墅，但是我父母认为小区附近南京凹一带配套设施不完善，人居环境较差，马上就到付首付时间。急于咨询，凤凰城附近一带近两年是否有市政建设规划，提高周边配套设施。万分感谢。,临沧市政府办,周鹰同志：您好！        您通过人民网《地方领导留言板》给张之政市长的留言收悉，张之政市长高度重视，将问题交由市规划局办理，现将有关问题回复如下：        临沧主城南片区，属于临沧的一个统筹开发建设区域，在相关建设项目中已统筹考虑了相关的基础设施配套工程，例如在海棠城项目中已考虑12个班的完全幼儿园，在凤凰城项目中统筹了商业配套，垃圾中转站，在南信桥考虑了临沧公交首末站等，这些设施将随项目的建设而逐步完善。        祝身体健康、生活愉快！,回复时间：2018-06-25 11:30
广场舞噪音扰民，耿马县政府不作为,已办理,政务 求助,阳***,2018-05-2609:45,尊敬的张市长您好：    非常抱歉打扰您，作为一名初生婴儿的父亲，我恳请您帮帮我。我家住在耿马县白马广场旁，每晚7:30到9:30广场会有几个队打歌。由于每个队伍都想自己的音响盖过其他队伍，所以广场的音乐声越来越大，设备的功率越来越大。对周边的群众生活造成了强烈的影响。年龄大的老人，准备高考的学生，还有我们这种家里有刚出生小孩的人家苦不堪言。打歌时我们测过分贝数都超过100了，强烈扰民。我们曾多次拨打报警电话，警方不理。我们又向环保局和文化局多次反应也没有人出面处理，互相踢皮球。我们实在忍不了才向您请求帮助，请您帮帮我们吧，我们只是希望合理健身，不要影响周边人的生活。有一些相关的管理办法，有实在的人出面负责。我建议像昆明桃园广场一样，在广场上设立噪音检测牌，超过规定的分贝就可以进行处罚，还老百姓一片安宁。希望您能倾听到我们的心声。对您表示感谢！,临沧市政府办,网民同志：您好！        您通过人民网《地方领导留言板》给张之政市长的留言收悉，张之政市长高度重视，将问题交由耿马县人民政府办理，现将有关问题回复如下：        经查，白马广场打歌队确实存在噪音扰民的问题，为有效解决白马广场打歌队音乐声过大问题，耿马县采取以下解决措施：一是针对信访人反映问题及时召开相关部门参与的工作协调会，并提出处理措施。二是由各职能部门分头召集相关打歌队召开紧急会议，并对所有打歌队伍提出打歌期间音量不能超过60分贝；活动时间不能超过晚上9：30；一切服从文广局、住建局、老体协安排；如违反上述三条，相关部门将做出警告、罚款、没收音响器材，严重者追究责任人刑事责任；并责令所有打歌队合并为一支的要求。三是加强联合巡查，定期对白马广场夜间文化活动音量进行监测，发现违规队伍，依法没收音响设备。        目前，白马广场广场舞噪音问题得到有效改善，广场秩序稳定。为使良好局面长期保持，相关部门将继续加强对白马广场广场舞音乐音量的监控，强化日常管理，防止噪音扰民问题再次出现。        感谢您对我们工作的关心和支持！祝身体健康，万事如意！,回复时间：2018-07-11 16:30
玉龙花园入住问题,已办理,城建 咨询,张***,2018-05-2511:26,您好，我是一名普通的打工者，我于2015年10月上交的玉龙花园公租房申请表，2017年1月24是我在临翔区公众信息网上看到分配到了3栋，但是至今为止没有收到过入住通知，现在单位马上要搬迁，员工宿舍也快住不了了，现在迫切需要这个房子，想问我什么时候才可以收到入住通知？若有打扰，敬请谅解，谢谢。,临沧市政府办,网民同志：您好！        您通过人民网地方领导留言板给之政市长的留言收悉，市长高度重视，及时交由临翔区政府认真调查处理。现将有关情况回复如下：        经查，您在临翔区公租房的轮候名单中，临翔区已于2017年1月24日上午在会议中心三楼报告厅现场公开摇号，您的配租房号为玉龙花园小区3栋1单元1606室，公租房面积为67.3平方米，摇号结果已在《临翔区政府公众信息网》公示。现因你户涉及的3栋未全面完工，待全面完工后(预计2018年6月下旬)会电话通知配租人，届时请您在规定时间到指定地点办理入住手续。        感谢您对我们工作的支持和理解，祝您身体健康、万事如意！ ,回复时间：2018-07-11 16:48
关于临沧金柏之春建房地址是否存在污染的问题,已办理,环保 求助,k***,2018-04-2415:58,张市长，您好！ 近期，临沧金柏之春商住小区将开工建设，听说这里以前属于临沧冶炼厂废渣倒弃处，现在是否可以开发建设居住小区，是否对购房居住人有身体危害，请您给予回复，谢谢！,临沧市政府办,网民同志：您好！        您通过人民网地方领导留言板给之政市长的留言收悉，市长高度重视，及时责成市环保局认真调查处理。现将有关情况回复如下：        拟建临沧金柏之春商住小区用地为原海棠国际项目建设用地（共684.43亩），金柏之春项目从海棠国际项目用地划出105亩。2014年3月，市环保局对海棠国际项目用地进行了土壤表面氡析出率检测，并出具监测报告，监测结论是：土壤表面氡析出率在0.01-0.03 Bq/m2.s（贝克/平方米.秒）范围内，平均值为0.02Bq/m2.s，依据《民用建筑工程室内环境污染控制规范》（GB50325-2010），该场地符合民用建筑工程用地的有关指标要求（小于0.05Bq/m2.s），可不采取防氡工程措施。        2018年5月3日，市环保局对金柏之春项目拟建用地进行环境地表γ辐射剂量率和土壤表面氡析出率的检测，结果表明：金柏之春项目用地范围内环境地表γ辐射剂量率在11.0×10-8Gy/h—17.9×10-8Gy/h （格瑞/小时）范围内，平均值为15.9×10-8 Gy/h ，属于临沧城区正常环境本底水平；土壤表面氡析出率在 Bq/m2.s0.01—0.04 Bq/m2.s 范围内，平均值为0.02 Bq/m2.s 。依据《民用建筑工程室内环境污染控制规范》（GB50325-2010），该场地符合民用建筑工程用地的有关指标要求（小于0.05Bq/m2.s），可不采取防氡工程措施。          感谢您对我们工作的理解和支持，祝您身体健康、工作顺利！,回复时间：2018-05-21 10:55
  在市国土临翔分局住宿区内建设停车场的问题,已办理,城建 求助,y***,2018-04-1511:23,敬的张市长:   您好！在您百忙之中，我们向你紧急反映问题。  我们是临沧市国土资源局临翔分局宿舍区的住户，试国土林翔分局于2018年4月12日晚19点30分召开，在宿舍区建设永久停车场通报会，住宿区20户住户大部分代表都参加了会议，会议通报:区委区政府决定要在市国土临翔分局宿舍区内建设永久停车场，并定于2018年4月16日开工建设。对于在我们住宿区内建设永久停车场的问题，20户住户是在市国土临翔分局月12日晚19:30通报会后才得知，在这时间之前没有接到任何通知也没有被征求过任何意见，我们认为这不符合相关法律规定。我们认为在宿舍区内不宜建设永久停车场，若建有几个以下几个方面不利影响和问题，现特向你做如下紧急诉求。首先是人身安全问题:   住宿区共有常住人口70多人。老的是90多岁高龄的抗战八路，小的是几个月的婴儿，若按市国土临翔分局通报的停车场建设方案在此建设停车场，住宿区的前院被停车场分隔后剩余的无法保障住宿区20户住户的车辆停放和人员的出行。道路极为狭窄，无法保障消防安全，存在较大的安全隐患。如果造成安全事故，相关人财损失将无法预见和估量！  其次是老年人活动场所问题:  若按市国土临翔分局通报的停车场建设方案在此建设停车场，住宿区住户近20多个60岁以上老人的活动场所就没有了。从关爱老人保障老年人权益角度上讲，政府及相关部门应积极采取措施，推进宜居环境建设为老年人提供安全，便利和舒适的环境。我们认为这不是在改善人居环境，而是破坏人居环境。  第三是住宿区的日照和通风和采光问题。    第四是产权损害问题。  我们的住房大多数都是与市国土临翔分局职工依法购买，并且不动产权证上有明确标注权力性质为出让/市场化商品房。共有宗地面积2926.28平方米，每套房屋建筑面积为106平方米，住宿区内的绿化带和通道等都包含在共有宗地范围面积内。我们认为，在宿舍区内建设停车场大幅度减少了我们宿舍区20户住户的共有产权，直接损害了我们合法权益。  我们恳求张市长给予充分考虑，我们住户的意见和实际困难！特此敬礼！                          2018年4月15日   户主:黄xx，张xx，钟xx，杨xx，杨xx，周xx，徐xx， 赵xx，赵xx， 李xx，郑xx，黄xx，王xx，杨xx，吴xx，杨xx，陈xx，李xx，李xx，董xx,临沧市政府办,网民同志：您好！        您通过人民网地方领导留言板给张之政市长的留言收悉，市长高度重视，及时交由临翔区政府办理。现将有关情况回复如下：        按照市委、市政府和区委、区政府关于提升人居环境的要求，结合位置实际，该地块拟建机械立体车库，占地面积1049.4平方米，其中长58.3米、宽18米，车库总高约7米，3层升降横移式，总停车位82个，计划投资210万元，建设期为120天。收到您们的信访诉求后，临翔区积极与相关部门联系，目前正在开展该土地建设停车场的重要性和可行性论证，待论证结果出来后，再决定在不在该地块建设停车场或重新选址。        感谢您对我们工作的支持与理解，祝您身体健康、生活愉快！,回复时间：2018-07-30 11:29
玉龙花园公租房的申诉,已办理,城建 求助,临***,2018-04-1310:45,尊敬的市长先生，我是一名普通的市民，14年可以入住玉龙花园，我很高兴，感谢您为我们解决了住房问题，住到现在三年了，17年的时候听说可以购买公租房，我们有心想买可是经济能力不足，这一年也有点积蓄，孩子大了，该读书了，想说一直租着，房租也是要出的，不如凑点钱买了吧……去玉龙花园物管那里打听，他们说去售楼部买，去售楼部咨询拿了表，东跑西跑的盖章填表，找亲戚凑了点钱，今年三月份十五号去问交钱事宜，过了几天去付钱的时候，售楼部说三月份财务做账不可以付款，让我们四月份去，四月一号是周末，我们二号一大清早就去了，售楼部的说要等，结果等到下午，打电话说不让买了，让我们等着，我就想问问您，好不容易，能在城里面定下来，什么都准备好了，却被人家一句话打回来了，真是上面动动嘴，下面跑断腿，市长先生，希望你给个答复，为了这件事家里面没少操心！谢谢您了,市政府办,网民同志：您好！        您通过人民网《地方领导留言板》给张之政市长的留言收悉，张之政市长高度重视，将问题交由临翔区政府办理，现将有关情况回复如下：        临翔区2011年保障性住房工程（玉龙花园小区）是改善城乡面貌的环境工程、惠及人民群众的民生工程，项目于2011年开工建设（共分五个标段）。其中，第三、四标段率先完成建设任务，经验收，符合入住要求。并交由临翔区住建局通过摇号配租的方式进行分配，2015年4月陆续办理入住达3千多户。2016年12月15日，按照临翔区政府办公室印发《临沧市临翔区玉龙花园小区公共租赁住房先租后售（试行）的通知》（临翔政办发〔2016〕229号）文件精神，凡符合国家、省、市住房保障政策规定，租住公共租赁住房满一年以上、具备一定支付能力且按时足额缴纳租金的家庭，自愿提出购房申请，并经相关部门审核，符合购买条件的按3212元/㎡开始出售。房款收费时间为每月1日至25日，26日至31日为财务结算日，期间暂停收费，到目前为止共出售140套。但由于建设成本上涨，临翔区将对玉龙花园小区建设成本进一步核算，售房至2018年3月25日截止，待下步明确价格后再对公共租赁住房进行销售，在此期间暂停销售。        感谢您对我们工作的支持与理解，祝您身体健康、生活愉快！ ,回复时间：2018-05-14 10:03
临沧市马台乡盖房问题,已办理,三农 投诉,平***,2018-04-1215:38,尊敬的张市长，您好，我是临沧市临翔区马台乡全河村谢家组的村民，2017年当地政府单位工作人员到家里说要将老房子拆掉给我们盖新的房子（按照四口人，72平米），说是时间紧让我们在一定时间内必须拆，我们照办了，直到2018年1月都没有人来给盖新房子，现在又说要让我们自己出钱盖，政府补助3万元，目前家中困难无房子可住，也没有钱盖房子。据很多老乡反映，马台乡的被拆掉的承诺要盖的房子现在都是空的，没人来理会，很多人家住在很小很窄的茅草房里面。希望领导能够帮助我们，让我们拥有一个辛福的家园。祝：万事如意 一切顺心,临沧市政府办,网民同志：您好！        您通过人民网《地方领导留言板》给张之政市长的留言收悉，张之政市长高度重视，将问题交由临翔区政府办理，现将有关情况回复如下：        经查，您户外出到临沧务工生活10余年，现在临沧南屏社区西环路边买地建房，在马台乡属于户在人不在情况。你们不参加乡、村、组召开的户长会，也不向村、组了解建房补助政策，就自行将自家老房屋拆除，后因政策补助问题一直停工不动。鉴于您户未享受过建房补助政策，并根据您户的需要，可以按《中共临沧市临翔区委办公室 临沧市临翔区人民政府办公室关于印发临翔区加强脱贫攻坚4类重点对象农危房改造实施方案的通知》(临翔办发〔2017〕147 号）及《临沧市临翔区脱贫攻坚工作指挥部关于开展农村居民住房、厨房石棉瓦（彩钢瓦）顶改造和消除2018年C、D级危房的紧急通知》（临翔脱贫指发〔2018〕4号）文件享受补助政策进行自建或统建，建房如果采取统建，所需资金扣除补助外不足部分需自筹，并按照统一的建房时间要求完工入住。        感谢您对我们工作的支持与理解，祝您身体健康、生活愉快！,回复时间：2018-06-21 09:37
请求解决进村道路,已办理,交通 求助,環***,2018-04-0515:27,云县爱华镇平掌村三组进村道路，目前仍为土路，坑洼不平，晴天，风沙较大，特别下雨天，道路泥滑，学校比较远，给各村组村民孩子上学带来安全隐患，也给老人出行带来不便，给各村民的生产生活造成不良影响，为此路，各村民期盼市长给予帮助与解决！以此为谢！,临沧市政府办,网民同志：您好！        您通过人民网《地方领导留言板》给张之政市长的留言收悉，张之政市长高度重视，将问题交由云县政府办理，现将有关情况回复如下：        经调查核实，爱华镇平掌村小河边、下村、丙山等三个组道路已做初步设计，计划建设硬板路4公里，总投资189.5万元，项目实施方案已经云县发改局批复同意实施。因目前尚无项目资金支持，暂时无法建设。下一步，我们会积极协助云县爱华镇向交通运输等部门申报，争取项目资金支持，尽快实施道路建设。        祝您身体健康、生活愉快！ ,回复时间：2018-05-21 09:24
国内，原油，白银，外汇，虚拟币，假个股期权，,已办理,金融 建言,王***,2018-04-0216:37,                           反金融诈骗建议书      市长你好：             2014年得黄金《上海黄金交易所除外》2015年得原油，白银，2016年的原油，邮币卡，2017年得外汇，虚拟币，2018年的外汇，虚拟币，个股期权依然诈骗猖狂。大家参与的所谓的“现货交易”“现货交易所”，根本就不是正真的公平的市场，而是一个作弊的赌场。这中赌场用隐蔽的交易制度大肆攫取掠夺投资者的钱财，攫取和掠夺投资者的钱财，正是这种交易的唯一目的！以全国大大小小的问题交易所共有2000个会员公司、平均每个会员公司发展了10000名客户、每个客户平均亏损10万元计，几年来，问题交易所已经攫取了至少2000万客户的财富、几万亿的资金！实际上，被骗参与这种交易的多为有些闲钱的中产阶层和离退休老年人，他们中有很多人多年积累的几十万、几百万甚至上千万的财富已经被这种交易榨取一空，倾家荡产、老无所依！这个问题至今没有得到彻底的解决。解决方法:一：政府主导：我们民间反金融诈骗人士建立各地的反金融诈骗网站，网站上有各种金融诈骗案例，知识，视频，并在网站挂QQ值班，为全民解答反金融诈骗知识和问题。二：到高校，银行，证劵公司，各金融公司和政府单位讲解宣传反金融诈骗知识让金融从事者获取最新反金融诈骗知识，从而达到扩散效应。三：到各地步行街，人流量的广场宣传，演讲，发放资料，让全民获取反金融诈骗知识，从根源解决不会再被骗。四：联合工商，公安取证，发现，金融诈骗公司，报告给公安，工商取缔查处这些诈骗公司。五：通过走访和写字楼摸底各金融诈骗公司的情况，他们做什么产品，造成多大危害，开发了多少客户，建档，上报给金融办，工商和公安。    国内现货原油，白银，黄金，铜，外汇，假个股期权，邮币卡等是国家严令禁止柜台式对赌交易，是金融创新诈骗，高额的手续费和点差，后台操控软件K线，交易所、   会员单位、居间商、分析师、风控师、客服等等采取各种手段，层层设置陷阱：客服、分析师、平台竭尽所能刷单、让客户频繁交易，因为他要拿手续费分成（见证据）；平台、会员单位、居间商、分析师、风控师竭尽所能让客户亏损，因为他们要拿头寸；平台、会员单位、居间商、风控师竭尽所能不让客户盈利，采用滑点、篡改数据、延时、更改走势、阻止交易、强行平仓、阻止出金等等  我愿意为国家，为政府分忧，为民除害，竭尽全力去宣传金融知识，提高全民金融知识，解决和减少金融诈骗.,临沧市书记市长信箱,王如飞同志：        您好！您通过人民网地方领导留言板给之政市长的留言收悉。您提出的为全民解答反金融诈骗知识的意见建议很好，感谢您为政府分忧，如有需要，我们会积极和您联系。        祝身体健康，万事如意！,回复时间：2018-04-11 01:16
文林秋苑二次房贷,已办理,金融 求助,文***,2018-02-0616:01,尊敬的市长：您好    我是购买文林秋苑的业主，原本是到富丽家园抽号买房，但没抽到所以2015年经朋友介绍，腾达房地产公司以低价销售的方式购买的17幢3105的住户，当时腾达让业主以现金全款购买，资金不够的可以先去借，然后腾达再以按揭贷款的方式帮业主申请贷款，所贷下来的钱腾达方面会给我拿去偿还借来的房款，于是我和新朋好友借钱来买房，可是贷款下来之后，腾达却占为己用，贷款下来的钱一分都没有打到我帐户上，导致我现在既要还着贷款，还要还着买房时的借款，双倍的资金压力，对我的家庭生活造成了巨大的压力。我们已多次到区政府，信访办、市委反映过此问题，但一直没有得到解决。希望张市长能看到此留言帮忙解决追回我们普通市民的血汗钱。,临沧市政府办,网民同志：您好！        您通过人民网《地方领导留言板》给张之政市长的留言收悉，张之政市长高度重视，将问题交由临翔区政府办理，现将有关情况回复如下：        经查，您反映的问题属实。在“文林秋苑”项目中，共有44户购房户按腾达房地产开发有限公司的优惠方案一次性交清购房款后，又同意腾达房地产开发有限公司提出的由公司帮助购房户向银行贷款归还购房户的意见，但款项贷出后被腾达房地产开发有限公司占用至今，每月的贷款本息仍由购房户向贷款银行偿还。44户购房贷款被腾达房地产开发有限公司占用一事，腾达房地产开发有限公司原处置方案是用公司开发建设的文林秋苑商品房后期销售的房款在保障项目推进的基础上进行逐步偿还，有37户购房户同意这一处理方案并已用销售房屋回笼资金支付了部分银行贷款利息，支付时间至2015年10月份，支付资金239226.80元。但由于项目及开发商在社会上负面影响较大，房屋销售及资金回笼困难。目前，临沧腾达公司的问题已启动相关法律程序，建议您按相关规定提出申请，一并进行解决。        祝您身体健康、生活愉快！,回复时间：2018-03-29 11:13
请关注永德县县城道路停车收费不规范的问题,已办理,城建 建言,永***,2018-01-0818:46,市长同志你好，去年10月开始永德县为缓解县城停车压力开始了停车收费，相关部门还到处去学习取经，但实际开始收费了，却发现和别的地方不一样，和临翔区就不一样，我们这里全部都是工人带着个秒表，拿着些不规范的收据站在路边收费，收了费也不给正规发票或收据，没收到费的和收到费的都是同一种票，真不知道收到的钱最后是进了个人口袋还是进了国家口袋，还有就是人工用秒表收费，收费时间上有争议也无法理论啊，收费的随便按个秒表说我在某某路段停车一个小时我就得认了。会不会到最后钱进了个人或企业口袋，然后又跟政府说没收到钱，亏了，还让政府补贴呢？请领导关注一下吧。,临沧市政府办,网民同志：您好！        您通过人民网《地方领导留言板》给张之政市长的留言收悉，张之政市长高度重视，将问题交由永德县政府办理，现将有关情况回复如下：         2017年8月20日永德县政府与永德县云山绿色科技有限公司签订了《永德县城市道路停车泊位特许经营权转让合同》，确定永德县云山绿色科技有限公司为永德县城市道路停车泊位特许经营者。合同签订后，由企业自主经营，自负盈亏，合同期限为五年，永德县云山绿色科技有限公司向县住房和城乡建设局缴纳特许经营出让费178万元，由县住房和城乡建设局将缴纳的特许经营出让费全额上缴县财政。        对于计时器及票据使用不规范问题，永德县住房和城乡建设局和湖滨城市管理局已要求永德县云山绿色科技有限公司加强管理，健全相关制度，进一步规范停车收费相关行为。同时，强化收费人员的技能与职业道德培训，打造一支让人民满意的收费队伍，规范使用计时器、相关收费票据，做到计时真实、票据正规。        关于所收取的费用会不会进了个人（收费员）或企业口袋的问题：这属于企业的内部管理问题，我们会建议企业加强管理工作。        关于企业亏损后要求政府给予补助的问题。永德县人民政府将严格执行《永德县城市道路停车泊位特许经营权转让合同》，不存在企业亏损政府就给予补助的情况。        因您未落真实姓名和联系方式，无法与您取得联系，若您还有其它需要咨询的问题，请您与永德县湖滨城市管理局进行咨询，咨询电话：0883-5218556 。        祝您生活愉快！身体健康！,回复时间：2018-01-26 17:37
请政府帮忙处理下露天烧烤油烟的问题,已办理,城建 求助,烧***,2017-12-2008:01,尊敬的市长：      您好！希望您在百忙之中抽一点时间读读我们的心声，我是临翔区凯龙名聚苑的住户，在1栋和8栋楼底下有人晚上露天卖烧烤，我们也向城管投诉，但每天晚上露天烧烤摊依然还在经营，油烟问题真的影响了我们的工作、学习和生活，使我们每天晚上难以入睡，直到3、4点收摊之后才能入眠，我是一名孕妇，每天晚上闻着油烟味，我真的身心俱惫，孩子会健康吗？我们还有老人、小孩，真的每天晚上在自己的家还要戴口罩，我真的无能为力，我好不容易买了一套房子，家本来应该是休息的场所，而我们真的无处可逃。我也在这个平台看到过你们成功的处理过土锅寨小咪中喳饭店后边寨子里卖烧烤的案例，希望你们尽快的帮处理一下，因为现在露天烧烤很少卖了，那里吃的人又很多，我们真的是没有办法才向您请求帮助，也许我的心声审核不通过，但我还是会给您们继续请求帮助的，乞求您们了！,临沧市政府办,网民同志：您好！        您通过人民网地方领导留言板给张之政市长的留言收悉，之政市长高度重视，及时责成临翔区认真调查处理。现将有关情况回复如下：        经调查，有两个烧烤摊长期在凯龙名聚苑经营，未占用城市主次干道。针对您所反映的问题，临翔区对烧烤摊主进行了耐心劝导和说服教育。两名烧烤摊主同意安装油烟净化器，并注意引导消费行为。        下步工作中，临翔区将进行噪音和油烟监测，发现超标情况立即取缔，并加大巡查力度，及时清理违规的摊点，避免其他区域发生类似情况。        如还有其他问题，可联系临翔区城市管理综合行政执法局，电话：2166129。        感谢您对我市工作的理解和支持，祝您身体健康、工作顺利！,回复时间：2017-12-21 15:44
街子天市场混乱,已办理,城建 投诉,啊***,2017-12-1415:57,尊敬的市长:   自政府相关部门发文迁移批发市场的街子天集市后，一到街子天，批发市场A栋区域就成了集市一团乱。好好的批发市场，变成了没有管理的集市。相关部门踢皮球都不管。既然都不管:1.发文迁移街子天集市干什么?          2.政府花钱改造批发市场干什么？          3.城管装摸做样的在批发市场周围做表面功夫干什么？,临沧市政府办,网民同志：您好！        您通过人民网《地方领导留言板》给张之政市长的留言收悉，张之政市长高度重视，将问题交由临翔区政府办理，现将有关情况回复如下：        实施城乡人居环境提升行动，是贯彻落实习近平总书记考察云南重要讲话精神，努力成为全国生态文明建设排头兵的重大决策和重要举措。临沧市委、市政府高度重视，认真按照城乡“四治三改一拆一增”和农村“七改三清”环境整治要求，采取“五管齐下”措施，强势推进提升城乡人居环境行动，认真开展大美临沧建设和管理工作，人居环境不断改善，城市品位不断提升。2017年临翔区根据省委、省政府，市委、市政府的统一安排部署，在开展城乡人居环境提升工作过程中，将扎路营农贸市场东北侧的临时市场进行取缔，同时将五天一个“赶集日”的交易市场迁至忙角农产品交易市场内，扎路营市场周边环境得到有效治理，居民出行也得到了改善。但由于临时市场的取缔是采用疏散的办法进行，要求各交易者自行迁入城区相应市场进行交易，未作统一的指定安置，大部分交易者仍选择在扎路营市场内交易。另外，五天一个“赶集日”到市场交易的群众多来自山区，还不习惯到忙角农产品交易市场交易，许多仍选择在扎路营市场内，导致街天市场内部秩序混乱，消防通道被占用。针对您反映的情况，临翔区城管大队从2017年12月起对在凌晨占用城市道路交易的行为进行了取缔，并每天派人进行现场管控，目前基本做到无一人占用城市道路经营影响周边居民生活的情况。对于内部管理问题，临翔区综合执法局将协助市场物业进行管理，切实让市场内部有一个良好的秩序、整洁的环境提供给周边生活的居民。        感谢您对市政建设管理工作的关心与支持。祝您身体健康、生活愉快！,回复时间：2018-04-11 11:05
商贸城小区被自来水厂停水,已办理,城建 求助,李***,2017-10-2714:10,张市长，我是临沧临翔区商贸城住户，本小区自交房以来一直由开发商临沧鑫鑫房地产代收水费，小区住户按时交纳水费给开发商。但临翔区自来水公司不经了解情况，以开发商欠交水费为由擅自断停小区自来水供水，已造成群众的生产生活严重影响，至今仍不供水且不向住户通报停水原因，以及寻求解决方案。望市长给予重视。,临沧市政府办,网民同志：您好！        您通过人民网《地方领导留言板》给张之政市长的留言收悉，张之政市长高度重视，将问题交由临翔区政府办理，现将有关情况回复如下：        经核查，临翔区供排水公司对商贸城小区进行停水处理的原因是：该小区自2017年4月起一直未交水费，到10月份累计拖欠水费75444.3元。临翔区供排水公司工作人员多次上门协商催缴所欠水费无果，后于2017年10月16日对小区发出限期交纳水费通知，到期后小区物业管理方仍未到临翔区供排水公司交清拖欠的水费。根据《城市供水条例》（国务院第158号令）、《临沧县供水管理办法》中关于“对拖欠水费3个月以上的用水户发出停水通知后，到期仍未交纳水费的用户进行停水处理的规定，临翔区供排水公司研究决定于2017年10月25日对小区进行停水处理。小区停水后，2017年10月27日物业管理方与临翔区供排水公司进行协商解决小区所拖欠水费的问题，经过多方协商，物业管理方先支付2017年4—5月欠费37621.1元的水费后，临翔区供排水公司于2017年10月27日下午16：50分恢复小区的供水。        为从根本上化解小区供水管理中存在的问题，临翔区供排水公司建议小区根据国家“一户一表”的相关政策规定，对小区住房进行户表改造，户表改造后直接由临翔区供排水公司抄表到户、服务到户、结算到户。        祝您身体健康、生活愉快！,回复时间：2018-01-02 10:01
泥泞道路,已办理,交通 求助,a***,2017-10-1512:05,尊敬的市长:            您好！我是南屏社区19组，大田村的一名普通老百姓，因看到你任市长后帮老百姓解决了许多难题，才给你写了这封信。我们大田村离市区只有五公里路，可是不知道为什么路一直那么烂，这里有着一百多户村民，我们大田村因没什么重要的厂业，这里的村民都的只靠着到市区打工和买菜为生的底层老百姓，每天往返于这条唯一通往市区泥泞道路，村民是有苦说不出，下雨天出行很困难，希望市长您能在百忙之中抽出时间看到老百姓的呼声，感谢！下面有几张我们这条路照片，您也可以实地考察，再次感谢！,临沧市政府办,"网民同志：您好！        您通过人民网《地方领导留言板》给张之政市长的留言收悉，张之政市长高度重视，将信访事项交由临翔区政府办理，现将有关情况回复如下：        关于您反映的这条路, 临翔区凤翔街道办事处领导高度重视，多次向上申请项目支持，现已纳入项目储备库,计划在二期开工建设,现在您们出行不便的问题,待项目资金到位后将及时组织实施。        感谢您对我们工作的支持与理解，祝您身体健康、生活愉快！",回复时间：2017-11-06 10:40
泥泞道路,已办理,交通 求助,9***,2017-10-1509:07,尊敬的张市长，您好！我是南屏社区大田村的一名普通老百姓，因看到你任市长后帮老百姓解决了许多难题，才给你写了这封信。我们大田村离市区只有五公里路，可是不知道为什么路一直那么烂，这里有着一百多户村民，我们大田村因没什么重要的厂业，这里的村民都的只靠着到市区打工和买菜为生的底层老百姓，每天往返于这条唯一通往市区泥泞道路，村民是有苦说不出，下雨天出行很困难，希望市长您能在百忙之中抽出时间看到老百姓的呼声，感谢！下面有几张我们这条路照片，您也可以实地考察，再次感谢！,临沧市政府办,"网民同志：您好！        您通过人民网《地方领导留言板》给张之政市长的留言收悉，张之政市长高度重视，将信访事项交由临翔区政府办理，现将有关情况回复如下：        关于您反映的这条路, 临翔区凤翔街道办事处领导高度重视，多次向上申请项目支持，现已纳入项目储备库,计划在二期开工建设,现在您们出行不便的问题,待项目资金到位后将及时组织实施。        感谢您对我们工作的支持与理解，祝您身体健康、生活愉快！",回复时间：2017-11-06 10:49
噪音污染严重扰民,已办理,环保 求助,随***,2017-10-1114:35,尊敬的张市长：感谢您在百忙之中倾听一个老百姓的心声！本人是往在临翔区的一名普通老百姓，对能生活在这么一个绿色美丽的城市感到自豪，却偏偏因为一些不和谐的因素，成为我们日常生活中的困扰。临沧缅临烧烤城位于世纪路滇西科技师范学院路口(原老消防支队办公地），烧烤城都是晚上营业，从7点开始震耳欲聋的音响声、唱歌声响彻方圆百米，在没在任何隔音效果的情况下一直吵闹到夜里10点，严重影响到周边群众的正常生活和休息，特别是娃娃和老人，而且声音越放越大（刚开始还不是太震耳），曾多次将问题反映市城建局和市环保局，但都因职责划分和处罚权的问题互相推诿，没有得到任何一方的明确答复和解决问题。长期遭受噪音骚扰，老人心脏不好，娃娃上学需要早睡，对我们身心都造成严重影响。我们的临沧是大美临沧，山美、水美、环境美，人居环境更应该美，而且现在正在提倡改善人居环境，改善噪音污染也是提升人居环境的一个重要方面。恳请张市长为我们老百姓做主，帮助我们解决长期困扰的噪音扰民问题，让老百姓的生活越来越美好！,临沧市政府办,"        网民同志：您好！您通过人民网《地方领导留言板》给张之政市长的留言收悉，张之政市长高度重视，将信访事项交由临翔区政府办理，现将有关情况回复如下：临翔区城市综合执法局已找到在此经营的商家进行教育,要求其整改，如不整改，将严厉惩罚。感谢您对我们工作的支持和理解,祝您生活愉快！",回复时间：2017-11-22 10:56
三地分居，家庭情况困难调动问题,已办理,就业 求助,小***,2017-09-0816:41,     张市长，您好！打扰您了，因为看到您任市长后帮老百姓解决了许多难事，我走投无路才给您写了这封信，我是临沧市双江县2012年的一名特岗教师，已转为在编教师，因丈夫和女儿在文山市，丈夫是教师一个人带孩子很幸苦，老家父母在临沧市的镇康县乡镇工作，父亲已病退母亲一人照顾他，因为路途也离我工作所在地需要周转很多次周末也无法回家看望，我在临沧市双江县的乡镇小学工作，半年的长假只能回一次还要分开两边跑，日常中我既不能照顾到女儿又不能为年纪已大的父母尽到孝，2017年因我参加工作满五年了，多年来的奔波力不从心，文山州接收地有编制同意我调入，可是双江县人社局说特岗教师三年基层服务年限不算入调动文件五年基层服务年限里，不给予开具相关证明，家人团聚的梦又破灭了，为何特岗教师要满8年才能调动，每年接收地可以调动的名额非常少，错过了机会就不知道要等多少年了，能否给家庭环境特殊者照顾同意调出，让家庭特殊困难的基层员工调动有相关政策文件支持，求您百忙之中能帮忙考虑一下我们基层员工实际困难，真的非常感谢您。,临沧市政府办,网民同志：您好！    您通过人民网地方领导留言板给张之政市长的留言收悉，张之政市长高度重视，将问题交由临沧市人力资源和社会保障局（临沧市公务员局）办理，现将有关情况回复如下：根据《中共云南省委办公厅 云南省人民政府办公厅转发<省委组织部、省委编办、省财政厅、省人力资源社会保障厅关于进一步稳定乡镇干部队伍落实乡镇待遇有关问题的意见>的通知》（云办通〔2015〕32号）精神，“新招录、招聘的乡镇公务员和事业单位工作人员在乡镇最低服务年限为5年（含试用期）。在最低服务年限内，上级机关不得调动或借用（公开遴选除外），保持乡镇人员队伍稳定”。经与省人社厅有关负责人请示，“乡镇最低服务年限”的起算时间为“新招录、招聘”为乡镇公务员和事业单位工作人员（事业编制人员）的时间，而不是在乡镇工作的累积时间。根据《中华人民共和国公务员法》、《事业单位人事管理条例》等有关规定，公务员是指依法履行公职、纳入国家行政编制、由国家财政负担工资福利的工作人员，从表现形式上看，是经公务员考试或者其他途径成为公务员，并进行了公务员登记的人员；事业编制工作人员是经参加事业单位公开招聘考试或者其他途径进入事业单位工作，并进行相应登记的人员；特岗教师是一种政策性岗位，不占用所在单位的事业编制，不属于事业编制工作人员。因此，您担任特岗教师的经历不能计算为“乡镇最低服务年限”。    如需进一步了解相关法律和政策，可拨打“12333”服务热线询问。感谢您对人力资源和社会保障部门工作的理解和支持！ ,回复时间：2017-11-22 10:59
希望有条通向希望之一,已办理,交通 求助,农***,2017-09-0507:51,"市长大人你好！我是永德县班卡乡松坡村:落水坑组村民，我们:落水坑在班卡乡西半山，至今路只通毛路，但现在糖厂倒了，毛路也快不通了，村里没有小学，要到十多里外去读书，雨天出行很困难，为了孩子走出去，给我们修条路，哪怕沙石也行，我可以省吃检用，出点，上面给点，可以吗？市长,大人，希望你在白忙之中看到留言帮这个忙，别村都有通了，就我村没有通，山高黄帝远，我们也是中国人，为什么扶贫就没有我们村，因为我们村没有工作的，没有人，没有势，只有看市长,大人实地考查，一一",临沧市政府办,网民同志：您好！        您通过人民网《地方领导留言板》给张之政市长的留言收悉，张之政市长高度重视，将信访事项交由永德县政府处理，现将有关情况回复如下：        关于修路问题。永德县班卡乡已经纳入“十二五”通达公路建设规划，2015年项目就已经入库，道路硬化项目可以实施。同时，希望您帮助乡村宣传发动落水坑村的群众继续发扬种植甘蔗时自力更生、艰苦创业的精神，尽快调整产业结构，积极主动的融入全乡的烤烟产业发展规划中，扩大烤烟种植面积，争取修建烤烟道路的政策，解决过渡时期的交通问题。        目前，乡工作组正在积极协调联系相关部门尽快实施项目，同时协调资金对毛路进行复修。        感谢您对我们工作的支持与理解，祝您身体健康、生活愉快！,回复时间：2017-11-06 10:56
双江大商汇,已办理,城建 求助,北***,2017-09-0407:21,我是双江大商汇业主，于2015年完工。可是不知是什么原因开发商交不了房，找开发商问了好几次开发商的答复是要退钱，要等着贷款。可是两年都过去了问了好多次到是一天拖一天，不知什么时侯退到钱，恳请政府帮帮忙，我们该怎么办,临沧市政府办,网民同志：您好！        您通过人民网《地方领导留言板》给张之政市长的留言收悉，张之政市长高度重视，将问题交由双江县政府办理，现将有关情况回复如下：        对双江“大商汇-家居建材城”在2014年期间出售的商铺，目前双江祥盛农业综合开发有限公司应业主的要求，正在积极想办法筹措退款资金，现公司已经向各商业银行申请贷款资金，由于银行贷款资金政策性强、审批比较严格，手续正在办理中，待贷款资金到位后公司将通知购房业主并及时给予退还已购商铺款项。        感谢您对我们工作的支持与理解，祝您身体健康、生活愉快！ ,回复时间：2017-12-14 12:03
关于临沧市人民医院收费方式的建议,已办理,医疗 建言,N***,2017-08-0417:05,市长您好，如果您能看到，感谢您百忙之中的浏览，我想说的是，关于临沧市人民医院的收费问题的建议，目前医院窗口收费只有两种途径，一是医保卡结算，二是现金结算。当结算金额超过万数，一般人的医保卡或钱包不可能存有或携带上万的现金，只能出门取钱再结账。途中风险：1、病人本身虚弱，无遇险抗击能力，2、取到现金后，增加遗失、被坏人尾随抢劫和行骗的几率。为更好便民利民，提高人民群众满意度，共同构造文明城市，我建议：学习省城多种付费模式，恢复窗口刷卡，摆放银行终端机，研发手机预约挂号付费平台，让我们多一种选择，少一份抱怨，让生活更美好。,临沧市政府办,网民同志：您好！        您通过人民网《地方领导留言板》给张之政市长的留言收悉，市长高度重视，将问题交由市卫计委进行办理，根据您提出的意见建议，责成市人民医院进行整改，现将整改情况回复如下：        1、关于安装智能POS机的问题。市人民医院已在每个门诊收费窗口安装智能POS机，方便患者用银行卡支付。目前，电信公司正在对网络进行施工；医院信息系统正在与银行网路连接，待相关设备到位，调试完成后即可使用。拟定于9月30日前安装完成。        2、关于安装自动存取款机的问题。市人民医院在门诊大厅安装建设银行自动取款机方便群众及医院干部职工存取现金。目前，建设银行已向省建设银行申请相关设备；医院完成网络线路的安装，待设备就位，调试完成后即可使用。拟定于9月30日前完成安装。        3、关于微信预约挂号的问题。为方便群众就诊，市人民医院门诊已开展微信预约挂号，微信号为LCSYY13988370772，具体业务由门诊导医台办理。       为认真落实好城市公立医院改革，更好的服务人民群众，市人民医院将加强信息化建设，加快两院区的信息系统整合。在今后医院信息系统得到进一步优化、资金安全得到进一步保障后，市人民医院将采用支付宝、微信等更加方便、快捷、安全的手机支付方式，方便就医群众，提升人民群众的就医感受。       感谢您对我们工作的支持与理解，祝您身体健康、生活愉快！     ,回复时间：2017-09-20 18:16
房屋保险,已办理,其他 咨询,我***,2017-08-0316:37,市长您好！我想咨询一下，农村收的房屋保险是政府行为么？我们永德县乌木龙乡由村委会让小组长向农户收取每户10元的房屋保险，没有保险单，不知道保险范围。如果不是政府督办的话，保险公司不应该透过政府部门向农户收取不明不白的保险。谢谢！,临沧市政府办,网民同志：您好！      您通过人民网《地方领导留言板》给张之政市长的留言收悉，市长高度重视，将问题交由永德县政府进行办理，现将办理情况回复如下：      据查，乌木龙彝族乡根据永德县人民政府办公室关于印发《永德县2017年度农村民房灾害保险方案的通知》（永政办发﹝2017﹞73号），配合中国人民财产保险股份有限公司临沧市分公司永德支公司开展农村民房灾害保险收取工作。保险公司以全县为单位建立保险花名册（没有独立单户的投保单，只有团体政策性农村住房保险单）。每户交纳10元保险费，最高理赔金额为8000元。理赔程序：投保人发生灾害后，报到村委会，由村委会收集材料后报到乡民政办，再由乡民政办统一收集后报保险公司，保险公司再根据相关材料出具事故人保险单（从保险花名册中提取），符合保险标的进行理赔。      保险标的：每户农户的正房（含客厅）、厨房（含餐厅），独立的猪牛厩和独立的堡坎除外。最高赔偿额度为8000元，其中：正房（含客厅）6000元，厨房（含餐厅）保险金额为2000元。      农村房屋保险是为了“保增长、保民生、保稳定”，努力提高社会保障水平，增强贫困地区农民抵御各种灾害的能力，建立健全市场化的灾害、事故补偿机制，乌木龙彝族乡严格按照上级相关要求开展此项工作。全乡2016年参保6568户，参保金额48466元，实际收取42650.08元，赔付92户，赔付金额58800元。      下步：一是加大农村房屋保险政策宣传力度，认真做好政策解答、投保赔付等工作。二是加强资金收取及监管力度，确保房屋保险资金安全，切实维护人民群众利益。三是坚持群众自愿参保的原则，从严执行参保标准，不断提高民房受灾的保障能力。      感谢您对我们工作的支持与理解，祝您身体健康、生活愉快！      ,回复时间：2017-08-29 17:48
给市长的留言,已办理,城建 求助,穷***,2017-07-1221:16,尊敬的市长你好，我是云南省临沧市临翔区文华村委会中寨组86号的村民李忠华，由于支持政府的工作在修建东环线时政府把我的老房子拆迁，然后政府批给我一宗安置地做宅基地使用，但是政府又不给我办理建房许可证，现在政府又说我违建，要无偿拆除，现已拆除了一部分，作为老百姓的我有苦没地方说，只能求助你市长，我希望得到拆除部分应得的赔偿和给予办理建房许可证。,临翔区城市综合执法局,网民同志：您好！　　您通过人民网地方领导留言板给张之政市长的留言收悉，市长高度重视，及时责成临翔区认真调查处理。现将有关情况回复如下：　　《云南省违法建筑处置规定》明确规定：“城镇违法建筑是指在城市、镇规划区内未取得建设工程规划许可证、临时建设工程规划许可证或者未按照许可内容进行建设的建筑，以及超过批准期限未拆除的城镇临时建筑”，经调查核实，虽然您户土地为政府划定宅基地，但所建房屋未经批准，仍属于违法建筑。2017年7月，临翔区在对“214”过境线两侧违章建筑进行拆除时，对您户建盖的300平方米砖木石棉瓦结构违法建筑进行了依法拆除，不作补偿。对您户建盖的370平方米框架结构房屋，由临翔区协调市规划部门实地查看，如不影响城市规划，给予补办房屋建设相关手续；如影响城市规划，则不补办房屋建设相关手续，根据城市建设需要拆迁时，按相关政策给予研究解决。下步工作中，临翔区将进一步加强规划建设网格化管理，调动广大群众参与监督管理的积极性，及时发现、制止、查处违法违规建设行为，规范规划建设管理秩序。同时妥善处理好遗留问题，维护人民群众的合法权益，维护社会稳定。　　如您还有什么问题，可直接向临翔区住房城乡建设局反映，联系电话：2123538。　　感谢您对我市工作的理解和支持，祝您身体健康、工作顺利！,回复时间：2017-07-26 16:03
临翔区玉龙花园廉租房电梯坠落无人来管,已办理,其他 求助,哆***,2017-07-0507:55,尊敬的张市长，您好，我是临翔区玉龙花园廉租房的住户，我住在21栋。首先很感谢政府建盖廉租房让我们这些社会最底层的老百姓有一个安身之所，作为社会最底层的弱势群体我们没有经济能力购买开发商的商品房，是政府让我们以低廉的价格在这个城市有了一个两居室的家，让我们在这个城市感受到了家。我们在21栋住了两年，电梯屡次出现坠落，住房里有三部电梯，只有两部可以使用，两一部是坏的，物业没来修理，但仅剩的两部电梯屡次发生坠落，住户被困，我们300多的住户基本都遇到，每天座电梯都是惶恐的，每一次能安全出电梯成为了我们300多住户每天的心愿，我们这里有30楼层，老人孩子占很多，他们没有体力每次上下都是拍楼梯，每天都很担心座电梯，让我们所有都惶恐，作为社会的弱势群体我们就该得到这样的对待吗？我们向物业反应，他们让我们找电梯公司，我们找住建局反应，他们让我们找物业，我们已经无路可走了，我们弱势群体没有任何门路可走，在逼不得已的情况下，给市长写了这封求助信，希望市长在百忙之中抽空看看我们的求助信，给予我们帮助，听听玉龙花园廉租房弱势群体的呼声，再次感谢！,临沧市政府办,唐姬同志：您好！    您通过人民网《地方领导留言板》给张之政市长的留言收悉， 张之政市长高度重视，责成临翔区政府迅速调查处理，现将情况回复如下：    1、关于“玉龙花园21栋有一部电梯是坏的”问题。经查，您反映的这一问题情况属实。玉龙花园21栋共有3部电梯，其中 1号是消防电梯，2号、3号梯是客梯。1号电梯因有一根钢丝绳发现断丝，暂时停止运行。    2、关于“使用的两部电梯屡次发生坠落”的问题。经查阅玉龙花园物业服务中心《电梯故障记录本》，电梯有掉层记录，无电梯坠落记录。3号电梯故障是18层电梯门锁线破皮导致，故障已由电梯维保员在7月4日排除；2号电梯停止运行是因限速器调试不准导致，故障已由市特种设备检测中心工作人员和电梯维保员一起排除。    3、关于“我们向物业反应，他们让我们找电梯公司，我们找住建局反应，他们让我们找物业”的问题。经查，您反映的这一问题情况属实。    自2015年6月浙江华夏物业管理有限公司提前与临翔区住建局解除《玉龙花园小区前期物业服务合同》后，玉龙花园小区的物业就由区住建局实行自主管理， 7月初，恰逢电梯公司两年免费维修保养期满，玉龙花园公共租赁住房管理办公室的6位工作人员都被乡镇编制单位全部召回，公共租赁住房管理办公室工作处于半瘫痪状态，所在人员不熟悉具体情况，物业服务中心又无法处理此类工作，所以出现了住户反映的问题。    针对存在的问题：一是临翔区住建局已安排1名熟悉情况的原工作人员到玉龙花园，恢复公共租赁住房管理办公室工作，工作人员已于2017年9月1日电话回复您的信访问题。二是自2017年7月1日起，玉龙花园小区已投入运营的30部电梯进入有偿维修保养期，区住建局已与快意电梯股份有限公司签订《玉龙花园公共租赁住房电梯维保合同》，电梯公司下派的3名维保员与物业服务中心2名电梯管理员都住在玉龙花园小区，为小区住户开展24小时电梯现场服务。三是经报区人民政府同意区住建局自行采购电梯配件，部分配件已发货，待配件收到后会及时修复停运电梯，并报请市特种设备检测中心对玉龙花园小区部分电梯进行年度复检后恢复运营使用。    对玉龙花园小区的公共设施管理问题，我们将继续督促临翔区政府加强各方面的管理工作，确保小区住户有一个安全的居住环境。    祝您身体健康、生活愉快！,回复时间：2017-09-14 17:06
噪音污染严重影响周围小区居住和生活,已办理,环保 求助,夏***,2017-07-0507:22,你好，市长。位于临沧市临翔区书香名苑小区后面的施工扰民较为严重，曾经给环保局打电话投诉无果，故在此留言希望得到解决。首先，按照相关规定，搅拌机、空气压缩机、木工机具等噪声大的机械，尽可能安排在远离居民区一侧，合理布局。 但是该机械设备离居民区较近。其次，对于施工作业时间也是有相关规定的，晚上10点以后不能施工，除非有特殊情况。但是该处机械设备中午午休时间一直在施工，特别是晚上10点以后，每天汽车声嗡嗡声、机械设备声等噪音不断，很多时候到凌晨两点，并且这样长期施工持续了很长时间，严重的影响了居住和生活。望领导和相关部门能够帮助解决。,临沧市政府办,李佳同志：您好！    您通过人民网给张之政市长的留言收悉，张之政市长高度重视，将问题交由临翔区政府办理，现将办理情况回复如下：    就您反映的问题，临翔区已组成工作组约谈施工单位，责令他们按相关规定时间施工。目前，施工单位已进行整改。    祝您身体健康、生活愉快！,回复时间：2017-08-15 15:03
提升人居环境,已办理,城建 求助,临***,2017-06-2307:34,尊敬的张市长：    我是临翔区南天路南天商贸城的一名普通住户。自城乡人居环境提升实施以来，临翔区棚户区改造、断头路打通、交通治理、城市增绿增色，环境极大改善，让我们看到了曙光。可仍然有像南天商贸城这样混乱不堪、随意搭建、占道经营、垃圾遍地、噪声满天的小区存在，很多住户都是辛苦攒钱买房，却住在了菜市场和垃圾场里，实在不堪忍受。且多年来也无法办理土地证，想卖也卖不了。恳请您在百忙之中能帮助解决。,临沧市政府办,网民同志：您好！    您通过人民网给张之政市长的留言收悉，张之政市长高度重视，责成临翔区政府认真调查处理，现将有关情况回复如下：    一、您反映的小区“脏乱差、噪音污染及占道经营”问题。经查，情况属实。对此，临翔区城管大队与市场管理方联合，对车辆乱停放和占道经营等问题进行了处理，并对今后的管理工作提出了要求。    二、关于“乱搭乱建”问题。经调查，目前南天商贸城小区内利用阳台搭建临时建筑的共有24户，建设面积约700平方米。对该问题，临翔区城市综合执法局已明确，将之纳入全城各小区违法违章建筑清理和拆除工作一并进行。    感谢您对我们工作的关心与支持，祝您身体健康、生活愉快！,回复时间：2017-08-15 15:00
公选咨询,已办理,就业 咨询,一***,2017-06-1620:27,尊敬的张市长，近两年来临沧市内基本没有公务员选调或者公开选拔的考试了，希望领导多关注一下对于我们这些长期夫妻两地分居，照顾不了娃娃老人的部分基层公务员来说除了考试外再无其他办法，年龄再大，被限制了就可能考试都参加不了了。另外，合理的设置公开招考也可以促进人才的流动。是不是临沧近几年都没有这样的考试了？还是被内部操作、消化了。,临沧市人力资源和社会保障局（临沧市公务员局）,网民同志：您好！    您通过人民网地方领导留言板给之政市长的留言收悉，市长高度重视。责成市人社办理，现将有关情况回复如下：    在今后的工作中，人社局将在有编制和岗位空缺、工作需要的前提下，按照《云南省州市以上机关公开选调公务员试行办法》（云厅字〔2008〕12号）和《公务员公开遴选办法（试行）》（云组通〔2013〕41号）等有关规定，结合临沧实际进一步做好面向县乡基层公开遴选和选调工作人员工作，努力促进基层县乡工作人员合理流动。如需进一步了解相关法律和政策，可直接向市人力资源和社会保障部门咨询，服务热线：12333。    感谢您对我们工作的关心关注和支持！,回复时间：2017-07-05 13:54
早上别关民中操场大门,已办理,教育 求助,匿***,2017-05-0116:36,尊敬的县委书记，我们某些人所谓的方便管理，就将操场大门一关了之，却苦了我们住在三江半岛居民，本来就少之又少晨练空间，我们就希望在操场上跑跑步，希望书记过问下，方便我们这些普通老百姓。,云县县委办,网民朋友：您好！    您通过人民网地方领导留言板给市长的留言收悉，市长高度重视，及时责成云县委认真调查核实，现将有关情况回复如下：    云县民族中学已封闭的运动场属于云县第一完全中学学校整体搬迁建设的项目之一，作为学校教育教学场所，供民族中学和云县一中共用。若向外开放：一是云县民族中学和云县一中将无法正常使用运动场进行教育教学；二是进入运动场人员过于复杂，给学校安全管理带来极大的安全隐患。因此，该运动场将继续实行封闭管理，不对外开放使用，请您给予理解和支持。    如您还有什么问题，可直接与云县教育局咨询，联系电话：0883—3211625。    感谢您对我们工作的关注和支持！祝您身体健康、工作顺利！,回复时间：2017-05-24 11:22
给市长的一封信,已办理,其他 求助,贫***,2017-05-0109:53,     尊敬的市长你好，我是凤庆县前锋村的一个贫困家庭，2016年出台了从2016年到2018年，凡危房重建的，都可以享受5万元贷款和2万元补助，贫困户可贷6万和4万补助，我家抱着希望于2016年递了申请，于2017初开始动工，现在又改了政策，说是2017年的，属于贫困户的贷款全部叫停，我希望领导们体会一下民众，我们现在还等着贷款修房子呢，现在修了一半，住也住不进去，连住的地方也没有，望领导重视，望领导不要取消贫困户的贷款，在这里先谢谢领导们了！                                                                     谢谢,凤庆县凤山镇,网民同志：您好！　　您通过人民网地方领导留言板给之政市长的留言收悉，市长高度重视，及时责成凤庆县认真办理。现将有关情况回复如下：　　由于省上正在对扶贫工作中贫困户建房的相关政策进行调整，目前贷款业务暂时停止。对此给您造成的不便我们深表歉意，也请您给予谅解。待省级政策明确后，我们将及时向群众进行宣传并根据各户情况给予办理落实。相关政策我们已当面向您进行了宣传解释。若您还有其他需咨询了解事项或对我们工作的意见建议，您可直接与凤庆县扶贫办联系。联系电话：0883-4213874。     顺祝工作顺利，家庭幸福！,回复时间：2017-05-24 11:22
不动产登记中心办理不动产登记证和抵押业务过慢,已办理,其他 建言,匿***,2017-04-2416:48,   不动产登记中心办理不动产登记证和抵押业务过慢。一般人员和群众办理不动产登记证需要1个月左右，办理不动产登记证抵押业务需要1个星期以上。严重影响银行贷款和房产交易时间。,临沧市国土资源局临翔分局,网民同志：您好！    您通过人民网地方领导留言板给市人民政府市长的留言收悉，临翔区政府高度重视，及时责成临沧市国土资源局临翔分局认真调查处理，现将有关情况回复如下：     2013年11月，国务院常务会议决定整合不动产登记职责、建立不动产统一登记制度。2015年1月中央编办发布《关于整合不动产登记职责的通知》，将不动产统一机构职责整合到国土资源部。2015年10月，市编委印发《关于整合市级不动产登记职责的通知》，明确将市级土地登记、房屋登记、林地登记、草原登记等管理职责整合，统一交由市国土资源主管部门承担。同时，经市编办批准成立“不动产登记局”和“临翔区不动产登记中心”。2016年7月31日，正式挂牌启动临翔区不动产权证颁新停旧工作，按《不动产登记暂行办法》等规章和政策规定，需将原有不动产登记信息进行数据整合后，才能办理新的不动产权证，但临翔区属市政府所在地，需整合的各类不动产档案数据分散于市国土、市住建、市工业园区、区国土、区林业、区住建等多个部门，各部门数据资料格式不一、介质不同，数据结构复杂，数据化基础差，电子信息数据化程度低，数据整合难度大，整合时间相对较长，但受理登记需在数据整合完成后才能进行，根据《不动产登记暂行条例》关于“不动产登记机构应当自受理登记申请之日起30个工作日内办结不动产登记手续”的规定。目前临翔区不动产登记均在规定时限内办结，同时根据不动产抵押登记时间要求紧的特殊性，我局采取多种措施，优化业务流程，加强与金融部门沟通协调，同时我们也建议你们权利人预申请抵押贷款时，提前向不动产登记机构进行数据提交整合，以便我们工作人员快速高效的为你们不动产登记权利人办理登记业务。    感谢您对我们工作的关心与理解，祝您身体健康、工作顺利、生活愉快！,回复时间：2017-06-14 17:20
临沧财贸学校停水近一个星期对学生造成影响,已办理,教育 投诉,匿***,2017-04-2214:22,从去年至今财贸学校就一直断断续续停水，到今天学校已经停水近一个星期了，孩子住校时常连洗脸和漱口的水都没有，洗衣服洗澡也很困难，对学生造成了严重影响。向学校投诉多次校方称是自来水公司的管道问题，向水务公司投诉又将责任推至校方，孩子在校内生活苦不堪言，望领导给予重视，万分感谢！,临翔区供排水公司,网民同志：您好！　　您通过人民网地方领导留言板给张之政市长的留言收悉，张市长高度重视，及时责成临翔区认真调查处理。现将有关情况回复如下：　　经临翔区供排水公司负责安装维修分管领导与市城投公司、物管公司多次到现场勘察，导致该小区供水不正常的主要原因：一是由于该小区所处地理位置较高，采用二次加压进行供水，水压最多加至0.6MPa以上就出现管道或接口爆裂或拉脱，同时该小区供水系统由开发商建设，供水管材可能在承压设计上有问题；二是二次供水水池（水泵房）高程过高，水泵房应设置在海拔1500米以下；三是供水管道安装不规范，PE管道回填抢修时发现有石块且管道有的地方埋置深度超过2米以上，易爆管且不便于抢修。    根据黄果园公租房小区存在的供水问题，经临翔区供排水公司多次与市城投公司协商，最终于2017年4月26日达成协议，对经常发生爆管的三片区投资455018.40元进行管道更新改造，该改造工程于2017年4月28日动工，并计划于2017年5月22日完成改造。    感谢您对我们工作的理解和支持，祝身体健康，万事如意！,回复时间：2017-05-16 10:47
化旭小区棚户区改造工程何时开工？,已办理,城建 求助,辛***,2017-04-2107:38,尊敬的张市长：临翔区华旭小区是已经通过招投标且已经公示了的棚户区改造项目之一，公告上明明写着2016年11月25日开工，2017年6月23日完工，施工单位工棚已经搭起，但是就是不见正式施工，眼看4月份马上过完，雨季马上来临，我们住华旭小区顶楼的又要遭受漏雨之苦，又要过像住在水帘洞一样的日子！在此请张市长帮过问一下，让施工单位尽快施工，让我们不要再遭罪，谢谢。,临翔区住房和城乡建设局,网民同志：您好！您通过人民网地方领导留言板给市长的留言收悉，临翔区高度重视，现将有关情况回复如下：针对信访人所反映现象，经与棚改办联系对接，现将有关情况回复如下：华旭小区棚改项目已于2017年3月14日开始二片区屋面改造工程，目前已完成2片区2栋，3栋，5栋，6栋，7栋，8栋防水层施工，后续保温层保护层将相继施工。3片区4栋正在进行原屋面拆除及放水施工。由于雨季来临部分顶层业主暂不同意改造，故暂未展开其他栋号屋面改造工作。感谢您对我区工作的支持与理解，祝您身体健康、生活愉快！,回复时间：2017-05-05 09:18
临沧贫困户建房有补助吗？怎么办理？,已办理,城建 咨询,匿***,2017-04-2009:33,尊敬的各位领导，我是临翔区的一名贫困户，家里农田2亩8分田被祥临公路以1.7万每亩的价格征收，接着宅基地又被要求从头塘街搬至忙令卧维，盖了石棉瓦加水泥砖房的一层，现在房子出现老化，屋里漏雨严重，家里生活来源全靠捡破烂及农村低保，现在我和老伴年纪67岁，身体不好，田地也没有，我又是慢性病患者，儿子在外给人打工，收入也就2000元每月，所以想咨询下像我们这种低收入人群想改造房屋有什么补助？补助多少？怎么申请？还有想问下之前祥临公路征收时说有什么土地经营权，还有什么其它权，为什么只付给我们1.7万后到现在都没见什么所说的权，我们是农民又不识字，也不懂，所以麻烦各位领导帮帮我，谢谢,临翔区凤翔街道办事处,网民同志：您好！    您通过人民网地方领导留言板给市长张之政的留言收悉，领导高度重视，责成临翔区人民政府调查了解，现将有关情况回复如下：    经调查核实，您是头塘街搬迁到忙令卧维的住户，按您户的情况，现在房屋改造没有任何补偿政策，关于您所提到的祥临公路征收情况，经核实，您已享受当时的征收政策。    感谢您对我们工作的理解与支持，祝身体健康，工作顺利！,回复时间：2017-05-24 11:22
永糖问题一拖再拖，生活如何继续,已办理,就业 求助,匿***,2017-02-0410:18,云南康伟生物有限责任公司，自2015年4月至今没有发过一分工资。而我们还拖到2016年四五月份才说是歇业，可又快一年了也没消息。我们被扣了而没有去交的所谓五险一金又到哪去了？现在的工人为了生计到处跑找工作，养家糊口，可谁又为我们讨回一个公道？,永德县信访局,网民同志：您好！　  您通过人民网地方领导留言板给市政府主要领导的留言收悉，领导高度重视，及时责成永德县认真调查处理，现将有关情况回复如下：　　经调查核实，您所反映的云南康伟生物有限公司拖欠社会保险费问题属实。针对永德糖业系统经营困难和拖欠工资、社会保险问题，永德县委、县政府多次组织相关部门进行调研，研究解决办法，并采取了一些应对措施。一是允许在未全额清缴的情况下，优先足额缴纳到龄职工社会保险，保证退休职工正常享受养老金待遇。二是允许在未全额清缴的情况下，对终止劳动合同、转移劳动关系等需要到新的用人单位续缴保缴费的职工的社会保险优先足额缴纳，确保社会保险关系正常转移。三是由县委、县政府统一组织人员对2016年榨季甘蔗开榨、销售进行统管，并足额缴纳社会保险。2016年工作组统管期间的社会保险费已于9月足额征缴入户。　　目前，康伟集团已停止运营，永德糖业集团正在筹划企业破产重组方案，拖欠职工社会保险费和工资问题将待重组后根据有关法律法规解决。    祝您生活愉快！身体健康！,回复时间：2017-02-15 17:30
关于脱贫工作的理解（我想要个家）,已办理,城建 求助,匿***,2016-12-2916:34,市长：你好！我本人李发春是一位普普通通的农民，原来老家在临翔区平村乡永平村委会困博组，由于政府要求统一搬迁，搬迁至平村变电站位置，由于地震导致搬迁的房屋被拆了，拆后重建遇到材料无法进入，多次向当地政府，村上反映，直到现在为能重建，可以说现在是无家可归。现在我又得了严重的重病开销费用一大笔。目前来讲，一直都是以医病为主。原本我育有两个女儿，现已经全部出嫁，唯独留我和老伴就临住的地方都无法解决，此次给领导留言望领导给予解决家的问题。谢谢！,临翔区平村乡,"网民同志：您好！    您通过人民网地方领导留言板给市政府主要领导的留言收悉，领导高度重视，责成临翔区政府调查处理，现将有关情况回复如下：    在“10.7”地震发生后，平村乡政府对您户住房进行了排危拆除，向您户发放了36500元民房拆除重建补助资金及特困户补助资金8000元，共计44500元。您来信中反映的问题，经多次实地走访查看，新建房地址的道路拖拉机等机械能进出，不受任何影响。目前，由于您新建住房没有建成，平村乡政府已安排您户到平村乡廉租房暂时居住，现有稳定住所。同时由于您家庭困难，还帮您户向上争取微型企业创业无偿扶持专项资金30000元发展养殖业。针对您本人患病情况，经查实，就诊总费为6841.84元,享受新农合4789.29元,自付2546.67元,因您自付就诊费用未达到大病保险报销标准,故未享受。    祝您身体健康、生活愉快！",回复时间：2017-03-03 09:23
新农补助 ,已办理,三农 咨询,匿***,2016-12-1913:28,"尊敬的各位领导,我是凤庆县勐佑镇镇鱼塘村组,新农村补贴款迟迟不下来，我看到有的文件上说的新建砖混（全框架）结构和新建砖木、土木满山满柱、石木结构，且达抗震设防要求的，每户补助2万元，并帮助协调5万元以内年利率为2%的3年期贴息贷款扶持；但为什么到我们镇上就说只有1.5万呢",凤庆县人民政府,网民同志：您好！    您通过人民网地方领导留言板给市长杨浩东的留言收悉，凤庆县人民政府高度重视，现将有关情况回复如下：    由于凤庆县财政困难，上级补助资金有限，各年度补助政策也不一样。您所反映“新农村补贴款只有1.5万元”问题，该问题为2015年度美丽家园建设项目中的问题。美丽家园建设项目中民居房建设的具体政策为：1、新建砖混结构住房两层以上（含两层），并对附属房屋进行适当改造，每户补助1.5万元，2、当年新建砖混一层、砖木二层、一层砖混、二层砖木结构（瓦屋面或石板顶）混合型民居房每户补助1.5万元。对未达到以下建设标准的，一律取消民居房建设补助：一是不符合城乡建设规划要求，未经批准建设的；二是达不到抗震设防技术要求的；3、聘请无资质工匠承建民居房的；4、新建民居房搭建彩钢瓦的；5、不设计室内卫生间或院内无害化卫生厕所的。因每年上级所拨付的资金无法满足当年民居房建设所需补助资金，不足的补助资金只能由县财政自筹解决，但由于我县财力有限，现阶段只能采取当年新建、跨年兑付的方式进行补助，导致部分建房农户未能及时领到补助资金。只要农户在承诺时间内完成民居房建设并经验收合格后都可享受民居房建设补助。目前，2014年及以前的新农村民居房补助资金已全额兑付到建房农户，2015年建房补助资金，县人民政府正积极筹措资金进行兑付。对您目前尚未如期领到补助资金情况我们深表歉意，也请您给予理解，我们已在加大力度筹措资金，争取早日按政策兑付。    就“每户补助2万元，并帮助协调5万元以内年利率为2%的3年期贴息贷款扶持”问题，该项目为2016年度农村危旧房改造和抗震安居工程项目，危旧房建设的具体政策为：1、新建砖混（全框架）结构和新建砖木、土木满山满柱、石木结构，且达抗震设防要求的，每户补助2万元，帮助协调5万元以内年利率2%的3年贴息期贷款扶持；2、列入省易地扶贫搬迁三年行动计划的建档立卡贫困户，在异地扶贫集中安置点新建砖混、砖木、土木满山满柱、石木结构，且达抗震设防要求的，每户补助6万元，帮助协调6万元以内年利率2%的3年贴息期贷款扶持；3、进城定居农户，当年在乡镇集镇规划区域县城购买新建商品房、保障性住房的，除享受城市居民保障性住房相关政策外，每户补助3万元，帮助协调5万元以内年利率2%的3年贴息期贷款支持。但原住房达到抗震设防要求或已享受过新农村民居房建设补助政策的农户，到乡镇集镇规划区或县城购买新商品房、保障性住房，不予享受进城定居补助政策。4、特困农户和五保户住房未达抗震设防要求的，按照集中建点安置和原址改造相结合的原则，每户补助4万元，由辖区乡（镇）兜底建设40至60平方米的基本安全住房。5、对原有住房实施加固改造除危，且达到抗震设防要求的农户，每户补助0.8万元；6、在传统村落内对原有住房实施保护修缮提升，且达到抗震设防要求的农户，每户补助1万元；7、实施农村危旧房改造的农户，符合多项政策条件的，坚持就高不就低的原则，只享受高的一项补助政策，严禁重复享受。    如您还有其他需咨询了解事项，欢迎您直接与勐佑镇人民政府联系，联系电话：4661008，同时，您也可向凤庆县信访局电话反映，联系电话：4212191，以便及时为您提供服务。,回复时间：2017-02-23 16:15
临沧中心城区综合交通建设—拓展城市发展空间建议,已办理,交通 咨询,匿***,2016-12-1616:25,建议在旗山打隧道，再在市委后山打隧道，让隧道通往章驮乡勐旺村、新寨村和帮卖村，这样综合交通网就能大幅、大气地拓展，临沧中心城市发展空间拓展就拥有广袤的土地可以利用,临沧市交通运输局,网民同志：您好！　　您通过人民网地方领导留言板给市政府主要领导的留言收悉，领导高度重视，及时责成市交通运输局办理，现回复如下：    针对您反映的问题，市交通运输局相关业务科室和辖区交通运输部门组织了调研。从调研了解的情况看，临沧市区周边四面环绕高山，严重影响城区横向扩容，虽然可通过打通隧道的方式，将临沧城区周边地势较为平坦的章驮乡勐旺村、新寨村、帮卖村等片区与主城区连为一体，但能拓展的有效空间仍然有限。从临沧目前发展的情况看，交通基础设施落后制约发展的最大问题主要还是联外通道不畅，与区外、境外互融互通的交通综合网络体系还未形成。加之目前国家政策对独立隧道建设不予资金支持，因此，“十三五”期间交通项目建设的重心主要放在联外大通道建设上。您所提的旗山隧道及市委后山隧道建设的建议，目前暂不能实施。    感谢您对临沧建设发展的关心。祝您身体健康、生活愉快！,回复时间：2017-02-15 17:30
狗狗乱跑,已办理,治安 投诉,匿***,2016-12-1613:31,旗山小区2016年下半年来无人看管的野狗遍小区跑，随时吓到小孩，影响住户的安全，希望书记在日理万机的间隙过问一下……,临翔区住房和城乡建设,网民同志：    您好！您通过人民网地方领导留言板给杨浩东市长的留言收悉，领导高度重视，及时责成临翔区认真处理，现将有关情况回复如下：    就您反映的问题，临翔区住房和城乡建设局及时与旗山小区物管进行了沟通，统一了以下工作方案：一是小区物管加强对小区各方面的管理工作；二是由小区物管公司派出工作人员适时进行入户宣传，让每户人家管好自家的狗。同时区城管大队统一组织对流浪狗进行集中抓捕的行动，确保市民生活安全、有序。    祝您身体健康、工作顺利！,回复时间：2017-01-04 11:34
公车改革,已办理,其他 咨询,&***,2016-10-0910:44,杨市长，我是一名乡政府事业编制工作人员，今年9月临沧市已完成机关公车改革，并已把公务员的公车补贴落实发放。我想咨询一下在机关的事业编制人员车改什么时候落实？,临沧市发改委,"网民朋友：    您好！您通过人民网《地方领导留言板》给临沧市人民政府杨浩东市长的留言收悉，现将您咨询的问题回复如下：    2015年12月29日,中央公车改革领导小组印发《中央事业单位公务用车制度改革实施意见》和《中央企业公务用车制度改革实施意见》，标志着企事业单位公务用车制度改革已正式启动。意见要求，中央企事业单位公务用车制度改革在2016年年底前完成，对地方企事业单位公务用车制度改革具有先行示范作用。目前，中央企事业单位公务用车制度改革未全面完成，省级正在编制总体方案，待省级方案印发执行后，立即启动我市企事业单位公务用车制度改革工作。    祝您身体健康，万事如意！",回复时间：2016-10-17 09:30
新农村建房补贴在那里,已办理,三农 投诉,匿***,2016-09-0911:14, 你好，尊敬的各位领导，我是凤庆县三岔河镇棉花林村岭干组，新农村补贴款迟迟不下来,凤庆县政府,网民朋友：    您好！您通过人民网《地方领导留言板》给临沧市人民政府杨浩东市长的留言收悉，领导高度重视，迅速安排有关部门进行调查，现将调查情况回复如下：    目前，凤庆县发放的新农村补贴款主要针对农村危旧房改造和新农村民居房建设工程。具体扶持和补助政策是：1、新建砖混（全框架）结构和新建砖木、土木满山满柱、石木结构，且达抗震设防要求的，每户补助2万元，并帮助协调5万元以内年利率为2%的3年期贴息贷款扶持；2、列入省易地扶贫搬迁三年行动计划的建档立卡贫困户，在异地扶贫集中安置点新建砖混、砖木、土木满山满柱、石木结构，且达抗震设防要求的，每户补助6万元，并帮助协调6万元以内年利率为2%的3年期贴息贷款扶持；3、进城定居农户，当年在乡镇集镇规划区域县城购买新建商品房、保障性住房的，除享受城市居民保障性住房相关政策外，每户补助3万元，并帮助协调5万元以内年利率为2%的3年期贴息贷款支持。但原住房达到抗震设防要求或已享受过新农村民居房建设补助政策的农户，到乡镇集镇规划区或县城购买新商品房、保障性住房，不予享受进城定居补助政策；4、特困农户和五保户住房未达抗震设防要求的，按照集中建点安置和原址改造相结合的原则，每户补助4万元，由辖区乡（镇）兜底建设40至60平方米的基本安全住房；5、对原有住房实施加固改造除危，且达到抗震设防要求的农户，每户补助0.8万元；6、在传统村落内对原有住房实施保护修缮提升，且达到抗震设防要求的农户，每户补助1万元；7、实施农村危旧房改造的农户，符合多项政策条件的，坚持就高不就低的原则，只享受高的一项补助政策，严禁重复享受。    补助资金分为两部分筹集，一部分是上级拨付，一部分为县里自筹。因每年上级所拨付的资金无法满足当年民居房建设所需补助资金，不足部份只能由县财政自筹解决，由于县里财力有限，现阶段只能采取当年新建、跨年兑付的方式进行补助，导致部分建房农户未能及时领到补助资金。但只要农户在承诺时间内完成民居房建设并经验收合格后都可享受民居房建设补助。    目前，2014年及以前的新农村民居房补助资金已全额兑付到建房农户，2015年建房补助资金，县政府正积极筹措进行兑付。因您来信所留信息有限，我们无法再作进一步说明，请您根据上述介绍的情况与镇政府联系补助资金领取的具体事宜。如您还有其他需咨询了解事项，请您直接与三岔河镇人民政府联系，联系电话：4870028，同时，您也可向县信访局电话反映，联系电话：4212191，以便及时为您提供服务。    祝您身体健康，万事如意！,回复时间：2016-09-18 10:23
新农村补尝款迟迟不下来,已办理,城建 求助,匿***,2016-08-2109:14,你好，尊敬各位领导新农村补贴款什么时侯拿到农户手上凤庆县三岔河镇棉花林村,凤庆县政府,网民朋友：您好！您通过人民网《地方领导留言板》给临沧市人民政府杨浩东市长的留言收悉，领导高度重视，现回复如下：目前，凤庆县发放的新农村补贴款主要针对农村危旧房改造和新农村民居房建设工程。具体扶持和补助政策是：1、新建砖混（全框架）结构和新建砖木、土木满山满柱、石木结构，且达抗震设防要求的，每户补助2万元，并帮助协调5万元以内年利率为2%的3年期贴息贷款扶持；2、列入省易地扶贫搬迁三年行动计划的建档立卡贫困户，在异地扶贫集中安置点新建砖混、砖木、土木满山满柱、石木结构，且达抗震设防要求的，每户补助6万元，并帮助协调6万元以内年利率为2%的3年期贴息贷款扶持；3、进城定居农户，当年在乡镇集镇规划区域县城购买新建商品房、保障性住房的，除享受城市居民保障性住房相关政策外，每户补助3万元，并帮助协调5万元以内年利率为2%的3年期贴息贷款支持。但原住房达到抗震设防要求或已享受过新农村民居房建设补助政策的农户，到乡镇集镇规划区或县城购买新商品房、保障性住房，不予享受进城定居补助政策；4、特困农户和五保户住房未达抗震设防要求的，按照集中建点安置和原址改造相结合的原则，每户补助4万元，由辖区乡（镇）兜底建设40至60平方米的基本安全住房；5、对原有住房实施加固改造除危，且达到抗震设防要求的农户，每户补助0.8万元；6、在传统村落内对原有住房实施保护修缮提升，且达到抗震设防要求的农户，每户补助1万元；7、实施农村危旧房改造的农户，符合多项政策条件的，坚持就高不就低的原则，只享受高的一项补助政策，严禁重复享受。补助资金分为两部分筹集，一部分是上级拨付，一部分为县里自筹。因每年上级所拨付的资金无法满足当年民居房建设所需补助资金，不足部份只能由县财政自筹解决，但由于县里财力有限，现阶段只能采取当年新建、跨年兑付的方式进行补助，导致部分建房农户未能及时领到补助资金。但只要农户在承诺时间内完成民居房建设并经验收合格后都可享受民居房建设补助。目前，2014年及以前的新农村民居房补助资金已全额兑付到建房农户，2015年建房补助资金，县政府正积极筹措进行兑付。因您来信所留信息有限，我们无法再作进一步说明，请您根据上述介绍的情况与镇政府联系补助资金领取的具体事宜。对您目前未能如期领到补助资金情况我们深表歉意，如您还有其他需咨询了解事项，欢迎您直接与三岔河镇人民政府联系，联系电话：4870028，同时，您也可向县信访局电话反映，联系电话：4212191，以便及时为您提供服务。感谢您对我们工作的理解与支持！祝您身体健康，万事如意！,回复时间：2016-09-01 15:13
灾后重建,已办理,城建 投诉,匿***,2016-08-1516:12,临沧地震后重建家园工程。价高，质量差。拖工。两年多未完工，房屋顶开裂，漏水,临翔区政府,网民朋友：    您好！您通过人民网《地方领导留言板》给市长的留言收悉。现回复如下：    接到您在人民网上反映关于细博灾后重建房屋质量问题的信访事项后，临翔区政府立即责成有关部门进行调查，对您反映房屋屋顶有裂痕的情况，当即联系施工方，经协商后施工方表示愿意作出补偿，最终您也同意，并达成如下协议：    一是施工方同意在房屋总价款11.2万元中扣减1万元，与您达成10.2万元的房屋总价；二是您与施工方结清10.2万元的建房款后，施工方同意您入住新房；三是您在施工方让出1万元价款后，自愿自行处理屋顶开裂及漏水问题。    感谢您对我们工作的理解、支持与信任，祝身体健康，万事如意！,回复时间：2016-10-14 15:20
请市长主持公道！,已办理,就业 建言,匿***,2016-08-0416:45,尊敬的市长好，请您进一步确保风清气正，抓实从严治党，请您在百忙中安排部署，让风庆县搞事业单位人员选调考试，多些公平公正，我们强烈期盼。,凤庆县政府,网民朋友：    您好！您通过人民网《地方领导留言板》给临沧市人民政府杨浩东市长的留言收悉，现将调查情况回复如下：    凤庆县事业单位人才流动是按照《国家事业单位人事管理条例》等规定严格进行，全面准确贯彻民主、公开、竞争、择优方针。目前凤庆县针对县直事业单位人才流动采取由补员单位根据单位岗位要求和专业对口的原则，采取考察考核选调、双向选择的方式进行；教育系统本着能力优先、择优选择、空岗进人、限制数量的原则，通过“在全县范围内发布教师选拨考试实施方案、符合条件教师自行申报、教育局资格审核、组织能力考试（包括教学实绩评价）、公示、行文流动”等方式进行，在实施过程中我们一如既往加强了各方监督。    非常感谢您对凤庆县人才流动工作提出的意见建议。今后我们将继续努力工作，严格落实国家相关要求。如您还有其他需咨询了解事项，欢迎您拨打凤庆县人力资源和社会保障局电话进行咨询了解。联系电话：0883-4216108。,回复时间：2016-10-27 08:37
感恩,已办理,其他 感谢,匿***,2015-07-2515:09,尊敬的领导，感谢您对大学生就业的大力支持。我们会以您为榜样，努力学习，努力工作，绝不让领导、老师、家人失望。谢谢。,临沧市信访局,网民同志：您好！　　感谢您对我们工作的信任理解与肯定。    祝您身体健康，生活愉快！,回复时间：2016-08-17 17:21
临翔区忙茂村是不是规划区呀？,已办理,城建 咨询,匿***,2014-07-1815:47,尊敬的各位领导，您们好，不知道各位尊敬的领导能不能看得到我一介小民的心声，忙茂村这一片我估计恐怕是全临翔区城里唯一的一个没有消防设施的村子了，而且多数建筑都是六七十年代建的土木结构老房子，特别是老气象局下面这一片，万一哪家不小心失了火，（忙茂巷4号那家就失过火）必定没得救，消防车也进不去，我家就是一间小平房，本打算借钱把老房子拆了建地瓦房（因为怕失火），可惜说是我们这一片是规划区，不给建，但我就纳闷了，也有别人家在建新房呀，我们这片究竟能不能建房呀？如果是规划区，那还得等多久才来开发呀？要是要等几年才来开发的话（不让建房的情况下），尊敬的各位领导，您们看能不能搞点消防设施在我们村里，（就像中平村的那样有消防水管）我们全村老百姓必定对各位尊敬的领导感恩戴德,临沧市政府办,网民朋友：    您好！您通过人民网《地方领导留言板》给我的留言收悉。现回复如下：    一、关于消防设施问题。临沧市临翔区凤翔街道忙茂巷(忙茂村) 在临沧主城区城市规划区内，您反映的区域范围临翔区人民政府已纳入近期棚户区改造范围。通过棚户区改造项目的实施，老城区消防等基础设施也将一并进行配套建设和完善，此区域的居住环境将得到进一步改善和提升。    二、关于建房问题。棚户区改造项目规划控制范围是：沿沧江路延长线（路宽52米）红线外每边按100米宽控制，区域内规划有市政道路。对申请建房用地范围不在规划道路红线内和近期棚户区改造项目规划控制范围，符合相关指标要求的，市规划局均按限时办结的要求给予审批。申请建房用地范围在规划道路红线或棚户区改造项目用地范围内，不符合城市规划要求的，则不能批准核发《建设工程规划许可证》。    三、棚户区改造项目启动时间。目前，有关部门已在编制棚户区改造项目修建性详细规划，具体启动时间由临翔区人民政府按照棚户区改造的总体要求确定。,回复时间：2015-03-12 10:39
