青客公寓不退押金,待回复,企业 投诉,W***,2019-11-2221:13, 我在2019年10月29日，和青客公寓马桥万科店签下租房协议，并预付两个月租金2610元，但回家之后发现我的租房协议变成了向华泰银行申请18期贷款协议，于是我在次日根据租房协议中的三天无理由退房向青客公寓提出了退房，当时青客公寓同意退房，解除了协议并承诺会在11月15日之前退还我的租房押金，但时至今日，青客公寓以各种理由拖延退款!恳求领导能在百忙之中抽空关心一下，帮助我解决押金问题，谢谢!,,,
客厅顶部漏水，物业不作为,待回复,城建 求助,W***,2019-11-2214:16,本人在浦涛路的房子，客厅房顶严重漏水，两个月前发生过，物业以查不出漏水原因，再观察观察，为理由，不了了之，今日凌晨又开始严重漏水，并不断有漆掉落，到目前为止依然在漏，影响到房屋安全，以及房屋内家具地板损失严重，并造成我以及家人无法休息，整夜在于漏水作斗争，物业依然不作为，没有值班人员，无法及时维修，请相关部门接入处理,,,
买到病狗,待回复,治安 求助,W***,2019-11-1210:36,本人于2019年10月6日在闵行区浦江镇江桐南路675号迪尤克宠物店现名玩童宠物会所购买了两天狗萨摩耶和边牧事后商家开始想我推销狗粮付完款之后商家不给我开据任何收据和发票狗3100元狗粮800元，并让我签署出门狗发生任何问题责任自负等字样。回家后按照商家说的方式饲养结果没几天就开始流黄鼻涕发烧并于16号27号相继死亡事后我发现大众点评上该店多次售卖病犬而且牵涉10多条官司与商家联系无果后我便打12345投诉结果一开始不易受理后来工商出面让商家跟我协商，完全无法沟通致使协商失败。,,,
上海天萃房地产开发有限公司擅自修改合同延迟交,待回复,城建 求助,W***,2019-10-2812:23,"2019年6月23日我与上海天萃房地产开发有限公司（该公司系在闵行区市场监督管理局登记成立）签订商品房认购协议，购买位于闵行区莘朱路698弄的金辉海上铭著10号楼302室的住房一套，当天支付50万元定金，并约定交付时间为2019年12月10日。之后直至10月22日期间我按照双方协议分批共支付首付款3,185,770元，并按约定于10月23日去付剩下的首付款320余万元并签订购房合同。10月23日签署合同时发现开放商在未提前告知和协商的情况下将正式合同中的房屋交付日期改为“房款全部付清后90天内”，与原先承诺、预售房合同中的12月10日不一致。与开发商销售协商无果，对方表示合同内容不能修改，我要求在补充协议中明确“12月10日交付，如贷款于12月10日后下达则款清交付”被对方拒绝。请求倪区长帮助解决，还消费者公道！",,,
小区莫名撤销门岗,待回复,治安 咨询,r***,2019-10-2513:08,10月23日，梅陇一村1-9号小区门口张贴告示，自11月1日起撤销小区门岗。这是对小区居民安全极不负责任的做法，望领导急速解决，谢谢。,,,
尊敬的领导，打扰您了,待回复,城建 建言,x***,2019-10-1518:56,尊敬的领导您好：              我家住在闵行区光华路287号1单元，房子是2002年我外婆回上海时买入的。当时房子外观漂亮，里面结构质量可靠，并且房屋周边环境舒适安逸。我们全家人都非常感激能随外婆一起回到上海。       近10年来闵行区特别是颛桥的光华路附近有大量的升级改造，旧的棚子拆掉了，新的高楼盖起来了。颛桥在变干净、变文明、变美、变得更加现代化。       我家就在光华路上，按理说光华路升级改造是为我们老百姓谋福利的大好事，我应该举双手赞成，但是如今在升级改造过程中出现了些许瑕疵，我作为一位公民有义务向政府，向领导如实反映：1，房屋内墙渗水，墙皮脱落，我家暂时用帖纸盖住，但效果不好。内墙涉及房屋建筑结构，希望还能抢救一下。2，大门口有一个电表控制箱，侧对着我家的卧室窗户，是否能将其挪挪位置。3，一到夜间，不知道周边哪栋楼的楼顶有持续的噪声干扰，影响家人睡眠，希望能早日停止噪声。4，排水管道失效，排水阻塞。不得已我家是将盥洗槽的排水引入附近的窨井，缺点是夏天厨房有臭味。5，污水管道年久失修，间歇性失效，故而我年近90的外婆上厕所还得自带痰盂罐，污水管道的问题居委会也多次来帮我们楼想过办法，但都失败了。6，我家住在2楼，夏天总能闻到各类油烟、杂味、臭味。可能是1楼餐馆经营，油烟、废气、废物随处排放，相关部门能否帮其废气统一排放，废物统一管理。7，房屋楼板防水层破裂，3楼稍微不小心就会漏水到我们2楼，每次家里人出去旅游，外婆总要亲属来家里帮忙照看，防范家里漏水。并且我个人假想，楼板如果持续渗水，会不会降低持力，破坏房屋的整体刚度，需不需要相关部门让相关专家检测一下，毕竟楼内有很多阿姨、阿婆，万一有个风吹草动，我们年轻人能飞快的溜下楼，但老人行动力迟缓，防范于未然。最后，为了方便楼内住户的日常生活，能否就近小区引入燃气管道。                                 此致敬礼！,,,
依法拆除违规搭建彩钢板房,待回复,城建 投诉,y***,2019-10-0813:40,        反映闵行区七宝镇航北路659号后面公共区域，有多户人家违规搭建彩钢板房，严重地影响城市形象，也存在安全隐患。       我国《物权法(草案)》第七十六条规定，“建筑区划内的绿地、道路以及物业管理用房，属于业主共有，但属于市政建设的除外”。根据国务院《物业管理条例》第51条的规定，业主、物业管理企业不得擅自占用、挖掘物业区域内的道路、场地，损害业主的共同利益。    条例明确规定，物业管理区域内禁止损坏或者擅自占用、改建物业共用部分和共用设施。因此，业主不能擅自住改非       希望七宝镇政府有关执法部门对此多家店铺后面进行一次安全隐患排查，七宝镇政府应联合城管等部门对其违建尽快依法予以拆除，以良好的形象迎接第二届进口博览会。,,,
尽快拆除存在安全“公”字头彩钢板违章临时建筑,待回复,城建 投诉,y***,2019-09-2519:32,      反映闵行区七宝镇漕宝路1467弄十一区18号内，有一排“公”字头的违规搭建的彩钢板临时建筑，里面作为外来人员休息场所，存在严重的安全隐患，同时，也严重地影响小区的整体形象。 为全力消除违章搭建彩钢板临时建筑及人员密集场所影响逃生灭火障碍等消防安全隐患，有效遏制群死群伤火灾事故的发生，希望有关部门尽快拆除这一存在安全隐患的“公”字头彩钢板违章临时建筑。,,,
上海市继悦教育科技有限公司无法履行培训合同,待回复,教育 求助,W***,2019-09-2211:24,"尊敬的领导，您好！  我在2019年5月31日通过他们公司业务人员摧荐，购买了他们公司设立的""萌塔教育""幼儿线上英语课程，费用4999元，因马上暑假，所以一直未上课，8月份开学准备上课时，看到萌塔教育公众号称公司因经营情况无法正常培训，拨打客服热线也无法接通，公众号也无人回复，网上联系工商行政管理部门，工作人员称需要教育部门处理，教育部门称也无法处理，希望领导能帮助我追回课程费用。感谢领导！",,,
拆违违章建筑,待回复,城建 投诉,y***,2019-09-1810:18,反映闵行区七宝镇漕宝路1467弄十一区18内，有一排违章建筑房，严重影响小区整体形象。希望有关部门尽快依法拆除这一排违章建筑房。,,,
往日“荒地”现如今变成了“五违”混乱,待回复,城建 投诉,y***,2019-09-1516:59,        反映闵行区梅陇镇莲花南路双柏路边东南角有一块近20亩闲置空地的乱象（地属梅陇镇上海翔梅经贸发展有限公司管辖）。违规在该土地上设置了两个停车车场(是否有办过合法停车手续)，并搭了一些违建住人。      希望政府相关部门尽快清理整改这块地的乱象，科学合理的利用土地资源改成绿地，还老百姓一个良好的居住生活环境。,,,
小区物业，志愿者态度恶劣行为,待回复,城建 投诉,W***,2019-09-1208:39,"要求小区物业人员，志愿者，业委会成员等，对我造成损害的行为进行道歉，张贴道歉信，并且删除手机里非法拍摄我的照片。小区里有一个菜鸟快递柜，旁边有一个干垃圾桶，24小时都在。下午去取了快递拿回家，在家拆的，3点多上班前拿着过去想顺便丢掉的，干干净净的快递箱。一个大妈态度很差的和我说不能扔这里，我问她为什么不能扔，她要我去定点投放的地方看时间。定时定点投放的垃圾桶是定时投放的，这里的垃圾桶一直都在，为什么就不能扔干垃圾了？有垃圾桶在还不让扔垃圾吗，有这种事吗，一我没有混合投放，二我没有乱扔垃圾，有什么不对大妈竟然说，这个垃圾桶只能扔刚从快递柜里拿出来的快递包装袋。难以置信这世界上还有这种垃圾桶。我看垃圾桶里有拉面包装袋，有冷冻汤圆饺子的塑料壳，难道有人把拉面，饺子拿出来捧回家吗？而且垃圾桶旁边也没有写这个垃圾桶只能扔刚从快递柜拿出来的快递箱阿。后来一个大爷从物业的房间冲出来，也不问事情经过，什么都没了解发生了什么，指着我就大吼 你几号的，你几号的，你几号的
？不明事情经过就算了，还质问住址，太可怕了吧！想干嘛？我也没有理他，继续就垃圾桶的事在和大妈讨论，结果大妈越来越多，一帮大妈大爷看我一个小姑娘，大概好欺负，还拍照片说曝光。一直拍，还拉扯我的胳膊，我说你干嘛，干嘛碰我？大妈说我耍无赖了，曝光！
大爷说，我知道她，9号的！虽然猜错了，但是这种行为语气是一个物业该对业主应有的态度吗？大概真的是看我一个人好欺负。一个干垃圾桶，长期存在，我扔干净的快递箱，都不允许？并且里面有很多干垃圾，为什么我不能扔。大妈说，别人杀了人你也去杀人吗？物业对业主口出这种危险言论？还和我说，干垃圾嘛，在家放放也没味道的，对吧。很无语。
我上班下班的时间都完美错开投放时间点，毕竟是正在经历996.007的一代人，垃圾都是家人投放，我今天之所以丢垃圾也是想着出门顺手扔几个快递箱，因为知道快递柜旁一直有个垃圾桶，很多人在那里丢垃圾。出了家门特地又返回去把快递箱带出门。
最后她们说自己年龄很大了，过来当志愿者，都没有钱拿。关我什么事呢？难道我要给钱？
也是有机会遇上定时投放垃圾的时间点，但我从未见过志愿者在垃圾桶旁边监督垃圾分类规范，不管是早上6点到8点，还是晚上6点到8点，那么志愿者是干嘛的？在物业办公室里坐着玩手机的？不让人扔垃圾的？
垃圾分类的本质意义是环保，自从出了政策，我们在垃圾分类上一直做得很彻底，家里所有垃圾桶都干湿分离，外卖盒子有时候都会冲冲干净再丢，我们对垃圾分类表示支持，保护环境人人有责，不乱扔垃圾，垃圾只扔垃圾桶绝对可以做到，但是有垃圾桶不让扔，就很费解了。
后来边哭边走，不知道该怎么办，小区物业太过分。投诉电话也打了，说要1到15个工作日处理。明天准备去调小区监控，大爷大妈拉扯、拍照都能拍下来，这绝对侵犯到业主了！",,,
小区停车费收费不合理,待回复,城建 投诉,W***,2019-09-0808:39,本人是闵行区世博家园四街坊的居民，投诉小区停车收费不合理：1.小区门口车辆出入口未设收费公示牌。2.目前的收费标准以当天24点为重新计费点，即当天5元。但作为小区居民，进进出出非常正常，本人认为应该以24小时作为计算点。3.根据物权法规定，地面停车物业不应向业主收取停车费。4.要求物业退还已收取的停车费。,,,
学校教室暑假进行装修，并在开学前一天安装书柜,待回复,教育 求助,l***,2019-09-0311:17,上海燎原双语学校一年级，因招生人数问题，将原一拓展室改装为班级教室（事前并未通知过家长），教室内全部用胶水重新贴满了墙纸（胶水墙纸材料也未有公示）。此外，在9月2日开学前一天，才将书柜安装在教室内，事后并没有任何检测报告。家长与校方沟通，希望把新柜子放置在学校其他地方进行散味，学校并未有任何反馈。现在已经开学，一年级的小朋友们已经进入教室内学习。求助有关部门责令学校按照规定进行检测、进行公示，并将有气味的柜子置于教室外通风处理。谢谢！,,,
享骑电动车不给退押金299,待回复,金融 求助,W***,2019-08-2710:39,去年充值骑了一次，后申请退押金299，一直没有退。且客服联系不上，app也一直报错,,,
虚假培训机构,待回复,教育 求助,j***,2019-08-2118:47,我来上海找工作，看到他们有关于it教育的培训，去他们那里签了合同后当晚，我发现他们并没有教育资质，寻求退款被要求50%手续费，我去求助了律师，他们说合同上的技术顾问合同是无效的，这就是分培训合同，而且退款不可能收50%那么高，再三调解无效，我去12315投诉后他们协调收30%违约费，找律师后律师也告诉我他们这样涉嫌诈骗，但是不建议打官司，因为可能会有报复，但是我不希望就这么把钱送给他们，他们培训费24800，律师也要劳务费，如果听从和解，我直接就是送了八千快出去，对刚毕业的我来说是我去年工作攒下的一大半积蓄了。我希望可以解决这个问题。,,,
关于长护险政策问题,待回复,政务 咨询,W***,2019-08-1818:15,倪区长，您好！我母亲姓名田根弟，今年98足岁，居住在龙柏二村16号，97年从静安区动迁，独居至今。解放初期响应国家光荣妈妈政策，辞去工作生孩子。生完孩子以后当时的居委会叫她去做了里弄干部，（当年的里弄干部是无偿工作）。就这样工作了一辈子。我父亲95年去世以后，依靠当时的一老养一老政策，我母亲有了一些收入，目前这笔收入有1110元，其余的靠我们兄弟姐妹4人补贴母亲，（我大哥当初支内去了四川，经历了下岗，无能力赡养母亲，故由其余子女赡养，我们四个子女也全部退休，其中两人还是从外地返沪）。18年年底，我去帮母亲办理长护险，当时的虹桥镇社区事务办理中心的柜台人员一开始不让我办理，后跟他们领导沟通告知他们我母亲有居家养老才允许我办理了长护险，时隔几天以后办理中心打电话给我母亲，说是每天6.5元先支付，后面可以全部报销，但是半年以后我去报销的时候被告知只能报销一半，这让我无法理解，为什么从全部变成了一半？这样我母亲一年就要支付大约800元左右。如今党对高寿老人的政策是越来越好，我母亲为了国家奉献了大半辈子，如今高龄却遇到这样的事情，老人想不通，所以恳请区长能帮我母亲解决这个问题！,,,
巴乐兔房产中介威胁顾客,待回复,治安 投诉,W***,2019-08-1214:32,我是一名刚毕业的大学生，毕业后来上海租房子，然后联系了一个中介，因为最后没有在他手里成交，所以他就威胁我，我想知道，对于这种威胁能不能管理，如果不能管理 那么如果真的发生什么事情怎么处理。前面的我没有截图，我一直好好跟他说，因为我成交之后他就开始威胁恐吓我，所以我心里也不舒服，这样的人也能在上海这么发达的城市说出这样的话，是什么给他这么自信的勇气。这背后是不是有一层关系网，是不是只有我一个人被威胁，如果不是，那么以前被他威胁的人我不信没有举报，那怎么还没有被处理呢？,,,
宜山路2328弄住宅小区楼下沿街商铺装修扰民,待回复,治安 投诉,P***,2019-07-3013:28,区长您好：    宜山路2328弄九歌上郡住宅小区楼下沿街商铺（宜山路2318号），于2019年7月30日上午7:00左右开始进行装修施工，期间使用电钻等工具且没有噪音防护措施，持续产生噪音影响住宅楼内居民休息，烦请尽快处置，谢谢！,,,
乡村脏乱差,待回复,城建 求助,小***,2019-07-1112:39,我是颛桥镇黄—村南张队村民，本村都是70.80的老民房，房子结构差，道路窄小，门前河水脏臭由于近几年外来人员众多，人口密集环境脏乱差，希望政府能彻底改变村民的居住环境。,,,
七宝明泉公寓小区群租投诉,待回复,城建 投诉,l***,2019-06-2920:56,七宝镇明泉公寓小区3号楼***群租，把客厅隔断成5个房间，住了十几个人，其中一个房间只有4平米住了一对夫妻女方还是孕妇，严重影响邻居休息！,,,
【古树木生长空间受限  不利于古树的生长】,待回复,城建 投诉,y***,2019-06-1217:01,闵行区区长倪耀明，你好：     【古树木生长空间受限  不利于古树的生长】反映闵行区华漕镇紫苑路159号诸翟农贸市场内，有一株估计树龄在100以上银杏古树（古树编号：0475），违规搭建房使树木生长空间太小影响天热散热问题，古树木生长空间受限，不利于树的生长。       希望相关部门尽管整改，拆除此古树上方的违章建筑，做到及时预防和制止对古树名木的自然侵害和人为伤害，达到从被动保护向预防管理的升级，以保证行古树木有正常的生长空间。,,,
个体工商户可不可以开免税的发票,待回复,企业 咨询,W***,2019-05-2716:52,我在闵行区开了一个小水果店，有营业执照，时常有顾客问我能不能开发票，我也不知道能不能开怎么开？要不要花钱交税买开票机那就不合算了，所以想咨询下，,,,
长护险政策2018年出台报销部分至今未落实,待回复,政务 投诉,W***,2019-05-2710:30,我母亲98岁半足岁。18年12月审请了长护险，从解放后开始为居委会做事。那个年代是为人民服务不计报酬，所以没有老保。市政府给予了这类老人照顾，自付部分可以报销。但是我妈自付钱半年了未能报销。多次联系虹桥镇社区事务受理服务中心。答案是政策没有落实下来要等待。我妈这年代的老人已属稀有了。对于国家给予她的关爱政策很满足。希望地方政府把党的温暖落实在行动上，给高寿老人多些人文关爱，不要让他们担心这些钱不能报销。l,,,
市区内莲花路2150弄上虹新村搞封建迷信,待回复,文娱 求助,邻***,2019-04-1710:44,  区长，您好！我就想问问能不能帮忙管理一下上述地址搞封建迷信活动。具体：在楼道里烧纸钱（说楼外面老祖宗收不到），金银元宝等，不止一户，一个单元，一年不止3-5回。问题：1、严重火灾隐患。2、实在是不能忍受的烟尘颗粒，忍了太久！下次一定记得拍照片！,,,
关于二代身份证号码变更后学历无法审核的问题,待回复,政务 求助,w***,2019-04-0316:44,您好，我想申请的问题是：怎么才能通过学信网系统把老身份证信息都变更为新身份证信息？我是一名被二代身份证号码变更后一直苦恼的一名公民，本人于2003年毕业，后来赶上变更二代身份证号码，被告知因为重号或者错号更改了身份证号码，然而毕业证却是老身份证号，现在不管升学历还是评职称，都在学信网上审核不通过，因为身份证号码不一样，每次都要面临证明我是我的问题，原当地派出所也很积极的给开了身份证明，但是这一张纸却不方便一直留存，且本来可以网上报名的都要进行现场审核，另外包括银行开户什么的都需要用到证明，怎么才能不需要我这一生都要用一张身份证和一张证明绑定才能证明我自己的身份呢？希望我的建议能得到相关部门的关注，能尽快得到解决。,,,
享骑出行，半年了还不给退押金,待回复,金融 投诉,祥***,2019-03-2907:55,尊敬的倪区长          您好！我是一个外来上海工作人员，之前因为出行原因下载了享骑出行app，并交付诚意押金299元，但在使用中发现其电动车不是有的没电就是有电也不动，产品受用情况十分糟糕。所以就不想再用，并申请了退还诚意金，没想到这一退就是近半年都未能成功，不是打电话占线就是在线客服忙碌中，其退还说明还显示的是15个工作日内会退还成功，但直到目前为止已经大半年还显示的退款中，所以这家公司存在恶心拖欠押金的情况。请求倪区长帮忙处理一下这件事情，谢谢您！,,,
沪蓝牌小型货车挂靠问题。,待回复,就业 咨询,马***,2019-03-2713:47,区长好！我是外地来沪人员，213年在沪买做好个小型蓝牌货车，“非营运”有时自己用拉点货，但是上海不给上个体户，让挂靠人家贸易公司才给上牌，因为挂靠公司每年除了收挂靠费外，还强制给买保险乱收费，本来非营运车营运证取消了，公司还强行收费，车含牌照我们自己筹资买的为什么非要挂靠公司才能上牌？想卖车公司也不给过户，该怎么办？上牌时车辆上的是挂靠公司的名字，产权也是他的，咋办？不能上我自己名下吗？,,,
请问领导关于老房屋拆除改建问题,待回复,城建 咨询,爱***,2019-03-1208:01,领导您好！请问碧江路210弄（电机五村）74号楼和73号楼，会拆除改建嘛？,,,
干警与接线员的区别,待回复,治安 感谢,颍***,2019-02-0321:33,区长领导 我特别感谢闵行区诸暨派出所干警同志们 昨天我家孩子无意中走散 后经好心人的帮助被送到诸暨派出所 在派出所期间宝宝都很被民警细心照顾 真的特别感谢 不过也对110接线员素质有些不满，你是可以生平气和不着急的听我描述 难道我丢了孩子还要微笑着跟你描述吗。最后还直接说起脏话。唉...... 总之祝领导和坚守在工作岗位的所有人民警察 新年快乐 全家平安 ,,,
享骑出行上海-押金恶意占用不还恶性事件,待回复,交通 投诉,w***,2019-01-2908:00,尊敬的领导好！我是从福建来上海的上班族，上海的市场竞争对我们远飘人群来说压力很大了，我们也体会到上海对于一些新兴事务的大力支持和推广，如共享交通服务。本人在上海期间选择了享骑出行上海的服务，并按其要求缴纳了299块的押金，但是本人2个月前就想享骑出行上海提交了停止共享交通服务并申请其忒坏299块的押金，按原来约定是15个工作日就可以退款到位，但是时至今天，都已经快2个月了，目前押金依然没有动静，一直处于审核中状态（该状态都停滞了近2个月了）。同时享骑出行上海提供的客服热线，线上客服入口都无人给与反馈，作为普通消费者的我们，不知道找谁去帮助解决这个问题，强烈的怀疑享骑出行上海这家企业有恶意侵占消费者的押金，涉及了经济犯罪。作为普通消费者的我们非常的无助，没有任何入口去交流，期间也拨打了12315上海工商局反馈该问题多次了，上海工商局也是没有给与实际的解决办法，只是给与说已经登记就无下文了。看着我们的押金都过了约定时间多日了，还是没有任何动静，着急万分，无奈有又愤怒。在此本人恳求领导给与帮助，帮忙追讨299块的押金，追回属于我们的血汗钱，保持我们对上海的好印象。在此跪谢领导了，期盼领导安排人给与受理和答复。,,,
上海享骑电单车押金退款迟迟没有到账,待回复,交通 求助,静***,2019-01-1415:18,上海享骑电单车押金退款迟迟没有到账上海享骑电单车押金有299，这对我们这种打工的人真的也是不小的数字，对方迟迟不退押金也不说什么时候退款。官方回答是7个工作日，可是都一个月了也没个消息。,,,
享骑单车不退还押金299元,待回复,治安 求助,6***,2019-01-1315:07,尊敬的领导您好，我是外地来沪的一名打工人员，平时使用享骑共享电单车上班，该公司从6月开始就大量出现车子不能用的情况，我尝试了享骑APP退款后一直都未退成功，实地到享骑公司发现该公司已搬空，现已找不到真实的办公地点，也无法联系相关负责人，299对于我来说真的辛苦钱，恳请领导为我们做主,,,
享骑电单车不退押金,待回复,企业 求助,c***,2018-12-3116:46,尊敬的领导您好，本人在12月1日注册的享骑电单车，注册手机号为15201731955，当时支付了299元押金，一次都没有使用过，更没有欠款，符合商家退押金的规定，但是12月3号左右申请的退押金，商家说7～15个工作日退还押金，可是到现在为止联系商家没有任何回应，客服不理人，400电话也是打了不接，好不容易接通了就直接挂掉，现在1月1日起执行的新规电子商务板块规定了，关于押金方面只要符合规定的，商家必须要退消费者押金吧？而且就像享骑这样的企业，这样的无赖行为会给很多来上海的人不好的印象，毕竟我们上海也是国际化的大都市，为什么会出现像这样的无赖企业呢，希望领导看到留言后可以了解一下事实，不要让我们这样的老百姓投诉无门,,,
享骑电单车押金不退欺诈,待回复,交通 投诉,C***,2018-12-1816:32,倪区长您好，最近关于共享单车押金欺诈行为屡禁不止，我作为闵行这块享骑电单车的使用者，在使用时交付押金299我元，页面承诺15天能随时退，但本人在10月份提出退款押金后，对方不仅无法履约还百般推脱，我在12315上投诉未果，电话也联系不上，实数消费者的悲哀，请领导知悉协助，杜绝此类恶风。本人账号：13761545301  课随时检验,,,
上海享骑电动车服务有限公司赖账,待回复,企业 投诉,L***,2018-12-1808:27,尊敬的倪区长您好！我今天要向您反映上海享骑电动车服务有限公司玩失踪，拖欠不退我在该公司APP上预先支付的用车押金299元。我于3周前在该公司APP上申请押金退还，同时也一直尝试拨打该公司客服热线4001048118，但是该客服电话接通后一直转到语音信箱或直接挂断，根本无法联系。我也于12月1日周六至该公司办公地点闵行区七莘路1855号丽婴房大厦实地探访，但是被大楼保安拦截称该公司周六周日不办公。12月4日，我朋友去上述地址想办理现场退费，但是该公司办公室大门紧闭，只有保安把守！后得知该公司已经搬离上述办公地点，新办公场所不得而知。我没有办法，继续在享骑APP上联系在线客服，在线客服要求我关注他们的微信公众号：上海享骑出行，让我在他们的微信公众号里周一至周五填写退款押金申请并提交，声称他们在工作日会根据微信公众号的登记安排押金退还。我已经连续两周在他们的微信公众号里填写登记，至今未收到退款！该公司APP在线客服要么就是联系不上，即便联系上也周而复始地说如果没有退款，继续在微信公众号登记！对于该公司这种玩失踪，言而无信拖欠用户押金不退还的行为，作为老百姓深表无奈！我也于11月29日拨打12345提出了我的诉求，12345回复，我的反映已提交给相关部门处理，但是到今天为止没有想过部门联系我反馈处理结果！像喔这样的未收到押金退款的用户很多，我们都不知道怎么才能找到该公司，也不知道被该公司侵吞的押金还能不能退还！今天冒昧向倪区长反映问题，是因为通过百度显示该公司注册地为闵行区，想通过政府的力量帮助像我这样的受害者，帮助我们讨回我们的押金，不胜感激！,,,
享骑诚信金退款问题,待回复,交通 求助,单***,2018-12-1216:17,尊敬的领导，享骑诚信金退款一直没有解决，客服也不接电话，我和同学们已经两个多月没有退款了，希望领导能介入处理一下我们的希望领导能介入下，万分感谢。,,,
“享骑出行”退款299,待回复,企业 求助,L***,2018-12-1010:57,本人是上海人，现在是一名学生，在11/4日申请了“享骑出行”的299元诚信金退款。客服告知我1-15个工作日，后面又告知审核通过等待财务打款，预计1-5个工作日。期间我去过位于七莘路的总部，可是工作人员不让退款，还让每天提交表格，如今我已提交7个工作日了，到现在还没有收到钱，最气的是他们人去楼空，可否麻烦区长大人帮我解决问题嘛……,,,
喜马拉雅退款不给退回支付账户,待回复,企业 投诉,W***,2018-12-0609:11,你好，我在喜马拉雅上买了课程，在符合七天无忧退款之后申请了退款，结果发现他们只给退到他们平台上，不给退到原支付账户，而且购买时根本没有说明这情况，我在网上搜索后发现很多人遇到这样的情况无处申诉。求助！,,,
享骑app退款问题,待回复,企业 求助,哎***,2018-12-0114:54,享骑出行app上写明退押金7-15个工作日到账，已经申请两个月了仍退还。客服永远只会说抱歉，会催，可根本无实际进展。想要回自己的钱而已，有那么难吗？烦请相关领导介入帮帮我。,,,
享骑出行不退押金,待回复,交通 投诉,麋***,2018-11-2908:56,到现在一个多月了还不给我退押金，客服电话也打不进去，麻烦领导看见给我解决一下 我和老公的两个账号一共598,,,
上海享骑电动车拖着押金299元一直不退,待回复,企业 求助,Y***,2018-11-2410:01,尊敬的领导您好，由于上海享骑电动车已拖着押金299元一直不退也不做任何回应，投诉无门，请问有什么可以解决的办法吗？,,,
还家长们一个公道！,待回复,教育 投诉,W***,2018-10-3009:51,您好，我是贵州贵阳的一位家长，今年6月通过网络平台，知道了上海理优科技教育出司，通过視听后，感觉老师很好，孩子也很喜欢，就于2018.6.11日给孩子报了理优一对一课程，一共240节课时，每课时40分钟，缴费23800元，現在只上了139.25个课时后，于10月25日后课就上不了啦，微信班主任老师后，具老师说理优于今年6月份已因官司资金被冻结，公可己无法正常运行。至使几干的学生无法上课几干家长上当受骗、涉案金额数干万，目前理优办公地点已人去楼空，现在受害家长已联系不上理优负责人，我们这些家长是真的一点办法都没有了，恳请政府能帮助我们广大受害家长向理优追回孩子的教育资金，父母的血汗钱。,,,
光明乳业股份有限公司欠薪！,待回复,企业 投诉,随***,2018-10-1811:22,      我叫任xx，2011年4月进入光明乳业股份有限公司公司，负责宿州、淮北市场业务，当时隶属于光明乳业股份有限公司常温事业部苏皖商超大区合肥办事处，2012年2月蚌埠办事处成立（宿州淮北划归蚌埠办事处），2013年7月升职主管并转为正式编制依然负责宿州、淮北市场，2014年10月根据公司安排筹备成立阜阳办事处，任阜阳办事处城市经理（负责宿州、淮北、阜阳、亳州市场），2016年3月因个人原因离职。我为曾经是光明人感到骄傲！在光明五年时间一直严格要求自己，尽心尽力并较好的完成公司交付的各项任务，但是任职阜阳办事处经理期间超额完成任务奖金至今尚有50000元未兑现，当时离职的时候曾经向大区反映此事，但是大区解释所有超额奖金都还没有兑现，并让我放心一旦可以兑现公司绝对会如实发放给我，毕竟在光明工作5年，对光明还是相当信任并有着很深感情的，我相信公司一定会兑现承诺！现在知道光明乳业股份有限公司总部正在统计发放2015年未兑现的超额奖，据我了解至今已经兑付了在职员工的还有退休及其他几个离职人员均已经兑付。我于2018.8.14找到负责此事的光明乳业股份有限公司工会书记吴帮来能予以核实并得以解决，之间打电话不接，发短信很多次才回复还没有核实直到现在已经二个月时间，万般无奈只好求助国资委领导，光明乳业股份有限公司毕竟是国企，应该负责任有担当，而不是如此慵懒推托不作为！还望领导能予以核实并解决为盼，万分感谢！！！（备注：资料核实只需调阅光明乳业股份有限公司2014年-2015年关于超额奖金设置文件及期间各个办事处每个月任务完成情况报表邮件，可是在各城市经理邮箱已经查阅不到2014年-2015年的邮件，应该是公司总部屏蔽或者删除了！）                                                                                                                                                                                                                                                      任建国                                                                                2018年10月17日                                                                                                                                          ,,,
拆除违章玻璃房,待回复,城建 投诉,y***,2018-10-0714:25,闵行区区长倪耀明，你好：   反映闵行区红松路226号“金水养生”玻璃房为违章建筑，这违法建筑不仅占据了公共部位，而且还严重影响虹桥镇全国文明镇的形象。为何这明显的违法玻璃房拆不了……？希望闵行区政府领导关注此问题，并要求有关执法部门按时“五违四必”精神，尽快依法在国际博览会前拆除这一影响城市形象的玻璃房违章建筑。,,,
小区共28户居民家漏水，相关机构不作为,待回复,政务 投诉,W***,2018-08-2713:49,家住罗锦路915弄罗阳七村，小区建筑质量差，家里漏水多年，今年开始直接下起了小雨，报修一直不给予解决，说维修基金被前一家物业亏空，现在共28家房屋漏水，2月前物业已报送相关部门，但一直未予以解决，现在家里无法生活，希望能得到相关部门重视，就这么一直等下去不知道等到何年,,,
拆除违章建筑 ,待回复,城建 投诉,y***,2018-06-3016:32,闵行区区长倪耀明，你好：   反映闵行区虹井路494号右边人行道上有一无证违章建筑铁皮房。国际博览会即将在上海举办，这一违章建筑严重地影响上海城市形象，希望有关部门尽快依法拆除这一影响城市形象的违建铁皮房！对虹桥镇城管处置人：吴菊芬办结回复不满意，也不认可。“您好，您编号为SJ20180610476526的事项已经办理完毕，现将办理意见答复如下：中队于6月10日接单，无联系方式无法先行联系。案件同1708F5991618，经现场核实，该处存放的为消防设施，属设备房。不属违法建筑。处置人：吴菊芬。【闵行区网格中心】”！   希望区政府关注此违章问题，拆除这影响市容市貌的——虹井路494号右边人行道上有一无证违章建筑铁皮房。,,,
没有道理,待回复,治安 投诉,没***,2018-06-2013:56,刚来上海5个多月时间，住闵行区，在体育馆找个活干，前几天有社会上人来闹事，都带纹身，后来打起来了。闹事的人报警说被人打了，公安就来了，我也没动手，公安不经过调查就把我和一个朋友带公安局去了，说是去公安局调查什么情况，到了公安局，什么也不调查，什么也不问我，态度十分恶劣，把我关了6个小时，什么说法也没有，过两天，假期结束开始上班，那一帮社会又来了，到这边直接报警，警官听从报警人员的话，随便指了几个人，又把我带去了，态度很差，什么话都没说，就把我和一个朋友带去公安局了，到公安局给我随便问几句，，问前几天打架的事情，随便问记录，又是把我从上午关到下午，也不解决事情，我也没犯法，我也没动手，真受不了这样，人家报警一次，一个电话的事，我就要进去坐一天，快要疯了。真希望公安局能秉公办理，,,,
给老百姓一条路走,待回复,三农 投诉,s***,2018-06-1610:18,你好。我父母是菜场里做生意的。这几年频频有很多软件公司的推销员打压价格。他们的进货渠道也比我们便宜。这让我爸妈很多老生意都跑掉了。,,,
闵行区公租房指纹锁问题,待回复,城建 建言,W***,2018-05-1515:36,闵行区公租房中心近来为公租房安装了指纹锁，作为便民措施值得肯定，但是只允许为爸妈另外设置指纹，男/女朋友却不允许，这让那些有了稳定关系还没有结婚的人们非常不方便。虽然是为了防范转租等不当行为，但打击面如此之大，非常不妥。希望改进工作，通过审查，允许我们灵活为亲近的人设置指纹。,,,
人行道上电动车猖獗，行人安全如何保障,待回复,交通 投诉,匿***,2018-03-2807:20,区长您好:        在虹许路与吴中路交接处到虹许路与宜山路交接处，这一段路没有非机动车道，所有的非机动车都走在人行道上，而且大多的电动车摩托车并不礼让行人，按着喇叭横行而过。这短路上上下班的行人还是很多的，人们走在人行道上安全确得不到保障。每次下班，天色也较暗，还要小心的躲着车。望领导能让相关部门解决一下，禁止这种人行道上非机动车随意按着喇叭穿行的情况。加设一下相关指示牌，标语这类的。提醒那些人不能这么做。,,,
闵行区房产交易局内部 私自订不合理的条款扰民,待回复,其他 投诉,亮***,2018-03-1115:55,区长您好，我家普陀区动迁拿着安置补偿款货币购买了闵行莘庄一套房产，按政府相关规定，拿着动迁协议可以不受限购房，当我们即将房产交易的时候，他们说有个内部规定（拿不出去任何文件条款），要求在原拆迁办出据补偿款货币购买了即将交易的商品房。拆迁办说我没有义务也没有权利去证明你买那里的房，这是你的自由，在额度内就是你应该享有的权利，拆迁办在支付你补偿款后就和你结束了关系。所有的信息和约定已经在协议中体现，他们不肯盖章。现在就形成了交易所一定要，动迁办说从来没有碰到过，无法出具的僵局。我不明白，我合法合规的享有产权政策，现在就逼着我要动离婚，去名字什么的歪路才能正常交易。别的区我也问了，根本没有这样的不合理要求。为什么同一政策却在各区各人中有不公平的对待。您换位思考一下，你动迁办会盖这个章吧，他怎么知道你买那里的房？是否可以在交易是直接在原件上落笔已购买闵行区房产区，以避免一份动迁协议被多次使用的漏洞，为什么交易部门小小作为，而不是把交易人强推出去，并说没有这份文件就不给办理，我们这里就是这样的。 现在我们很困惑，已经在几方处奔波无果，即将面临违约无法交易的困境，求区长能协助了解此事，并给出指导意见，急盼,,,
饿了么  店大欺客,待回复,其他 投诉,匿***,2018-01-2515:05,最近，饿了么和淘宝合作超级外卖月活动，却不说缘由拦截客服订单，导致无法下单，同时购买的蜂鸟快送因无法下单而无法使用，多次与淘宝和饿了么沟通，双方都是相互推脱责任，现在我要求注销饿了么账号对方答应却不注销，淘宝也没有对此事做进一步处理。此事不是个例，朋友中不少人也遇到类似情况，作为企业，如此谋利实为不妥，一个人损失金额不大，可这么多消费者，不知道他们“盈利”多少，希望领导关注,,,
违规长期侵占公共绿地,待回复,城建 投诉,y***,2018-01-1810:50,反映闵行区浦锦街道浦驰路1809弄浦驰路西侧（江桦路―北江桐路）段，由于华侨城集团为了吸引业主购房，把围墙外的一定面积私自交给业主，永久免费使用，侵害了公共绿地的权益，导致了这块公共绿地纠纷繁杂太多，且由于居民认为华侨城开发商给他们的土地，不愿退出，导致这块内部脏乱差的公共绿地无法处置，难以推进。希望有关部门整治违规长期侵占公共绿地行为，尽快恢复此段的公共绿地。,,,
小区晚上照明灯光昏暗  小孩时常小区摔倒,待回复,城建 求助,娜***,2017-11-1716:23,领导 您好    我是生活在上海市闵行区申北路168弄正峰苑 小区的一名居民，我住进这个小区已经两年多了 ，也已经和小区居委会反映很多次，小区晚上照明灯光实在是太暗了，路灯都是摆设，完全起不到照明看清前方道路的作用，小孩子和家里的老人都不敢晚上出门，摔跤了也没人负责，如果可以的话希望领导来看看，整改一下，向居委会反映无数 ，没人解决，物业费照样收。            小区停车，留夜需要支付50元，朋友来家里过夜第二天早上 ，要收钱50元，这个支付不太合理～ 头一次听说小区里过夜需要这么高的费用！          小小一举动，便可令无数人感动，下班回家 ，走进小区，便是走进了黑暗的世界，没有让人温暖～  希望领导可以解决 ，非常感谢。,,,
飞机噪音扰民请求帮助,待回复,其他 求助,k***,2017-11-1417:15,尊敬的区长，市长您好。 作为一个上海市民，对市政府近年来环境整治所取得的巨大成效感到欣慰。现在虹桥机场已提出24:00到6:00不安排飞机起降，但是半夜还是有飞机起飞扰民，另外最严重的是在浦东机场南侧方向降落的飞机，为什么要绕到上海闵行区的水清一村附近笔直上方飞过，特别是半夜2 点3点还有低空飞过的飞机，严重影响人们睡觉，为什么不往人烟稀少的郊区地方绕一下呢？希望往浦东机场的飞机尽量不往外环附近飞 ，希望能整治这种扰民的噪音污染。,,,
地铁八号线超负荷满载运行，车厢节数过少,待回复,交通 建言,迟***,2017-10-1708:28,尊敬的区长，您好！地铁八号线运营至今经常满负荷运载，不仅车厢节数少，整体乘客容量不多，尤其遇到上下班高峰时刻，很多等待乘客上不了当次的车。希望区长能体察一下实情，丰富周边公交路线以分流地铁八号线客流，并可设法安排缩短地铁八号线车次间隔，以满足乘客合理乘车的需求。谢谢！,,,
在上海被骗的人,待回复,交通 求助,w***,2017-08-1114:37,尊敬的上海市闵行区领导，本人是甘肃省的一名外出打工者，去年在上海被一起上班的同事骗将本人驾照给别人扣分，回到家后发现驾照一直是扣留状态，在咨询车管所后说必须在上海解除扣留状态才可以使用，但是联系上海交警都是各种推脱，我在新疆打工，去不了上海，还请您能帮忙！！！在这里谢谢你了！,,,
七宝七莘路东方花园,待回复,城建 建言,老***,2017-07-3016:11,东方花园门楼拆毁之后，引起业主与开发商矛盾。半年多前，电视台曾有报到。但至今仍然未解决，影响七莘路整体美观，更会影响闵行区创全！，,,,
楼梯两边的消防通道 被堵住...怎么办？？？,待回复,城建 投诉,G***,2017-06-2415:02,"领导 您好, 位于 闵行区华漕幸乐路392号 三楼屋顶上有个 非法办学的涉外早教机构 这家涉外早教机构 大辣辣的装招牌 上下课时车子乱停乱放. 比较 比较 比较严重的是... 堵住楼梯两边的消防通道 并将屋顶公共区域 围起来私设为小孩子的游戏区 不让其他商家上去维修空调等... 我们商家几次 几次 几次和房东及这家非法涉外早教机构 沟通和反应都未得到改善和回应. 为了公共安全... 只好烦请有关单位能尽快处理该家非法办学的涉外早教机构!!!",,,
三楼屋顶上 涉外早教机构 堵住消防通道！,待回复,教育 投诉,G***,2017-06-1811:13,"朱书记 您好, 位于 闵行区华漕幸乐路392号 三楼屋顶上有个 非法办学的涉外早教机构这家涉外早教机构 大辣辣的装招牌 上下课时车子乱停乱放 更可恶的是... 堵住楼梯两边的消防通道 将屋顶公共区域私设为小孩子的游戏区 不让其他商家上去维修空调等...我们商家几次和 房东及这家非法涉外早教机构 沟通和反应都未得到 改善和回应. 为了公共安全 ... 只好烦请有关单位能尽快处理该家非法办学涉外早教机构 谢谢！",,,
非法办学的涉外早教机构,待回复,城建 投诉,G***,2017-06-1810:43,三楼屋顶上有个 非法办学的涉外早教机构 这家非法办学的涉外早教机构 位于: 闵行区华漕幸乐路392号 麻烦有关单位尽快处理！,,,
三楼屋顶上有个 非法办学的涉外早教机构,待回复,教育 投诉,G***,2017-06-1611:10,"您好, 位于 闵行区华漕幸乐路392号 三楼屋顶上有个 非法办学的涉外早教机构这家非法办学 涉外早教机构 大辣辣的装招牌 上下课时车子乱停乱放 更可恶的是... 堵住楼梯两边的消防通道 将屋顶公共区域私设为小孩子的游戏区 不让其他商家上去维修空调等...我们商家几次和 房东及这家非法办学涉外早教机构 沟通和反应都未得到 改善和回应. 为了公共安全 ... 只好烦请有关单位能尽快处理该家非法办学 涉外早教机构 谢谢！",,,
致潢川人民的心声。,待回复,城建 投诉,匿***,2017-05-2615:22,尊敬的区长你好，我想问一下106线改道以前不是说50米吗？现在为何还要征收7米，老百姓以种田为主，不知道政府征收这么多的田地干什么。求答复。谢谢。,,,
外地退休请居住地协助生存认证,待回复,其他 求助,匿***,2017-05-2217:23,我们倆是外地退休户口迁回上海的76岁老人，退休地社保寄来表格请居住地社保协助网上生存认证，8月底截止。可颛桥社保说要到8月底开始办，我们不能及时办妥将影像我们领取退休金，能否早点开始办，去年是6月份办的。,,,
投诉无证无照早餐店,待回复,环保 投诉,匿***,2017-05-2005:34,莘朱路2245号和2249号早餐店无证无照，每天早晨门口外摆桌子吃早餐人众多，三轮车电动车停了半条街，对面废品回收站装车，也占去半边马路，行人艰难穿行，险象环生，万一被大包废品砸到，不死既伤。此事我向12345和12331投诉过，未得到解决，只有请区长督促相关部门尽快解决，谢谢！,,,
意见看法：小区整顿对住户睡眠起居的影响,待回复,其他 投诉,匿***,2017-05-1410:13,敬爱的朱区长您好，感谢您百忙之中抽出时间查看留言。下面我直接进入正题：可能您也知道，近期上海市为了评选全国文明城区，各个区都在争先恐后的进行各项环境卫生整治行动，包括拆除违法违规建筑，这其中就包括我所在的小区：江川路丽园小区。小区目前也正在进行违法修建，分割出售出租等的整顿，这点我表示强烈支持。但是问题来了：政府工作虽然要支持，但是我想说的是辛勤的拆迁队已经严重影响到了我的作息。我是在工厂里上夜班的，每天早上7点半下班八点半左右到家准备休息。这时拆迁队们已经早就干的如火如荼了，整个小区只剩下那刺耳的电钻声。况且我对噪音敏感。我甚至可以认为这已经到了扰民的程度。不知到您对于在这种周围全是刺耳噪音的环境中如何优雅舒适的入睡有没有什么好的建议？我的建议是拆迁队的工作可以适当的往后延迟一点，比如中午的时候开始，上午这段时间可以让我们至少能休息几个小时，或者您有更好的处理方法。这里的我并不是指我一个人，您懂的。感谢朱区长的关注，希望您能切实的考虑一下我反映的问题，并给予反馈。政府工作不应该建立在损害人民利益的基础上！谢谢！,,,
古美西路靠近虹莘路,待回复,环保 投诉,匿***,2017-05-1122:45,你好!因为这里有个早市临时市场，有个杀活鸡的商贩。在马路尽头自己私自加锁弄了个小房间，没有执照，就在卖，影响市容，卫生，希望政府能真正取消掉这种违建，谢谢,,,
噪音大的晚上接受不了了,待回复,企业 求助,匿***,2017-04-2816:49,上海市闵行区莲花南路澄江路拉法莱园区，厂里最近装了一个不知道是什么东西的玩意？好像排气扇高高的噪音大的不的了，白天夜里24小时工作很影响附近村子里的居民区休息，麻烦领导们管管!!,,,
学生与市民的食品安全,待回复,旅游 投诉,匿***,2017-04-1807:17,区长：您好！我是上海东海职业技术学院附近的市民|，在上海市闵行区虹梅南路6001号这一带有好几家几证非法营业的小吃店卫生食品很不卫生安全附近的学校多非决送外卖到学校去给我们小孩的食品卫生带来及大的危害希望您能在百忙中叫有关部门去处理！给市民一个放心了的生活环境,,,
漏水三年，都不修，一楼漏一楼。,待回复,其他 求助,匿***,2017-04-1615:20,朱区长您好，我是七宝镇民主路78号的商户，就是民主新村84弄9号301家漏水，一漏就是少说三年，顶坏了，也自己修，一修，修几年，装修好了，又漏坏了，顶上用铁皮接水也没用了，越漏越大，越访映情况也没用，就一直拖到现在，一拖的几年。请您帮忙解决一下。谢谢。,,,
崇明生态菜店和叶鲜菜店超出经营范围,待回复,其他 投诉,匿***,2017-04-0916:00,区长大人您好，上海崇明生态菜店和叶鲜菜店到处都是。它们既没有营业执照又没有卫生许可证怎么就能经营呢？尤其是莘庄镇庙泾路这两家菜店卫生十分的差。里面经营鸡鸭鱼肉海鲜等什么都有。现在苍蝇到处乱飞，马上到夏天了，更是蚊蝇到处都是。严重影响我们居民生活。希望区长大人派人实地勘察一下。帮我们老百姓解决一下。谢谢。,,,
公路边电线杆安全隐患！,待回复,城建 建言,匿***,2017-04-0509:31,朱区长，         您好！浦星公路和联建路交叉处有一根电线杆倾斜靠在另外一根电线杆上，存在安全隐患，每天上下班都有许多人经过。在网上看到了电线杆伤人甚至出现人身伤亡的惨痛报道，所以希望相关部门能给予重视，整治一下这样的乱象。         希望这个谏言能被区长看到，先多谢区长了！区长日理万机，祝您身体健康，阖家幸福！,,,
七宝镇小区内一户人家养一群狗，天天扰民,待回复,治安 投诉,匿***,2017-03-1911:04,七宝镇东方花园一期小区内，一居民在家无证养狗9条，天天扰民，放狗不栓狗绳，惊扰居民数年，累教不改。破坏小区环境卫生，不光他自己家里恶臭熏天，周围邻居家也深受其害，弄得小区跟养狗场一样，群众痛心疾首，希望政府出面，进行处置！,,,
上海市闵行区马桥镇金星村四组麻将机赌博问题,待回复,治安 求助,匿***,2017-03-1908:14,尊敬的个位领导你们好，我以一个租客的身份来表达我对此区域的不满与厌恶，打麻将是种休闲娱乐的项目，而在这里却成了赌博的工具，各家各户几乎日夜缭绕人员不断，严重影响了此区域的治安家庭矛盾与安全问题，成也打过举报电话可连个警察人的影都没看到，是这个问题不严重政府不重视还是另有原因我不知道，我只是希望政府能给我们提供一个良好的社会和生活习惯谢谢,,,
棋牌室,待回复,治安 咨询,匿***,2017-03-1109:27,您好区长：我是住在银都路花好悦圆小区的居民，在我们小区门口连着开着数家棋牌室，天天通宵经营，有一家小店输蠃上万元，一到夜晚麻将声就传到我们楼上居民家，打扰了我们夜间正常休息，望领导整治一下，还我们一个安静的夜晚。,,,
赌博百家乐,待回复,治安 求助,匿***,2017-02-2108:05,举报百家乐赌博机 里面每天都有很多人赌钱 电脑版 现场版的  里面每天的赌资都很大 在上百万左右  还有放高利贷的  有多家店 我几个朋友都输了上百万了  地址就在上海市闵行区紫藤路水晶宫里面 外面有人放风 恳求在在这里能解决问题 万分感谢,,,
海赋尚品工地2016年农民工工资拖欠,待回复,就业 求助,匿***,2017-02-1707:21,尊敬的领导你好！我们是一群江苏农民工，2016年在海赋尚品工地干活，期间老板每月发放500元基本生活费，说年底发放全部工资，我们辛苦一年的血汗钱到了年底竟然找不到老板了！无奈我们刚过了年就来到上海工地讨要工资，工地领导说和老板结清了！我们现在讨工钱无门，一群人就风餐露宿在工地外面。跪求领导帮帮我们这些弱势群体。一家老小都指望这些钱养家糊口呢！那可是我们一年的血汗钱呀！,,,
上海闵行网讯光缆，拖欠工人工资一直未发。,待回复,就业 投诉,匿***,2017-02-0817:04,尊敬的区委领导：你好！现有上海闵行网讯光缆有限公司，位于闵行元江路瓶北路口。该公司严重拖欠工人工资，12月份工资到现在分文未发。函望区委政府和劳动局，尽快帮忙解决。         此致敬礼,,,
自称黑道撑腰，拆违办无办法，村委会无能,待回复,城建 建言,匿***,2016-12-2515:14,尊敬的区长同志，您好。闵行区浦锦街道塘口村有一非常厉害的角色。自称黑道有分。白道有人的牛人，一家三口，但建筑和违章面迹有上千平米，拆违办来了，只动了几十平米。收兵回府了。村委会还要离普，拆了几十平方还动用公有土地给他安排放私人物品，这是天下奇文，老百姓天天有人在看在问，我们的村委会怎么了。还说这事办不了，难道我们的基层干部是老百姓的摆设吗。这是人民的公仆吗。,,,
外来工参加工会后，办理会员卡的问题,待回复,其他 求助,匿***,2016-12-2315:10,提个建议:工会会员自己可以办理会员卡就好了，我们是外来工，做保安的，都派遣到其他各个项目点上班，公司我们从来也没有去过，会费都是每月工资里直接扣的，会员证和会员卡我们也没有，按工会规定我们自己又办理不了，什么会员福利也享受不到，现在互联网都这么发达，为什么不可以开通个人网上自己办理会员卡卡,,,
夏朵小城居委会使用暴力手段干预业主合法权益,待回复,治安 投诉,匿***,2016-12-1216:53,2016.12.11 夏朵小城业主在小区业委会办公地进行有序的投票工作，要求罢免业委会，更换物业。但是有4名特勤人员奉了上级命令（居委会) 进行阻挠投票，并撕毁贴在业委会办公点的投票公告。1.特勤人员的行为已经触犯业主的选举权 2.特勤人员是否是穿了制服的流氓冒充？3.这种可以违法干扰小区业主的流氓随意进出小区，小区居民人生安全得不到应有保障。请市府领导，区领导深入群众了解情况。有视频录像为证！,,,
小区居民住宅开设棋牌室扰民！！！,待回复,治安 求助,晴***,2016-12-0513:54,您好区长，在西环路777弄西湖苑4号101室，该居民擅自改动为棋牌室，内有多台麻将机！每天赌博人员络绎不绝，车辆随意停放，人员进出复杂，安全隐患尤为突出。每天棋牌麻将声，吵闹声，桌椅声~每天营业到半夜，附近居民根本无法安静休息睡眠，甚至影响白天的工作！该棋牌室也已经营业了许多年。当地派出所也表明无法取缔，现在闵行区正式“五违”中，小区无证经营场所应当关闭，望区长解决，谢谢！！,,,
居民住宅开设棋牌室扰民，执法部门无法取缔 ,待回复,治安 投诉,匿***,2016-12-0513:23,"尊敬的杨市长:您好，我举报的棋牌室在闵行区莘北路，该房屋属居民住宅，但非法开设棋牌室，里面有多台麻将机。该棋牌室麻将声，吵闹声，讲电话声严重扰民，棋牌室从早上到凌晨点。周围邻居无法休息好，影响到白天工作。为此我们找了物业，居委会,找过12345市民热线，打110均无果。居委上门后也已拍照保留证据。说无法取缔只是劝说，人一走恢复原样。上海市地方条例规定，居民住宅不可以开设棋牌室等经营性场所，但是执法部门不能依法治理，任由发展。恳请市长关注并解决,谢谢!",,,
工资年限补偿,待回复,就业 投诉,匿***,2016-12-0214:43,"我们是2014年进入上海名和沪中木业公司，11号锯台工人在11用26号上午为了分活不均找厂长理论，没有说到二.三句话厂长就说我们不要干了结算工资走人，第二天就把我们的工具收走了到29号之前都不按排活给我们干，直到29号梅陇镇劳动监察来人我们要求,补偿我们的年限工资公司又叫我们干活，我们不同意这个处理意见，梅陇镇劳动监察调解叫我们等我们打工的不知道要等多久望领导给我们打工的尽快处理为谢",,,
七宝镇执法乱象,待回复,其他 投诉,匿***,2016-11-3016:05,区长你好，我是外地人，现住在七宝镇华茂路联盛花苑北区，外地出差昨天回来发现放在门口台阶上的柜子没了，里面还有电饭锅，插线板以及电瓶车充电器还有钥匙。后来打听说是镇综合治理办公室的执法人员拿走了，我这并不影响任何人也不是路口，不知为何要这样！,,,
龙茗路古龙路麻将室乌烟瘴气,待回复,其他 求助,匿***,2016-11-2814:28,2015年到2016年2年间古龙路龙茗路陆续开了很多棋牌室，造成这一带本来炊烟声息的居民区变成了赌博麻将声声区，老人也不去活动室活动了，年轻人中年人也终日坐在麻将室里面，上海已经是超级国际大都市，闵行区也在加紧建设中，真心的恳请领导取缔关闭这些百害无一利的麻将室，还古美一个安宁，安居乐业的环境，谢谢！,,,
(交通求助)闵浦二桥下来没有掉头转弯道,待回复,交通 求助,匿***,2016-11-0114:40,领导您好：我是名出租司机，反映问题是闵浦二桥下来没有掉头转弯道，需要掉头的司机没办法，因为乎近的几条路都没有好掉头处，而且都双黄钱道路，所以许多司机都在乎近马路上和禁止标牌处直接打方向掉头，造成一定危险和拥堵。同时给司机在意识上带来了容易犯错误的一种不良因所，后果严重。多次与有关部门反映，就是听不进百姓的话存在不作为现象。能否在闵二桥下口处开设转弯道分流一部分车辆跟奉贤桥下口处一样，大大的提升了交通的合理性、规范化也解决了掉头难问题，让闵行城市交通更安全，更美好。望领导认真对待，给予帮助。在这我代表全体驾驶员向您致敬！,,,
浴室长期卖淫,待回复,治安 投诉,匿***,2016-10-2411:18,梅陇  某浴场 里长期有卖淫情况希望监管部门能够查一查！！！建议不要让当地（区）警察去查！！最好是便衣！！！这样更为显实！谢谢！！！,,,
出租车被黑,待回复,交通 投诉,匿***,2016-10-2115:03,今天早上我老婆打了一辆出租车，从中沟路颛兴路出发到莘庄复旦大学附属医院，这段路程如果走沪闵路直达目的地只有15.8公里，最多只需要25分钟的路程。被司机莫名绕路，整整跑了超高1个半小时，表示十分气愤，希望予以解释。,,,
转弯道上设公交车站影响车辆转弯,待回复,交通 投诉,匿***,2016-10-2018:25,     上海市闵行区七宝镇新镇路1262号，173路、路753公交(新镇路漕宝路)车站，站点离前面路口太近，这公交车站车道又是小转弯车道。当公交车停靠站时严重地影响后面车辆的正常通行，给这小区居住户车辆进出带来了不便，小区居民反映强烈。转弯道上设公交车影响车辆转弯，建议相关部门能否把这个车站迁移到安全、不影响交通地方去，使新镇路小转弯车道能更加畅通。 ,,,
工资,待回复,其他 求助,匿***,2016-10-1715:11,朱区长您好：我是来自山西的一名农民工，在贵区上海邮政速递的一家名为公兴的外包公司打工。今年三月由于家中盖房子走的急促，留有部分工资未能结清，等到今年九月再次拿出到这里时，公司中介居然以时间过长丢失工底为由，拒绝为我支付那份欠款，尊敬的领导，您是否能在百忙之中过问一下，帮我要到这份血汗钱呢？！,,,
晶达丽宾馆商铺,待回复,环保 投诉,匿***,2016-09-2915:21,晶达丽宾馆商铺，从342号升有十几家大小攴饮 多无证无四照非法经营、更本没有安全措施，小饭店很小多要存放液化器權好几瓶，二褛以上又是客房，要是发生爆炸，我们住客感到非常危险小饭店卫生条件及差，有一次晚上去吃了一碗桂林面粉，痛了我肚子一夜。想去理论。称我想住客第二天就走了。希望区领导抓紧取缔，谢谢，                    ,,,
居民楼开赌博、棋牌室、扰民,待回复,文娱 求助,匿***,2016-09-2316:14,"尊敬的朱芝麻糊松区长:您好，我举报的赌博场所位漕宝路1565弄某房屋属居民住宅，但非法开设棋牌室，内设多台麻将机。该棋牌室以麻将形式进行赌博活动，参与赌博人员的交通工具停满门口道路，门厅，电梯口走道。为避开门禁方便进入单元楼，从地下自行车库进入消防安全门，单元楼物品时有被盗。该棋牌室麻将声，吵闹声，讲电话声严重扰民，棋牌室一般经营到凌晨1-2点才结束。周围邻居无法休息好，影响到白天工作。对此，我找过物业，物业答复居改非已经移交给宣桥镇房管办负责。我反馈到宣桥镇房管办，答复部门人手有限，无法对黑棋牌室做出处理。我找到居委会，居委会表示上门劝说过，让找派出所处理。棋牌室深夜扰民时，我多次打浦东宣桥派出所举报电话，民警有时过来劝说，但民警一离开，棋牌室继续赌博扰民，其中有一次举报并没出警。我请求宣桥派出所取缔该非法棋牌室，答复取缔需要手续，目前无法取缔。无奈之下,拨打12345市民热线,拨打3次,都没有进一步答复处理进展.请市长关注并解决,谢谢!",,,
华宁 银春路 路口噪音巨大,待回复,环保 投诉,匿***,2016-09-1817:38,路口大货车噪音夜以继日的大，夜里不关窗户会被震得亢奋，什么时候是个头,,,
居民房屋维修,待回复,城建 求助,匿***,2016-09-0711:48,朱区长，您好。我是浦江镇三鲁公路319弄2号601室汇都公寓居民，现向您反映一个关于房屋维修问题，今晨一场暴雨，使我们小区六层（顶楼）居民屋面出现漏水现象，且屋面与墙面均有裂缝现象，疑似与前阶段小区周边施工有关，居委、物业、及物业维修工程部人员都来看过，觉得问题较为严重，又难以确定原因，无法解决问题，望予以答复，谢谢！,,,
虹桥机场扰民,待回复,其他 投诉,匿***,2016-08-2814:29,虹桥机场附近，半夜11点还有飞机巨响声扰民，无法睡觉，请予以解决,,,
公基金提取,待回复,其他 咨询,匿***,2016-08-1018:31,本人是浙江户口，在上海交过公基金，目前回到浙江，已买房，想全部提取公基金出来用来还浙江房贷。但浙江目前还没建立新公基金账户，是否可以提取？,,,
鲁汇开车到浦东机场上班图经申嘉湖要收费,待回复,交通 咨询,匿***,2016-08-0518:21,芝松区长，我是即将搬入鲁汇大居成为闵行区的居民，而我是在浦东机场上班的，本打算继续开车上班，但目前鲁汇大居去浦东机场需要图经申嘉湖高速，而这条高速需要收费，单程就要15元，一天就要30元，再加上来回的油费，一个月下来的通行成本也是占收入支出非常大的比重，成为一个不小的生活成本。所以，我想请问下，芝松区长能否向市里反映下，取消或者减免迁入市郊的居民去机场的高速收费，谢谢！,,,
伦达石油化工在本土挂牌公开诈骗,待回复,环保 求助,匿***,2016-07-3117:00,我于2015年9月入金11万在该公司158平台做海峡油，近一个月急亏，后剩26000多撤出。后经多方了解才知该公司纯属诈骗，望解决为盼。,,,
关于居住在一楼的老人自己家的院子里搭的顶棚,待回复,城建 求助,匿***,2016-07-2909:07,"我的父母亲(已退休)住在老闵行的江川路街道的汽轮三村的小区(这个小区里的每栋楼都没有电梯), 住在我的这个小区的一楼的基本都是年纪大的老人, 因为老人年纪大了, 上下楼梯不方便, 所以不得不选择居住在一楼. 一楼有个自己家的院子, 院子的一面和一个房间的门相通, 这个院子和院子的另外三面墙都是属于原始房屋建筑的一部分.1)	院子外面正对一个停车场, 汽车排放的废气会进入室内, 影响老人的身体健康.2)	院子的三面墙不高, 所以安全是个问题, 小偷很容易翻墙而过而入室盗窃, 影响老人的生活和安全.3)	而且老闵行的 蚊子, 嫜螂, 老鼠和苍蝇甚多, 对一楼的老人生活影响甚大.由于上述种种原因(安全, 汽车废气, 蚊子, 苍蝇, 幛螂和老鼠), 为了保障老人的生活舒适,安定和和谐, 我在原有的院子的三面墙上安装了一个顶棚(铝合金框加钢花玻璃), 这个顶棚并没有额外增加高院子的三面围墙高度, 只是固定在原始的院子的三面围墙之上, 这样一来, 上述的种种不便于老人的生活舒适,安定及和谐的因素都可以得到较好的解决. 这样在院子的固有的三面墙上安装的顶棚在我父母亲所居住的那个老的小区和隔壁几个小区里比比皆是, 基本每家每户住一楼的都是这样做的. 小区里邻里关系和谐,从来没有任何邻居因为这个一楼搭在自己家院子里的顶棚而闹邻里纠纷.然而, 在最近居委会和区政府所开展的’五违’行动中, 这个顶棚(铝合金框加钢花玻璃)被要求拆掉. 如果这个顶棚被拆除, 所有生活在小区一楼的老人的生活安定, 健康, 安全及和谐都会受到极大的影响.尊敬老人是中华民族五千年以来传统美德的重要一部分.希望区长可以对这个情况予以考虑和重视!同时希望区长对于五违应该作出具体定义和分类说明, 比如说, 搭在一楼的自己家的院子里的顶棚, 在没有邻里投诉纠纷和没有影响他人生活的情况下, 为了保障居住在一楼的老人的生活安定, 健康, 安全及和谐, 一楼的院子里的顶棚是否不应该归类成 违建 ? 或者, 怎么样搭设一楼自己家的院子里的顶棚才不算是违章, 同时也可以保障居住在一楼的老人的生活安定, 健康, 安全及和谐?感谢区长!",,,
给小区一个安静,待回复,其他 投诉,匿***,2016-07-2616:16,我是莘谭路莘松一村的住户， 游戏房都开到小区里来了，实在是太吵，尤其是晚上里面不是打架就好大声音，根本就无法睡个好觉，多次报警 还是没人管 游戏房地址295号莘松一村 是走后门进去的 也就是小区里面,,,
 洗涤厂排污,待回复,环保 投诉,d***,2016-06-2616:05,尊敬的区长您好：              和你反应一下闵行区吴泾镇田都大酒店东边10米处，一厂房里任意开了几家洗涤公司，排污，噪音，毛絮，给我们的生活造成很大的影响，我们也打电话到12369反应过，到现在也没人来管一管，他们照样生产，他们既不做环评，也不要任何手续，期盼区长您重视一下。,,,
环境问题,待回复,环保 求助,匿***,2016-06-2415:54,航天城附近化工厂偷排废气，马桥万科城居民半夜被废气熏醒，投诉一年有余，依然不见行动，请为广大居民做主。,,,
公民健身场所,待回复,文娱 投诉,匿***,2016-06-0913:24,区长，     你好，近期发现莘庄镇小学南校区停止对外开放健身，理由是健身人员对校区存在破坏环境的行为，并且张贴公告，宣布禁止市民健身。针对这样一刀切的做法损害了大多数有健身需求的人的利益，请区长，区政府多多关注！,,,
不公平的乱收费,待回复,治安 投诉,匿***,2016-06-0808:12,你好领导，我是外地人，现在住在闽行区华漕镇新家弄村，村口设了治安亭，不公平的乱收费，有的要收，有的没收，而且还有本地人和外地人之分，不是统一收费，他们本着收一个赚一个的想法，难道外地人的车算车要收钱，他们本地人的车就很特别吗？太不公平了，如果是从几号开始统一收费，我们一分钱也不会少的，希望领导能重视下，还我们一个公平公正的说法。,,,
能否在闵行中部地区建一医院一,待回复,医疗 建言,匿***,2016-05-2216:09,闵行人口这么多但医院只有二家综合医院是否能在闵行的中部建一所综合医院这一地区动迁居民多看病难社区医院只能拿药不能看,,,
农贸车辆、黑车占道扰民,待回复,交通 投诉,匿***,2016-05-1314:36,致有关部门：   我家住在闵行区北翟路2000弄金色西郊城，在北翟路与北沈路口的龙上农贸市场周边每天晚上10点至第二天8点左右，有很多的卡车、面包车在北翟路、北沈路两侧停车卸货、分派货物、整理蔬菜，搞得满地都是烂菜叶、废包装物品。   早上7点送小孩上学，出小区门（北沈路）（小马路6-7米宽）有长期的黑车占道拉客，然后是部分农贸市场分派货物车辆，货物摊得满地，让本就不宽的小道倍感拥挤。到了北翟路更恐怖！双向六车道以上的北翟路只剩下双向2车道。还要提防不时穿插的电瓶车、自行车，交通状况非常恶劣！环境脏乱！   希望有关部门接到本信息后及时处理！谢谢！,,,
马桥大居出行拥堵,待回复,交通 求助,匿***,2016-05-1108:49,区长您好，我是马桥大居居民，马桥大居高峰期出行拥堵严重，华宁路北松公路北向出行常常拥堵不堪，阴雨天尤甚。并行的中春路同样拥堵，尤其是向北至航天城路段。此外，马桥大居去市区交通成本太高，换成次数多，时间久。请问是否可以开通直达市区的公交车？未来是否有地铁规划缓解拥挤的5号线？谢谢！,,,
上海虹桥火车站存在严重安全隐患,待回复,交通 建言,匿***,2016-05-0515:56,朱市长：         您好！         2016年5月2日我发现虹桥火车站一侧入站口没有安检，从该入站口进去后可直接乘电梯至虹桥火车站站内二楼，二楼分布多是快餐店。从站内二楼沿内部电梯下去后可不通过安检直接进入站内。这样另一入口的安检形同虚设，没有起到根本性的保护作用，为不法分子留下了可乘之机。鉴于上海虹桥火车站客流量较大，为保障出行市民的安全，希望朱市会同有关部门对此安全疏漏进行调查和整改。        以期整改为盼。,,,
坚决反对沿春申塘修建铁路,待回复,城建 投诉,匿***,2016-05-0314:14,春申塘沿岸居民众多，十几万居民，学校，幼儿园林立，且距离春申塘距离超近，很不适合建高速铁路。因此，坚决反对沿春申塘修建铁路。否则，民怨沸腾，请区长予以考虑改道。谢谢。,,,
门卫房该不该出租,待回复,环保 投诉,匿***,2016-04-2010:02,闵行区虹梅南路1660弄小区业委会主张，原门卫房两间，现在作为商铺出租，原本就是临时房或违章建筑，请问这该不该管。,,,
加快居民居住条件改造,待回复,城建 求助,匿***,2016-04-1117:07,区长您好，我们是新虹街道华漕吴漕路七莘路高架旁1005号和1007号二幢老式公房，2012年就上访区政府要求旧房改造了，已经四年整了，到现在还没有方案下来，整个华美小区都改造好了，隔言窗的补贴都拿到手了，就剩我们这两幢楼迟迟没有反应，就想问一下区长大人为什么就这么难吗？这里居民生活已经受到生命危险了，2016年四月8日1007号301室发生了屋面楼顶水泥塌下来，幸好无人员伤亡，居民们都人心惶惶，提心吊胆过日子。希望区政府早点解决我们居民们居住条件。这两幢楼无煤卫的70年代老公房。,,,
小区停车位改造,待回复,治安 求助,匿***,2016-04-0909:04,区长您好，我是闵行区七宝镇南国花园的居民，随着小区年限增加，小区的设施日渐老化，特别是没有监控和车辆乱停乱放非常严重。因此小区盗窃案件时有发生，给住户没有安全感；还有就是由于车辆乱停乱放，导致道路只能容下一辆小型车辆通过。一旦有火情，消防设施根本无法进出。年前小区张榜公布包括车位改造的消息，居民都欢欣鼓舞，说春节后就动工。但是春节都过去这么长时间，迟迟没有动静。打听下来，说改造涉及减小绿化带，所以有居民反对，现在已经停止改造。我想咨询一下，政府在这方面有否相应规定，若这种造福于民的事就因为几个人反对就停止，那也太可怕了吧。谢谢，盼复。为谢！,,,
无证经营,待回复,城建 投诉,匿***,2016-04-0815:27,闵行区黎安路1890号无证经营的废品站存在消防安全隐患，并且存在脏，乱，差，气味难闻。声音扰民。,,,
无证经营店家为什么又不管了?,待回复,就业 求助,匿***,2016-03-3108:33,朱区长，您好!我本是在闵行区诸翟镇纪翟南路188弄附近做包子馒头类门店生意，由于去年底政府下达了无证经营勒令停业的通知书，所以我遵守政府法归，于2016年初主动关掉门店，这样对我造成约9万元的经济损失，这样的损失不是我们这样的老百姓能承受得起的，可是就在我搬出门店以后，我的门店又让别人做了同样的生意，到现在政府又不管无证经营店铺了，我的心里很不平衡，难道政府就是为了捉弄我开了个玩笑，难道政府的政策只是一纸空文，为什么政府在将每家商铺的招牌摘掉以后又不管此事了，请区长大人给个说法。,,,
区长，你好请问陇南市场是否会拆迁的计划中吗,待回复,城建 求助,匿***,2016-03-2916:41,区长你好请陇南市场是否会拆迁之中呢，如果在请公开一下好吗,,,
违章搭建,待回复,城建 投诉,匿***,2016-03-0618:36,区长大人您好！满大街都贴着标语坚决打击违章建筑可是去年就举报闵行区朱行路12号迪贸公寓里的迪贸超市是违章搭建的至今无人处理不知谁在背后充当他们的保护伞望区长大人好好调查此事强拆违章搭建,,,
关于道路修复,待回复,交通 建言,匿***,2016-02-2713:54,朱区长，我是闵行普通老百姓，我每天上下班都需路过华宁路南（剑川路路口）-华宁路北（北松公路路口），这段路已经修修补补无数次，到处坑洼不平，下雨天的晚上为了躲避坑洼地带差点酿成车祸，这段路不是很长，希望朱区长能引起重视，督促有关部门整改此路段，让普通老百姓能安安心心的走过此路段。谢谢！,,,
请求领导帮忙讨要血汗钱,待回复,城建 求助,匿***,2016-02-2216:12,尊敬区长大人，我是一名农民工在2015年虹桥商务干活拖欠我的工资在年前没有结，说回家打，结果到现在都不给，还找不到人，找了有关部分还不理，求求区长大人帮我讨回血汗钱，,,,
户口咨询,待回复,企业 咨询,刘***,2016-02-1611:26,尊敬的赵区长，请原谅我在您百忙之中打扰你！我女儿在上海工作，户口在单位集体户。为了增长才干，女儿决定出国深造，以便回国更好的为上海建设服务。但单位要求必须把户口迁走才能给办理离职手续，可问了居住地梅陇镇派出所，他们不同意迁入公共社区户。请问，户口该咋办呢？谢谢！,,,
曹行,待回复,其他 咨询,匿***,2016-01-1909:18,区长，您好，到处拆了我们没地方住了！我想问问西康洋房小区拆吗,,,
关于农村60岁以上基础养老金问题，,待回复,三农 求助,匿***,2015-12-1911:17,您好，我是安徽省怀远县一位农村老人今年72岁，目前跟随儿媳妇在上海浦东周浦镇农村生活，我想求助:我儿子在2012年在闵行区颛桥镇上班期间不幸遇到车祸去逝，儿子在上班期间交纳了各种社保让我享受了现在的一部分养老待遇，可是今天孙女去闵行社保中心替我领养老金时，闵行社保中心让我提供在老家我的基础养老金证明，我在安徽怀远县农村享受政府每月大约55元的养老金，我年纪大了也没有其它收入，可是闵行社保中心柜台和我孙女说要提供本人在安徽当地的养老金和收入证明，否则不受理，今天就把一部分材料退回来了，而且还说，把相当的证明提供来以后，既使给你办理了，也要把你们在安徽老家的基础养老金扣除，我现在很担心，不知道上海市闵行社保中心是否有这样子的政策，谢谢……,,,
你好区长,待回复,治安 投诉,匿***,2015-12-1614:06,双柏路莲花南路口海啸超市上网吧内有赌博机器？好多人输得倾家荡产？希望领导查出这些犯法份子,,,
老虎机,待回复,治安 投诉,匿***,2015-12-0613:48,在闵行区虹梅南路1008号网吧里面有家动漫城游戏厅，害得好多农民工干的一年工钱都输给他了，打110都没用，我希望上海执法有关部门能查封它，,,,
农民工租房无保障，遭遇乱收费,待回复,城建 投诉,匿***,2015-12-0512:56,赵区长您好，我父母是闵行区华漕镇北青公路陈家角附近几家工厂的员工，原在附近租了一间便宜的住房，可是最近因为拆迁的原因不得不另寻住处，然而该地段人多地少，房价连年上涨，日前一间几平米的小房间都涨价涨到上千块钱一个月，而且房间质量还令人担忧，我是一名大学生，看到父母辛辛苦苦工作，住房问题却仍然没有得到保障，实在是担心，恳求区长您能考虑一下该地农民工朋友的现状，对该地房价上涨情况进行一定的制约，谢谢！,,,
自行车停放,待回复,环保 求助,匿***,2015-10-2008:49,    你好，希望百忙之中的你可以看到我这一族的心声！前几天我带宝宝去五院看病，自行车(我自己的)停在医院门口有人过来收费1元，我问她是哪里的来收费？她告诉我说是江川街道的！还有工作证！真搞不懂街道的可以派人在医院门口收费？上面领导门知道呢？这不明白着打劫吗？现在不是提倡绿色出行吗？我们已经很环保了～～～可我们出门办点事连停靠的地方都没有！现在的马路上很多都没有自行车道了，像我们这种肉包铁驾坐可是很危险的。我们用生命来响应国家的号召结果还被到处收费～～～恳请领导们在这方面除了嘴上说说，还要真实的，加大力度和宽松度让我们这些良民更好、更安全、更放心、更愉悦的环保出行！感谢！！！,,,
电子游戏厅暴利,待回复,其他 建言,匿***,2015-10-1613:53,上海市闵行区虹梅南路2439-5临2楼一家网吧，表面是网吧其实前台后的暗门却是电子游戏厅，几小时输掉几千几万随处可见，且从不放现金在店里，请领导关注下,,,
浦江镇闵驰二路乱停车占道问题,待回复,交通 投诉,匿***,2015-10-0914:16,闵驰二路两边店铺多，路上机动车随便乱停，经常堵的一塌糊涂，每次开车经过跟过菜市场一样，希望有关部门能管管。,,,
外来务工租房电价问题,待回复,其他 投诉,匿***,2015-09-0715:02,尊敬的赵区长：你好。我是一名外省来沪务工者，07年大学毕业就来到了美丽的上海工作一直在闵行区曹行镇这边租房子住租金年年涨就不说了但是电费和水费也年年涨价。。。现在西康小区和北曹小区电费涨到1.2元-1.5元每度 水费也是15-25元/人不等。。。这这这对于微薄的工资苦不堪言！望领导们重视下，建设美好上海和谐闵行不能拖后腿啊。,,,
浦江镇江航南路、闵驰二路路边乱停车问题,待回复,交通 求助,江***,2015-09-0508:42,赵区长：      您好！      这么晚求助您，是希望闵行区政府相关部门关心下浦江镇江航南路、闵驰二路周边路边违章占用非机动道乱停车问题。由于该区域内部分道路的非机动道被私家车违章占用，导致非机动车及行人只能在机动车道行驶，该区域内已经发生由于机动车来不及避让行人或非机动车而产生的交通事故，希望闵行区有关部门尽快整治这些违章现象，以还大家一个安全有序的生活环境。      谢谢！！！,,,
生活在最底层的农民农,待回复,三农 咨询,匿***,2015-09-0111:13,赵区长你好！我是一位在上海种菜的外地人。前几天村委会不准我们在田里住让我们租房住，可是租房离菜地远不说了，五六百一间房只有几个平方，东西又放不下我们的东西又多象什么农机农具呀！三轮车化肥什么东西的，光化肥就有好几种。前两天台风又淹了一下，现在地里什么菜都没有了，光重新种菜都要好几千块钱，实在木有钱去租房住了。望区长关心一下我们农民农吧！！！拜托了！！！,,,
关于一楼违章搭建，请给予处理,待回复,城建 投诉,匿***,2015-08-2615:13,关于一楼违章搭建，请给予处理区长：您好！我是上海市闵行区沪青平公路251弄120支弄1号202的住户，一直为衣服晾晒问题而烦恼！之前有跟物业反映过情况，后来都不了了之了！事情是这样的，因为一楼住户违章搭建，将他们的晾衣杆伸的太高！而且用了一根铁杆，导致我们二楼每次晾衣服，都碰到一楼的铁杆，衣服都是铁锈！希望一楼住户能够把铁杆放到下面一点，一楼用户太嚣张说没有人敢动他们！所以，在此希望区长能为百姓着想，帮我们二楼用户解决此问题，不胜感激！,,,
大虹桥交通的另一面华漕镇镇府该睡醒了！,待回复,交通 求助,匿***,2015-08-2108:58,上海市为大虹桥发展新建了多条交通要道，可你华漕镇政府在做啥事？从天山西路开车到纪王镇，只有两条路可行，转到北翟路天天赌上15分钟以上。转到诸翟镇上同样不少于20分钟，就5公里路基本高峰要开上40分钟。华翔路已经和嘉定区通车，难道纪翟路向东连接华翔路新建条生命线就这样难？做为华漕镇政府每天都在忙啥？一个地方的发展离不开交流的便捷。到啥时候能醒来了？,,,
一群抹黑上海的臭虫,待回复,政务 投诉,匿***,2015-08-0716:08,去年七月在闵行开发区，上海申乐有限公司加盟独轮车代理，花费十几万，我们前脚走，他们公司就不理会我们了，我们好几家代理商去上海讨要说法，他们就来了一个躲猫猫，打电话投诉没人问津，到现在这家公司还在挂羊头卖狗肉，希望好好查一下，更希望光大群众看见以后，不要在被上海申乐公司诱骗，真给美丽的上海丢脸，臭虫，老鼠屎,,,
私房重建后路越来越小,待回复,城建 投诉,匿***,2015-07-3110:31,区长你好，我要举报鲁汇镇新风二组新建住房及围墙建成后道路狭小难通行，影响出行,,,
幼儿园违反劳动法,待回复,企业 投诉,匿***,2015-07-0117:02,闵行区华曹镇纪王纪鹤路一二三八弄8号，梦哆啦幼儿园。违反劳动法，不按上海市最低工资标准发放工资，每月给于工人工资1800元。并且随便临时通知开除工人。多次拔打劳动局电话无法打通，才请您帮忙解决。,,,
有法可依，无法可维，赌博机何时休。,待回复,治安 投诉,匿***,2015-06-2613:51,闵行区浦江镇苏民村14组30号6台赌博机，坑人害人的东西，举报多次没有用，国何为法，民何以安。,,,
赌博扰民,待回复,治安 求助,匿***,2015-06-2314:29,我举报的赌博扰民地区为闵行颛桥镇颛兴路245弄82号102。该房屋属于居民住房，但从2015年开始，屋主擅自将房屋改成非法棋牌室，内设多台麻将机，无证运营。     该棋牌室经常营业至深夜，楼道门口经常停满车辆，堵塞消防通道，     我们旁边住户也协同他们多次通过110举报，找过居委会，找过物业公司，找过工商局，均相互推诿无法解决该问题。2015年6月21日报警后，颛桥镇派出所派出执勤民警，执勤民警反馈他们对该类棋牌室无执法权，让我们居民间自己协调纠纷。这些出勤民警每次过来和没来一个样，照样打牌.关照房东声音小点然后便离开。6月21日拨打110后，派出所民警到达现场后赌博活动仍然继续。          依据上海市人民政府令第94号《上海市社会生活噪声污染防治办法》的第五条的规定，在住宅小区不得从事易产生噪声污染源的娱乐场所，但执法部门反馈无执法权相互推诿，任由发展。     上海市是个美好的城市，希望区长关注和解决，还小区内居民一个宜居的生活环境！期待您的行动，谢谢！此致，敬礼！,,,
闵行区虹梅南路金仕堡健身房存在霸王合同和欺诈,待回复,文娱 投诉,匿***,2015-06-0209:04,闵行区虹梅南路金仕堡健身房存在霸王合同，收钱不开发票，欺诈客户：比方说转户不给转，需要再付钱。存在偷税漏税行为。请领导给予关心，以防止更多人上当受骗。,,,
请查处浦江镇车美乐洗车店开在居民楼无审批,待回复,环保 投诉,a***,2015-06-0117:13,现投诉浦江镇北江燕路84-92号车美乐洗车店，开在居民楼下，无环保审批，洗车机器噪音严重扰民其噪音1.是吸尘器的嗡鸣声，即使关闭窗户也没有用      2.是室内洗车机器的震动，早上7点左右开始震动，因为是墙体传播，我们的卧室基本没办法待噪音实在是影响到正常生活，以至于我现在都不敢要小宝宝，担心噪音对胎儿影响无环保审批，违法占道经营，从2月底开始想环保部门投诉，但是一提到环保审批环保部门就开始扯皮，实在是让人无奈...环保部门也有说居民楼下开洗车店是不允许的，但是没有上级部门协调，是没办法和工商联合执法，所以恳请有关领导可以帮忙解决一下这个问题.另外这边北江燕路100米的距离就有4家洗车店 噪音 占道 污水，真是严重影响了居民的正常生活，请闵行区领导牵头整治一下，还居民一个正常的生活环境，谢谢。,,,
航华鸿禧花园附近，乱停车乱设摊,待回复,城建 投诉,匿***,2015-05-3015:45,我区航北路鸿禧花园附近，已经两年多乱停车现象严重，自从连接外环边上辅路的路口被加设了水泥墩后，经常晚上路边同一侧停了两排车子，虽然路边有收费的协管员看着，但似乎他们只认收钱。对附近居民出行造成严重影响。水泥墩边还违章搭建了个水果摊。请问为何不能拆掉水泥墩，还路与民，又能减缓乱停车的现象？,,,
我区鸿禧花园，新明星花园附近棋牌室众多，影响,待回复,治安 投诉,匿***,2015-05-3015:35,我区航北路新明星花园和鸿禧花园附近，近一年来棋牌室瞬间出现四五家，不仅由于晚上棋牌室人多，造成周围乱停车，而且由于发生口角，还发生可能发生斗殴时间，极大的影响了周围小区百姓的出行和生活安全。望整治下现在这种棋牌室林立的不良风气！！,,,
拆迁难,待回复,城建 求助,匿***,2015-05-2014:47,自从我2000年嫁给我老公的时候，我们居住的梅陇镇行南九队奚家塘这边就说要拆迁，15年后的现在还是没有拆迁，这边村里环境差人流杂乱，垃圾堆积成山严重恶臭，夏天一到雨水下的大了，家里就会水漫金山，没法出门，希望领导们关注一下，希望能早点拆迁，给我们的孩子们一个好的生活环境。,,,
莘庄地铁站施工扰民,待回复,治安 咨询,匿***,2015-03-2616:53,地铁站半夜施工噪音很大，扰民。请区领导关心。,,,
虹桥火车站附近黑车多,待回复,治安 建言,随***,2015-01-2314:23,领导好。        虹桥火车站黑车太多，以拉刚来上海的人进行欺骗，拉客。希望领导能治理虹桥火车站周围的黑车。望领导能在火车站出站口设置一个警察站岗亭，严厉打击这些违法分子。还给上海一个好声誉。,,,
赌博危害社会,待回复,其他 建言,匿***,2015-01-1314:17,上海市闵行区莘庄工业区申北路近几年开启无证经营棋牌室，有几家棋牌室存在内设房间有赌博机进行赌博行为，对于无赌支人员进行高利贷放贷行为，内部房间装有摄像监控，门口有人盯梢，特别是闵行区申北路上的崇明店门口设有摄像头，其赌博房间无法从正门进去，需大门进入内部后在往南到底在往东走，里面设有暗房，取证调查需便装～～,,,
老板欠我两个月工资不给,待回复,企业 求助,匿***,2015-01-0711:15,尊敬的杨市长，您好，我是一名外来务工人员，我11月1日到12月30日的工资到现在老板都没给我，11月的工资是12月10日发，老板一直拖不发工资，后来说工资25号发，公司开始放假，让我12月30号等通知，去他安排的另一个地址上班，可等到30号他也没通知我去上班，而原来的办公室也被物业保安锁了，保安说办公室老板已经退了。问老板要工资他也不给，后来打他电话也不接，去他店里要工资他也不给，不但骂人还要打人，还说工资没有，爱告你就去告，还有没有天理，我每天自己掏钱坐一个多小时的车到他公司里把他交代的任务完成，晚上又坐车回去，一天9小时，我吃饭，租房子都要钱，还要养家，可是老板连我的血汗钱都不给我，垦请您一定帮我要回我的工资,,,
南嘉线在机场停站方便旅客,待回复,交通 建言,匿***,2015-01-0510:22,南嘉线途径机场却不停机场 我们附近居民看得见机场  却要换两辆车还只能到火车站  还要徒步去机场  实在不方便  听说有高峰车  但时间很短  双休日没有,,,
外地孩子到底能上学吗？,待回复,教育 咨询,匿***,2014-05-2113:50,孩子马上报名上小学了，临时居住证有6年了。可是长期居住证在办理中，需要一个月才能出来，但是一个月过后，班级可能都分好了，怎么办？怎么办，别的手续都齐全，长期居住证回执单可以吗,,,
华江路太乱太差太脏！,待回复,治安 咨询,匿***,2014-05-1016:03,赵区长，您若有机会可以与嘉定区长一起走一下华江.路，两位领导自然会有收获，不要让华江路的脏乱差影响两区长的面子！,,,
新风村拆迁,待回复,城建 咨询,匿***,2014-04-2514:57,区长：   您好！浦江镇新风村自从2010年一直说要拆迁拆迁，可是雷声大，无雨点啊！,,,
把法律当什么了？,待回复,治安 咨询,匿***,2014-04-0109:06,您好！区长，我是一名外沪人员，在永浦路1号店上班，里面老板把他请的临时工的工资和我们自己奖金都在我们所发的工资里面扣除，而且老板请来他以前的下属对我们小领导和员工经常搞出一些不合理的规定，从我们工资里面乱扣钱，逼走了几个员工，我希望您能解释一下，谢谢！,,,
居民楼住户装修，干扰日常生活,待回复,其他 投诉,匿***,2014-03-2016:47,我住在吴泾镇剑川路121弄7号504室，楼下搞装修，连续有一个多月，机器发出的声音很响，干扰了邻居的正常生活，希望区政府干预一下。,,,
宝城路名都新城二期俱乐部无证无证办学严重,待回复,治安 咨询,匿***,2014-03-1713:42,宝城路名都新城二期俱乐部无证办学机构扎堆，最关健是大部分没有消防设备，学生数量几千，大门一个，里面违章搭建太多。安全忧患很大。,,,
物业管理乱希望有管部门管理,待回复,治安 咨询,匿***,2014-03-0810:13,我是住在闵行北桥金榜家园，这里物业管理存在问题，安保做的不好，经常发生盜窃,,,
二房东长期故意多收取水电费,待回复,其他 投诉,匿***,2013-10-2616:26,区长您好！我住马桥镇西新路15弄302室，是租的二房东闫xx的侧卧。一个月水电费220左右，主卧一家三口交100块，侧卧一个人，交80块，二房东夫妻自己交40。每个月水电煤气费她都无故把一个人按两个人的算，跟她交涉她完全不理睬，并且封了洗碗池的热水龙头。现在找房子不是那么容易，二房东已经赚取了租金的差价，还要在煤电水费上侵害租房人的利益，实在应该给二房东们加以政策上的限制，收费应适当，如果收取超过实际使用量的费用，要给租客正当理由。另外，洗碗池水龙头冬天提供热水是房东必需给予租客的便利，二房东闫xx应该改正。,,,
公司失窃一直无人调查,待回复,治安 投诉,匿***,2013-08-2713:45,尊敬的区长您好：    冒昧给您写这份邮件，主要是因为我公司货品失窃，因为门窗均完整无所，考虑是公司同部员工所为。此事于8月13日在虹桥派出所就报案了，但直至8月27日今天为止，都没人通知或处理我们该如何配合调查？作案证据如何保存？     我们是隶属在闵行虹桥镇虹梅路上的一家台资企业，于今年8月13日报警仓库失窃，已经过去14天了，期间已经打了13次电话，接听电话的人总是将我们的电话转来转去，有的说要转到外务处，有的说要转到刑队，连督察队也留下过记录。报案后8月20日又去了一次虹桥派出所询问进度，说归刑队管，但刑队人少事多一直在处理案件，告知还是要等通知！    我们是普通的公司员工，也理解办案人员的辛劳，可是对于我们受害企业也是太不公平了，在出现这种重大事件很无助的时候，我们唯一想到的是人民警察能帮助我们，可是一连这么多天都没有任何过问，这让我们不知所措。而且事隔这么久了，也有相关员工即将离职！很无奈通过这种方式投诉，望您谅解，希望寻求合情合法程序给予处理，即使不方便给个时间也可以，只是觉得用这种的方式拖着不像人民警察的作风！     感谢您的时间，盼回音，谢谢！,,,
