投诉书，要求英孚退款,待回复,教育 投诉,湛***,2019-11-2221:26,"区长您好，我是一名外地的打工仔，18年7月份的时候想提升一下自己就在圣爱大厦9楼英孚办理了学习课程。1，办理的时时候他们告诉我分期付款，没想到最后是贷款，我一个外地打工的每个月还要拿来668元支付这笔贷款，上海压力这么大每个月我还要交差不多2500的房租再支付这一笔钱每个月我都剩不了多少钱，我现在无力交付这一笔贷款。2，我钱交了之后，就没有学习老师在跟我跟进，导致我现在和之前报办理英孚课程的时候一样。3，我到中心和他们心平气和的沟通，恐吓我叫警察过来！
4，我和他们中心谈退款，要扣除11个月的费用，还有剩余几个月20%的违约金，我在他们app学习时长最多1个月，要扣除我11个月我绝对不能接受的，还有违约金，我并没有单方面违约，为什么要收我20%的违约金，希望区长，能理解一个外地来打工的辛苦和不容易，希望区长能郑重处理！谢谢您！
",,,
英孚教育徐家汇校区欺骗大学生,待回复,教育 投诉,s***,2019-11-2216:47,区长您好，我是松江大学城的一名大学生，于9月22日在徐家汇英孚教育咨询并报名了一年的英语培训课程，于11.19日提出退款申请，但对方目前提出由于是我单方面违约，扣除一个月学费，并需要支付20%的违约金。根据合同，我向对方提供了证据证明不是我单方面毁约，对方一直解释不清，试图掩饰，期间我一直在跟对方友好的沟通，但去到中心两次，校长不见我，店员威胁恐吓我，报名时诱导大学生办理贷款，霸王条款。我只是一名普通的大三学生，学习紧张。我每天学习英孚的英语两个小时，效果很差。作为大学生，我没有经济来源，我不忍心父母支持我读书学习的钱被他人欺骗，希望区长帮帮我，我的诉求是不扣除违约金，仅扣除一个月学费。谢谢区长。,,,
投诉英孚徐家汇店欺骗我签署合同,待回复,教育 咨询,g***,2019-11-1210:57,区长你好，之前的一封诉求我还有一点没有补充，从五月中旬报名后我一直都没有去上过课，现在我要求全额退我学费希望领导帮帮忙，不能纵容机构的这种霸王无理的行为,,,
投诉**教育徐家汇店,待回复,教育 投诉,g***,2019-11-1113:41,区长你好，今年五月14号在**徐家汇中心店咨询并当天报名了两年的英语培训课，他们的销售跟我推荐办学费分期说不要利息，当时我一再跟她确认会不会影响我买房，因为当时我们在上海置换房子到了银行审核放款的关键时候，我跟销售一再强调这个分期会不会上征信影响我买房，她肯定的说不会说以前也有学员这样的，我确认了不下四五遍，她都说不会的结果在她的哄骗下我报名了，后来七月份的时候银行贷款老师通知我这个分期上了征信，银行不给放贷，了解才知道这是笔消费贷，这是他们故意欺骗造成的，结果导致我们中间拖延了一个半月买房给上家还赔偿了违约金，我很生气现在我要求解除跟解除合同，把学费39000赔偿给我，他们一开始不答应，后来我提供了证据他们承认是他们的失误答应退款，但是要扣除我20%违约金，我很气愤这是什么道理，有错的是他们，当初他们销售纯粹是欺骗的我们才签了合同，我现在要求他们全额赔偿我的学费39000，希望区长能给我主持公道，不要助长这种黑心机构，4万块对我们来说是很大的一笔钱就这么被他们骗走了，谢谢领导了，,,,
企业拖欠工资不给,待回复,就业 投诉,M***,2019-10-2916:13,本人于2019年9月30号于上海未来伙伴机器人有限公司离职，公司拖欠本人三个月多月工资共计4万余元，目前公司不给任何可以还清的时间，通过劳动仲裁，仲裁结果也是不执行，一直拖着，目前已经有30多离职人员被拖欠，通过法律途径也让我们至少一年之内拿不到应得的工资，各种办法都想过了，公司就是不给钱，希望领导能重视,,,
要求英孚英语退款退贷,待回复,教育 投诉,c***,2019-10-2516:57,方区长，您好。本人在上海市徐汇区曹溪北路圣爱大厦英孚英语报了24个月的线上课程，上了几次课之后发现课程和之前的介绍相差甚远，报名时说1.会有课程顾问跟进课程进度，我报名到现在9个多月了也没见过课程顾问跟进的，2.小组会话课一节课45分钟，就有十分钟是浪费在自我介绍上，并且自己回答的有误时老师也不指出，3.遇到跟读的单词时，我竟然用2种完全不一样的读法都能对，这是什么操作？？我提出退款后，英孚一开始拒绝，后来要收取我8个月的课程费+总金额的20％违约金，我后来咨询过很多退款的学员，大家退款方案竟大相径庭，同一个地区，同一个中心，竟也会有差异，是欺负我吗？价值20799元的课程费，我实际上仅仅上了不到2个月的课，要扣我9706元，这是什么逻辑？退款之路艰难，望区长帮帮我吧。,,,
小区树木断头修剪,待回复,城建 投诉,W***,2019-10-1108:48,我是徐汇区天等路430弄书香苑小区居民，这两天小区在做所谓的树木修剪，小区内几十棵香樟树被断头，本来郁郁葱葱小区被搞得惨不忍睹，小区居民多有怨言，希望相关部门能过问一下，这种断头修剪可能会造成树木死亡，也不利于小区环境建设，谢谢!,,,
长达几个月的夜间通宵噪声扰民,待回复,城建 求助,m***,2019-09-2714:59,上海合杆工程  -长达三个多月夜夜通宵高噪声施工   南丹东路靠近天钥桥路。 上。几个月以来。一个夜间施工许可证就是挡箭牌。 根据《上海市建设工程夜间施工许可和备案审查管理办法》，第八条（二）禁止采取捶打、敲击等高噪声的作业。  违法违规，如何能还老百姓一个能睡觉的夜晚。,,,
平安好医生耽误乳腺癌治疗,待回复,医疗 投诉,J***,2019-09-1916:29,因当时在平安好医生APP购买的新春感恩套餐体检查，出了漏查乳腺癌这件事后，我们也去了合肥好医生办事处，当时接待我们的工作人员和我们提出一个建议，让我拨打平安好医生总客服投诉，投诉过后他们公司想找你谈会给你电话，我们想找他们就是找不到，没有那个领导和我们谈这个事情，搞的我们没有办法，就像踢皮球把我们这些消费者忽悠过来忽悠过去，希望有关部门能给我们解决问题。平安好医生的体检卡，它的产品优势是肿瘤筛查，其中乳腺癌筛查里面包含乳腺癌ＣＡ１５－3的检测，乐金健康体检中心的姜经理透露，ＣＡ１５－３这项检测4级乳腺癌都很难检测出来，请问平安好医生乳腺癌为何还要有这项坑人的检测，我的妈妈就是他们检测中心的一个受害者，做体检敷衍马虎，导致漏查乳腺癌，这件事情出来已经有一段时间了，平安好医生换一个客服一个说法，客服竟然说出癌症只有60%的可能可以查出来，可笑，购买体检卡时和做体检时都只字未提，漏查乳腺癌后就这样解释了，沟通的客服态度强硬，语气蛮横，强势逼迫我答应他们所提出的补偿条件，原来这么大的一个平安集团，就是这样欺骗欺压普通老百姓的。,,,
投诉安福路53弄7号4楼违法搭建淋浴房,待回复,城建 投诉,a***,2019-05-0810:13,我是居住在安福路53弄7号2楼的居民，向领导反映4楼的住户邓X义在公共晒台上违法搭建淋浴房，屡拆屡建，干扰了其他居民的日常生活。恳请领导关注并督促有关部门尽快解决，还我们一个良好的生活和居住环境！,,,
关于求助铺平小区门前非机动车道出入口问题,待回复,城建 求助,m***,2019-02-2508:30,关于求助铺平小区门前非机动车道出入口问题上海市徐汇区人民政府尊敬的区长同志：我向您反映一事，并求助。关于龙漕路51弄小区门口，非机动车道出口路面不平影响通行，容易出事故的问题，我从去年12月初起已经多次向12345投诉，请求帮助。区市政水务部门的同志态度很好，也多次派人上门看过，我先后4次接待有关部门的同志来看现场，并当面介绍情况。但看现场的同志都说要把问题向上级领导反映，他们决定不了。我当时反应了4个问题：一是小区非机动车道出口处高低不平，要求铺平，主要是小区与马路的衔接部分，因“创全”时为装道闸大门有所扩大，而马路部分没有相应改造。二是小区门前马路隔离带影响机动车转弯进入小区，建议缩短一些。三是小区门前的阴沟，有三只凹陷约七八厘米，容易造成行人跌倒。四是小区商铺门前的地砖，高低不平，也容易使老人摔跤。到目前为止，三只阴沟，修好了两只；还有一只，用水泥糊了一下，已经裂开并又凹陷了，行人很容易摔跤。商铺门前的地砖也略整理了一下。其余问题，既没有解决，也没有明确的答复。我第1次用微信求助的时候，有关部门反馈说，要求铺平非机动车道，要求太高。我据理力争，车辆和人员希望进出小区方便一点，安全一点，这个要求不算高吧？接着我又电话询问和继续求助了两三次12345。过年前，有关部门派一个骑助动车的小伙子来看了一下，说是“规划就是如此”，就走了，以后就没有声音了。这样我从去年12月初开始已经先后4次向12345求助，问题没有得到妥善解决 。其间，有关部门还把问题转到徐汇交警支队解决，他们了解情况后，也认为这是市政部门的职责。但至今不见下文。但小区居民，特别是骑车进出的居民，一年多来，由于非机动车进出险象时生，怨言颇多，盼早日解决。我知道区长同志很忙，实在不愿意去打扰您，但是小区居民助动车进出的安全问题，总应该解决。我作为一名共产党员，对小区居民的反映，总不能听而不闻视而不见吧，何况我自己也对骑车风险感同身受，有几次差点摔倒。我搞不懂，为什么徐汇区市政部门的工作效率这么低？这可是他们的职责啊！所以再次求助，请求区长同志关心解决，如因故不能解决也请市政部门直接告之。企盼问题早日解决！致以敬礼！.2019年2月24日,,,
拆除违章搭建“玻璃房”,待回复,城建 投诉,y***,2019-01-2310:51,徐汇区区长方世忠，你好：   反映徐汇区华山路855号复兴西路华山路口老建筑旁违章搭建“玻璃房”，这违法建筑不仅占据了公共部位，而且还严重影响徐汇区全国文明镇的形象。希望有关执法部门按照“五违四必“精神，对影响城市形象的这处违规“玻璃房”依法予以拆除整治，让城市市容秩序更加规范，城市环境更加整齐，切实提升徐汇区城区形象。,,,
东湾小区铲除小区绿化改成停车场,待回复,环保 求助,g***,2019-01-1218:11,龙吴路2388号东湾小区，居委会书记王XX大量砍伐东湾小区树木，破坏绿化，改成停车位，打着美丽家园的口号，未取得所有小区业主同意，未上报上海市绿化管理局审批，擅自砍伐所有树木，在居民强烈阻止下，依然我行我素，甚至让外部人员暴利殴打居民，目前，小区绿化已有80%被清除，绿化所剩无几，改成停车位，收取停车费，晚上噪音污染，同时将小区停车位供应外部人员停车，小区居民安全无法得到保证，生命健康权收到严重影响，让底层居民晚上不得休息，严重影响小区居民的生活环境。多次上访徐汇区区政府，要求整改，有关部门虽然口头上不赞同该行为，但却未落到实处，并没有派人解决，居民苦不堪言，恳请领导尽快安排有关部门解决问题，将小区绿化还给居民，打造真正的美丽家园，万分感谢！,,,
吴中路100号，东风日产4S店销售员欺诈消费者,待回复,企业 投诉,文***,2019-01-0309:44,最近遇到4S店销售顾问欺诈2018年12月8日上海市徐汇区吴中路100号东风日产4S店(锦江城市专营店)，购买轩逸型号汽车。贷款7.5万，3年，跟我说利率5％，送贴膜、记录仪、胎压、雷达、封釉。我就交了定金5000元，与提前给付利息及部分手续费3900，销售顾问私底下收下。当天回家一算真实利率已经到了10％以上了，从来没有跟我提过10％以上这个事，一直在误导。12月9日去找，他说一年的利率是5％。，我贷款三年的，你跟我说那是一年的利率，而且一年利率也不是跟他那么算(销售是这样算的7.5万×0.05×3年。这个算法的意思就是我每月还款本金都得按照75000本金还款)，其实这个算法就是在欺骗。完全没这种算法，做为一名普通消费者，来店里已经明确贷款三年，我们也说好利率5％，(我们去银行存钱都会标明一年利率，两年利率等等)。然后又向我提出贷2年4万免息的，不过要增加其他费用，我没有同意，我说我要把这件事向经理反映。他直接口头威胁我如果我去跟经理反映情况，他会被批评开除，他没了工作，不好过，我也不好过，也不会放过我。(有录音)。下午他做出妥协12.2万落地价加2000贷款服务费，汽车装饰都送，我当时也答应了。他也退还我3900元，加1300元交易才刚刚开始，就涉嫌欺诈，与口头威胁我人生安全。觉得以后售后服务没法说了。12月14，去店里提出12.2万元，不贷款了，2000元贷款手续费可否打个折扣，他们没有答应。20181228再次去店里，，销售顾问在忙，我在那里等了约半个小时。于是找到了舒姓经理说明了这几天全部情况，我也开诚布公做出让步，按12.4全款购买，精品还是照旧。舒姓经理起身离开找到销售员私底下合计约半个小时找到了我，说精品不能全部送，最多只能送贴膜。真是欺负人。我已经按照他们的意思做出了退步，他们又给我来这一招。舒姓经理真是会看人下单，太欺负人了。说他们只按合同办事。销售顾问与顾客口头约定，送的精品可是销售顾问白纸黑字写在合同后面的。舒姓经理真是毫无职业道德！恳求领导给我做出公正的意见！,,,
拆除老建筑旁的违规搭建——“玻璃房”,待回复,城建 投诉,y***,2018-12-3014:05,徐汇区区长方世忠，你好：     反映徐汇区华山路855号复兴西路华山路口老建筑旁有个无证的违章搭建“玻璃房”，这违法建筑不仅占据了公共部位，而且更妨碍了优秀历史建筑的修缮，还严重影响徐汇区全国文明镇的形象。     希望有关执法部门按照“五违四必“精神，对影响城市形象的这处违规“玻璃房”依法予以拆除整治，让城市市容秩序更加规范，城市环境更加整齐，切实提升徐汇区城区形象。,,,
歺饮破墙开后门，油烟无证扰民,待回复,城建 求助,黑***,2018-12-0922:43,尊敬方区长大人：你好：我们是徐汇区小木桥路339号居民，投诉楼下店面房东“良友集团”租给了，羊肉面馆，药膳鸡锅店，香辣鸡米馆店，破墙开后门，违建撘阁楼，三家通宵经营，油烟，浓烈辛辣味，羊肉膻臭味非常严重，剌鼻呛喉，却难以开窗换气，晾晒衣被等，日，夜锅，碗，斩肉撞击声，剌耳马达声，厨房间上面就是居民的卧室，使人头晕脑张，咽痛咳嗽不停，很难睡眠休息体征不段下降，极大影响了居民身体健康，生活。我们全体居民坚决要來取缔。谢谢！！！,,,
聚众赌博扰民,待回复,城建 投诉,弄***,2018-12-0422:24,尊敬的区长，您好！我举报的棋牌室赌博场所位于上海徐汇区襄阳南路239弄3号1楼，该户主非法开设棋牌室内设多台麻将机，聚众赌博。该棋牌室违法聚众赌博，通常营业至凌晨2~3点，麻将声、吵闹声、桌椅拖动声等极其嘈杂，严重扰民。该棋牌室营业时间长期大开房门，参与赌博人员素质低下，严重影响居民楼卫生与安全。每天赌博人员络绎不绝，车辆随意停放，人员进出复杂，安全隐患尤为突出。每天棋牌麻将声，吵闹声，桌椅声~每天营业到半夜，附近居民根本无法安静休息睡眠，甚至影响白天的工作！周边居民曾多次联系物业、社区居委会及110，均沟通无果，影响极其恶劣。当地派出所也表明无法取缔，现在徐汇区正式文明建设中，小区无证经营场所应当关闭，望解决。恳请关注并解决，谢谢！,,,
牛肉拉面馆取缔现换成羊肉面馆扰民无证无照 [,待回复,环保 求助,黑***,2018-09-2819:35,求助、环保我们是徐汇区小木桥路339号居民投诉牛肉拉面变成羊肉面馆，羊肉膻真很严重，晒衣服都不能哂，羊肉馆开后门，违建搭建阁楼，最受伤害的二楼居民，羊肉面馆无证无照扰民要求取缔。求助方区长大人请帮帮我们老百姓的忙，给我的良好的生活环境，健康，干净卫生，安全的万年。谢谢！！！,,,
拆除违规楼顶户外广告,待回复,城建 投诉,y***,2018-09-2413:55,徐汇区区长方世忠，你好：     反映徐汇区吴中路100号、118号楼顶各有一处违规户外广告（广告内容为锦江汽车服务中心、嘉州汽车、锦江汽车等）。多处大型户外广告设置年限已久，四周都是交通要道，如大风一刮非常的危险，市民对这个巨大的公共安全隐患防不胜防，就像一颗颗炸弹时刻威胁着市民的生命和财产安全，存在严重的安全隐患。近期黄浦区南京东路132号一商店店招脱落，砸中9人，这一血的教训，应引起有关部门领导的高度重视。上海市人民政府办公厅近期发出《关于全面开展空中坠物安全隐患专项检查的通知》，要求各区政府、市政府各委办局及各有关单位加强针对空中坠物安全隐患的专项检查，着力消除隐患，不断强化城市精细化管理，确保城市运行安全。希望徐汇区政府根据本市户外广告专项整治方案要求，在国际博览会前，对影响城市形象的多处违规楼顶户外广告依法予以拆除，保障行人的安全，切实提升徐汇区区城区形象。,,,
牛肉拉面馆取缔现换成羊肉面馆扰民无证无照,待回复,环保 求助,黑***,2018-08-1609:39,我们是徐汇区小木桥路339号居民投诉牛肉拉面变成羊肉面馆，羊肉膻真很严重，晒衣服都不能哂，羊肉馆开后门，违建搭建阁楼，最受伤害的二楼居民，羊肉面馆无证无照扰民要求取缔。求助方区长大人请帮帮我们老百姓的忙，给我的良好的生活环境，健康，干净卫生，安全的万年。谢谢！！！,,,
小区停车费问题,待回复,其他 咨询,万***,2018-02-0705:30,区长你好，我是来沪务工在桂林路长丰坊租住一套房，从2017年10月份小区停车费改革，小区住户停车每月150元有租房合同每月300元，不知道小区停车费两套标准合法吗？,,,
中环路浦东到浦西出口设计不合理，造成严重拥堵,待回复,交通 投诉,S***,2018-01-0110:14,区长您好，    我在张江上班，每天开车从浦东回平阳新村都要面临严重拥堵，中环路从浦东过来，出口严重缺少，从济阳路到漕宝路共7公里，只有两个出口，一个是上中西路（两车道），下一个是漕宝路（一车道）（虽然虹梅高价刚开通一个出口，到银都路才有出口）。上中西路出口就是交叉往浦东方向入口的红绿灯，这是出口不畅的重要原因。如果在老沪闵路，虹梅路或者沪闵高架再增加一个出口，上中西路的拥堵程度会缓解。再说漕宝路出口，如果正常排队，每天没有20分钟以上不能从该出口出来。一方面因为前面出口少造成车辆积压，另外一方面漕宝路的出口设计有很大的缺陷：只有一个单出口，而且该出口直接连接的是掉头车道，掉头的车本来就多，只有一个车道，红绿灯时间不够（我也没有弄明白这里掉头为什么要有红绿等），导致排队车辆来不及掉头就堵进中环了。由于拥堵严重又只有一条出口车道，每天下班高峰在这里上演插队反插队的惊险环节，也影响社会公平，造成特别大的社会资源浪费（时间，燃油等）。希望相关领导能做好规划，能解决交通系统的突出问题。谢谢！    顺祝新年快乐！    市民 彭先生,,,
商家建设导致小区房屋倾斜，屋内墙壁破损严重。,待回复,城建 投诉,匿***,2017-04-2403:48,尊敬的区长        家住徐汇区天等路259弄阳光新景，四年前临近商城（上中西路280号天等路凌云一街坊）建造过程中导致我小区临近几栋房子有严重破损，当时商家业主和居委会，楼组长多次讨论也承诺赔偿，四年过去了没有任何进一步发展，我也多次去居委会了解情况，都是已房屋已交付物业没有办法联系解决问题敷衍。        前段时间我也联系了房建办，永远问我住哪住哪。我的问题需要他们解决商场无法联系的问题，一次次的打断我想说明的问题。等待了几天，他们只联系了居委会，我希望机关部门是可以联系商城负责人实际的解决问题，回应是他们做不到，依然没有得到很好的回应。        我希望区长能解决小市民的生活保障。,,,
田林65弄老人们因无法推进改造而失落伤心,待回复,城建 投诉,露***,2017-04-1110:39,上海徐汇区田林路65弄田林二村老破矬的，很多老人因为没有浴室在家搬浴盆洗澡，很多老人都有上厕所还要爬一层楼梯摔跤的经历，重则肋骨摔断。有些老人，病危连救护车都开不进来急救，只因为很多租房的人群私自改造，把路都给堵上。现在好不容易他们盼来了改造，却迟迟推动不下去，究其原因，更多是私自改建的人不愿意，也不知道是不是原有居民还是租房居民，也不知道为什么这么利好的事情，有些人不同意，然后耽搁的最后，确实那些真真实实需要帮助的老人，他们迫切需要改善生活条件，提高自己晚年的生活质量。儿女们也希望每次回家不用担心楼上的私自搭建的楼棚突然掉下，真心希望政府能够加快落实这边的大家强烈的改造计划！！！,,,
徐汇新城小区地面私装地锁严重，投诉不见整改,待回复,城建 求助,b***,2017-04-0116:40,我是徐汇新城（龙吴路1717弄）的居民，自小区竣工以来在小区地面公共车位私自安装地锁成了无人监管的“常态”，新进居民都无处停车，有些车位虽然空着但是因为有地锁，导致停车资源的浪费，以及因为没地方停，有些车主就停在绿化上，导致小区内大片绿化被破坏。小区内的居民曾经多次向居委街道拆违办投诉，但是地锁问题依然得不到解决。我求助与您，我殷切期望您能督促相关部门，让我们小区地锁问题得以解决，并加强对我们小区职能部门的领导，逐步改变小区管理的无序状态。给我们一个好的安全的生活环境，谢谢。,,,
随孩子到上海居住老人的困难,待回复,其他 求助,碧***,2017-03-1110:08,给“人民网”留言：好高兴，有听取群众意见的官网了，我们国家真的在发生翻天覆地的变化！向我们的党倾诉我们的心声和难处。我是一位中学退休教师，在低工资年代工作了30年，如今退休，跟随女儿来到上海生活，由于户口不能随来，所以在生活中带来诸多不便，没有上海医保，看病成了麻烦之事；到了该免费乘坐公交车的时候，也没有免费交通卡，本该享受的福利，却得不到。深表遗憾！政府是否可以考虑，在一个非户口所在地连续居住多少年后，也可以享受免费交通卡！我家孩子在上海工作每年的税金十多万吧！但她的父母在这里却享受不到老人应该有的待遇。,,,
无证经营、严重扰民,待回复,城建 投诉,匿***,2017-02-2007:39,方区长:         我们是本区复兴中路1282弄部分居民，因本弄3号，4号、5号(本弄只有1号-5号)房主将底层出租，而承租方无证经营，分别开设美容、美甲(3号)，纹身刺青(4号)、咖吧茶坊(5号)，至使本来安静整洁的弄堂每天喧闹至深夜，小区安全防盗铁门整夜不能关闭，造成极大治安隐患。三家营业场所为了各自利益，抢占弄堂公共通道，造成居民出行极大不便。望方区长督导有关部门详查整治，停止严重扰民行为，还本弄居民安全、祥和的生活环境。谢谢!                                                          复兴中路1282弄部分居民,,,
公共卫生间收费,待回复,其他 投诉,匿***,2017-01-1908:51,徐汇区康缨菜市场，我上完卫生间出来，他们要收费，他们还告诉我只对市场里面的人不收费，外面进来的一律收费，门口也没有收费公告，公共卫生间要收费合理吗,,,
漕溪二村50-61号小区门口，餐饮无证经营,待回复,城建 投诉,匿***,2017-01-1817:40,尊敬的领导，您好.徐汇区漕溪二村50-61号小区门口的楚园村饭店，无证经营多年，环境污染油烟噪音严重，联系12345多次，但未解决。望领导关心群众，解决有窗不敢开的难题。,,,
居民老房装修改造装修队乱收费,待回复,其他 投诉,匿***,2017-01-1316:35,区长，你好。我是上海市徐汇区襄阳南路435号的居民，现在我们居住的地块在进行老房的装修和结构的加固，这些应该是为老百姓做的事实工程（不应收取费用），但是里面的装修队一直私自乱收费，夸大装修价格，从中收取装修费用，就拿意见居民的厕所来说，他们就改造贴一下瓷砖，装一下马桶要问我收取5000元的费用，也不提供发票和清单，说你们不同意你们找外面的人弄，但是这个应该是老房改造的一部分啊。这种情况希望区长能够及时了解一下，及时给反馈意见，谢谢,,,
田林路沿街商铺噪音,待回复,环保 求助,匿***,2016-12-3016:32,田林路64号妙口全国农副产品大卖场真是嚣张跋扈，促销高音喇叭放的震天响，有时候还用麦克风吆喝！110前来阻止，刚走不久，这家妙口毫不把警察的告诫当一回事，更加报复性开大音量！我们连窗也不敢开！在家休息成了折磨！从2015年10月开业至今噪音问题一直得不到解决，期间还租给苹果园水果大卖场，这家也厉害，居民们打电话去城管，110，居委会投诉过不知道无数次！今年10月妙口又打道回府！暂不说商铺出租当中有几道房东，但田林这条商业街的喇叭促销真的要管管了！签租约的时候就要写明居民区禁用高音喇叭，违约者就应该罚款还不悔改的就吊销营业执照予以惩处！,,,
老板不给钱,待回复,就业 投诉,匿***,2016-12-1216:07,我帮老板做事，事的做完了（7月份做完的）每次叫他给钱都说下个星期给，但是一直没给我，现在打给他直接我电话拉倒黑名单了，连电话都打不通，希望领导帮我解决谢谢！,,,
违规无证破墙开门应依法拆除,待回复,城建 投诉,y***,2016-11-2416:25,上海市徐汇区桂林路567号小区门口违规无证破墙开门，无证开设小买部经营。对无证违规破墙开门、无证经营行为，徐汇区政府要求有关执法部门按照《实施》精神，坚决予以依法拆除，并恢复原样。,,,
上海保保网络科技有限公司,待回复,治安 投诉,匿***,2016-11-0717:11,"各位领导好:我是在广州做保险的,和上海保保网络科技有限公司达成协议,他们帮我介绍15个经他们筛选过有意向,可以见面谈保险的有效客户,9月28号晚上20:02分打2999元钱给保保网,从10月7号国庆放假回来后,就联系不上对方的业务员了,400服务电话,叫我联系他,至如今打电话不接,微信不回.就无人管了,此类诈骗事件,恳请领导百忙之中能抽时间严查此事帮讨回2999元钱,以免更多人上当.以免更多人上当.多谢!多谢!",,,
违规无证破墙开门经营,待回复,城建 投诉,匿***,2016-10-2819:06,     反映徐汇区桂林路567号小区门口违规无证破墙开门经营，对无证违规破墙开门、无证经营行为，徐汇区政府要求有关执法部门按照《实施》精神，坚决予以拆迁，并恢复原样。 ,,,
街边乱发小广告问题,待回复,其他 投诉,匿***,2016-10-2411:11,在漕宝路上海光大会展对面车站有些发售楼广告人员，希望政府有关部门管理一下。,,,
求医,待回复,医疗 求助,匿***,2016-10-1910:40,尊敬的方区长:您好!在上海复旦大学附属眼耳鼻喉科医院，我喉内诊断新生物，住院部己预约，让回家等2到3个月通知住院，我觉得是不是太长了，如是恶性肿瘤，那让我回家等死何异？白衣天使们，救死扶伤是你们的別名，请尽快给我手术吧！我上有老下有小的年龄啦，等不起啊！更请求领导在百忙之中体恤民众疾苦，协调帮我尽快入院治疗。,,,
舒海出租斩客,待回复,交通 投诉,匿***,2016-10-1615:51,今年9月27日，我同老伴在龙吴路银都路扬招了一辆舒海出租车（红壳子），上车后报了目的地（番禺路新华路）。见该司机楞了一会，当时我就在想，又不是冷僻的路，于是又问了句，你是否不熟悉？回答晓得。我也就没在意。直到途中上了高架，（那一段路我也生疏）。还在想，可能该司机有捷径，就随他开吧。直到看到（龙之梦），才觉得可能在（故意）绕道？到了新华路，显示95元（正常不会超过5拾元)。于是我说了句：今天开的时间长了。也因有事在身没有多理论。司机居然会问我发票要伐？回答：当然要。《平常多数是坐大众强生锦江的车说实在很少索要发票》。办完事在附近吃了饭，特地扬招了一辆(大众)回程。到了目的地，显示42元。我打了该公司投诉电话问正常收费多少？无法回答。给了我另一电话（忘了，可查）。我打了该号码，又要我打原来（舒海）电话。这次是要我把发票上信息报了，最后我问了句：什么时候答复我？回答15个工作日。却至今没有该公司任何回复。在网上也看了不少对该公司的\'评价。我以作为国际大都市的上海，如不对此类丑恶现象进行有效遏制，无异于纵容。极大地有损上海应有的大都市形象吧！我会耐心等待有关职能部门给我一个答复，不仅仅是几十元钱的事。此致！,,,
舒海出租,待回复,交通 咨询,匿***,2016-09-2910:53,大众等出租车单价为2元5。舒海却是3元8。合理吗？为什么？,,,
关於对舒海出租车的投诉,待回复,其他 建言,匿***,2016-09-2910:22,对该公司司机斩客的投诉需十五个工作日回复是否合理？,,,
请对这笔款项进行审计,待回复,城建 投诉,匿***,2016-09-2010:56,我是徐汇区虹梅路2015弄航天新苑小区的住户。今年8月，街道拨款对这里的2次供水进行改造。但是，这里的“改造”并没有对供水系统进行一点点实质意义上的改造。而是对破坏了原有的供水系统。施工队仅仅把原来很好的水管割断，用上新水管。而且原来的水管都是从墙里走的暗管，新管全部在走廊里横7竖8乱穿，很不美观。更为重要的是这笔款项是用于二次供水改造的，让居民喝上干净的水，可“改造”后，居民任然喝水箱里的水。对此，居民意见极大。好端端的水管，被搞得乱糟糟的。这种工程到底是民生工程、名声工程、还是败家工程。居民们期望的改造，怎么改造成了这样。居民们不禁要问：施工队的选择是按照程序进行招标了吗？改造工程的项目清单核实了吗？改造的结果与居民、与管理部门的期望一致吗？,,,
关于枫林街道沈家里老公房改短租旅馆的问题,待回复,城建 求助,匿***,2016-09-1717:22,尊敬的方区长：  您好。枫林街道沈家里居委东安二村系50年代建老公房，本就因老旧存在脏乱问题。又因附近有肿瘤医院，有大量外来就医人群，目前越来越多肿瘤医院的黄牛在沈家里做起了二房东，把好好的社区改成了短租旅馆，脏乱差现象及治安管理问题越来越严重。  建议能够着手尽快处理，原因如下：  其一，沈家里大部分老公房是公有性质的租赁房，房屋使用者依据法律没有对外租赁的法律权利；  其二，之前小区有发生过火灾，短租客和流动人口过多造成的脏乱差问题和治安问题已经给原居民造成了非常的的不安全感；  其三，二房东和短租客是不存在对物业使用的责任心的，放任不管这种现象会原来越严重，安全问题发生的概率正在不断加大，等到发生严重的治安事故将为时已晚。希望方区长能够督促相关部门，为上海居民提供一个干净，有序，安全的生活环境，不胜感激。韩斌,,,
赌博机不除危害社会,待回复,治安 建言,匿***,2016-08-2615:21,本人举报上海市徐汇区龙吴路2412号二楼中数网络藏有7台大型赌博机捕鱼机翻牌机，每天涉及赌资高达几十万，多次报警都无效，民警过来走场子之后赌博机仍然继续运营着，有多少人因为赌博机输掉所有积蓄妻离子散給社会带来极大危害也提高了犯罪率，希望有关部门严厉打击,,,
卫生太差了,待回复,环保 求助,匿***,2016-08-0912:16,书记你好。我 是上海市徐汇区建国西路288号上海建工二点集团工地工人，里面的食堂卫生太差了。吃饭的时候还有时候吃的剩菜。酸酸的 人得很多，工作人员什么口罩也没带过 当天没有卖完的，请问卫生局下来调查调查。,,,
整治医院人行道、盲道乱停车现象,待回复,交通 投诉,y***,2016-08-0910:12,    反映徐汇区上海市第六人民医院(宜山路600号)医院周边(钦州北路宜山路)，市民的自行车随意停放在人行道及辅道上，盲道也被占据。这里本来路面不宽敞，医院路段人流量集中，给过往的行人(尤其是盲人)带来不便。一、建议规划好的医院周边自行车停车位，相关部门协调在第六人民医院设立自行车停车场，规范停车秩序。二由于医院周边人行道较窄，为了交通安全，防止发生行人踩踏事故，建议在医院门口的人行道上禁止停放自行车，在医院周边的人行道上设置“禁止停放任何车辆”的警示，并派市场化人员固守，确保医院周边人行道畅通。  徐汇区正在创建全国文明城区，希望徐汇区政府和区文明办加强对这段人行道的管理和巡访，严禁非机动车占据盲道现象。 ,,,
关于违法群主问题,待回复,治安 投诉,匿***,2016-08-0716:31,尊敬的领导你好，在徐汇区钦州路111弄6号2506室房屋里存在严重违法群租行为，该屋里摆满了上下铺床，由于床不够，还在地上打地铺，上上下下住了16余人。而且这屋为一室一厅一厨一卫，除了厕所，哪儿都是地铺。还存在男女混住，性质恶劣，房里臭气冲天，垃圾半月不扔一次，堪比垃圾堆，而且里面的床还是二手的，轻轻一晃吱吱作响，存在严重安全隐患，下面附上真实照片，由于太多拼在了一起，希望有关部门实施突击检查，确保检查质量。谢谢！,,,
关于襄阳南路，永康路酒吧一条街,待回复,城建 咨询,匿***,2016-07-1414:35,襄阳南路永康路是上世纪二十年代建造的砖木结构的老旧建筑，房屋早已严重倾斜，特别是临街的房屋，在临街房屋的后面弄堂里就能看到房屋在用粗大的木头在支撑。临街的房屋下面还有上世纪挖的防空洞。作为居住在此危房中的居民希望政府能够协调置换或动迁。,,,
让我们晚上能睡个安稳觉！,待回复,其他 求助,匿***,2016-07-1016:16,我们居住在安福路53弄与55弄的动迁空地一墙之隔！因住在楼上打开窗户每天面对这一片野草丛生垃圾遍地的空地！因长期没人管空地低洼处形成几个小河浜！从三月开始苍蝇蛇子就多起来了！从前年开始不知那来的赖蛤蟆整曰夜的叫尤其晚上声音之大简直无法入睡！虽然它是益虫应回到农田里去！我们请求区长帮忙把小河浜填掉让我们能打开窗户睡个安稳觉！,,,
公共绿地露天KTV扰民不休,待回复,治安 求助,匿***,2016-07-0515:08,位于徐汇区华发路58弄徐汇华园里的河边公共绿地，自今年6月份开始有一群人晚间7点到9点，不断使用大功率的外放音响设备唱歌，唱的沪剧之类的歌曲，声音之大，不仅严重影响本小区的安静环境，河对岸的小区也收到严重干扰！多次晚间报警、多次告知居委请他们帮助制止，都没有效果，有时候还故意唱的更响！上海的地方性法规明确了在住宅集中区域是禁止使用这类公放设备的！派出所甚至可以对不听劝阻的人进行处罚！但是事实上并没有！只要不下雨，这群人就唱的肆无忌惮，完全不顾周边居民的感受！恳请区长要求下级机关认真对待此事，取缔这种恶劣的露天KTV！还我们一个安静的休息环境！,,,
龙腾大道交通信号灯设置问题的建议,待回复,交通 建言,匿***,2016-06-1310:17,随着徐汇滨江的建设，整个环境都有了极大改善，感谢区政府领导所付出的极大努力。同时，随着龙腾大道车流量的增加，在龙腾大道靠近龙华中路口的连续两个交通信号灯（相隔不超过200米，且不同步）造成人为车流拥堵希望也能尽快调整，让早高峰交通不要拥堵。谢谢！,,,
拆迁置换谏言关于徐汇区永嘉路250弄8号至14,待回复,城建 建言,匿***,2016-05-2411:35,区长您好！我是250弄8号居民我代表我们4户人家向政府机构吐诉一下情况，我们四家人家是藏在小洋楼夹缝处，房子单墙结构，现在房子多处裂缝，地皮也有裂缝，冬天我们在大墙下晒不到太阳热天风也吹不进我们的小平房，现政府为我们大修过但治标不治本，我们面前小洋楼是不可能拆掉但我们在他下面，政府也遗望这个角落，忘政府能体谅我们小老百姓之苦，现听说在搞我们零星旧里置换我们弄堂对面293弄这次街道向他们征询，我想政府是否也让我们四家人家搭上他们的置换工程。望区长能考虑我们的谏言。此致。                                                                                                                                                                                                                           敬礼！,,,
延庆路8号大碗面店油烟直接排放马路上,待回复,环保 投诉,匿***,2016-05-1314:11,鲍区长您好！我是延庆路的居民，这几天徐汇区启动了对风貌保护区内的违法建筑、违法经营等行业的集中整治了延庆路，老百姓都非常赞！向您反映的问题是，延庆路8号大碗面的空气污染情况，他们早上经营大饼油条，中午和晚上是炒菜，排油烟机直接对着马上，没有任何环保措施，人行道上满是油污，严重污染环境，居民们强烈希望趁这次风貌区生态环境综合整治行动，让该店整改和调整业态！！！！               ,,,
游戏机房危害大,待回复,治安 投诉,匿***,2016-04-2218:01,罗秀路410号一个游戏机房在邓姓的负责人带领下聚集了一帮闲杂人员聚众赌博，搞的人倾家荡产妻离子散，受害人多次报警也不了了之，而且还被郑姓老板以恐吓威胁打骂等方式报复。请政府部门严厉查处不法分子，能给受害人一个心里安慰，给危害社会的不法分子一个严重警告。,,,
养近十条狗，严重扰民，楼道恶臭,待回复,其他 投诉,匿***,2016-04-1416:09,尊敬的鲍区长：我们是百色路汇成五村82号的居民，本号602室的长期以来在家中养了近十条狗，群狗上上下下，吠声不断，随意地在楼道中大小便，造成恶臭，把一个原本好端端的文明之楼，搞得脏乱不堪，我们居民在里面行走简直无从下脚，我们已经许多次向有关部门反映此类情况，均得不到解决也无改善。只能求助于区长您了，望您能为民作主，还我们以清静！谢谢！,,,
严重影响消防安全通道,待回复,治安 求助,匿***,2016-02-2711:54,区长，您好！我是田林路65弄居民，田林路65弄已经有过二次重大火灾事故，65弄30号居民一直在楼道内堆放杂物垃圾，并且把消防灭火器移位，占用消防通道，容易引发不安全事故，楼上住的都是老年人，反应迟钝，请相关领导检查并消除安全隐患，非常感谢！,,,
平江路49弄13号旧房成套改造,待回复,城建 求助,匿***,2016-02-1415:13,区长您好，我是平江路49弄13号居民，成套改造计划已有5年了，方案也一改再改，一共十几户居民，有好几户不愿最终签字，我希望政府能关心我们买不起房但想改善居住环境，能拿出大家能满意方案，早日改建或置换。,,,
小区冻爆的水管何时修,待回复,其他 求助,匿***,2016-01-3016:02,鲍区长，您好，我家已经一周没有水了，该怎么办呢,,,
关于赌博违法游戏机房,待回复,治安 投诉,匿***,2016-01-1310:52,龙华派出所包容黄石路27号蓝色门有游戏机房里存在的赌博行为希望有关部门进能力查处！也想上机部门能查处有关违法行为,,,
住在老的公用房子，每天都摇摇晃晃，安全没保障,待回复,其他 求助,h***,2016-01-1220:14,我们是徐汇区斜土路2175号居民。我们所居住的房子是5层楼的老公房，房龄已经有40多年了，为70年代老建筑。   因房屋是临街建筑，离马路非常近。我们晚上睡觉时马路上只要有汽车开过，整个房间会摇晃，墙上几次都有裂缝，几次刚装修好没多久就开裂。   整幢房子的地基是往下沉的。外面看上去两边高，中间低。房子随时都有危险情况发生。      希望上海市徐汇区政府，能将老百姓安全放在首位。这样临街的老房子汽车开过房子摇晃不停的建筑是否还能居住？   居民的生命安全是否有保障？     希望新的一年政府能对这房子的安全隐患有切实解决的方案。彻底的解决方案，让整幢房子的居民能安全生活！,,,
关于漕溪三村501弄两幢危楼的拆迁延期,待回复,城建 咨询,匿***,2016-01-0510:17,敬爱的鲍区长，我住在漕溪三村501弄，这是两栋建于上世纪五十年代的公房。这里没有卫生设施，每到下大雨，污水倒灌。居民生活艰难。2008年，市领导亲临，曾诺言为我们改善居住条件，拆迁小组已经带我们看过新房。可多年过去了，拆迁仍然没有推进。望鲍区长能关注我们弱小的老百姓。感恩！,,,
长桥2村50号203非法经营棋牌室,待回复,治安 求助,魔***,2015-12-1914:12,区长 您好  我是住在长桥2村50号一楼居民，由于二楼203家中非法经营无证开设棋牌室，天天打牌打麻将直到晚上12点有时到半夜2点，麻将机洗牌声及人们吵闹声等，严重影响我家夫妻2人正常起居。我夫妻2人快70岁了，我还患有高血压，心脏病。通过这个事件，我们也曾多次拨打110投诉到12345，经民警调解无果。他们照常营业。甚至威胁我们夫妻2人人身安全，我们也实在是没办法了，想通过给您留言，希望能得到解决方案。非常感谢！长桥2村50号103室留,,,
小区被疯狂偷到电瓶车,待回复,治安 求助,威***,2015-10-0913:45,我是徐汇区桂林路567弄长春新苑小区居民，本小区电瓶车被盗情况十分严重，本人在两年内被盗3次，被盗走两台电瓶车，没有盗走的那次是因为电瓶车没电了，贼把电停在了门口，后来我把这台车换到了本小区另外一处30层楼的楼下停，那楼下停的车比较多，我想要偷也未必就偷到我的，没想到还是被盗走，昨天，也就是10月8日晚上12点，我听到楼下警报声响起，隔着窗子看不清有树挡着，但明显有人在盗开电瓶车，还有拿工具的声音，多了没多久，就看到一部电瓶车被骑走了，大约十分钟后，就听到不远处又有警报声响起，不用说肯定又在盗另外一部电瓶车，盗贼如此猖狂，我现在越来越相信贼就是本小区的居民，那可以想象 以前多次在深夜听到的电瓶车警报声，其实都是贼在盗车，如果你们来走访下就会发现本小区，多的人家至少被盗6部电瓶车，以至于现在电瓶车用旧了可要可不要的时候，只需要放停放在楼下 没几日就会被贼偷走，你说可笑不可笑。这事还能不能解决了,,,
关于田林65弄改造计划受阻问题,待回复,城建 求助,匿***,2015-10-0410:39,本来听到政府愿意改造田林路65弄这块，想到能改善父母居住环境，没有浴室还使用公共厕所不方便深感欣慰，毕竟我父母十分期盼政府能改善居住状况。但有十多名居民不同意改造，不同意改造的原因大多数是因为已经违章改造了房屋，在阳台外搭建了空中浴室，还有已经扩大了违章建筑租赁他人，从中获益！对此，我仅希望政府能够考虑到人民的生命安全为第一，（因为我们这边实在居住人口太过密集，大多数违章建筑搭建在阳台外的浴室，每次走在楼下，都十分惧怕）还有大多数人搭的违章建筑，肆意该管道等，都增加了风险）。所以希望政府能够改善大多数需要改善生活条件的老年人为首要。真不希望改善父母一辈生活质量因为个人利益而被停止耽搁。能给予一些推进。万分感谢！,,,
当兵退伍。反而落了个黑户,待回复,其他 求助,匿***,2015-09-1414:26,本人于2012年12月当兵，2014年12月退伍。由于退伍回来时父母将房子变卖，并没有资金另外房子，导致本人到现在都无法落户，当地武装部，民政局，公安局等地我已跑过多次。但仍是没有解决。完全就是推开推去，我只想说，为国家当兵，反而落了个黑户口，真心需要求助。,,,
一年多未领到社保金,待回复,其他 投诉,匿***,2015-08-2014:49,我母亲陈作英452226193806233924 原在徐汇区社保中心领取社保金，由于不知农保也是社保，得原来委后我以经到当地社保部门退保并把当地开具的证明寄到徐汇区社保中心。但徐汇区以在网上平台查到我妈还在当地领取社保为由自2014年2月至今停发社保金。我多次去信要求给予解决至今未得到解决，他们的电话包括1233在内从来没有人接所以希望区领导督促早乆给予解决。,,,
桂平路张家浜菜市场差,待回复,治安 投诉,匿***,2015-08-1115:45,尊敬的鲍区长，我是一名普通的个体工商户， 现在向你投诉位于徐汇区漕宝路桂平路旁，钦州南路至漕宝路中环辅道边上的张家浜市场，借菜市场为名，在院内违规建了几十间门面出租给一群外地来沪人员用做商铺。这帮人在里面销售假烟假酒，饮料，小食品，百货牛奶等等。他们无营业执照，无任何证照经营，希望能得到帮助和解决,,,
桂林西街沿街车辆强占停车位及乱停放,待回复,交通 投诉,匿***,2015-07-2911:06,区长你好 我是居住在桂林西街沿街小区的居民 ，目前早晚高峰小区车辆行人出行非常困难 ，就其原因1.小区周边学校众多 2.停泊车辆众多（且无人管理）.早晚高峰期间，送行车辆往往会占据唯一的行车道路，鸣笛声叫骂声不绝于耳.在学校门口原本供临时停车的位置也常年被霸占（有使用黄鱼车占位的，有使用旧家具占位的，甚至有助动车和家具结合占位的），沿街景象堪称脏乱差.希望有关部门能够结合道路资源使用实际情况 设置合理的可停靠及不可停靠时间 还路于民 杜绝危险（碰撞 吵闹 交通事故）的发生.,,,
噪音扰民，无法可管,待回复,治安 求助,匿***,2015-07-1517:07,徐汇区东安路50弄小区门口天天有露天卡拉OK，打110、12345无数遍，警察说没有相关法律可以制止。现在50弄居民群情激愤，时常有打架现象，治安也相当差。南报网于2011年10月13日报道了首例警察处罚露天卡拉ok，为什么上海警察对露天卡拉ok束手无策？难道露天卡拉ok是正确的，是上海这个大都市应有的现象吗？请求公安或者环保等相关部门能采取有力措施取缔露天卡拉ok，谢谢!,,,
我自己户口无法申领,待回复,其他 求助,匿***,2015-07-1114:14,书记你好！我是安徽打工的，感谢国家政策让打工仔也能过上好生活。我是2004年在上海和我的爱人结婚的，《她是徐汇区华泾镇华建一街坊人》我04年养了个女儿，现在12岁了。在2012年的时候又养了个儿子，当时我问过居委会和镇计划生育，派出所。他们当时让我到安徽开个证明，证明可以生二胎，然后再生，我当时也到安徽把证明都开好了，小孩在10月3号养下来了，户口也顺利报好了《那时国家二胎政策还没有开始施行》。现在的问题是我的户口问题，在国家的政策下我10年以后可以申领上海户口，再我所有的材料都交到华泾派出所的时候，户籍民警告诉我说小孩没有准生证。《当时我小孩没有出生之前我问过他们，他们也没有要求必须办理准生证的，只说有证明就可以了》。现在要求我到安徽当地去办理准生证，都那么长时间了，我到当地人家也不给我补办。我现在不知道如何是好，希望领导能给我指导一下。谢谢,,,
上海徐汇区凯旋一村小区门卫扰民,待回复,其他 投诉,匿***,2015-06-0619:33,上海徐汇区凯旋一村小区门卫扰民，晚上十点多还大声喧哗，和人聊天与收听广播我们在6楼都能听到，希望能尽快解决。,,,
关于漕东三路漕溪三村动迁问题,待回复,城建 建言,匿***,2015-04-2716:37,区长，您好！漕东三路漕溪三村的2幢三层楼房住房没有卫生设施，其中厨房均为3户居民合用，也没有阳台，这些经常造成邻里纠纷。2008年说动迁延期，至今仍未有动拆迁的消息，在这里的居民住房条件极其困难，望有关领导能够给予重视。,,,
人资中介公司向求职者收取费用合理吗,待回复,就业 投诉,匿***,2015-04-1516:34,最近一段时间刚换了个新工作，但离报道时间还有10天，由于生活成本原因，打算找一个兼职度过这10多天，在58同城网站找到一个依影文化传媒公司，网站上宣传每天至少200报酬，去公司面试，并交了680元中介费，但实际公司给发的报酬只有50左右！！1.中介公司向求职者收取这些中介费合理吗？2.公司宣传报酬和实际支付报酬不一样，是不是欺骗求职者？,,,
居民小区变成私人收费停车场,待回复,治安 咨询,匿***,2015-03-3113:40,区长您好！肇嘉浜路687弄整个小区变成一个姓王的私人收费停车场，牙防所看病的收费15元一辆车，还挂出中山医院停车场牌子，招来更多的车，经常发生纠纷争吵，严重影响了小区居民的人生安全，和正常生活，居民多次反应无效，他有后台，小区门口搭起小卖部，前年小卖部失火，连门房都一起烧掉了，找了人没几天又搭了起来，希望有关部门能够查一查后面到底有什么人在给他撑腰,,,
田林路65弄改建问题,待回复,城建 咨询,匿***,2014-09-2911:09,田林路65弄是徐汇区最陈旧的居民小区之一。其中厨房和卫生间均为几户居民合用，也没有阳台，这些经常造成邻里纠纷。随着城市建设的发展。10多年来，65弄居民风闻了太多的各种整改方案。但到今天，65弄已经变成一个到处违章搭建，建筑机体遭到大肆破坏的脏乱差小区。请问领导，对65弄有切实的整改规划了么。什么时间段能真正落实呢。,,,
拨掉毒烟冲，刻不容缓,待回复,治安 咨询,匿***,2014-08-0710:30,龙川北路789号草津电机厂是一家电机生产厂家，由于电机线圈要浸汜。至今还保留一只排放有毒有害气体的毒烟冲，危害周围居民和南站乘客的健康多次反映无果请政府有关部门介入坚决拨掉毒烟冲为民除害,,,
龙吴路2418弄80号1楼无证棋牌室扰民！！,待回复,治安 感谢,匿***,2014-06-2614:10,"您好，我举报的棋牌室位于徐汇区龙吴路2418弄80号102室，该租户在屋内设多台麻将机，该棋牌室以麻将形式进行赌博活动，棋牌室麻将声，吵闹声，讲电话声严重扰民，棋牌室一般经营到凌晨3,4点才结束。周围邻居无法休息好，苦不堪言，严重影响到白天工作。他们严重侵犯了我们的相邻权。和谐社区何在？对此，我们通过各种渠道反映过问题，得到大答复始终是转交相关街道跟进，但基本无效，从未有下文，棋牌室继续深夜扰民。老百姓用毕生的积蓄再加贷款买套房实属不易，不知道如此的噩梦何时才能结束，无奈之下只有求助区长信箱，上海市营业性棋牌室管理暂行规定里面的第八条第四点规定，居民住宅（包括居民住宅楼内的商业用房）不可以开设棋牌室等经营性场所，既然有了规定，为什么执法部门不能依法治理，任由发展。请区长关注并解决,谢谢!",,,
徐浦大桥上每天有非机动车在开，影响行车安全,待回复,交通 投诉,匿***,2014-06-1916:25,尊敬的区长：    我是一个企业管理人员，家住浦东，工作单位在龙吴路双柏路，每天上下班要经过徐浦大桥，发现非机动车上徐浦大桥的情况很普遍，险象环生，严重影响机动车的正常行驶，非机动车要占用一根车道，使本来就流量高的徐浦大桥，通行能力大大下降。今年以来每天早上上班的时候浦东的匝道口有二名交警或者三名协管员在阻止非机动车上桥，效果明显，基本上没有非机动车能够上大桥。但是下班时，在浦西徐汇区这一头，非机动车非常多开上大桥，我走徐浦大桥共有12年了，一共看见5次我们交警在浦西匝道上拦截非机动车上大桥，最近一段时间，看见桥上的助动车越来越多，还与机动车抢道，危险很大。我也不知道这种事情向哪个部门反映，所以冒昧向区长同志反映，希望区长能够协调相关部门有所作为，为我们老百姓做一些实事，消除安全隐患，为广大的在徐浦大桥上行驶的机动车驾驶员创造一个良好的行车环境。谢谢！,,,
上海小学强制购校服,待回复,教育 投诉,匿***,2014-04-0708:33,"敬爱的领导, 您好! 九年义务教育中, 强制订购校服是否是变相的强制消费?徐汇区上海小学2013年开始从之前的一套校服变为三套(夏,春秋,冬), 平均每套200.学校虽然在各班微信群中征求过家长意见但并没有公开透明过全校家长的意见，现在更是在学生带回的作业单中留言要求周一至周四每天穿，若有困难可找班主任，可又有哪位家长敢于给班主任增加麻烦呢？学校需学生每天穿校服的理由是增强精神面貌。难道简单的白衬衫运动裤就不能达到同样的目的吗？家长完全可以根据要求自备。每天穿校服意味着家长需每季多定一套，这给家庭困难的学生增加了不小的负担。校服的质量一直也是可问题，面料冬不足以保暖，夏又面料厚重，不够凉爽。学生穿着并不舒适。 虽然校方称有测试报告，一没有出示过，二一件两件的测试报告并不能证明所有校服的质量。小学生的年龄段还不会有明显的穿着攀比意识。 正确观念的形成并不是靠穿校服达到的，而是需老师家长的正确引导。 孩子是祖国的未来， 真心希望学校能真正关心孩子心理，身体的健康， 从实际有效的方面提高学校素质。希望领导同志可以进一步向学校家长了解情况。谢谢！",,,
关于田林路65弄住房问题,待回复,城建 建言,匿***,2013-11-1816:32,尊敬的领导，田林路65弄红房子是徐汇区最陈旧的居民小区之一。其中厨房和卫生间均为几户居民合用，也没有阳台，这些经常造成邻里纠纷，并且在今年4月13日发生了火灾。至今仍未有动拆迁的消息，在这里的居民住房条件极其困难，望有关领导能够给予重视。,,,
