标题,状态,领域,用户名,时间,内容,回复单位,回复内容,回复时间
上海青客公寓,待回复,企业 求助,c***,2019-11-2918:06,我就想问问青客公寓为什么不退租客押金，各种理由到现在至今没有退，我们都是按合同走的，住满才退房的，但是押金一个多月就是迟迟没有退，打他们公司电话像踢皮球一样，希望有关部门能管管,,,
嘉宝梦之月项目物业费远超周边,待回复,城建 求助,W***,2019-11-2810:01,"嘉定区菊园新区新交房的嘉宝梦之月项目，物业费4.8/平，停车费600/月，严重超过嘉定其他同类型楼盘平均水平，且配套比同类型楼盘只减不增，要求物业出示收费项目明细，物业推脱。业主维权与物业经理交涉，作为落户嘉定的新上海人，本来对嘉定生活充满期待的，无奈房子还没交，就面临高额的住房成本，周边小区远低于梦之月的标准。希望书记可以给老百姓做主！！！附周边小区的物业费及停车费统计数据：1.梦之月，4.8，600 。2.梦之湾，3，300。3.合景叠翠峰，2.9，150。4.禹州老城里，3.2，300。5.保利海上五月花，1.7，300。6.天居玲珑1.95，300。7.万科物业3，地上150，地下 300 。8.绿地天呈  3.0  500。9.大成郡 3.2  300（全部地下） 。12.悠活城，2.1,地上150，地下300。",,,
美陈广场存在重大消防隐患,待回复,城建 投诉,y***,2019-11-2809:22,"反映嘉定区曹安公路1777号美陈广场（原名协城），是一幢大楼, 属于人员密集场所，是全市最大的鲜花批零市场。该商场存在消防通道不畅和占据消防通道等现象严重，调研中发现不少商铺将商品堆放在档口前面的通道上，有些安全出口、通道内、消防器材旁等也有乱堆物现象，还有一些商铺内灭火器被遮挡等问题。一旦发生火灾，就比较容易因人员疏散不及时而导致重大的人员伤亡。特别严重的是看见有个",,,
物业猛过虎！普通百姓噤若寒蝉！,待回复,城建 求助,W***,2019-11-2715:34,嘉定区，菊园新区，新交房的嘉宝梦之月项目，物业费4.8/平，停车费600/月，严重超过嘉定其他同类型楼盘平均水平，且配套比同类型楼盘只减不增，要求物业出示收费项目明细，物业推脱。业主维权与物业经理交涉，嚣张跋扈，希望书记可以给老百姓做主！！！,,,
安定一方惠民一方,待回复,治安 求助,天***,2019-11-2508:50,尊敬的领导，我是江桥镇鹤旋路500弄水岸秀苑居民，近来小区内无主野狗乱窜成灾，更不用提野猫了，特别是小区河的西侧一面。尾随车辆及行人，狂叫不止。大人小孩都不敢随意出门更别说在小区闲逛，请求地方领导督促居委及物业尽快解决。另外一个小事是小区出入口都有摄像头和强光灯，是为了记录进出人员，为了安定一方保平安。但强光灯对眼睛的伤害不小，特别是对小孩，每天进出都要面对强大的光照眼睛受不了？我恳请领导晚上的时候亲自体验一下就知道问题所在了？,,,
奔驰4S店捆绑销售、违约、设置消费陷阱,待回复,企业 求助,W***,2019-11-2208:48,尊敬的领导，您好，我作为一名普通的人民群众，最近遇到了些无法解决的问题，需要求助领导，恳请您百忙之中帮忙给出宝贵意见。简述如下：1.我在2019年9月初在上海中升之星汽车销量服务有限公司（地址：金运路99号）购买了一辆奔驰E300L轿车，同时被强制购买了加装产品：置换轮毂、行车记录仪等项目，加装合同金额14300元，详见附件，如不够买加装产品，便不给予总价优惠，为了达到他们的某种目的，引导客户被捆绑销售。2.签约前确认好的轮毂式样（AMG五幅轮毂），提车后被中升之星4S店不同的人员告知一会没货一会停产，至今尚未履行合约，中间多次与中升之星4S店投诉部负责人协商解决方案，在4S店投诉部负责人机械式逼迫下（有录音）要求我说出我的诉求，我为了尽快解决这件事便提出诉求：要么把轮毂按合同装上要么赔偿轮毂的市场价（普通改装店价值15000元左右，4S店价值30000元左右）及对拖延两个多月的时间赔偿。4S店回复不可能，诉求太高，仅愿意退回12900元，其他无任何赔偿。也就是说，签约前诱骗我签合同给予的优惠，在其无法履行合同时仅退回部分合同金额就可以溜之大吉了，那我是不是可以因为没有了签约前的优惠要求把车退掉呢？3.签约前确认好的行车记录仪为隐藏式，提车后被告知仅电源线是隐藏式，我也去问了部分奔驰车友，也遇到类似情况，这是在设置消费陷阱欺骗消费者呀。4.中升之星4S店售后态度强硬嚣张，在给我打第一个电话的时候就试图恐吓我，说：如果我不想理你，便不会接你电话，你反正也没有什么办法，所以在我能给你好好协商的时候，就赶紧同意，否则，得不偿失。之类的话，果然，我现在打电话给他们，一直拒接，现在是想把此事不了了之，违约且不赔偿，导致我现在轮毂也没置换，赔偿也没有，行车记录仪也不给换，无法联系到4S店。以上便是我想要求助的内容，望领导给予帮助，谢谢。,,,
嘉定嘉宝梦之月开出天价物业费、停车费,待回复,城建 求助,W***,2019-11-2114:30,1、嘉定嘉宝梦之月开出天价物业费4.8元/平、停车费600元/月堪称嘉定之最。与此同时未看见物业能开出这个价格与之匹配的配套设施。前几天业主要求与开发商和物业公司见面详谈，开发商和物业避而不见。2、劳动人民的钱都是血汗钱，为了买房已亲尽全力，之后还要负担这么多的物业费和停车费。相比周边差不多环境的小区，甚至于嘉宝梦之湾同属一个物业公司，我们的价格也比他们高出近一倍，但是环境还没有他们的好。3、恳请章书记为我们这些走投无路的群众出面与开发商和物业协商，明确物业费4.8元/平、600元/月的停车有什么服务和设施与之匹配,,,
嘉宝梦之月物业费停车费,待回复,城建 投诉,W***,2019-11-2109:10,嘉宝集团旗下嘉宏房产开发的嘉宝梦之月小区位于嘉定陈家山路1399弄，11月底即将交房。开发商和物业定出了4.8元/平/月的物业费，600元/月停车费（嘉定的物业费市场水平在1.7-3.5之间，停车费都是300元/月）同为嘉宝物业公司管理，临近的嘉宝梦之湾是3元/月。购买时，销售说预售合同上的物业费只是暂定了个价格，最后的实际价格和周边小区差不多的，而且是和梦之湾共用物业的，最后定价要去物价局审批的。我们信了，可交房在即，却告诉我们审批价格就是4.8。停车费600/月。 ,,,
嘉宝梦之月收取巨额物业费停车费,待回复,城建 投诉,W***,2019-11-2109:02,尊敬的区委书记       最近新开盘的小区嘉宝梦之月就要交房了，然而物业费4.8/平方，停车费600/月，远高于周边小区，一年费用需要1万以上，让工薪阶层的我们难以接受。,,,
章书记请您百忙之中抽空关注我们一下,待回复,城建 求助,W***,2019-11-2109:02,章书记您好！嘉宝梦之月（陈家山路1399号）小区物业费和停车费创嘉定新高，分别为4.8元/平，600元/月，对于物业费，购房合同上只规定了服务费，没有对应的服务内容，且小区没有能匹配上这么高物业费的设施，如游泳池，健身房，等等配套设施与其他同领域的小区设施一致（如优活城2.4元/平，万科2.4元/平甚至环境更好的梦之梦別墅区才3元/平）但是物业费翻倍，对于停车费，购房合同上并未明确写上，一直到临近交房才通知600元/月，比起大多数同位置小区的200–300元/月直接翻倍，购房合同就是霸王条款，不公平，不公正，没有物业义务，只有让业主交款的条款，我们求着去跟开发商、物业协商，他们根本不见我们，百姓实在没有办法，恳请领导出面为老百姓与开发商、物业协商，明确4.8的物业费到底是什么样的服务与设施，与之匹配，翻倍的停车费也没有与业主协商。老百姓泣血求回复。,,,
区委书记您好!,待回复,企业 投诉,l***,2019-11-1908:43,我们在美建有限公司工作9年多，公司这几年每年签一次劳务派遣合同。我们咨询过劳动局，说公司合同不合法。还没到签合同日期，我们真的不想签这份公司拟定的这份合同。这几天公司人事又让我们签，说不签就做好准备吧。,,,
嘉宝梦之月物业费停车费过高,待回复,城建 投诉,W***,2019-11-1817:03,1、嘉宝梦之月物业费4.8元/平，远超周边小区，且没有配套设施，合同内未写物业服务项目；2、关于停车费，停车费600元/月，超出周边小区一倍，2019年前的预售合同未明确停车费用，只表明根据物价局定价收费，而2019年后的预售合同就明确600元/月，这个价格是物价局定的吗？是以什么标准定价？   老百姓为买房已倾尽所有，如此之高的物业费和管理费已无力承担，望领导调查并协调此事。,,,
嘉宝收费，无法安家生活！,待回复,城建 求助,W***,2019-11-1816:34,1，嘉宝梦之月小区位于陈家山路，本年11月底交房。2，小区物业目前定价4.8元，按目前小区内配套来看，价格奇高。3，停车费600元，也是嘉定最高。日后买车也还要每月120元管理费，这种恣意妄为强制的收费4，小区无论地理位置还是绿化和配套设施，和周围同样小区相比都是高出非常之多，这样普通的小区确是全嘉定最高，实际比市区很多地方还高。        以上情况请领导安排相关部分充分了解一下,,,
嘉定区育英街饭店油烟噪声扰民，,待回复,环保 投诉,h***,2019-11-1815:48,嘉定区马陆镇育英街两侧饭店林立，油烟违规排放，导致街道两侧居民小区油烟弥漫，噪声污染严重。居民无法开窗换气，长时间在油烟弥漫的环境里，多数常年患呼吸道疾病。本人和社区居民持续两年多时间，很多次向环保部门反馈，一直没有得到有效改善。恳请章书记责成相关部门处理，还给居民一个正常的生活环境。育英街小吃店油烟管道由店面背后引出伸至背后育兰二村，经年累月墙体上油渍沉积发黑，异味刺鼻，油烟机声，排风扇声，噪声扰民，居民无法正常开窗换气，无法正常作息生活,,,
嘉宝梦之月小区物业费和停车费收费高,待回复,城建 投诉,W***,2019-11-1811:27,嘉宝梦之月（陈家山路1399弄）小区物业费和停车费创嘉定新高，分别为4.8元/平，600元/月。对于物业费，购房合同上只规定了服务费用，没有对应的服务内容，且小区没有能匹配上这么高物业费的设施，如游泳池、健身房等，其配套设施与其他同领域的小区设施一致（如优活城2.4元/月，万科2.4元/月，甚至环境更好的梦之湾别墅区才3元/月）但是物业费却翻倍。对于停车费，购房合同上并未明确写，一直到交房才通知600元/月。比起大多数同位置小区的300元/月，直接翻倍，购房合同就是霸王合同，不公平，没有物业的义务，只有让我们交费的条款。我们求着去跟开发商协商，开发商根本不见我们，百姓实在没有办法，恳请章书记出面为百姓与开发商协商，明确4.8的物业费到底是什么样的服务能够与之匹配，翻倍的停车费也没有与业主协商。百姓泣血求回。,,,
开发商霸王条款，百姓四处维权无人帮维,待回复,城建 求助,W***,2019-11-1811:27,嘉宝梦之月（陈家山路1399弄）小区物业费和停车费创嘉定新高，分别为4.8元/平，600元/月。对于物业费，购房合同上只规定了服务费用，没有对应的服务内容，且小区没有能匹配上这么高物业费的设施，如游泳池、健身房等，其配套设施与其他同领域的小区设施一致（如优活城2.4元/月，万科2.4元/月，甚至环境更好的梦之湾别墅区才3元/月），但是物业费却翻倍。对于停车费，购房合同上并未明确写，一直到交房才通知600元/月，比起大多数同位置小区的300元/月，直接翻倍，购房合同就是霸王合同，不公平，没有物业的义务，只有让我们交费的条款。我们求着去跟开发商协商，开发商根本不见我们，百姓实在没有办法，恳请房管局能为百姓与开发商协商，明确4.8的物业费到底是什么样的服务能够与之匹配，翻倍的停车费也没有与业主协商。百姓泣血求回，万分感激。,,,
马陆镇樱花街111弄45号水产店无证经营,待回复,企业 投诉,W***,2019-10-1314:39,位于嘉定区马陆镇樱花路111弄的苹果园果品批发商行，位于交通要道，营业期间占道经营，经常造成道路拥堵，而且无证经营，卖水果的店不仅卖蔬菜，而且还卖水产以及海鲜等冷冻食品，严重危害公众健康，望领导能尽快处理！,,,
住宅区内噪音扰民,待回复,治安 投诉,H***,2019-10-0919:45,事情经过：嘉定区鹤霞路600弄城杰苑内，小区广场舞噪音扰民！报警3年多，毫无效果。封浜派出所直言管不了。让我自己去找居委。居委说没权利管。12345也已经投诉多次无果！  诉求：小区内应当严禁使用大功率外放音响，小区周边50米范围内有三个中小型公共绿地，小区门口也有舞蹈室，不应该在小区内噪音扰民。希望民警可以依照噪声法进行执法！,,,
上海菱云拖欠工资,待回复,就业 投诉,没***,2019-09-3013:48,领导您好，本人于2019.8.30号于上海菱云汽车销售服务有限公司正常离职，可公司老板再三拖欠我工资，望领导帮忙解决,,,
通宵打牌扰民、电动车警报响彻整夜……,待回复,环保 投诉,愿***,2019-09-2609:20,"本人住嘉定区江桥镇金园一路1118弄双佳翠庭。现时常受到该小区噪音干扰。我相信不止我一个人受到此干扰，也不知道受到干扰的人有没有去采取相应的措施去投诉也好，举报也罢，时常整夜整夜受到干扰，生活实在苦不堪言，白天要上班，晚上还被折磨的整夜睡不着觉，希望相关领导能为百姓做实事，还小区一片安宁。该小区目前较为严重的情况：
1、碰到刮风下雨的天气，小区路面上停放的各种电动车，车上的警报会一直疯狂的叫，整夜的叫，噪音会辐射周围一圈居民；
2、54号楼某居民，喜欢赌钱打牌，情绪激动，时常大吼大叫，跟打架似的，凳子也是拖来拖去，声音刺耳，噪音也是辐射周围一圈居民。
重点在于，这两种情况，都是整个通宵的噪音，实在扰民，往相关部门能积极处理，共建和谐小区。作为纳税人，也希望得到应有的安宁。",,,
居民楼扰民，负责管理不到位,待回复,城建 求助,W***,2019-09-1516:54,扰民单位地址，嘉定区丰庄路450弄127号502。丰庄一村小区楼层间隔低，楼层间噪音明显。502室住户一家三口，每天24小时不间歇踏地板，持续2个月有余，搬弄家具，大声争吵，借助自己有过中风病史伺机撒泼无赖。多次报警并且与社区民警及居委联系无果，社区民警多次不接电话，投诉协商无门。家有年迈母亲和心脏病妹妹，身体堪忧，心肌病发，请求有关部门介入协助处理，十分感谢。,,,
要求凯瑞宝贝履行退款协议,待回复,教育 投诉,W***,2019-09-0519:06,本人在嘉定镇罗宾森凯瑞宝贝早教中心购买的婴儿游泳项目（金额3800元）正常消费期间，2018年12月遭遇此店关闭事件，当时在嘉定镇教委的主持监督下此店变更为凯瑞宝贝直营店继续经营，然而至2019.5此店突然宣布于2019.6.15彻底关闭，2019.6.12凯瑞宝贝总部与本人签定退款协议，承诺60工作日内退赔余额2630.70元，但最后退款期限已到，本人未收到退款，并且凯瑞宝贝负责人庄俊疑似失联。,,,
凯瑞宝贝早教机构撤退，家长退款无法追回,待回复,教育 投诉,W***,2019-09-0514:39,政府协助家长要回退款，不要再推脱。向政府部门求助!罗宾森凯瑞宝贝加盟店于2019年5月突然关闭，嘉定镇教委和嘉城派出所介入，后签订了退款协议，60工作日退回。60工作日已到，但款未退，公司法人无法联系。相教委和派出所寻求帮助，派出所称自己去找法院，不予受理，并不出不予立案通知书，在我要求下才录下笔录。另一家长去报案后，派出所称已有内部文件，不予受理。要求教委作证，希望能够支持报案，教委含糊其辞，百般推脱。目前家长遭受损失，没有渠道去要回。,,,
自己诉讼，无法得到被告身份信息,待回复,治安 投诉,W***,2019-08-2710:49,领导好！前阵台风来，楼上邻居漏水到我家，我家新装修，部分受损，价值3千到5千元，我想让楼上邻居赔偿部分损失，物业，居委，街道司法调解无效。因为金额小，想自己提起诉讼，却没法得到邻居身份信息（身份证号码）。派出所要律师来才能给邻居信息，我去不给，没邻居身份信息，我无法自己提起诉讼。法制中的死胡同！,,,
卖淫团伙,待回复,治安 投诉,徐***,2019-08-2516:27,宝安公路3705弄12号楼301室 组织卖淫 组织头目一安徽女 嚣张跋扈 号称有后台保护 进出人员太多 给周边居民生活带来不安全因素 望领导能给予能给予关注 ,,,
嘉定区南翔镇，田旺路100号工业园区,待回复,环保 投诉,你***,2019-08-1909:44,园区内住人对外出租，非法搭建，隔版隔断间，严重存在安全消防问题，违法违规操作，忘领导给予查看与解决。,,,
榆中路一家棋牌室无证经营非法赌博,待回复,治安 投诉,留***,2019-08-0709:28,领导，您好！ 江桥榆中路131号3楼开了一家棋牌室，无证经营多年，并且没有任何消防措施。每天都聚集很多社会闲散人员，他们以筹码来掩盖赌博事实，其实赌的很大，小则几千，多则上万。过去赌博的人把车子停的横七竖八，严重影响其他车辆通行。,,,
帮贫困户暑假工拿回工资。,待回复,企业 求助,W***,2019-08-0517:00,我儿叫唐**，因家庭贫困，经锦阳企业服务外包有限中介公司中介来到嘉定区富士通将军公司打暑假工，因立马准备上大学而提前回家填写资料。现因中介克扣我儿工资近一千元，这笔钱对一个穷苦家庭的大学生而言是二个月的生活啊！敬请章书记劝导中介将扣我儿子的工资发给我们；重恩不言谢！,,,
嘉定南翔绿茵商业广场的情况您知道吗？,待回复,城建 求助,Z***,2019-07-1511:07,尊敬的领导，您好！我想向您反映一下绿茵商业广场存在的一些问题：该商场的开发商2004年购买土地，2014年竣工，2017年以分割商铺及售营一体化形式开始售卖，以虚假的宣传手段诸如引进盈石 戴德良行为运营商  紧邻地铁20号线入口等诱使五百多人购买，售卖款向过亿，然而开发商并未履行合同，而是将收得款向挪做它用。在售卖商铺过程中，由于开发商违规操作，致使许多业主贷款购房却没有产证，甚至有的业主没有购房合同和发票，多次找开发商索要未果。迄今为止，商场仍未装修运营，开发商亦不出面做出解释，肯请领导能够责令相关部门彻查绿茵商业广场开发商在售卖商铺中存在的违法违现情况，还百姓一个公道！                           此致     敬礼！,,,
南翔绿茵商业广场的事情您知道吗,待回复,城建 投诉,欣***,2019-07-1319:17,南翔绿茵商业广场宣称自己是南翔政府引入的挽救烂尾楼项目，可最终成了开发商集资诈骗的闹剧，成就了更大的烂尾项目，区里是否知晓，如果真是这样，负责把项目招商进来的政府官员要不要追责，如果不是，为什么业主求助的所有渠道都是被推脱到区法院上诉，最终执行难，维权难，是不是区里应该出面，给受害的几百位业主一个说法，毕竟业主都出资了百万的购铺款！,,,
关于公司放班用加班补差的问题,待回复,就业 咨询,秋***,2019-07-1315:43,        近期汽车行业低迷，公司因无订单于上周放假7天，其中有5天属于工作日，共计40小时，本周上班后要用平时加班和双休日加班来抵扣（抵扣顺序是先扣平时加班，平时加班不够用双休日加班抵，双休日加班不够用底薪抵扣）。        请问，这样是合法的吗？我们应该怎样做？,,,
大货车夜间疯跑，噪音严重扰民,待回复,环保 投诉,z***,2019-07-1208:35,书记你好星华公路与鹤旋路交叉口自南向北的方向，最近几个月每天晚上都有各样的大货车和渣土车从马路上疾驰而过，噪音非常非常大，严重影响了马路边居民的正常休息。每天晚上8点开始到第二天早上6-7点，大货车一辆接着一辆疾驰而过，有时还按喇叭，马路边居住的居民实在苦不堪言，每天晚上都被吵的无法入睡，更影响白天的工作。希望环保部分能治理一下，让周边居民能有个相对安静的休息空间！共建和谐社会！谢谢！,,,
专业市场产权商铺如何建业委会,待回复,企业 建言,匿***,2019-07-0611:19,居民小区建立业委会，对小区自治，创建小区稳定安全舒适的生活环境，是大有利的，居民都天天在家，比较容易建成。而商业项目上的产权式小商铺专业市场建业主委员会比较难，瓶颈较多，业主分散在全国各地，投票选举代表较困难，希望能有好主意好方法。#业委会#,,,
关于江桥万达城市公寓群租扰民的“烦心事”,待回复,环保 投诉,拓***,2019-06-2222:53,"尊敬的章书记：您好！我是上海市嘉定区鹤友路336弄江桥万达城市公寓小区内的一名业主住户，您百忙之中多有打扰。近半年来，我一直被小区“烦心事”所困扰，经过长期观察与切身体会，发现我小区（鹤友路336弄万达城市公寓）5号楼303室存在群租行为，楼下85平米的房间存在5户（共计9-10人）住户居住，分别为客厅拆分2户，厨房1户，主卧1户，次卧1户，该10人每天在洗手间浴室做饭、室内抽烟，油烟味和烟味弥漫到左邻右舍，实在是受到骚扰难耐，尤其是二手烟危害极大，使得家中孩子健康受到影响，忍受了半年多时间实在痛苦万分。之前已经打过12345网上和电话投诉并且已经有居委会人员核实确认为群租行为的情况真实存在，但是并没有能够给出明确解决办法，一直以居委会给二房东和房东商量慢慢处理为由，给303室住户说注意影响等一系列说辞搪塞我们，推脱责任，他们的“不作为”并没有想法及行动去实际解决问题，并且后来的情况也验证303室群租住户并没有对他们的行为加以收敛，依然每天在浴室里做饭、烧菜、抽烟，并且每天晚上10：30-11：30的时间里，从303室飘到我家浴室的烟味尤其严重，让人无法入内。物业多次上门干预，职能部门几次上门执法，已认定群组，却屡禁不止，若称不上恶势力，起码也算社区治理乱象。我一直信奉国家，信奉我党，信奉一切可以为人民做主的力量，希望领导可以替我们百姓做主，有黑扫黑，有恶除恶，有乱治乱，使得我们的生活变得更加安定、美好！再次抱歉百忙之中叨扰您，如果该不良群租油烟扰民情况可以得到有限治理，我将不胜感激！",,,
乡村小卖部经营问题反映,待回复,三农 求助,永***,2019-06-1409:01,领导好。我是南翔永乐村的一名外地租客。我现在经营着一家小卖部。去年因为拆迁。我不得以搬到里面做。因为我是合法的三证齐全的。所以村里允许我可以经营。我曾找永乐村钱书记反应了一年村里无证经营的小卖部。可是这位书记从来都是敷衍我说会处理。现在一年过去了。村里无证经营的是越来越多了。我就不明白为什么这样村还能称得上文明村？,,,
2013年在家乡买房现可以用上海公积金还贷吗,待回复,政务 咨询,勤***,2019-06-1116:29,"领导,您好!我家乡是安徽阜阳太和县的,现在在上海工作,2013年左右在家乡买的商品房,按揭贷款,现在还款和房租加在一起压力比较大,想问以下几个问题1、像我这种情况，现在可以申请用公积金还房贷吗？（2013年左右买的房吧，具体时间不太清楚了，这个有时间限制吗？）2、如果可以使用公积金还款的话，需要提供哪些材料呢？3、如果可以使用公积金还款的话，每月最多可以使用多少公积金进行还款？4、如果可以使用公积金还款的话，都有哪些具体的流程？5、另外现在我在嘉定区大宅风范城租房住，但是租房没有发票，只签了一个租房合同，属于房东直接租给我的，这种情况可以使用公积金抵扣一部分房租吗？以上是我目前的所有问题，望领导解答，非常感谢！！",,,
我来上海打工被美容贷诈骗了,待回复,政务 求助,l***,2019-05-1817:27,我来上海找工作，在网上联系了一家，就过去了，老板说让先去美容院，我也不知道什么情况就跟着去了，被带至曹安公路众颜医疗美容，他们工作人员向我要了身份证和银行卡，跟我要了手机下载了什么软件，还让我签了字，然后让我做了双眼皮手术，后发现手机收到短信，需还贷款共计六万余元，我才意识到被诈骗了，现在他们人也找不到了，我出来身无分文只能求政府主持公道，把违法违规诈骗合同解除，并将骗子们绳之于法,,,
联群路88号龙泉驾校B2训练场地不合格要求退学费,待回复,交通 求助,王***,2019-05-0809:26,"上海市嘉定区安亭镇联群路88号龙泉驾校2019年4月1号起新规后B2场地不合格，要求退学费，可本人只去驾校做过体检，体检费用120元，是本人自己支付。驾校在未提供任何驾考培训服务前要收取“理论知识培训费用共计人民币1600元。”龙泉驾校方“林华”告诉我他们提供了培训服务我没有参加。所以要收取费用。合同编号。0511903,合同日期2019年3月9号。本人当时签完合同。驾校不给我打正式发票。说要等科目一考完合格以后才打发票。让我回去在手机上练习科目一。本人没接到任何通知，参加任何培训。所以希望政府行门能主持公道，要求驾校退还我该退的学费。谢谢",,,
马陆镇育英南街比崇福路路口信号灯不亮,待回复,交通 建言,羌***,2019-04-2810:33,南翔镇11号线地铁南翔站与丰翔路立交信号灯不亮，东一个信号灯斜10点方向会掉下来了修复好。,,,
南翔镇11号线地铁南翔站与丰翔路立交信号灯不亮,待回复,交通 建言,羌***,2019-04-2809:48,南翔镇11号线地铁南翔站与丰翔路立交T形路口信号灯不亮每周末就堵，没交警。,,,
嘉定菊园新区嘉邦小区内户外打牌扰民,待回复,治安 投诉,唛***,2019-04-2222:53,章书记，您好：菊园新区嘉邦小区每天下午开始总会有一群老人在楼下空地搭桌子打牌，经常吵闹喧哗，嘉邦小区是老小区，房屋隔音差，其噪音对日常生活产生了影响，家中有不到两岁的孩子，每天下午睡觉时都会被噪音吵醒，严重影响到了日常生活，我们与她们交涉过，向居委物业反映过，甚至求助过片区民警，都无济于事。上海已步入老龄社会，老人多且无所事事打牌消磨时间可以理解，但请同样照顾到需要休息的居民，同时小区也设有老年活动室供其娱乐，但她们偏要在居民楼下打牌扰民。希望区领导能百忙中关注到此问题，并协调解决，和谐社区需要大家的理解与维持。,,,
韵达快递公司不给员工发工资,待回复,就业 投诉,任***,2019-04-1810:15,马陆汽配城B区韵达快递网点不给员工工资，从去年10月份到现在一分钱没给（连过年回家都一分没有，太过分）去要钱老板就说没有，我们也是从其他省份来打工的，上有老下有小，都等着这点钱养家糊口，我们实在没有办法了，所以请各位领导帮帮我们要回工资，万分感谢，,,,
马陆镇浏翔公路与思义路西侧骑车这边没有步行路,待回复,城建 建言,羌***,2019-04-1801:01,马陆镇浏翔公路与思义路西侧所有骑车宽1米这边地面没有步行跑路差点被骑电瓶车撞人，铁丝网绿围拦调整移出2米宽地面新建步行，每个路口是博学南路，敬学路，东宝路也没。,,,
合景峰汇 工地养狗扰民严重,待回复,治安 投诉,n***,2019-04-1509:08,合景泰富旗下合景峰汇（天祝路555弄）有一块空地，空地是围起来的，有大门，大门经常关闭，物业在空地上养狗将近一年，狗每晚风吹草动就叫，严重影响周边居民休息，本人多次向马路派出所和合景峰汇物业投诉，但均无效果也无回馈。请您为我们主持公道，谢谢！,,,
南翔镇S5沪嘉高速与丰翔路立交口信号灯不亮就堵,待回复,交通 建言,羌***,2019-04-1316:17,南翔镇S5沪嘉高速与丰翔路立交口信号灯不亮就堵。,,,
小孩升小学,待回复,教育 求助,y***,2019-04-0514:45,父母工作在上海嘉定，小孩也在上海嘉定生活，父母学历专科，目前正在进修本科，有居住证，有房产，小孩明年9月1号要升小学了，求助书记。,,,
就业失业登记证,待回复,就业 求助,程***,2019-04-0317:25,领导您好，我是一名外来从业人员，我老公是上海人，现结婚已满十年，并超过35周岁。故将户口从老家永康迁过来，在办理过程中，需要很多证件和证明，我也根据清单办理了。但有个就业失业登记证需要我户口所在地出具，但我户口所有地的社保单位说已经提供了交金清单，已证明我已不在当地工作，而且上海也是交纳社保的，不能办理失业证。故我无法开具，但上海这边一定要有此证，我们老百姓真的无法处理这种事情 ，请领导给予帮助，非常感谢！！,,,
旧信号灯修复，斑马点刷漆。,待回复,交通 建言,羌***,2019-04-0217:06,嘉定区马陆镇沪翔东路与科茂路交叉路口一年半个月信号灯不亮没人修复，行人地面斑马点模糊不清晰。,,,
嘉定区二手车诈骗,待回复,金融 求助,W***,2019-03-2315:19,"书记你好，我是浙江金华人，在转转上看到一辆车价格是32000,打电话去问，这车有没什么问题，他说没问题，后来我就去上海看车，看了车都没什么问题，问我要不要我说我没问题的车我的，叫我交10000押金，合同签了，当时没仔细看合同，就签了，后来换个人来，直接和我说这个营运车辆，说很快就报废了，就不是问过你们都说没问题，我要求退钱但是都是很多人根本不退钱，还逼我买个破车，叫我再交10000，买个其他车，没办法只能再交10000的，开到家里才知道年审到期，还不能过户，打电话不接，团伙作案，希望书记能管一下，就算的我的要不回来，不要让其他人受骗了可怜的，如果需要我提供什么，我随时会提供，我网上找了很多人都是同样方法被骗，我都有联系方式，报警处理不来，外地人上海吃不消啊，书记出面帮帮我们吧谢谢，非常感谢，",,,
安亭镇新源路噪音扰民,待回复,治安 投诉,洪***,2019-02-2610:00,本人居住在嘉定区安亭镇新源路66弄半年有余，此路段很繁华楼下餐饮美容很多但都秩序有条。唯有一家名叫（碳烤e族）的烧烤店每天下午六点开始便不断播放大分呗音乐直至凌晨两点关门。本人在2019年小年夜前一天拨打过一次110得到很快的解决，之后该店过年期间关门休息直到年初四开业又继续大分呗播放音乐，这让住在对面的我及家人生活睡眠受到相当大的影响！希望有关部门能妥善及时处理此事还居民一个安静夜晚。,,,
克扣加班工资，胁迫改变公司合同地址,待回复,企业 投诉,夜***,2019-02-2511:09,    章书记，你好！我是上海嘉定区安亭安晓路255号延锋江森金属件员工孙xx。公司为了赚取更多的利润，把三条流水线（X61G生产线、宏达生产线、CD539生产线一共三条大型自动化流水线）没有经过员工同意的情况下转产到浦东工厂，安晓路工厂保留了一个国内奇瑞观致的生产线（准备搬迁到常熟），这期间几个月没有什么活干，也没有怎么上班，按合同约定的底薪和一些全勤质量安全的奖金发。这期间一直正常发，后来，公司又强迫我们去第三个地方，两个公司离有十几里远，不给任何说法，不去就按旷工处理，我们被逼去了，有个同事晚一天去的，还开了通告，公司有文件规定，通告两次自动走人。在这个公司有一点加班，到发工资的时候发现，没有加班费，告诉我们领导班组长经问询人事部后回答，前几个月给我们发工资，我们前几个月还欠公司的班，就不发加班费。我给上海总工会也发了信息，回复说我们公司属于违法，让我们到当地劳动部门反应情况或者打12345前几年，公司通过胁迫手段把我们的劳动合同的地址从上海嘉定区安亭镇安晓路255号改签为上海，说以后没有安晓路，以后就是上海了我在这个公司干了快8年了，公司通过改变派遣公司的方法，让我们改了3个劳务所（苏通→延友→博霖），我们现在属于博霖劳务公司    章书记，打扰了。我们该怎么办？,,,
投诉宜贷网，希望政府控制相关人员,待回复,金融 求助,嘻***,2019-01-1017:56,我是宜贷网的一名投资者，在宜贷网投资数十万元，去年12月份，宜贷网突然恶意清盘，无视政府和法律，雇黑势力收割，随时可能卷款逃跑。希望政府能够控制相关人员，冻结账户，清查问题，避免重大问题。,,,
嘉定金融办懒政不作为推诿,待回复,金融 投诉,A***,2019-01-1015:56,领导你好。宜贷网涉嫌恶意清盘，并且说清盘方案已经得到主管部门的认可，准备收割三万家庭五十亿。出借人上报到金融办，竟然推说不归他们管，金融办如果不作为，将会成为损害三万家庭的罪人，并且会发生集体事件，希望能得到领导的关注，并督促其负起应该有的责任。,,,
居委会不给开居住证明，小孩无法上学,待回复,教育 投诉,江***,2019-01-0816:54,"我家住安亭黄渡春盛苑,阁楼开了个天窗，现已拆除，居委会说没拆干净，不给开居住证明，办不了居住证，小孩无法上学，我家住六楼，小区中间，既不影响美观，更无围建。望领导以建设和谐社会为本，以人民为本。",,,
封建迷信风气盛行，白事铺张奢华，需要移风易俗,待回复,文娱 投诉,迟***,2019-01-0710:27,敬爱的区委书记，本人在嘉定区黄渡镇居住三年有余，经常被周边居民办丧礼的锣鼓喧天的噪音滋扰，丧礼从业者简直肆无忌惮地大力鼓吹迷信之风，跟风者不乏其人。黄渡镇正在创建文明城镇的进程中，像如斯这般因丧事铺张奢靡的风气，早该移风易俗，丧礼也应体现城镇之文明之风，从检尚礼。希望有关单位能够提高监管和宣传力度，还文明城镇朴实淳朴与文明祥和之民风。,,,
马陆博学路南路1015弄2号厂房三合一,待回复,治安 投诉,匿***,2018-12-0608:41,嘉定马陆博学南路1015弄2号，为工业性质厂房，现被改为:住人、使用液化煤气明火做饭，办公，仓储使用，存在严重消防隐患，作为邻居我很害怕失火，有义务向领导汇报，望政府有关领导调查整改，给我们一个安全的生产园区。,,,
上海市嘉定区大众春盛苑小区停车位油漆异味大,待回复,环保 投诉,迟***,2018-11-2908:58,"尊敬的书记,您好！经过本月的物业管理的整治，小区物业管理提质已经突显成效，非常感谢！然而小区固疾仍有存在。由于小区房屋结构松散，不遵守道德的居民扰民现象仍然突显。本次我要投诉的是小区物业擅自使用非环保的油漆刷小区停车位，并没有考虑到小区居民的健康，甲苯甲醛类气味弥漫在空气中。本人已致电大众春盛苑小区居委（电话：69582002），还有上海绿奕物业管理有限公司（电话：59597299），都得到推委或搪塞的托辞。因此感到他们身为公职人员，极度不负责任，甚感气愤。小区的面貌是大家维护的，市民有监督的责任和义务。希望得到您的重视，采取有效的行政管理的措施，还健康环境于民。谢谢！",,,
公司不交社保,待回复,三农 求助,坚***,2018-11-2415:58,章书记你好:我是外来务工人员在嘉定北开发兴荣路{赫莱特密封科技有限公司}上班几个月了公司不交社保说是给补助发工资的时候也没有我们农民工最低的社会保障都没有。希望公司给我们补交社保。我是劳务派遣工不知道怎么样解决社保问题，希望章书记帮我解决社保问题。,,,
单位拖欠工资，找各种借口不发,待回复,就业 投诉,东***,2018-11-0611:04,本人在南翔镇的上海九灵建筑装饰设计有限公司上班3个月，只发了半个月工资，负责人一直找各种借口不发其余近两个月工资，一直拖欠到现在有两个月了。严重影响了本人的生活！希望书记帮忙解决一下！ 上海九灵建筑装饰设计有限公司的地址是：南翔镇沪宜公路1101号南翔智地5号楼2楼211室。,,,
上海嘉定外冈水厂暴力施工致住户家中进水（续）,待回复,城建 求助,闲***,2018-09-1416:22,上海嘉定外冈水厂暴力施工致住户家中进水造成财产损失，水厂不管不问，施工单位态度蛮横。请求有关部门能够帮助解决赔偿事宜。信访办与水厂沟通后，水厂电话和我沟通，让我去找杏花居委会，说水厂只是协助，采购材料，具体是居委会与嘉定区政府主办。居委会之前已经告诉我们要我们去通过司法机关解决。目前事件处于踢皮球状态。事件从4月中旬到如今已近半年。请章书记帮助协调。,,,
城市拥堵,待回复,交通 求助,W***,2018-09-0620:32,敬爱的书记：        你好！在你繁忙中打扰到你，实在抱歉！但有件事情还是想请你关注一下！有关嘉定北地铁站口城北路到嘉定北公交车总站，这100米距离不到的4车道路面已经维修了6个月了！政府为老百姓做好事修路，我们心存感激，但这路修的也太久了吧！至于为什么修这么久和修了那些东西，因为周末不上班，看不到也不好评论，所以还是希望领导重视一下，关注因修路影响我们上班族乘班车事宜！,,,
上海嘉定外冈水厂暴力施工致住户家中进水,待回复,城建 求助,闲***,2018-09-0514:38,上海嘉定外冈水厂暴力施工致住户家中进水造成财产损失，水厂不管不问，施工单位态度蛮横。请求有关部门能够帮助解决赔偿事宜。老百姓打不起官司。请求帮助，谢谢！,,,
华亭镇花亭村的违章建筑太多，村委会不管不问,待回复,城建 求助,Q***,2018-08-3018:57,你好书记，我是嘉定区花亭村的一位村民，现在华亭存很多民房都是违建，在没有批复和没有任何人同意的情况下将民房扩大，场地扩大。村委会置之不理。很多村民在建造民房时为了将场地扩大，甚至于侵占国家土地，将路封死不给村民走。多次反映12345，华亭村委的回复就是没有执法权已移交拆违办，拆违办没有任何消息。12345回复就是如果对方继续建造可以继续打12345！书记，违章在建造的时候就拆除就不存在以后的拆违工作，还要涉及赔偿问题，这是给公家造成损失。村委会和拆违办的不作为让我们村民心寒，而华亭村村委的这种态度就是希望我们眼不见为净不涉及你个人利益就不了了之。那么请问我们村民是不是可以无所顾忌的随便搭建民房，随便造多大多宽都不要紧。请区长为我们村民留一条路走吧！违章房屋为华亭镇花亭村800多号，因为新建房屋没有门牌号所以本人也不知道具体门牌号多少。户主为秦翔元。书记可以核实一下。是否有这个情况！,,,
网络诈骗,待回复,金融 求助,W***,2018-08-2210:16,由亲戚介绍加入一个网络平台投资。投了3万。现在平台打不开，钱拿不出来。被骗。,,,
遇黑心租房平台“爱生活爱公寓”如何维权？,待回复,政务 求助,我***,2018-08-0310:25,    我与同屋租客陆续在“爱生活爱公寓”上租房，于嘉定区民主东街178号，现如今该平台拒不缴纳租金给房东，我们这些租客又被房东赶着走，我们一但与该平台解除合约，就会扣除当月押金，除此之外征信也会受到极大影响（“爱生活爱公寓”当时给我们办理的贷款业务-元家e宝，以扣除月租），但是我们已经受够了这些，平台未支付租金给房东违约在先，房东赶我们走，我们完全是很被动，我认为我们有必要维护自己的合法权益，后我加入了维权群，发现里面有很多我这样的例子，都受到了一定伤害，看到他们发出的该平台内部的聊天更是触目惊心（见图1），报警警察不管这些，去法院走程序也是需要很久，他们平台在去年就已经发生过这样的一起时间，当时还上了新闻，前两天我也看到人民日报报道了大学生遇黑心租房平台的报道，所以就想到了来这里问您。   现在还请章书记能给我们指条方向，让我们如何能有效解决这种事件（已经有人联系过法院方面，但是太慢了，无果），我目前为大学毕业考了研，9月份就将开学，8月20日就将离开上海，所以在此之前我一定要妥善解决好，否则影响到征信问题，对我们将会是很大的一个麻烦事,,,
嘉定中心医院开出假出生医学证明书,待回复,医疗 求助,万***,2018-07-2610:19,尊敬的章书记您好:我是四川省仁寿县人，我妻子在2015年7月4日，在上海嘉定中心医院产下一名男婴，当时嘉定中心医院给我开出的出生医学证明书有问题，现在我在我县文宫派出所不能给小孩上户口。出生医学证明我县文宫派出所户籍科工作人员经验证，嘉定中心医院开出的是假证，，我县文宫派出所已经收缴了医学出生证明。2018年7月22我托我丈母娘你找嘉定中心医院，调查了一番没有效果。请章书记明察秋毫，还我小孩户口,,,
环保投诉一个多月了，咋没有回复，也没有相关部,待回复,环保 投诉,W***,2018-06-1311:01,环保投诉一个多月了也没有相关部门来检查，如此的环境下工作健康何来保障？,,,
求助嘉定区委书记章曦,待回复,治安 求助,z***,2018-06-0617:08,"尊敬的嘉定区委书记章曦及各位领导，在你们领导下，嘉定区人民生活幸福安康，但是请你和各领导们在百忙之中关注我一下，这个小老百姓的事情。2014年4月一个叫董于丹女子，不知道从那里弄来我的手机号码，用手机15893614884多次打我电话，在电话中她自称说是现货高级投资顾问，金融分析师，宣称现货黄金 白银 原油等商品交易投资很赚钱，听她讲了一下，宣称：现货行情与国际接轨，进入国际交易市场交易，买涨买跌，双向操作一天22小时交易。然后说跟股票一样的银行提供第三方拖管无风险，资金很安全，银行监管的，出入金方便。陈方明开着几家公司上海大谷资产管理有限公司 上海丰领投资管理有限公司 上企亚信息科技有限公司 上海大谷财富股权投资基金有限公司 上海牛谷金融信息服务有限公司 上海大谷投资咨询有限公司 上海同礼投资管理有限公司 上海评知资产管理有限公司 上海盛然网络科技有限公司法人陈方明 13817170333。实力雄厚，有政府批文，有专业老师指导，后加QQ昵称‘简丹爱’上并发些赢利截图，记录等等来利诱。   在其引诱下，就把身份证正反面照片和建设银行卡照片发给她，在一个汇丰贵金属交易中心网络平台开了户，就在QQ上发来交易软件和分析软件，远程给我安装好就开始入金交易，我以前什么也不懂，是被洗脑了，所以打款到他们软件指定帐号，期间都是她让我怎么操作我就怎么操作，按照她的操作，我从2014年4月起至2015年7月先后共被骗180万。上海嘉定区沪宜公路3099号嘉创国际大厦1510 ）   期间2014年6月又引诱在中色金银贸易中心有限公司网络平台开户，从2014年6月起至2015年6月以同样方法被骗35万。所谓的现货交易平台，实际上是代理商会员单位以高额回报诱导受害者将资金存入犯罪嫌疑人指定的网站平台，然后利用网站平台的虚假的现货白银交易，骗取客户钱财对受害者实施诈骗“频繁买卖操作，赚取高额点差、管理费、手续费,虚拟交易，反向带单，高杠杆重仓操作”代理商，会员公司用网络平台虚拟资金与客户交易，等手段，诱使客户巨额亏损，从而非法占有客户的投资款。本人被诈骗的倾家荡产、债台高筑、家庭面临妻离子散、精神恍惚，受着时间的煎熬，生不如死，维权难，难于上青天。受害者遭灭顶之灾投诉无门，处在水深火热之中。实在无奈之下肯求书记晴天大老爷为民做主，将犯罪分子绳之以法，追究其刑事责任。在此我和家人千恩万谢不胜感激，感谢领导们的救命之恩。祝好人一生平安。         ",,,
马陆镇樊家住宅一区,待回复,其他 投诉,普***,2018-06-0517:00,"上海市嘉定区马陆镇樊家住宅一区多辆土方车乱入小区周边道路，周边居民无法入睡晚上6点至今,村委会至今无人处理！！！！！！！！！！！！",,,
强拆违章建筑疑问,待回复,其他 求助,1***,2018-05-2816:43,书记您好！我是嘉定区徐行镇钱桥村村民，我们家里经济本来就不好，要赡养一位85左右的老奶奶，老奶奶一直由我们赡养着，婆婆俩耳朵失聪，多年不工作，老阿公有肝腹水，一直没有上班，我工资也不高，老公也身体不好，儿子在金山住校读书，家里有困难重来没有给村里说过，一直靠自己自力更生，我们在自家场地上修了4间小房子靠这点租金补贴家用，现在村里要强求拆除，希望领导能体谅我们的苦楚。 能不能给我们一条活路啊！,,,
粉尘废气属于环境污染吗,待回复,环保 投诉,W***,2018-05-2114:52,位于嘉定区江桥镇解放岛路258号的金江丰吉建材厂是生产加工pvc聚氯乙烯粉等化学加工搅拌生产塑料异型材料加工，车间内粉尘废气满车间飞，工人的健康如何保障呢，,,,
嘉定区徐行镇施庙每天夜里大货车扰民，请领导,待回复,环保 求助,努***,2018-05-1409:40,尊敬的书记，您好，自从嘉罗公路两边拆除后，大货车都停在了村庄里，每天夜里大货车进进出出，轰轰隆隆发动机的声音特别大，甚至还有大货车夜里按喇叭，真是每天夜里吵的人难以入睡，半夜扰民问题，希望尊敬的书记帮忙解决，还老百姓一个安静的环境，地址，嘉定区徐行镇和桥施庙吴家组，嘉罗公路14号桥，路北,,,
到处都是断头路，居民出行难,待回复,交通 求助,W***,2018-05-1108:38,书记您好，我所在的陆家社区，位于马陆地铁站，入住6年了，修了好几条路，却只有一条路是通的，其它都是断头路，唯一通的一条路又连接高速与高架，最近又在大修，工期一年多，导致现在天天大堵车，希望领导们能到现场看看，解决附近这么多小区居民的出行问题，谢谢！,,,
黑车非法拉客安全隐患,待回复,交通 投诉,W***,2018-05-0515:57,嘉定江桥金运路鹤望路路口黑车非法拉客闯红灯，这个路口信号灯对黑车根本没有任何约束力。离路口200米就有个菜场每天经过此路口的老人很多但是安全根本得不到保障。经常出重大交通事故。为什么就没有人管？黑车为什么就无法取缔？黑车是交保护费了还是纳税了？为什么存在黑车拉客可以不问，但是闯红灯为什么不管？？,,,
小区噪音问题，难受、难受、难受！,待回复,城建 求助,笑***,2018-05-0410:32,尊敬书记您好，我是嘉定南翔的居民，家住在南翔德园南路111弄通用国际。我们小区正前方2公里的地方有一南翔火车（货车）中转站，这里火车（货车）每天24小时运行，噪音非常大，家里老人心脏不好，非常地苦不堪言！我们也知道火车没办法，我们只求晚上十一点后稍微停一下，还给附近居民一个休息的时间？？？建议火车站采取一下防噪措施也行呀！我们很爱南翔！！！请领导关心一下！！,,,
投诉小区私开麻将馆,待回复,文娱 投诉,W***,2018-04-2716:21,章书记：您好。本人投诉嘉定区丰庄北路82弄8号楼103室开设一私人麻将馆，每天凌晨两三点钟还在打麻将，期间伴有吵闹声，麻将声，桌椅拖拉等各种噪音，严重影响居民休息，以至本人长期无法睡眠，甚至有神经衰弱的症状。期间拨打过三次以上12345投诉电话，向文化部门，工商部门，小区派出所投诉过，都以无赌资等各种理由拒绝彻底解决该问题，请求相关部门对该私人麻将馆予以取缔，还市民一个安静的休息环境。,,,
上海宇培特种建材有限公司拖欠农民工工资,待回复,其他 投诉,周***,2018-04-1714:18,"本人（上海实全建筑安装工程有限公司）于2013年4月和上海宇培特种建材有限公司签订外墙保温劳务施工合同来到黑龙江省牡丹江市绿地凯旋城工地，当年完成了绿地凯旋城、绿地威廉公馆和绿地国际花都三个工地外墙保温施工项目，同年年底宇培公司按合同约定支付了95%的施工费，余款5%第二年付清，2014年4月又开始绿地威廉公馆二期工程和绿地凯旋城A地块还迁房外保温施工，并于9月派遣到徐州鼓楼区万科城内墙石膏粉刷施工，当面一共130多万产值，年底宇培公司说牡丹江绿地集团没有拨款，公司自己垫付只能付款至70%包含10万元期票，期票时间至2015年6月底，可到时间去兑现却没有钱，2014年底余欠施工尾款30多万，2015年4月牡丹江威廉公馆三期开工，宇培公司说你开始施工我司安排上一年尾款，就这样我们安排工人进入现场施工却迟迟没有安排，中途只是少量安排施工生活费，当时工期紧迫，让完工含尾款一起结算90%,可到了10月份已经完成工人回家还是未安排，于11月份来到上海宇培特种建材有限公司核对账目时，公司克扣面积等方法，二万多平方的面积给核对了两个多月，这就是他们的办事效率和方式，当年加上内蒙古呼市金游城項目一共80多万产值，到年底含上一年尾款结付后继续欠款30几万，并说2016年底付清，到2016年年底却只付了20万，还欠款12万左右，当时说没有钱延期到2017年底，(每个项目都有劳务施工合同，一直未按合同履行付款)可到2017年底去要钱时，公司以多种理由说没有钱可付，也不会再付款给我们，就这样一直不承认，农民工是城市的建设者和弱势群体，血汗钱来之不易。恳求政府相关职能部门给予调查解决，为农民工作主讨回公道！",,,
安亭新镇何时能有社区卫生服务中心？,待回复,医疗 建言,f***,2017-12-2715:47,尊敬的马书记您好：我是嘉定区安亭新镇的一位居民。自从2015年入住安亭新镇以来，深深为这里优美的环境、质朴的乡风、和谐的邻里关系等所喜欢，深深为安亭新镇的快速发展所骄傲。不仅自己在这里买了房子，好邀请很多亲朋好友也在这里安了家，有些朋友还把父母也都接了过来。大家安居乐业，其乐融融。但最近，由于天气原因，很多朋友的家人都患了感冒，仅仅一个小小的感冒，就把大家愁坏了。在附近找了半天，竟然连一个小诊所都没有。安亭新镇入住人口可谓不少，学校、幼儿园等均已经布局，但关系人民群众切身利益的医疗却被有意识地遗忘了，给安亭新镇的居民带来了极大不便。但在安亭老镇，却拥有安亭医院、安亭中医院、肝胆医院分院等等，同样是安亭，布局却极为不合理。期盼马书记百忙之中，能让有关部门关心此事。,,,
残疾人就业,待回复,其他 投诉,静***,2017-12-1417:14,我是一名语言残疾人，说话鼻音，无法就业。残疾人就业，嘉定区残联包括绿地江桥居委会，目前都没能解决。只给推荐，不给安排，本人工作阅历少，无法自行就业，而且推荐工作很少。希望政府给予残疾人就业文职工作，最低工资即可。谢谢。,,,
马陆镇丰功路680号6栋生产塑料，无环评,待回复,环保 投诉,匿***,2017-11-0117:26,马陆镇丰功路680号6栋一家公司关门生产塑料制品，气味污染严重，公司无公开抬头。气味排风扇安装在6栋后面（北面），曾询问房东:这家公司无环评，违规生产，还被环保部门罚款过。这种公司生产操作严重污染空气环境，气味严重损坏人体器官。望领导安排有关部门查访检查询问，制止此类污染空气环境的生产企业，谢谢！,,,
咨询土地流转问题,待回复,三农 咨询,匿***,2017-09-1409:15,尊敬的马书记，您好，想咨询一下华亭村土地流转的事情，葡萄园到期了.12年按照政府要求做事情，现在合同到期想续签，但是华亭村领导说不让种了，说是把土地收回租给上海本地人种，上海本地的葡萄园到期为何可以种，收回去说是种水稻，为何收回后租给外地人种香葱，我想问国家一直宣传公平公正，这哪里还有公平公正可说，明显歧视外地人，想咨询一下马书记是否还可以续租,,,
嘉定区马陆镇幼儿园分配不合理,待回复,教育 求助,匿***,2017-07-2614:04,尊敬的书记:        您好！我是一位3岁小孩的爸爸。我的小孩今年升幼儿园，被嘉定区马陆镇教委分配到离住宅10几公里的幼儿园。没有地铁，没有校车，甚至公交车也只有1趟（我们住在嘉定新城地铁站，分配马陆智慧幼儿园）。单程路程有10几公里，公交要近2个小时，来回要4个小时，这对年迈的老人和3岁的小孩是何等的艰辛。       政府一直强调就近入学，但是马陆教委却违背市里的精神，把嘉定区居住居民分为369等，把160多个3岁小孩分配到10km外的幼儿园入学。我们接到入学通知，无法接受，马陆教委找过，嘉定信仿办去过，区政府也找过，希望就近入学，他们互相推诿，我们诉求无门，只好给您写信，希望你能体谅一个3岁小孩父亲的期盼。,,,
拖欠工资,待回复,就业 投诉,邵***,2017-06-2321:15,老板老拖工资不发 我们打工的也不容易 找他要 他老说没钱欠工资很正常 都快7月份了可4月份工资到现在还没发完  所以才求赞上级领导 嘉定区美裕路699号锋速广告,,,
关于安亭镇和静路1188弄红湖小区违章建筑,待回复,城建 投诉,匿***,2017-05-3009:44,上海市嘉定区安亭镇和静路1188弄，红湖小区(原红湖消声器厂家属区)。此小区现在违章建筑太多了，如:原红湖厂食堂出租改建。原来小区的蓝球厂出租改建为垃圾回收站。以上违章建筑已经严重影响到小区环境美观及安全问题，垃圾站在作业中产生的噪音及粉尘让小区居民都不敢开窗帘，小区居民为此事也有找过小区物业去协调过，小区物业就说:原蓝球厂租给人做垃圾站，还有原食堂出租改建都是红湖消声器厂出租的，这些地方不在他们监管范围之内。我想不管是谁出租的，现在严重扰民了，又是违章建筑，政府部门总该出面管一管吧。现在全市到处都在拆除违章建筑，这个小区却在不断的增加违章建筑的数量，请有关部门及时制止，还居民一个美丽、整洁、安静、安详的小区。谢谢各位领导！请各位领导对举报人的信息严格保密，避免举报人后续遭到不必要的麻烦，谢谢！,,,
马陆镇这些物流货车乱停车为什么没人管,待回复,交通 投诉,匿***,2017-05-2620:19,领导好，马陆镇博学南路两边的门面房全是物流，快递，物流货车，快递货车，每天堵得水泄不通，堵的别人过往车辆都开不了 ,,,
老板不发工资,待回复,就业 投诉,匿***,2017-05-2616:35,我已离职一个月 老板3 4月份工资一直拖欠不发 打电话给他有时还不接 以各种理由推迟 如说忙没时间  没钱等   因我现在在老家没办法去当面找他  上海嘉定区锋速数码有限公司  ,,,
求助新建花木市场,待回复,城建 求助,匿***,2017-05-2306:53,尊敬的马书记您好！我是原澄浏中路1818号花木市场，我们配合政府拆违，已经拆除，我们公司到现在为止没有找到合适的再建地点，公司面临非常大困境，商户四分五裂，搬迁到各种塑料大棚也是极不正规，大棚内盖房，住人，烧饭的都有，严重的安全隐患，也给嘉定形象带来负面影响，请求马书记能规划一块正规用地，正正规规建设一个花木市场，让我们继续为嘉定人民服务！感谢万分！,,,
唯一现居住房办不了房产证，户口落实不了,待回复,城建 求助,小***,2017-05-0814:41,"我家唯一住房当时按镇政府要求拆迁（有拆迁协议），但拆迁房又一直没有给办理房产证，现在享受上海市政策户口要迁入现在的居住房里，因没有房产证，派出所就无法办理户口落户，按派出所给的投靠配偶迁入通知,有宅基地使用证也可以的，但再次去派出所办理时，办理人员却以此地址与居住地址不符为由，再次不给办理（户口簿地址与宅基地使用证地址相符的）。为此事找了好多部门，也打了很多电话都托诿说：是历史遗留问题。谁来解决这个问题，我们找相关部门落实，又被当球踢来踢去，写了求助信寻求帮助，也音讯全无。为办此事接二连三的请假，为什么老百姓办事这么难。我上有六七十岁的老人，下有八岁孩子，老公又身体不适，肢体残疾，家中重担都在我身上。政府是为人服务，便利于人民。希望能尽快帮忙处理。万分感激！为盼！！！",,,
物流货车乱停车堵路几年为什么没人管,待回复,交通 投诉,匿***,2017-04-0710:08,书记你好，马陆镇博学南路上店面995－997号的原飞航航空物流货车，白天晚上货车堵路中间，每天路中间装货卸货几年来一直没人管，天天堵着过往的车辆，希望你们政府部门管一管，,,,
胜辛北路土方车（辉界实业公司）夜间通宵超速，,待回复,环保 投诉,匿***,2017-04-0411:03,马书记，您好，最近几个月胜辛北路的土方车白天很少出现，一到晚上都出来了，在马路上超速行驶，闯红绿灯，过红绿灯长鸣笛以逼让其他车辆，严重扰民，家里4个月大的宝宝多次被他们惊醒，土方车公司属于（辉界实业），车头上有，应该是给汇源路上的首创旭辉城运送建筑材料，我们小区邻居曾多次向12345投诉，但嘉定交警部门以警力不足为由，不采取任何行动，希望您能帮忙协调处理一下这个事情，让土方车不要在夜间这样扰民了，我代表胜辛北路沿线的几千户居民提前谢谢您！！,,,
为什么外来务工的幼儿上学难！难难上学！,待回复,教育 求助,匿***,2017-04-0117:33,新闻经常报道出，留守儿童如何如何的凄凉，国家如何解决留守儿童问题。可是，如今我也面临这样的问题，我是外来务工没有错，可我不想的宝宝成为万千留守儿童中的一员。可是为什么像个在上海上个幼儿园，会这么难呢？各种要求，外来的，要有上海的房子，还要交社保，还要种种的要求，及时都满足了要求，公立学校还是上不了，私立学校的学费是公立的10倍，对我们外来的如何承受的起!,,,
兴平路666弄 严重违章搭建,待回复,环保 求助,匿***,2017-04-0116:38,尊敬的马书记您好！我小区隔壁就是嘉苑别墅（嘉定区兴平路666弄）。我们已在2015年年初开始向各部门反映了违章搭建！那时正在违章搭建的是101号106号113号116号。这些违章搭建户自从2015年装修到现在，没有拆掉任何违章！现在还在不停地装修！普通人家哪需要装修2年啊！让我们无法安宁生活！每天都是水泥灰尘和强烈的噪音！现在好像107号也开始违章施工了！听说这里违章搭建都是同一个装修公司！我们老百姓真的没法生活了！2年里为何没有人来严格执法！求马书记帮我们居民还原生活环境！！！,,,
户口迁移,待回复,其他 咨询,匿***,2017-03-2314:20,我外地嫁入上海的媳妇，已满10年和35周岁，现在想把户口迁入上海，请问迁户口时我在老家需要打哪些证明资料。,,,
支持政府工作,待回复,其他 建言,匿***,2017-03-0808:53,黄渡派出所居住证受理点的几位工作人员态度很凶，脾气很差。只想拿工资，不想干工作。,,,
西上海御庭房屋质量差,待回复,城建 投诉,匿***,2017-02-2816:53,您好我是曹安公路4908弄西上海御庭业主，我家里发生外墙渗水问题，报修后一直无人理睬。物业推给开发商，开发商一直没有反应。拨打12345市民热线投诉后，开发商也始终不予理睬。特此求助！,,,
支持政府工作,待回复,城建 求助,绿***,2017-02-2107:03,尊敬的马书记您好！首先乞求审核通过，我们绝对响应政府号召，不会给政府添乱，感谢万分。我们是嘉定区马陆镇资产公司下面澄浏中路1818号花木市场，我们现在只是希望能受到合理一点点安排，我们真的与其他违章不一样啊！花木，花卉，绿植本身是为人民服务，美化环境，净化空气，现在说违法用地，违章建筑也是当时政府违法违章啊，我们老百姓是真没办法，10年前我们响应号召，然后被安置在这里（我们完全属于嘉定区ZF跟马陆ZF拆迁安置房），现在又要我们走！我们80余户几百人只希望能安置一小块地方，我们也是农业，我们保证不给政府添麻烦，如果实在安置不了也希望能正常的来做工作，我们绝对支持的，感谢您！,,,
私人物流企业拖欠工资，而且非法从事危险品运输,待回复,就业 求助,匿***,2016-12-3014:25,年底公司来了新人，把我们从住的地方赶了出来，后来我辞职了，也同意了，因为没有签劳动合同，所以不给我发工资，也不给打欠条，让年后来，拖欠了1个半月，现在身无分文，也不能回家过年，求领导给予帮助，另举报该公司长期从事危险品运输。并没有资质。,,,
小烧水炉,待回复,环保 建言,匿***,2016-12-2115:18,郊区小锅炉拆了，本应该是件好事，现在有好些人用小炉子烧水，燃料就是废木板。东家烧了西家烧，这边烟未消散，那边又冒起来了。时常有难闻的气味。经常说环保，郊区不用环保了吗？怎么就没人管？,,,
农村地区道路照明问题,待回复,三农 咨询,匿***,2016-12-0508:35,马书记您好。现在嘉定农村大多数主干道都没有安装路灯，随着机动车保有量的增加，夜晚通行非常不便，存在严重安全隐患，请问在农村主干道全部安装路灯什么时候能实现？,,,
伊诺咖啡骗人酒托,待回复,治安 投诉,匿***,2016-11-1714:18,伊诺咖啡有酒托，微信主动加你，然后去上海包装城，就带你去伊诺咖啡，点菜就是固定的会点一瓶酒500，然后又在你不知情的情况下又点了一瓶500的酒，而且结账都是点一瓶服务员马上来结账，包装城的伊诺咖啡绝对有问题，然后最后一瓶你说你没带，那个女的会帮你付，然后就跟你说，有什么人什么人找她。而且我了解下来好多人都这样被骗,,,
江桥,待回复,城建 求助,成***,2016-11-1710:10,书记，你好！江桥镇封浜老镇政府已拆迁，那么旁边曹安路3580弄小区周围一片荒凉，前面就曹安公路，西面就是封浜河，北面和东面都已拆迁了，成了一个孤立的小区，还有安全隐患的存在！希望政府部门尽快把这个小区一并拆迁！,,,
交通问题  居民区配套问题   安全问题,待回复,城建 求助,匿***,2016-11-0716:44,尊敬的市领导    您好    我是住在嘉定区封浜镇金耀路555弄的居民，目前有以下几个问题不知是否可以得到领导的解决。1.交通问题，首先随着嘉定区封浜镇、江桥镇地区居民越来越多其主干道“金沙江路”的拥堵情况日渐严重，导致居民从地铁站“13号线金运路”地铁站出站后往往要等公交车等很久。最长时有30分钟（后经自测步行回家不过30分钟）。金耀路555弄小区口有4辆公交车站点，但由于线路较长发车间隔长也成为了公交车等待时间延长的主要原因。2.地铁站台空置，大部分市民由于站台设置问题几乎经常横穿机动车道13号线金运路占在金沙江西路/金运路上有8个左右的入口，但目前仅开通3个，而且是距离公交车站较远的3个。早晨从我小区方向到地铁方面的公交车停在好像是“7号口”但此口一直未启用，很多市民选择横穿机动车道走向马路对面的8号口进入地铁。是否可以通过开通封闭的地铁入口解决此类安全问题？另地铁出口的不便  公交车的等待时间长给了很多黑车（三轮车）生存空间，交警和轨交管理人员多次整治但仍有死灰复燃之势。解决居民方便出行问题才是根治黑车最好的方法。3.配套问题1.菜市场金耀路555弄附近有几个小型的菜市场，市场内管理较为混乱，环境脏乱差，治安也存在问题管理较好的菜场离小区较远，家中父母年事已渐高，是否可以选择适合的地方将菜市场资源整合方便附近居民。2.配套商业问题金耀路555弄小区附近的几个小区均为动迁居民为主，附近商业仅江桥万达一处，附近缺少小型超市及配套商业。据了解金耀路555弄附近一侧人行道规划是配套商业用地，但由于隔壁小区居民怕一旦建造了商业用房会 影响居民生活环境及影响采光，故此商业配套建造便被无限搁置。小区周边无配套是否能解决3.安全问题金耀路555弄门口有一条小河，河四周有石制护栏，不知是质量问题还是人为破坏，很多护栏已破损不堪，前几月已有部分护栏得到维修，但靠近小区一侧还有很多护栏没有维修，物业不管也无其他部门管理此问题。望领导能重视。4.环境问题金耀路555弄门口有一条小河，靠近本小区一侧河水很脏，夏天经常有异味，像是无人治理与马路对面小河成鲜明对比，希望领导能给与重视。金耀路555弄门口有一条小河有一侧是一条通道，可以通向小区另一侧的一个菜场  但这条通道一到下雨天绿化带里的泥土便被冲出来，现在这条通道上满是泥泞，一到下雨天非常容易滑倒，家中老人走这条通道买菜居多，希望领导能给予重视能改进次情况。,,,
博学南路物流堵车严重,待回复,交通 投诉,匿***,2016-11-0615:17,领导好，你们的马陆镇博学南路每天堵车堵的像什么逼样为什么没人管，博学南路上的原飞航物流货车天堵路中间的问题，你们政府几年都解决不了吗？难道你们政府当官的就是为了贪钱啥事都不管吗？,,,
马陆镇乱停车堵路为什么没人管,待回复,交通 投诉,匿***,2016-11-0314:13,领导你好，马陆镇博学南路上的原飞航物流货车天天停路中间装上下贷，每天堵别人过往车辆，几年了为什么这问题解决不了，这些物流货天天堵路你们政府就不管吗？,,,
物流快递乱停车有谁来管,待回复,交通 投诉,匿***,2016-10-3016:15,书记您好，马陆镇博学南路上的原飞航航空物流货车每天堵路中间为什么没人管理，这样货车天天堵路上别人怎么开车，怎么走路，连骑电动车也过不了，乱停车几年了这问题为什么没人解决，想问嘉定区政府这问题很难解决吗？,,,
物流快递乱停车没人管吗,待回复,交通 投诉,匿***,2016-10-2810:07,书记您好，嘉定区马陆镇博学南路上的原飞航物流货车每天堵路中间为什么人管，天天堵别人的路，别人连个电动车也过不了，为什么没人管这些物流乱停乱放的问题。,,,
飞机严重扰民,待回复,环保 投诉,匿***,2016-10-2014:31,江桥大型居民生活区受到来自虹桥机场的飞机噪音污染，已经严重影响到了众多社区居民（包括澜茵华庭、缘圆宝邸、绿地·新江桥城、水岸秀苑、大宅风范城、金桥苑、双佳翠庭、金霞苑、泰宸复兴苑、万达城市公寓、城杰苑、中虹华苑、中房公寓等众多居民区覆盖人群约3万人）、中小学生以及附近办公楼工作人员及医院卫生所的病人的正常起居、工作和学习，每天从早上约7点起至夜间24点，平均30-90秒一架飞机，不间断的从社区上低空掠过，甚至部分楼层连窗户都有明显震感，华东民航局、环保局、机场集团等相关企事业单位则互相推脱，让遭受噪音污染的中国公民及部分外国友人投诉无门，并以季节性转换为由，敷衍居民们的投诉，试问同样的季节转换，前几年为何没有发生类似的情况？望领导能介入，还江桥百姓一方安宁，万分感谢,,,
江桥镇飞机太多,待回复,其他 投诉,匿***,2016-10-1516:37,为什么澜茵华庭二三分钟就一班飞机严重扰民，为什么这几年一直不治理呢?请求回复。,,,
噪音扰民,待回复,环保 求助,匿***,2016-10-1210:48,来听听嘉定区华江路398号的铂金公馆的酒吧声音吧！每天到凌晨3点多，还要不要人工作生活了！,,,
9月25日嘉一中附小拆迁时野蛮施工，住宅损坏,待回复,城建 求助,匿***,2016-09-2609:55,2016年9月25日，北大街原嘉一中附小施工队因为野蛮施工，拆房时造成附近嘉钟花苑，李园二村等居民区的住宅严重受损，天花板和墙壁出现大面积裂纹，瓷砖断裂。因为双休日在家，所以明显感受到三次强烈震感，每次听到施工现场传过来楼房的巨大倒塌声，马上整幢楼房摇晃两三秒。我已经拨打110报警电话和12345热线电话，110指挥中心告诉我已经有很多居民报警了。请务必马上处理，还有几幢教学楼没拆完，要是按照这样拆法，附近居民楼危险了。,,,
嘉定区马陆镇物流快递没人管吗？,待回复,交通 投诉,匿***,2016-09-2009:49,这物流车，快递车每天这样停车别人还要不要走路了，源飞航航空物流，百世汇通快递都是这样停车。道路被堵死了。,,,
产权证,待回复,城建 投诉,匿***,2016-09-0714:15,爱特路333弄爱得佳苑小区至今仍有不少业主，经过多年努力仍然不能拿到产权证。望区长大人督促一下。谢谢！,,,
私自搭建房屋,待回复,城建 投诉,匿***,2016-08-2220:22,书记大人你好，梅川路，1528号，1530号，1534号几家饭店在3楼楼顶私自搭建房屋，住人，这已经违法租房住房条约，希望你们能实地查看一下吧,,,
乱收停车费，现在四个小时就要20元，,待回复,政务 求助,匿***,2016-08-0917:37,内容真实，没有停车管理人员，只有收费人员，钱收了根本没有问事，希望有关部门管理一下，四个小时收20元停车费，农村地区有这样收费的吗？,,,
公司恶意不缴纳社保，恶意拖欠工资,待回复,就业 投诉,劳***,2016-08-0815:54,马书记你好！          我是一个农村来沪的务工人员，自2015年3月入职嘉定区嘉安公路605-5弄上海京扬紧固件有限公司工作至今公司都没有为我缴纳社保，多次与公司沟通，公司总是以推迟补缴为理由不与缴纳社保。公司入职人员全部都没缴纳社保。公司不给补缴。公司拖欠两月工资至今没发。公司有偷税，污染环境，工伤不处理多项违法。请领导核实！,,,
绕城高速噪音污染，投诉无门，民声哀怨,待回复,城建 投诉,匿***,2016-08-0410:07,我是石岗村居民，被动迁至洪德路38号，感谢政府给我们分了新房，装修入住后才发现，两面邻近沪嘉高速，绕城高速，以及G15高速，房子离路中间距离不足100米，向有关部门电话反映多次无果，都说不属于其部门管理，每天听着震耳的声响，心情沉重郁闷，尤其晚间夜不能寐，实在煎熬，每天时刻想关闭门窗，求得一片安宁，自入住以来，感觉每天处在水深火热之中，十分痛苦，后面三条路，每天有千万辆车子通过，车速急高，夜间重行车具多，颠簸之声震耳欲聋，严重影响居民的正常生活，让我们一家老小不得安宁，附近居民求领导看到此消息，务必为我们主持公道，还我们一个安静的生活环境，在此叩谢！,,,
关于江桥镇大学生户口返签回户后不享受拆迁待遇,待回复,城建 求助,匿***,2016-07-1914:13,"本人金卫东1971年出生于江桥镇太平村616号于1991年考入复旦大学,根据当时政策义务参军大连陆军学院学期1年后就学于复旦大学,户口应读书所需迁入复旦大学内,一直到2004年从大学内签户回村.结婚生子成家立业都在村里.现在太平村遇拆迁,本人现在名下没有一套属于自己房子.按现在政策返签回户人员不享拆迁待遇?土生土长生存权何在?请区领导帮助本人解决拆迁困境,望回复谢谢!",,,
有关嘉定有轨电车规划问题,待回复,交通 咨询,d***,2016-07-1717:25,请问马书记 嘉定有轨电车规划确定了吗？如果没有确定，何时出台最终方案？,,,
关于办理居住证问题,待回复,其他 咨询,匿***,2016-07-1320:20,您好！我是嘉定区外冈镇的，我办理居住证和小孩暂住证 村委会要求交卫生费 ，每个人120元 和租房税100年，今年我去刷居住证又要交费用 ，每个人120元  和租房税200元 ，不交就不给刷。就是想问这样合理吗？,,,
何时拆迁，具体时间？,待回复,城建 咨询,匿***,2016-07-1115:27,请问马书记江桥镇太平村何时能拆迁？我是这里的房客。我在太平村朱家村民组。“,,,
解决翔和雅苑经适房乘车难问题,待回复,交通 求助,匿***,2016-07-1014:24,马书记你好我们是居住在翔和雅苑经适房的居民出行难的问题什么时候能解决靠一辆沪唐专线到市区实在不方便能考虑62路公交车进过大桥头方便居民到地铁站或到市区看病南翔2路能延伸一站到大桥头方便居民出行期盼回复希望政府考虑居住在此居民出行实在是苦比吃黄连还要苦希望政府关心此事谢谢。,,,
银翔湖CBD能多开点直达地铁站的公交吗,待回复,交通 建言,匿***,2016-07-0419:55,市郊CBD，噱头看着挺大，可是试问哪个CBD不是建立在地铁之上的，这个CBD没有地铁也就算了，连个公交都没有啊，南翔3路从金通路上车，要绕完整个南翔镇才能到地铁站，这样的交通有啥意思呢,,,
翔和雅苑的出行问题,待回复,交通 求助,匿***,2016-06-2614:03,马书记翔和雅苑什么时候公交车能在小区附近设站黑车什么时候整治小区门口1509弄和1500弄马路不是很宽黑车停在小区门口影响小区居民出行希望领导关心此事谢谢。,,,
翔和雅苑困惑,待回复,城建 投诉,匿***,2016-06-2609:25,马书记你好我们是大桥头翔和雅苑的居民我们出行不便靠一辆沪唐专线公交车出行什么时候能增加公交车放便居民出行还有翔和雅苑外墙质量太差严肃托落实际居住一年就出现这个问题希冀马书记关心此事给百姓安居乐业。小区门口停下好几辆黑车拉客公交车进小区黑车也没有市场真是苦死百姓乐死黑车。,,,
快递乱停车有没有人管,待回复,交通 投诉,匿***,2016-06-1308:09,书记您好，嘉定区马路陆博学路上的百世汇通快递天天快递车乱停，天天堵别人路为什么几年没有人管理。,,,
投诉银建出租车,待回复,交通 投诉,匿***,2016-06-1014:55,虹桥打车到安亭这边，付了过路费用，师傅回去的时候的过路费也算在我头上，合理吗？很明显不合理，师傅态度不好，师傅车上的工牌295401 银建出租车我要投诉,,,
嘉定区马陆镇博学路上百世汇通快递天天乱停车,待回复,交通 投诉,匿***,2016-06-0908:55,嘉定区马陆镇博学路上百世汇通快递天天乱停车堵路有没有人管，投诉几年也没人管,,,
江桥陇南路（黄家花园路至惠平路）土方车横行,待回复,交通 投诉,匿***,2016-06-0617:07,江桥陇南路（黄家花园路至惠平路）土方车横行，无视交通信号灯，并且严重超速行驶，危害其他车辆及路人，路上都是散落的土块石块，给行车带来危险，并且尘土飞扬。希望加紧整治！！！,,,
我想反映身边不合理，不规范的事,待回复,城建 求助,匿***,2016-06-0514:56,书记你好！我是住在江桥镇靖远路799弄的居民，在本小区东面有个永和生活广场，在广场的南面有一片空地，玩正有人在施工，我去看过未见施工许可证，多次向有关部门反映均无果，希望书记关注，给我们居们一个答复一施工是否合法。谢谢，祝好！,,,
飞机声扰民,待回复,环保 投诉,匿***,2016-06-0210:45,马春雷书记您好，现在是凌晨1点半，可能您已经进入梦乡，可是虹桥机场周边的群众还在忍受起降的飞机带来的无止境的噪音，长三角地区已经密密麻麻布满机场，虹桥机场又处在居民区里，起降的飞机带来的噪音已经是不分昼夜地侵袭我们江桥，七宝，华漕一带的居民了，烦请您和您的团队成员慎重考虑并解决虹桥机场噪音扰民事宜，我们也希望在我党的宗旨的指引下，还我们一片安静的天空，凌晨本来是不应该有起降的飞机，可飞机场管理人员置若罔闻，也毫不顾忌的改变航道，起飞，降落。正因为是机场是国家的，更希望国家为老百姓考虑，让本不该星罗棋布的机场在长三角地区扰民，伤财，应该和其他省市整合资源，充分利用上海这块寸土寸金的好地方，人民安居乐业，国家繁荣昌盛。谢谢！,,,
无奈,待回复,交通 投诉,匿***,2016-05-2508:42,书记你好，江桥万达周边的黑三轮摩托车，摩托，电瓶车非法载客是个顽症了，每天都有好多停在人行道，非机动车道上，逆向行驶，给市民带来多少安全隐患。投诉了多次，媒体也采访多次可当地政府机关也没有行动。如有行动了执法部门已经有人先通知非法载客人员了。其实这里面的问题想一下都知道！,,,
健康榨油坊,待回复,三农 求助,匿***,2016-05-2007:50,领导您好：想在这边开榨油坊，农村是不用办证的，不知道上海这边有哪些要求或者办哪些证件，找那个单位，需要怎么做才能把榨油坊开起来。谢谢,,,
请还孩子一个既便宜又健康的学生餐,待回复,教育 求助,匿***,2016-05-1914:56,本人的孩子就读于上海市嘉定区工艺美术职业学院读书，孩子回家跟家长一直反应，学校的餐饮很贵而且菜是冷的，而且一个月给他的零花钱不够用，身为家长的我，每月给孩子1000，孩子每个月底不到就用完了，我问他为什么用的那么快，不节约点儿，家里经济条件也不太好，孩子说光在学校吃饭就花了3/2的零花钱，其余冲交通费用，没到20号，就用光了，学校一顿早饭就要6块，中饭12块，晚饭15块，一天下来消费35左右，有时候吃个奢侈的麻辣烫就要20，而且孩子又吃不饱，每次吃午饭，2楼的菜快餐几乎是冷的，吃进胃里不舒服，我就很难以置信，有一次遇到隔壁老王家的孩子，就问他有没有这种情况，那孩子就读于上海第二工业大学，他说，每顿饭最多8块吃到撑，所以就想，同样是公办的学校，为什么饭菜价格相差那么大，我也像学校咨询过，学校说会处理的，可是也没给我个合理的回答，为此，身为孩子的家长，我觉得我很有必要来反应这个严重的问题，希望领导能严查此事，给孩子们一个很好的交代，谢谢！,,,
聚众非法卖淫,待回复,政务 投诉,匿***,2016-05-1509:13,区长你好，在黄渡镇，劳动街，有7，8个按摩店聚众非法卖淫，多次报警没有起到作用，反而还越来越猖狂，严重音响治安和孩子生长健康，请求区长严查。,,,
快递物流为什么没人管,待回复,交通 投诉,匿***,2016-04-2814:04,书记您好，嘉定区马陆镇博学南路上的百世汇通快递车几年来天天乱停车堵路口路中间为什么没人管，你们管理人员多是贪官，收了他们快递公司的黑钱就不管他们咋停车，别人能不能过，你们政府部门就他妈的狗娘养的。,,,
丰庄中学绩效工资,待回复,政务 求助,匿***,2016-04-2616:39,教师强烈要求公开绩效工资，学校和教育局以种种无理的理由，予以拒绝，导致广大教职员工的权利得不到维护和保障。,,,
江桥五四大宅村违建及垃圾,待回复,城建 求助,匿***,2016-04-1716:35,马书记，您好！再次跟您反应江桥镇五四大宅村内的违章建筑问题及外来车辆乱停问题，五四大宅村本是风景优美，但近年来，村内人员骤然增加很多，绝大多数都是外地来沪务工人员，将村内环境及治安安全问题增加很多负能量1.村内违章建筑特别多，搭建的房屋到处都是，不知道今年的拆违是否会拆除，实在太杂了，除了五四大宅村以外，周围都已经被绿地集团等进驻，五四村的情况很严重，影响村内环境，因租金便宜人员居住复杂，造成的安全隐患太多。2 周边居民生活垃圾，大宅活动中心人们肆无忌惮的到处小便，倒粪便进村内河道，原本清洁的河道近年已是污水河道，臭气熏天，虽然政府表示今年在治理河道，但是不从根本杜绝，政府的钱投入改善后，又会被污染。3.村里大宅医院门口及附近，到处停滞外来车辆，电瓶车，很乱，交通治理也无法根治。      以上，请马书记将广大居民的生活问题予以解决，还广大村民一个安静，清洁，稳定的生活环境。     谢谢！,,,
求救！祖宅被强拆 无家可归！,待回复,城建 求助,匿***,2016-04-1314:13,致尊敬的马春雷区委书记：我家原住址：上海市嘉定区菊园新区永胜村191号事情从2013年至今的大致经过如下：2013年4月接永胜村村委会通知，在村委及《上海菊城建设配套工程有限公司》三方未达成共识且签订拆迁协议的情况下，在2013年5月29日，我家的房屋第一次被拆迁办屋顶被《上海嘉储拆迁服务有限公司》的人员拆毁，随即我方向菊园派出所报警，警察同志到后询问了情况让我们做了笔录，并安抚我们会尽快查清处理此事。五天之后，也就是2013年6月3日，《上海嘉储拆迁服务有限公司》的人员竟然无视菊园派出所朱仁刚民警的多次警告及我们家的合理诉求，再次趁家中无人将我家四间房屋全部推倒，并将我们家中财物盗卖，非法强占我家祖传宅基地至今，完全无视国家法律，犯罪气焰极其嚣张，我们最后只能再次拨打了110报警电话。以上两次报警，菊园派出所都有备案和笔录我现在要反映的问题及诉求是：1）我的房屋在未经我的许可下，被拆迁公司拆毁，现在拆迁公司又说是误拆诉求：请赔偿因房屋被毁的经济费用及房屋内财物的损失费用及这三年在外出租房子的房租费2）在房屋两次被毁的过程中，我们都有向菊园派出所报警，菊园派出所出了警，我们也做了笔录，要求立案侦查，但时过三年，菊园派出所任何举动也没有给我们任何交代处理我们报案的进展诉求：请派出所给一说法，不立案的书面结论，以便我们向人民法院诉讼3）从通知拆迁至今已三年有余，我们家的动迁安置协议一直没有三方敲定下来，期间村委及拆迁办给我们的动迁安置方案一变再变，出尔反尔，我们也不知道为什么方案可以有好几个版本，而且是一个比一个对我们不利，我们能得到的利益越来越少诉求：请尽快给我们一个合理的动迁安置的方案这三年来，因在拆迁上遇到不公不正的对待，我们多次像菊园新区政府主管写信反映此事，但至今都未曾收到一封回复更没有处理解决措施。现在我们只能向您马书记反映此恶性事件，望给予处理解决！我父亲已年迈83，是一名党员，曾于1951年响应国家号召参加中国人民解放志愿军并在服役六年中立二等功一次。每次拖着年迈的身体跑到永胜村村委都没有人理睬，甚至有发生村委领导让人将我老父强行拖出办公室，望领导施以援手，救救我们！在此感激不尽！,,,
从一条宝安公路反映出嘉宝两区的差异,待回复,城建 求助,匿***,2016-03-2314:56,书记好，宝安公路是贯通嘉宝两区东西交通的大动脉，随着日益严重的道路交通压力，宝安公路宝山段从14年开始就已经实施了拓宽改造建设，由原来的双向4车道改成了宽阔的6车道，到今年已基本完工，可道路修到嘉定区界李家段却嘎然而止不修过去了，老百姓也盼着嘉定段也能早日修好，可就是迟迟没动静，真是无不让人扼腕叹息啊，难道就让一条宝安公路来见证嘉宝两区人民的生活现状吗？作为解放以来享有勤劳朴实美誉的大嘉定一员，却在改革建设的现在，百姓的生活明显落后了而感到无地自容羞愧难当，望书记能对我们这里两区交界地的管理引起重视，谢谢！,,,
马陆镇博学南路，物流快递乱停车没人管,待回复,交通 投诉,匿***,2016-03-2108:28,嘉定区马陆镇博学南路百世汇通快递每天乱停车堵路，为什么没人管,,,
还我一个好的环境,待回复,城建 求助,匿***,2016-03-0516:01,马书记你好！我是马陆镇沪宜公路1866弄153号育苑小区的居我们是动迁小区我们家是2009年动迁过来的当时搬过来的环境非常漂亮房子也非常漂亮我们非常的感谢 各位领导和政府但是好景没有几年？自从s6建成通车以后严重影响了我们的生活高速离我们房子只有十几米远高速公路比我们的房子还要高我们简直就是住在桥洞里严重影响了我们的光线我想请马书记和马陆镇的  领导！商议一下把我们的问题解决一下谢谢！,,,
华亭镇联三村五组队长，在年终农民分红中随心所,待回复,三农 求助,匿***,2016-02-0214:10,尊敬的马书记！你好！在你百忙之中打扰你、实属无奈！我是华亭联三村五组农民（钱来），1998年结婚户口迁移至宝山罗径镇，2005年离婚户口迁移回华亭联三村五组；2005年至去年每年都有年终分红的权利，但今年生产队决定按1999年确权分红；现在华亭的居民及过世的人都享受分红权，但作为一个真正的农民突然说没权利分红！问镇委：说我当时户口所在地是宝山，让我去宝山拿，可宝山是根据户口分红；况且嘉定很多地方都是按农村户口所在地分红的；想请书记支持公道，为何各镇各做，没有统一政策，真正的农民突然不能享受农民的权益？在此望您给予协调为感！谢谢！,,,
乱停车的快递公司有谁管,待回复,交通 投诉,匿***,2016-01-1508:54,书记您好，嘉定区马陆镇博学南路的百世汇通快递，快递小车天天乱停车堵路口路中间为什几年没人管理，嘉定区政府，警察，路快递公司是一伙的吗？警察只收快递公司的黑钱什么事也不管，政府警察就是跟狗一样的，快递公司给你们个骨头你们就他妈的什么事看不见了，这路是大家走的，这路不是快递公司从河南带过来的，你们这样的贪官警察迟早会死的，不被抓出去也被车辆压死，尼玛的这路早晚堵的你妈逼一样的也没人管，政府警察真他妈的是条狗。,,,
快递乱停车怎么没人管,待回复,交通 投诉,匿***,2016-01-1219:17,书记您好，嘉定区马陆镇博学南路的百世汇通快递每天乱停车，上午，晚上天天快递车堵在路口路中间，别人的车子进不去也出不来，为什么投诉几年下来都没人管？,,,
居丽装潢两年未支付一分工钱,待回复,就业 投诉,匿***,2016-01-0415:14,尊敬的领导，您好！我们是在嘉定区永盛路2773号居丽装潢做装修的包工队，第一次来嘉定，也是第一次为居丽承接装修工程。目前居丽以上家未结清尾款为理由拒绝支付我们工人工钱，6个工人共计3万元，装修做了一年半，现在也完工了，我们几次讨薪对方都拒绝支付，两年了一分钱都没有付过，我们工人现在也没钱吃饭更别提回家了。我们也去劳动局寻求帮助但是无人受理，让我们去镇政府，镇政府让我们去街道。现在实在没办法了，这里是我们最后的希望了，谢谢各位领导能提供帮助，谢谢！,,,
嘉定区政府官员是不是死完了,待回复,交通 投诉,匿***,2015-12-2117:01,嘉定区马陆镇博学南路百世汇通快递每天快递车堵路口，堵路中间别人还要不要起走路了，别人的车辆就不过路了，这路是他们快递公司的吗？为什么一年多投诉下来没人管，你们政府是干嘛吃的，只会贪钱吗？快递公司送你们政府的钱你们就啥事也不管了吗？你们这些贪官迟早会死的，不抓，出去也会被车压死的。,,,
博学南路百世汇通快递乱停车没人管吗,待回复,交通 投诉,匿***,2015-12-1609:00,书记您好，这马陆镇博学南路百世汇通快递每天快递车堵在路口路中间，堵的别人进不来出不的，为什么没人管，你们政府都是死人吗？,,,
建议,待回复,医疗 建言,匿***,2015-12-1416:09,     停车难已是一个普片问题，坐落在嘉定城中心的中医医院，门口每每都排了一条长长的车队，整占用了一条车到，我建议应该把嘉定博物馆的地下停车库作为商用停车用，来发挥其更大的作用。,,,
为什么嘉定区快递乱停车没人管,待回复,交通 投诉,匿***,2015-12-0614:29,书记你好，嘉定区马陆镇博学南路百世汇通快递每天乱停车，快递车每天堵路中间，别人车辆进不来出不去的，你们政府部门还有负责人吗？你们政府官员只贪他们快递公司的钱，不管别人能不能走路是吧!你们这些贪官迟早只死的。,,,
公共空间占为私有，影响楼下居民正常生活,待回复,城建 求助,匿***,2015-11-2608:19,领导你好！我们是铜川路2395弄11号的居民，由于本楼601住户长年霸占顶楼楼梯公共空间，整天自己在家装修，敲敲打打达七年之久，严重影响楼下住户的正常生活，经多方调解均不配合～还出手打人，导致无人敢与这家住户正面沟通，今年这家住户又占用楼顶空间，自行搭建，造成排污口堵塞～导致楼下多家住户卫生间沼气四溢，臭气熏天～严重影响了每户居民的生活，前一次通过物业沟通过，但由于公共空间已被占为己有，物业无法从进入楼顶施修～只好通过隔壁楼顶达到该楼楼顶进行查看，非常不便，最近卫生间又开始有恶臭散出，十分无奈。恳求有关部门早日让601住户还原本来建筑格局，还我们楼下居民清静干净的生活环境！请领导重视！谢谢！,,,
鹤望路万宣动漫城，,待回复,治安 求助,匿***,2015-11-1410:08,万宣赌博机房猖狂到无法无天的地步，遇检查，就开后门，一个小时在里面输个2.3万，跟抢一样，我同乡是在江桥某工厂上班的一月，三四千块钱夫妻两人也就7千多点，这眼看就到年了，前两天在万宣把夫妻两人一年的钱输完了，他老婆眼睛都哭肿了天天加班，一天工作十几个小时，没想到全输了，希望区领导看到后能够重视，老百姓感谢您，千万务工人员都感谢您，赌博机实在害人，,,,
博学南路百事汇通快递乱停车,待回复,交通 投诉,匿***,2015-11-1210:26,您好，嘉定区马陆镇博学南路百事汇通快递乱停车问题为什么几年下来一直没人管，这里几天就投诉为什么就是没人管理，你们政府部门是干嘛用的，就知道贪污腐败，你们送点钱给你们，你们就当成没看见一样，你们这些贪官的迟早会死的，有事不管就知道贪钱，你们政府不想想别人要不要走路做生意吃饭了。,,,
房产证，5年多了，一直没解决。,待回复,城建 求助,d***,2015-10-1110:36,尊敬的上海市领导      我是一名上海市公民，现在已经退休。今天代表本小区居民给市领导写信，希望领导帮助解决一个事情。由于嘉定区江桥镇爱特路185弄23号101室系上海金丽华房地产发展有限公司开发建造的动迁安置房。因该房屋上已设定抵押权，在抵押权未注销前，动迁居民无法办理产权证。2010年动迁到现在已经5年多了，一直都没有房产证，我现在急着去法国，需要卖房子。5年多了，还是一直在协调，协调已经有4年多了，我想知道一下到底能不能协调好？要多久才可以协调好？开发商抵押和老百姓动迁没有关系，本来就是我们自己的房子，换的新房子，不能影响我们的利益!!!!!!!!!!!!!!!!!!!!!       我的联系方式是   13916219777   董先生,,,
快递公司货车乱停车,待回复,交通 投诉,匿***,2015-09-2908:50,书记您好，嘉定区马陆镇博学南路百世汇通快递天天乱停车，货车，小车都堵路中间别人车子都过不了，天天这样堵车，希望你们政府管管。,,,
物流，快递，天天堵路怎么就是没人管,待回复,交通 投诉,匿***,2015-09-1108:39,书记您好：这里是嘉定区马陆镇博学南路门面房路上的，百世汇通物快递，还有物流的货车乱停车为什么没人管，毎天货车，小面包车，都这样停堵在路中间别人还要不要开车走路了，一年下来一直投资办什么你们政府没人管理？,,,
求您的帮助,待回复,政务 求助,匿***,2015-09-0408:24,最近的领导:你好，我是刚毕业的大学生，我在上海工作，我住在嘉定区，最近在找工作，我就在网上看到一个兼职的工作，就联系来做，可是我被骗了很多钱，求您援助，我真的不知道该怎么办，如果你看到求你联系我好吗？,,,
为什么没人管这些快递公司乱停车问题,待回复,交通 投诉,匿***,2015-08-3008:42,书记个您好，马陆镇博学南路百世汇通快递公司老是乱停车堵路中间，天天这样堵别人都过不了车，走不了路，希望你们政府能管管，为什么他们能每天车辆乱停乱放，投诉一年了，政府部门没人管,,,
嘉定区爱特路停水,待回复,其他 投诉,匿***,2015-08-2717:30,因上海暴雨，嘉定区爱特路89弄楼道水泵损坏。6楼以上用户自周一起停水，并且物业声称不知道何时能修理好。望市长能关心我们这些普通百姓的民生问题。毕竟水是生活必须品。,,,
江桥飞机声严重扰民,待回复,环保 求助,匿***,2015-08-2617:06,江桥飞机声严重扰民啊，一天从早到晚从来不间断的，2014年之前都没有的，最近越发的严重。求政府给我们一条活路吧，晚上1、2点头顶上飞机声把人震醒。求求相关领导想想办法，体谅一下江桥百姓们，听听民声吧！,,,
关于公交路线不合理的提议,待回复,交通 求助,匿***,2015-08-2416:04,我们住在迎园路415弄，我们所在迎园路这一段，（东起和政路迎园路，西止仓场路迎园路）一辆公交车都没有，而且是把这一段路专门绕开的，其他路上，公交车都是重复好几路车，站点也是重复的，我们这段路上的居民，如果要乘公交都要跑到两头，还要到另一条路的顶端乘车，东边到茹水路迎园路，西到新成路迎园路，再到和政路仓场路，或到迎园路仓场路，反正路线没有一个是近一点的。我们这条路上有个迎园菜场，迎园小学，新成敬老院，新成路街道，6-7个小区，为什么连一趟公交都没有配。其他公交都是要绕道而行。不明白。我们这条路上的居民出行非常不方便。希望马书记能了解一下情况，给我们一个满意的答复。,,,
有谁管物流公司乱停车的,待回复,交通 投诉,匿***,2015-08-1611:03,书记您好:马陆镇博学南路997号(原飞航物流)每天乱停车，货车天天停在路中间，别人还要不要走路了，这样停车有没有人管，希望你们领导管管。,,,
怎么不管这些乱停车的物流，快递，乱停车问题,待回复,交通 投诉,匿***,2015-08-1611:02,书记您好:马陆镇博学南路997号(原飞航物流)每天乱停车，这里门面房前天天被物流货车停在路中间，别人还要不要走路了，物流的素质那什差的，这样停车有没有人管，希望你们领导管管。,,,
物流公司乱停车谁管,待回复,城建 投诉,匿***,2015-08-1314:45,书记您好:嘉定区马陆镇博学南路997号，的原飛航物流的货车天天停路中间堵住别人的路，别人的车辆过不了，货车天天这样停路中间的，你们政府部门管管。,,,
物流，快递乱停车投诉一直没人管,待回复,交通 投诉,匿***,2015-08-0714:12,书记您好，马陆镇博学南路百世汇通快递公司，物流公司车辆天天停路中间，乱停车别人车辆进不来出不去的，生意也做不了，为什么一直投诉没人管，嘉定政府，马陆派出所为什么不管，马陆有民警在收黑钱政府贪污腐败，你们政府部门妈逼的傻逼就知道收黑钱。我们以后每天到上海市委书记，市长那网上投诉了。,,,
博学南路百世汇通快递乱停一直没人管,待回复,交通 投诉,匿***,2015-08-0616:15,书记个您好，马陆镇博学南路百世汇通快递公司老是乱停车堵路中间，天天这样堵别人都过不了车，走不了路，希望你们政府能管管，为什么他们能每天车辆乱停乱放，投诉一年了，政府部门没人管,,,
江桥镇靖远路498号无证烧烤污染环境,待回复,环保 投诉,匿***,2015-08-0609:34,该无证烧烤摊（东北烧烤）每天晚上20：30-凌晨2：00营业，无证无卫生许可，放在马路边上，产生的油烟严重污染环境和居民的正常生活，举报多次，江桥镇的职能部门都没解决该问题，希望区领导能重视！,,,
希望加快黄渡大型住宅小区建设,待回复,征集 群众路线,匿***,2015-08-0414:40,嘉定区安亭镇黄渡大型住宅小区是上海市的民生重点工程，现在一期建设正在建设当中，但二期、三期建设缓慢，希望政府加大资金投入，争取早日把这一关系到百姓今后生活的民生工程建成,,,
这路口堵，天天堵，快递公司乱停车,待回复,交通 投诉,匿***,2015-06-2410:47,书记您好，上海市嘉定区马陆镇博学南路的百世汇通快递公司每天乱停车，店面门前到公路口通道都是他们的快递车乱停路中间，别人都进来不出不去，这里店面房租的那么多物流公司的车子就不用进出了吗？这路是他们百世汇通快快递公司自己造的吗？为什么投诉一年下来你们政府，交警都不管，这是为什么是不是你们政府交警都收了快递公司红包了才有意不来管的，还有上次你们政府回复说我们投诉是假的当时网上投诉都拍照片发上网投诉的，为什么说投诉是假的啊。,,,
南翔翔乐路天宇小学，,待回复,交通 建言,别***,2015-04-2415:19,南翔镇天宇小学，相连接翔乐路，前面是白鹤公墓，右边靠近沪宜公路，昨天临靠永乐村，菜市场，马陆摆摊，站到经营兜售，无证无安全保障，每天星期一开始，到星期五，早上上学，堵塞水泄不通，下班，放学，路边摆摊的，货车，三轮车，自行车，小客车，行人，等等，总之，是鱼龙混杂，一塌糊涂。。既不安全，有很堵塞交通，危险重重，请每天增派至少4名警力，疏导，城管严格管理路上卖菜，小摊贩，对天宇小学路段安装监控，安装红路灯，严格控制，十万火急。,,,
交通有没有人管理,待回复,交通 投诉,匿***,2015-04-0710:36,书记您好，嘉定区马陆镇博学南路百世汇通快递公司白天晚上都乱停车别人还要不要走路了，快递公司有警察做后台就可以无法无天了吗？为什么这里去年投诉到今年嘉定区为什么一直没人管，早上八点钟你们自己过来看看，希望你们上级部门领导管一管。,,,
强烈要求格列卫进入医保,待回复,医疗 求助,匿***,2015-03-1615:17,前年我家儿子患上了慢粒，只有瑞士的格列卫和达希纳来挽救他的小命，可昂贵的自费药已经把我们这个家庭逼到了生活边缘！二年来已将近花去20万人民币。无药医治本是可悲而有药无钱医治更是悲哀，我由衷的真切的希望敬爱的书记您；呼吁一下全社会的机构和团体援助一下我们这个面临崩溃的家庭。永远的感谢你！,,,
快递公司乱停车有谁管理,待回复,交通 投诉,匿***,2015-03-1116:15,书记您好，嘉定区马陆镇博学南路百世汇通快递天天乱停车，每天车子堵路在口，别人车子进不来出不去，连人走路也不好走，希望你好出来看看，管一管。,,,
快递乱停车有人管吗？,待回复,交通 投诉,匿***,2015-03-1008:55,书记您好，嘉定区马陆镇博学南路上的百世汇通快递每天乱停车堵住路口，为什么你们不管，到底有没有人管，这交通是谁管的啊？,,,
快递公司乱停车你们管不管,待回复,交通 投诉,匿***,2015-02-0916:53,书记您好，马陆镇博学南路百世汇通快递公司天天乱停车，里面有空位置可以停车，他们车子每天非要堵在路口，别人车子进不来出不去的，这样的事你们要管管。,,,
乱停车有没有人管,待回复,交通 投诉,匿***,2015-02-0910:32,书记您好，嘉定区马陆镇博学南路上百世汇通快递公司的车每天堵在路口别人进不来出不去，我们老在网上投诉一年了为什么就是没人管，是不是你们下面人收了快递公司的好处有意不来管，如果最没人来管我们只有找电视台记者来想法子了。,,,
百世汇通快递车乱停堵塞路口,待回复,交通 投诉,匿***,2015-02-0716:29,书记您好，嘉定区马陆镇宝安公路博学南路，的百世汇通快递公司的快递车每天乱停车天天非地路囗堵了，天天停在路口中间，别人老是进不来出不去的，希望你们过来看看能管一管。,,,
快递公司每天乱停车堵路口怎么就没人管呢,待回复,交通 投诉,匿***,2014-12-2915:00,书记你好，嘉定区马陆镇宝安公路博学南路百世汇通快递的车子老是乱停乱放，绿化带草地上多是快递的停车场了，每天堵在路口别人进不来出不去，我们投诉很多次了，你们好像有意不管的，交警来了看看就走了也不管，是不是你们下面的交警收了黑钱啊！,,,
嘉定区马陆镇博学南路百事汇通快递车天天堵路口,待回复,交通 投诉,匿***,2014-12-1014:12,领导您好，嘉定区马陆镇博学南路百事汇通快递车天天堵路口，你好到底管不管，如果你们不管，我们向上海市市委书记投诉去。希望你们出来看看，不要以为他们快递有关系别人就没办法了。,,,
购买全款房产六年未交付，法院一直没有下文。,待回复,其他 投诉,匿***,2014-11-2209:39,尊敬的区长2009年购买了安亭泽普路588号 汇尊国际，至今天没有交付，公寓购买有300家用户，至今法院执行庭也没有任何进展和举措。我们普通百姓购买房子养老居住，至今没有办理房产证。恳请相关部门给予我们满意的回复。汇尊国际905房主,,,
严重扰民,待回复,治安 投诉,匿***,2014-11-2110:11,马书记，你好，感谢您在百忙之中查阅我的邮件，我是嘉定区外冈镇瞿门路399弄81号楼居民，由于居民楼中有一住户，每天晚上22:00——次日03:00左右大声唱歌和放音乐，对我们的身心已经造成了很大的影响，噪声已经超出了我们承受的范围，周边的群众都在身体和心理上饱受折磨，（已经向外冈派出所报案几次，联防来巡防时他停下，一离开又继续，无法解决根本问题）我们怀疑是502室有什么非法活动，没有证据只是怀疑。我们希望政府能够协调给予解决这一困恼民众的疾苦问题，还我们一个安静的生活环境，谢谢马书记。,,,
传销由那个部门负责打击,待回复,治安 投诉,匿***,2014-11-0616:53,杨村有人打着三生公司的幌子，以3900元的价格买海沟油拉人头搞传销。主要集中在医院附近的高层，以10人左右男女混住。,,,
活在臭气中怎么活,待回复,环保 求助,匿***,2014-10-2408:50,尊敬的马书记，您好!我举报娄塘镇朱桥雨化村和平一队南面的炼油厂，每天排放炼油的刺鼻气体，家里门窗关严实了还是挡不住，我也不是专业人士不知道里面有没有什么严重危害人体健康的物质，但是光一个刺鼻气体就让人难以呼吸，附近一公里还有一个医疗废品填埋中心，救救我们老百姓，让我们有气呼吸，让我们能正常生活，或者您给我们发一个防毒面具，谢谢！,,,
南翔镇解放街与民主街交叉路口肯德基4楼动漫城,待回复,三农 建言,匿***,2014-09-1008:13,南翔镇解放街与民主街交叉路口肯德基4楼动漫城害人。,,,
小孩上小学,待回复,三农 求助,匿***,2014-09-0616:59,尊敬的领导您好;我小孩2008年3月出生的，刚开始不知道没社保不可以上学，找人结果被骗了，房子也买这的，家里两个老人年纪大了，在这读小学读不了怎么办，小孩在家里还没上学，求助、、、、、、,,,
上海嘉定南苑四村29号102室开设棋牌室,待回复,治安 求助,匿***,2014-08-2213:50,"尊敬的马春雷书记：    您好，我举报位于上海市嘉定区南苑四村29号102室，开设棋牌室。（地址：上海市嘉定区富蕴路）    南苑四村29号整栋楼房属居民住宅，但102室非法开设棋牌室，内设多台麻将机。该棋牌室麻将声，吵闹声，讲电话声严重扰民，棋牌室一般经营到晚上23：30才结束。周围邻居无法休息好，影响到白天工作。此外为了方便牌友进出楼道，防盗门整天不关，存在重大安全隐患。    对此，我反应到居委，居委会表示上门劝说过，但均无效。棋牌室深夜扰民时，拨打过派出所举报电话，但民警只能过来劝说，但民警一离开，棋牌室继续赌博扰民。无奈之下,拨打12345市民热线,拨打多次,都没有进一步答复处理进展。反应到工商局，工商去和该业主交涉，认错态度极好，但是执法人员走后，继续扰民。    2004年出台的 《上海市住宅物业管理规定》里规定：业主、使用人自改变物业使用性质的，由区（县）房地产管理部门责令限期改正，恢复原状，可处一万元以上五万元以下的罚款。    我请求政府帮忙取缔该非法棋牌室，希望不要任由发展。请领导关注并帮忙解决,谢谢!  ",,,
举报聚众赌博,待回复,治安 投诉,匿***,2014-08-2115:18,嘉定区爱特路89弄14号201聚众麻将赌博，社会危害严重，肯请相关部门予以取缔铲除！谢谢！,,,
臭气熏天，小区旁边，马上夏天了，求领导解决,待回复,环保 投诉,匿***,2014-05-2613:33,上海嘉定江桥金园一路鹤霞路水岸金桥苑靠东边的被拆迁5年的空地被外来人员用来种菜，冬天烧草木灰，烟雾飘到附近高层 ，害的居民全部不敢开窗，气味刺鼻。夏天浇大粪小便，苍蝇蚊子越来越多，臭气熏天，蔓延方圆数米。希望领导能体察民情，还我一个整洁卫生的生活环境。,,,
希望早日拆迁,待回复,城建 建言,匿***,2014-05-0413:24,马陆镇北管村周围都是大型货车和新建成高速公路，交通乱，噪音大。出行实在不便，红绿灯少，随时害怕被大车碾死。百姓住的房都是几十年的危房，希望政府能早日解决这个问题，最好的办法就是搬迁。,,,
只有等死,待回复,政务 投诉,w***,2014-04-2414:02,你好：马书记！ 我们是一个癌症20%疱疹30%的一个生产队（楼宅），2008上访徐行镇党委承诺我们尽快拆迁等了5年结果他们不讲诚信，把问题说是历史遗留问题但是我们这个队那么多因为高污染引起的死亡率不知道你们管不管，以前这个队是个有名的长寿村，现在刚好相反；另外我们这个队90%以上的土地被墓园专用，老百姓无以为继，为什么上海市环保局明确的这个队必须拆迁到现在12年了政府把资金都用完了，可是还是不愿意拆迁掉呢，为什么墓园资金老百姓什么都不知道除了强行签订霸王条约以外根本没有任何收益呢，期待您的实地调查！,,,
马陆镇博学路和博学南路的物流公司有没有人管？,待回复,交通 投诉,匿***,2014-03-1913:52,上海市嘉定区马陆镇博学路和博学南路的物流公司有没有人管理每天公路边停满物流大货车，一家物流公司大小货物运输车十几辆，每天堵车，物流公司不应该租在这里的店面房子，店面房不要租他们，最好叫物流公司多租厂房里那样，公路就不会这样白天堵晚上堵，堵的电动车也走不动，希望上级领导管理管理。,,,
匿名举报,待回复,治安 咨询,匿***,2014-01-2414:12,尊敬的上海市领导：我想通过这个平台举报一群无业人员私设所谓的劳务所，这个劳务所位于上海市嘉定区马陆镇彭封路109号嘉平劳务所，里面长期进行赌博、放高利贷等扰乱社会治安、违法乱纪的行为，严重影响周围居民的正常生活。赌博场所每天开到深更半夜，相关人员鱼龙混杂，进进出出，大声打电话，随地吐痰更有甚者随地小便，老房子隔音效果差，周边正常上下班的居民苦不堪言。请市长为民做主，感谢之至！答复意见：,,,
马路倒低谁来管理,待回复,交通 求助,匿***,2014-01-1408:55,领导您好，这里是嘉定区，马陆镇，博学南路，的路面照片，你们看看能看出什么来，马路隔人行道，这里本来有三个路口，把我们的出路口全堵死了，我们怎么进出，我们住这里面的汽车现在全靠人行道进出的，我们找村领导已经半个月了一直没处理，村领导说要等马陆镇镇长点头才可以，希望你们上面领导能够处理一下。,,,
蔬菜污染谁来管,待回复,三农 咨询,匿***,2013-09-1715:07,尊敬的上海市嘉定区书记，您好！2013年7月，位于嘉定区曹王镇金铝村蔬菜出租地，全园区20几家的蔬菜因为水污染烂死，这两个月每家每户都无法进行正常的蔬菜种植，同时菜农的饮用水也受到不同程度的污染。菜农也没有了生活来源，希望有关部门能够出面解决，我们家在上海种了十七年的蔬菜，这一次的灾害是我们自己无法解决的，请领导们能够关心着件事！！！谢谢谢谢！！！！！,,,
赌博镇一条街 好处可拿够？,待回复,治安 投诉,正***,2013-08-2514:47,领导你好！ 我是上海市嘉定区江桥二村的居民 我门小区门口有一条商业街 短短100米的街 就有4家赌博机房 曹安公路上有家大型赌博机房 白天黑夜不停业 大门敞开 公然营业  最近这条街上 商业街60号好德便利旁边开了间麻将馆 这并不是普通的麻将馆 一局赌资有200左右 一晚输赢几千 我父亲深陷其中 我母亲有脑梗 身体有病 家里开销看病本来就拮据 父亲还经常被拉去打牌 一晚输赢几千 我举报110数次 当地派出所来过几次 都没解决 其老板娘还嚣张的声称  当地派出所我都搞定了 让人去举报好了 看谁来管我！！！  我想请问  中国法律是不是儿戏 还是中国正往资本主义社会靠拢 允许了黄赌的公然出现？ 还是当地派出所收了保护费就可以不管当地治安了？ 请各位领导做主 好好彻查  江桥地区不大 但是各个地方赌博机房大约有10几家 ！！难道要让江桥成为上海有名的赌镇吗？法律没有特区 请领导 还江桥人民一个良好的治安环境吧！！！,,,
标题,状态,领域,用户名,时间,内容,回复单位,回复内容,回复时间
