城建问题反映,待回复,城建 投诉,W***,2019-11-2613:41,上海市崇明区新河镇石路村931号门口本来是公共竹林绿化带，现在被私自搭建了2个粪化池，对周围环境造成不可逆的影响。要求尽快拆除。,,,
寻找藏红花源头收购商,待回复,三农 求助,秋***,2019-11-1110:43,  唐书记您好我是安徽北部太和县的一位农民，我们镇有很多农户靠种藏红花走上了致富之路，我是从去年开始种的，就我们镇范围内至少也有几百亩种植。所产的花丝品质也很好。每年都是二道小商贩来收购的，价格压得很低 ，农民没明知道卖的很亏，但是也没办法。我们就像井底之蛙，也联系不上源头药商，没有销售渠道。我从网上查到，说藏红花是名贵中药材，上海市崇明区是藏红花国内种植最早的地方。所以我代表种植户向唐书记求助，看看有什么办法能让我们这边的花丝也卖个公道价，我代表广大种植户感谢书记啦谢谢唐书记,,,
强问乡村振兴是否优先发展农业,待回复,三农 求助,W***,2019-10-2015:10,                  尊敬的唐书记你好，我是崇明区庙镇永乐村的村民，也是上海市卓睿西红花合作社的法人代表。    我在发展西红花特色产业上面遇到了困难，我们永乐村作为第二批乡村振兴示范村现在正在建设中，而我们村也是依托特色产业西红花申报的示范村，作为村里面三家合作社之一，也是种植面积最多的合作社。随着我自己西红花种球的繁殖，家里的房子放不下，为了这份产业无奈之下搭建了彩钢房，但彩钢房属于违章建筑，多次遭到周边农户举报，我们也很无奈，一直寻求村、镇两级寻求帮助，希望能审批大棚或者房子。恰好今年乡村振兴，年初村镇两级多次召开座谈会，约谈合作社和农户，让我们说出困难，我把现在的问题说出。相关领导在会上表示会趁乡村振兴建设为农户整合土地、盖大棚，让我们发展农业无后顾之忧，今年八月相关领导也告知会打造我家西红花合作社，会有设计公司过来帮忙建设，明日复明日，直到十月份，我们一直没有等到，然后去镇上问，领导给的答复是资金有限，不帮我们弄了，只弄一家合作社，还说我们嘴上说的不帮你弄又怎样。这些话让我瞬间难过至极，难道政府领导对老百姓就是说说而已，我们把你当做一言九鼎，你却把我们当做污老百姓。在问相关领导能不能帮我们申请，领导直截了当说就是没有资金，就只弄一家，你连申请都不申请的态度让我心寒。我再问为什么选择那一家而不选择当下如此困难的我们，他只说那是领导决定的，他靠西边。领导的话语让我觉得什么叫恶语伤人六月寒。    乡村振兴本来就是振兴产业，我村产业就是西红花，你不扶持西红花建设，你资金都到哪了？上级款项难道就是为了让你拿来造围墙，重建村委么。约谈我们难道只是形式主义？农户无条件支持村委建基地，把西红花搬到基地，然而政府却无情的把我们抛弃，无奈之下只能肯定唐书记能还我们公道，给我们公平，助我们发展。西红花是我们赖以生存的产业，它不能作为申请的靶子后抛弃。,,,
停车难问题被加剧,已办理,交通 投诉,匿***,2019-10-0913:36,尊敬的唐书记，上海市政府已将解决停车难问题列为重点解决的民生问题，而崇明区对此没有积极的行动，非但不设法增加车位，反而不断将原来路边免费的停车位变为收费车位，使停车难问题更加严重。区政府有不作为和以罚代管之嫌。在此我想问几个问题：1、道路属于公共资源，政府对路边车位随意收费有何法律法规依据？2、政府决策程序是怎样的？3、这种涉及到群众切身利益的事情，为何在决策之前不征求群众意见？4、所收取的费用用在了何处？有无公开？,上海市崇明区委网信办,您好，您在人民网《地方领导留言板》的留言已收悉，谢谢您对崇明交通事业的关心。现将相关情况答复如下：为进一步解决泊位数有限与百姓日益增长的停车需求的矛盾，2014年下半年，县公安交通管理部门、县交通行政主管部门根据《上海市停车场（库）管理办法》、《关于全面规范加强机动车停车管理的实施意见》，听取人大代表、周边小区代表意见的基础上，在经前期调研、实地踏勘，形成了对老城区东门路、朝阳门路、富民街、八一路等4条路段试行道路停车泊位收费管理的具体方案，报县政府同意后，于当年12月1日起实施。实施道路停车收费管理后，上述四个路段的道路通行状况得到了较大改善，道路停车泊位周转率利用率明显提升，长时间占用道路停车位的现象得到了有效遏制。截止2019年10月，城桥镇地区供需矛盾突出的12条路段（294个泊位）已实行了道路停车收费管理，得到了绝大多数市民的支持，市民反响良好。考虑到城区小区晚上停车困难的实际，为降低居民晚上停车费用，自今年9月1日起，相关部门对所有停车收费路段的夜间停车，起始时间作了调整，从原来的19:30提前至17:30。（停车费按次收费，每次5元）极大地方便了居民百姓。关于道路停车场的收费管理性质和收支情况，《上海市停车场（库）管理办法》第二十二条明确：“道路停车场收费属行政事业性收费，实行收支两条线管理。收入全额上缴财政，支出由财政按照批准的预算核拨”。下一步，区公安交通管理部门、交通行政主管部门将继续关注城区内交通组织方式和停车需求变化，及时调整完善管理措施，为广大市民出行提供便利。最后，感谢您对崇明地区交通事业的关心和支持。,回复时间：2019-10-30 10:37
按摩店里带色情服务,待回复,治安 投诉,来***,2019-08-2314:54,尊敬的领导您好，我就直接描述要举报的内容了。我在崇明区长兴岛居住在699弄。这边有条繁华的一街区有 大小足疗按摩店有好多家，小店我没遇到过，但是在一街区  ***养生馆 店里以洗脚的招牌拉拢进店客人进行色情服务，真的希望相关部门能查处理一下，还大家一片绿色。不要再来影响家庭的幸福，谢谢各位办事的领导,,,
崇明大道耕地征收补偿疑问,待回复,三农 咨询,崇***,2019-07-3115:06,唐书记您好！            崇明大道建设过程中，崇明区中兴镇七效村的部分耕地划入征收范围中，村民都积极配合征地工作，但在对农户的征地补偿过程中产生了一个疑问，国家对被征地农户的社保补贴在集体中以拍卖方式进行？是否有这样的条例？农户以前拿到了国家下发的农户土地的确权登记书是否可以得到相关补偿？还是补偿应归集体所有？碰巧网上看到有留言板，所以咨询一下政策，谢谢！,,,
工程机械款项至今未结,已办理,就业 求助,头***,2019-07-1017:23,尊敬的领导你好！我是一名挖机出租车主，我于2018年6月份左右开始在东风三村风伟三村和前进农场海燕新村进行污水改造施工于2019年1月份左右完工，工程款至今还有十余万未结，如今家里经济困难生活受到严重影响老板只是一拖再拖。说今年5月份结账到现在还是没消息。我一个农村来的农民势单力薄恳请领导给予帮助！感谢！！！,上海市崇明区委网信办,经核实，当事人与污水改造施工总承包单位在2018年底确认结账金额为15.3万元，春节前施工总承包单位已支付6.5万元，仍欠8.8万元。7月12日下午，东平镇项目管理部门已开展协调工作，并约见当事双方，双方表示相互谅解，且施工总承包单位已在现场将该笔欠款结清。,回复时间：2019-07-17 15:33
美丽乡村,已办理,交通 投诉,W***,2019-06-1916:24,  我是竖新镇大东村马路12队208号，大东村是崇明第一批美丽乡村示范已通过，然我家旁乃是村里的支路，迟迟未动工。美丽乡村是市政府投资，并且有每家4万元的补贴，这条路至少涉及4家人家，投诉前任主管村书记茅永明，有侵吞该项费用的嫌疑。美丽乡村项目已结束，而路未动工，工程费跑哪去了？,上海市崇明区委网信办,网友：    您好，针对您反映的问题，竖新镇党委政府高度重视，立即安排有关部门与村委对接，前往现场查看，并核查了相关资料。现将有关情况报告如下：    2016年大东村推进了村庄改造项目，并通过各类元素整合、提升，2017年成功创建上海市市级美丽乡村示范村。    您反映的大东村马路12队208号农宅西侧道路，全长93米，周边涉及6户农户，该条道路硬化列入2016年大东村村庄改造项目中。在项目具体实施过程中，由于该道路存在穿过农户宅院的情况，需要对其中一户农宅的房屋进行部分拆除。村委会与该农户进行了多次协调，但该农户不愿拆除涉及道路建设区域内的房屋，导致该条道路不能正常施工。因此，项目根据实际情况进行了调整。    2018年，在村委会的协调下，影响道路建设的该农户对房屋进行了规整，让出道路建设区域。村委会及时对该段道路进行了路基建设，铺设水泥路面，存在建设资金缺口问题，故等待相关配套项目，再予以解决。现与镇有关部门的协调后，将于2019年8月对该条道路进行水泥路面施工。                               竖新镇人民政府,回复时间：2019-07-19 14:42
农村宅基地建房,待回复,城建 求助,h***,2019-03-0517:30,唐书记，您好：      关于农村宅基地建房事宜不得不麻烦您，2013年开始申请农村宅基地建房截至今日仍无解决。 满足农村宅基地条件，32岁，结婚约 6年，小孩虚岁6岁，分户约5年。通过各种渠道咨询、信访都无实质性解决，村里么答复要等政府部分审批。现在本人一家3口，加兄长 3口人一起挤在父母与祖辈一起建的 100方楼房（1990年建），年代久，部分墙面漏水，人均面积极低，比城市人均面积低。希望书记早日处理解决。,,,
买狗受骗，发的残次假狗，退货退款被阻碍！,待回复,文娱 投诉,W***,2019-02-2319:22,亲爱的领导您好！我于2019年2月19号，通过淘宝，对方要求加微信，讲述了狗的品质 保质，并发视频过来让我挑选了中意的狗，并且对方要求全款支付！处于社会的进步，没有防备骗子的猖狂，收到的狗不是我挑选的那只，私自发了另一只，而且狗不是对方声明的纯种，而且有问题 残次的，耳朵骨头是残疾的，骨膜畸形！对方推卸责任，说狗就是这样的！我再次问店家，说发货人看错了，发错货了！不给予正当的退换货，此次一共花费了2250买了柯基幼犬！没想到骗人的手段是用真的视频，发假的狗！无良的商家，欺骗消费者！望领导给予我蒙冤受骗一个公道！辛苦领导了！,,,
关于大华凤凰佳苑居民小区养狗的投诉,待回复,环保 投诉,c***,2018-11-0617:01,尊敬的唐书记：你好。现向你反映长兴乡丰康路51弄大华凤凰佳苑31号401室养狗扰民的事情，狗叫狗跳狗闹严重影响我们小区居民正常的生活和工作休息。小区内老人和儿童众多，多在小区内休闲和锻炼，对小区居民的人身安全带来隐患。请有关部门及时处理！,,,
拖欠农民工工资,待回复,企业 求助,W***,2018-10-0413:44,书记您好，我们是大东船厂分包商(天奕公司)于2018年4月份到六月份的工资迟迟不发。已经劳动监察大队协商，老板不落实我们农民工的工资发放，恳求政府部门的帮助。,,,
加强长三角区域合作的建议,已办理,环保 建言,无***,2018-07-1907:47,长江流域环保整治、长三角、国际生态岛是热点，很希望能达到理想的效果造福于民。因此，就看到的具体新闻并感觉到可能产生的问题提些建议(如有偏颇，请忽略)：近期，南通市公布了通政复〔2018〕63号，对长江边上同时也紧邻崇明岛的化工园范围及产业定位调整，个人认为，虽做调整，但似乎对长江环境保护和国际生态岛的建设仍可能有不利影响。同时，文件最后说明‘规划调整后，应在重新编制开发建设规划的同时，委托有资质单位编制规划调整环境影响报告书并报请省环保厅组织审查批准。’就审批问题，个人建议:涉及长三角各城市边界以及涉及共同自然环境资源的敏感区域、敏感领域的规划和环保评价，应在区域合作的基础上，统筹安排，联合审批，真正实现一体化。,崇明区新闻办,网友：    您好！您在人民网《地方领导留言板》反映的“长三角区域合作事宜”的事项已收悉。现将答复意见报告如下：    首先感谢您对长三角一体化发展、长三角区域协同合作以及崇明世界级生态岛建设的关心和支持。根据习近平总书记关于推动长三角更高质量一体化发展的重要指示精神，为把长三角建设成为贯彻落实新发展理念的引领示范区，成为在全球有影响力的世界级城市群，成为能够在全球配置资源的亚太门户，由安徽省、浙江省、江苏省和上海市三省一市抽调人员组建了长三角区域合作办公室，并制定出台了《长三角地区一体化发展三年行动计划（2018-2020年）》（以下简称“三年行动计划”），为长三角一体化发展明确了任务书、时间表和路线图。    在“长江经济带发展的战略定位必须坚持生态优先、绿色发展，共抓大保护，不搞大开发”的背景下，根据“三年行动计划”的部署要求，长三角沿线城市都将严守生态保护红线，严格保护跨省界重要生态空间，加大自然保护区保护力度，共同推动生态环境质量全面改善。崇明作为上海建设全球卓越城市的重要组成部分，世界级生态岛建设离不开周边省市的共同支持与配合，目前，崇明区和南通市区域联动发展全面战略合作框架协议正在积极商议过程中。    针对您提出的“建议涉及长三角各城市边界以及涉及共同自然环境资源的敏感区域、敏感领域的规划和环保评价，应在区域合作的基础上，统筹安排，联合审批，真正实现一体化”的意见，目前，在规划协同方面，为提升崇明区与北部江苏南通地区的协调联动水平，加强与海门海永镇、启东启隆镇的生态岛建设协同，共同构建长江口战略协同区，上海市规土局正在牵头开展《东平-海永-启隆跨行政区城镇圈协同规划》的编制工作，树立“一盘棋”思想，做好顶层设计，保持战略定力、长远眼光、底线思维，优先保障生态刚性管控，优化生态功能空间布局。在城镇圈协同规划出台后，崇明与南通两方将抓紧出台关于建设崇明世界级生态岛跨区域规划管理机制的实施意见。在环境保护方面，2018年6月，崇明区环保局和启东市环保局已签订合作协议，双方正共建“联防联治区”，打破行政区域界限，加强两地环境保护交流合作。根据协议，崇明、启东两地环保局将共同把环境安全隐患排查、环境敏感问题和区域污染纠纷的预防落到日常工作中，两地还将成立环境保护联动工作领导小组以及联合执法分队，定期协商通报区域中的环保问题，定期对“联防联治区”开展联合执法，对违规违法的水产养殖等项目进行依法处理。发生边界环境纠纷和突发环境污染事件时，相关方负责做好本辖区内的调查和应急处置工作，发现跨界环境违法行为时，双方按属地管理原则进行处理，另一方给予全力支持配合。双方还将建立联防联治区环境风险源数据库，定期排查区域环境风险。两地环保局预测或检测发现跨界水环境质量、空气环境质量异常时，应及时向相关方发出预警通报，两地环保执法人员跨行政区域执法机制也在探索推进中。                                            崇明区发展和改革委员会,回复时间：2018-07-27 17:01
申请函,已办理,其他 求助,大***,2018-05-1007:16,"尊敬的唐海龙书记: 您好!  我叫沈勇,现就职于新疆和田医专组织人事部。父母都是地地道道的崇明人,五六十年代积极响应党和国家的号召,到祖国最需要的地方支援边疆建设。1957年,父亲沈崇阶作为华东水利学院(现河海大学)应届毕业生放弃留在内地大城市工作的机会,毅然选择到大漠边缘和田工作,母亲茅中英从海门师范毕业后也随父亲来到了新疆和田策勒县从事教学工作。这一呆就是半个世纪,不知吃了多了多少苦,付出了多少艰辛,真正是献了青春献终身,献了终身献子孙。作为崇明人,叶落归根,始终是两位老人的宿愿。1994年,父亲在和田工作了近40年光荣退休,为和田的水利事业奉献了一生；母亲于1998年在教学岗位光荣退休,为和田的教育事业为之奋斗了一生,呕心沥血，桃李满天下。父母这一辈子,是辛苦奋斗的一生，一生为之骄傲的是用他们的青春和汗水,用他们在内地学校所学的知识毫无保留的投身于大西北的建设。退休后能回到老家崇明安度晚年始终是老人的宿愿,2015年父亲在新疆去世都是带着无尽的遗憾而离开人世的。由于政策的因素,90年代身边的知青子女都享受一个子女可以回沪的政策回到了上海,而父母属于大学毕业后去边疆工作,当时有关部门答复不符合回沪政策,四个子女中没有一个能享受回沪政策。老实巴交的父母也不知道去找有关部门去争取一下 ,唯一一次我们回沪的机会就被无情的挡在了政策大门之外。父母退休后随着年龄一天天增大,因身边没有子女照顾,只好从崇明回到新疆。父亲去世后,母亲的身体一直不是很好,嘴里一直念叨着何时能回到崇明,看着母亲日渐憔悴孤单的身影。作为儿女，看在眼里，痛在心里。冒昧给您写信,以表达一个崇明人后代的迫切诉求。崇明区委能否考虑将我和妻子（均为国家公职人员）正常调动回到崇明工作,以完成一个世纪老人叶落归根的最后的宿愿,让我们做子女的尽一份孝心,我们愿积极投身到新时代崇明的改革、发展、稳定的大潮中去(特别是内地新疆籍人员管理)。此外,我的外公茅志骧是一位抗日志士，在抗战时期英勇打击日本鬼子,我们小时候常听母亲讲他过去的英雄事迹。目前,崇明区有关部门已将其列为抗日英雄。冒昧去函,希望没有打扰到唐书记的正常工作,殷切期盼早日能够得到答复!     此致                敬礼                  崇明儿女:沈勇                 2018年5月8日联系电话:13999058560邮箱:1539680900@qq.com微信:13999058560",崇明区新闻办,网友：    您好，您在人民网《地方领导留言板》的留言已收悉，现结合您和您妻子“均为国家公职人员”的情况，围绕您请求从新疆和田调回上海崇明工作事项答复如下：    一、外省市公务员转任至本区机关工作，应根据《公务员法》及上海市公务员转任有关工作要求，由用人单位提起转任申请，上海市公务员主管部门审批。    二、外省市事业单位工作人员可以根据《上海市事业单位公开招聘人员暂行办法》及本区有关规定，通过事业单位公开招聘渠道进入本区事业单位工作；其中，属于本区紧缺急需的且具有副高级专业技术职务及以上的高层次人才，可以按要求通过人才引进渠道来崇工作。    三、外省市国有企业工作人员可以根据有关国有企业工作安排，按要求参加国有企业公开招聘等工作，进入本区工作。    如您还有其他需要咨询的事项，请联系崇明区人力资源和社会保障局，联系电话：021-69699493。    特此答复。                                                                   崇明区人力资源和社会保障局,回复时间：2018-05-15 15:28
外地人在沪生存困难，权益由谁保障？,已办理,三农 求助,d***,2018-03-3008:28,尊敬的唐书记您好：    我们是竖新镇东新村村委后面的三位养鸽场场主。前段时间，区环保局上门督查，说有村民举报我们鸽场扰民，就此事件我们在此作以澄清。    2012年6月份通过土地流转，经东新村村委会同意，我们在村委西边投资养鸽子。鸽场建设、污水处理、鸽粪处理等都是参照崇明其他养鸽场的，与崇明所有养鸽场并无不同。前段时间区环保局也到我们鸽场实地检查过，并无举报信中所说的“鸽粪流入河道、河水变污、鸽毛满天飞”等情况，事实证明，举报人所说都是夸大其词。当然我们也有不足之处，不过在环保局的要求下，我们已经积极整改过了。    我们外地人到上海来谋生实属不易，建此鸽场已经倾尽我们所有积蓄，上海人是老百姓，我们外地人也是老百姓，我们在上海生活了十几年，上海在我们心中是一个海纳百川的城市，政策也是非常透明的，相信领导一定能根据事实，客观公正的对待我们！万分感谢！,崇明区新闻办,网友：    您好！根据您在人民网“地方领导留言板”栏目留言反映的问题，现答复如下：    经调查，上述三户肉鸽经营户属于无证经营，所搭建的构筑物属于违章搭建。根据崇明区世界级生态岛的总体要求，依据“五违四必”整治目标，之前组织镇规保、经济办、村建和城管、市场监督、土地流转中心等部门，会同区环保局，对该三户经营户进行全面调查核实，确认三户存在无证经营、违章搭建、违章用地行为，并对三户分别进行约谈，做了现场询问笔录，告知其相关要求，限期退养。                                                                   竖新镇人民政府,回复时间：2018-04-23 16:01
工钱,已办理,城建 求助,李***,2018-03-1620:07,唐书记您好！年前在永利公司新建厂房，刷钢构防火涂料至今未结，请书记帮帮我们底层工人吧！,崇明区新闻办,网友：    您好！    针对您反映的问题，3月21日，区人社局劳动监察与安质监站约建设方、承包人等共同到劳动监察大队，经协调已当场解决了您所反映的问题。    感谢您对我们工作的信任！                                   区人力资源和社会保障局,回复时间：2018-03-23 10:36
扰民鸽场何时休,已办理,环保 投诉,匿***,2018-02-2110:47,尊敬的唐书记您好！        我是新河镇东新村村民代表，几个外来人员三年前在我村村委西边租的几亩地上搭建无证无序、不规范的多条养鸽子棚在此养鸽子，自此以后周围百姓人家被困扰的苦不堪言，一到下雨天鸽粪随雨水直接流入旁边河道，之前清澈的河流已成往昔，如今已变成肮脏不堪小鱼小虾早已不见踪影，更不要说在此河道里洗衣洗菜，特别是一到夏天那股味道不是周围的居民根本难以感受。平日里鸽毛满天飞，简直无孔不入，附近的居民根本不能开窗，晾晒衣服，三年多来每天清晨大批量鸽子集中鸣叫令附近居民没有一天睡过安稳的晨觉，那种周围空气中弥漫着鸽场的粪臭味，鸽毛满天飞的景象，大批量鸽子咕咕的噪音叫声，令春节期间附近居民家中有上海和远方来的亲戚朋友困苦不堪，当前世界级生态崇明和创建全国先进文明城区的建设正在如火如萘进行中，真心不希望那种不和谐的境况拖整个和谐、绿色、文明的大家庭后腿、恳请唐书记您在百忙之中安排有关部门下去到实地查看一下，早日还我们一个真正和谐、绿色、清新的生态文明环境。谢谢！,崇明区新闻办,网友：    您好！    针对您反映的问题，区环保局已会同乡镇进行现场核查。镇政府近期将组织市场、城管、农技中心等执法部门联合整治，予以取缔;区环保局在鸽场存续期间要求三个养鸽场加强管理，及时清理鸽棚外的鸽粪，杜绝因雨水冲刷导致鸽粪流入河道的发生，并做好存放清洗废水泥坑的防渗工作，不得影响周边环境。    感谢您对我们工作的信任与支持！                                   区环保局,回复时间：2018-03-23 10:42
我们的苦工钱,已办理,城建 建言,李***,2018-02-1423:14,尊敬的书记！我们今年在崇明区崇明秀山路滨洪路，永利公司新建厂房刷钢构防火涂料，我们的工钱，还没有给！我相信，在当今繁荣的社会出了力，干了活是能拿到报酬的，也相信正义是存在的！我们有个要求，拿到工钱，回家过年！,崇明区新闻办,网友：     您好！     根据您反映的问题，通过核实，已于2月14日晚上解决。                            区人力资源和社会保障局    ,回复时间：2018-02-27 11:12
西门南村3号楼车位长期被外来车辆占用,待回复,交通 投诉,r***,2018-02-1019:53,问题：西门南村车位本来就很少，西门南村3号楼车位特别少，但是3号楼靠近路口，车位长期被社会车辆占用（还被电力公司的工程车霸占车位）3号楼业主无法停车。诉求：1要求电力公司的工程车不要霸占3号楼的车位。2要求社会车辆不要霸占3号楼的车位。3要求规范小区车位管理，3号楼附近增加车位，让3号楼业主能停到3号楼（业主愿意花钱买车位）,,,
东门新村小区26号楼前面车位被外来车辆占用,待回复,交通 求助,r***,2018-02-1019:53,问题：玉环路禁止免费停车后，外来车辆都停在东门新村26号楼前面，26号楼业主的车辆只能停在别的地方。（有时小区被停满，只能停的很远）诉求：希望东门新村的车位对应东门新村的业主。26号楼的车位对应26号楼的业主。,,,
违章建房,已办理,城建 投诉,n***,2017-11-0719:07,尊敬的唐书记，您好！今天借这个留言板平台向您反应一个农村违规违章建造房屋的事---崇明区竖新镇明强新生村126号原拆原建房屋（2017年10月6-10日拆老房子，10月13-14日挖墙沟浇注水泥） 严重 违反了按原平方、原地基、原高度的原则，前后墙脚超出老的墙脚，严重超平方，也违反了2017年10月1日之后不能原地翻建房屋的有关文件要求，向村和乡一级反映到现在也没有效果，还在继续违章施工，吊车、装材料的卡车把居民点上水泥压坏导致邻居行走路困难，把邻居的大门撞坏也不修复，尘土飞扬，邻居不能正常晒被、通风采光，究竟是什么原因造成政府管理不到位等乱象，直至现在的11月6日还在继续。我在平台所言以人格保证事情的真实性，盼在唐书记治理过问下给百姓一个真实的结果，也是给出一个真实的世界级生态岛的环境！体现出一个有真正管理能力的政府！真正真实的造福大众百姓！盼！盼！！盼！！！,崇明区新闻办,网友：    您好！    根据您在人民网“地方领导留言板”栏目留言反映的问题，现将相关情况回复如下：    经查：当事人因家中权证房年久失修、渗漏严重，故对该房屋在原位置进行翻修。其在2017年9月开始拆房施工，并在期间与路西侧邻居做好建房相关协议书，及与村委签订房屋修缮承诺书。目前一层已基本建造完毕，矛盾焦点为与路西侧邻居基础高出三厘米产生意见分歧。    处理意见：1、按照现行农村建房政策进行翻修。 2、对7.6平方米的罗马柱进行整改拆除。 3、继续做好双方矛盾的调处工作，争取早日化解该案。                                                                                             崇明区竖新镇人民政府,回复时间：2017-11-23 14:10
村委力挺违章怎么办,待回复,城建 咨询,匿***,2017-09-3020:22,崇明庙镇乡村委力挺违章建筑怎么办，国家有什么办法治理吗，你做为区长治理吗,,,
红色本宅基地审查,待回复,城建 咨询,匿***,2017-09-2913:23,经过有关部门检查这户人家真实存在超面积和超高问题存在，政府部门怎么处理违法面积，多久处理完。这户人家是1978年10月份左右建造三间平房，现在翻建二次后超面积超高，请审查原先红色本子上的宅基地面积，如果没有红色宅基地证的话就是违法建筑了，,,,
旧房翻建,已办理,城建 咨询,匿***,2017-09-2606:34,书记您好，我想询问一下农村旧房改造超面积超高，是否拆除，还有村里有允许超面积40%的政策吗,崇明区新闻办,网友您好！针对您反映的问题，现作如下答复：1.农村低收入危旧房改造需满足2个条件：一是房屋经鉴定属于C级、D级危房；二是家庭属于低保户或低收入户。2.农村低收入危旧房改造有2个途径：一是对原有房屋进行修缮，不会突破原有面积和高度；二是对原有房屋进行翻建，需到镇（乡）规保办办理房屋重建手续，房屋面积和高度由规土部门予以核定，翻建后的房屋面积和高度不得超过核定标准。未办理手续的，不得翻建。                        崇明区建设管理委,回复时间：2017-10-11 14:12
违法投诉,已办理,城建 投诉,弘***,2017-06-1810:47,唐书记你好！在网上看到崇明庙镇违建信息群众曝光不断。最新出来的在于窑桥村社南410号也存在违法建筑。出于好奇实地去看过，确实那里正在新建房子，是不是合法暂且不知。经询问周边邻里建房存在的问题，也跟网上曝光的信息吻合。确实建房的姓周没有崇明这边的农村户籍也没有宅基地，还有崇明区2015年开始冻结了建房手续审批，他们好像也没有建房手续的，而且据了解态度极差，言语极不文明，周边反响很大。请唐书记关注一下这件事情。,崇明区新闻办,网友：    您好！    根据您在人民网“地方领导留言板”栏目留言反映违法建房问题，现将相关情况回复如下：    经庙镇政府核实：窑桥社南410号建造于1983年，户主为黄汉英，目前已故，其子周瑜为合法继承人。现因其家庭实际困难，经镇、村同意，允许其在原址修缮翻建。后续镇、村将加强对其翻建工作的监管。                                 庙镇人民政府,回复时间：2017-07-19 16:45
崇明区中兴镇胜利村支部书记,待回复,城建 投诉,陈***,2017-06-0615:12,        尊敬的区长你好，我是一名来自崇明中兴镇胜利村的普通百姓，我要向你反映的是我们村的村支部书记。我的隔壁邻居旧房改造两层楼变三城楼100个平方改成200多平方，还在进宅路上私设障碍物严重影响我的出行权，我在2年多的时间里面几十次去到村里乡里反应情况但是书记一直以调解协商为由不予处理刻意包庇我家邻居，使他大肆建设违章建筑，让我这种小老百姓申诉无门。我希望尊敬的唐书记能为我这种小老百姓主持公道谢谢。,,,
关于小区停车费,已办理,其他 投诉,匿***,2017-05-2917:16,书记你好，我是永凤花园的一名业主，本小区原本没有停车位，可时代发展私家车越来越多，原本物业（瀛通）把每幢楼房前的绿化带缩减一半改成了停车位（没通知所以业主在业主不知情的情况下改的），小区主干道也私自划了停车位，以每年1200元的价格收取停车费，收取的费用没公布去向，这费用应该属于小区业主所有，而业主们都不知道这些钱去哪了，收取停车费后车辆停在停车位上如有损坏（比如被刮划或其它损伤物业都句不负责）。在今年2017年在业主没有同意的前提下私自换了物业。小区绿化改停车位和主干道上划的停车位本应该就是业主所有物业无权收取停车费，请书记调查。, 崇明区新闻办,网友：    您好！    根据您在人民网“地方领导留言板”栏目留言反映永凤花园停车等问题，现将相关情况回复如下：经核查，为缓解永凤花园小区停车难问题，根据有关规定，经业委会及物业公司提议，业主大会表决，于当年下半年实施道路拓宽增加停车位、车棚更新等改造项目。工程完毕后，依照物业服务合同，由当时的瀛通物业按照100元每月每个车位的标准代为收取停车费，并从中提取部分管理费用，其余主要用于充入维修资金等用途。    2016年底，由于永凤花园业主大会与瀛通物业难以就服务与收费事宜达成一致，瀛通物业决定撤出该小区。后经永凤花园业主大会表决通过，2017年1月1日起由雁思物业为永凤花园提供物业服务。我局将会同城桥镇政府继续加强指导与管理，督促物业企业积极做好停车管理，并定期公开相关信息。同时，也希望每一位业主从自身做起，自觉遵守管理规约，共同维护小区整洁有序的面貌。    感谢您对我们工作的关心和支持。           上海市崇明区住房保障和房屋管理局,回复时间：2017-06-08 10:17
村民何时用上合格化粪池？,待回复,环保 咨询,匿***,2017-05-1410:50,书纪好！   去年庙镇镇改建的化粪池存在质量问题，上过媒体请过专家，至今合格率为百分之一，不知何时能整改完成？望领导顾问一下！谢谢！,,,
私人敬老院,已办理,医疗 投诉,匿***,2017-05-1115:22,崇明区向化镇花苍村丕林三队有家私人敬老院。环境脏乱差，不给老人吃饱饭。家中养有山羊。鸡鸭都有。夏天来临了。气味大。让人受不了。请有关部门予以解决！！！,崇明区新闻办,网友：    您好！针对您所反映的问题，经核实，该养老院属于无证养老场所，将予以关停、取缔；您反映“该养老院不给老人吃饱饭”的情况，不属实。    目前，向化镇按照“先分流后取缔、边查边改、消除隐患”的原则，对私人养老院采取“一点一方案”予以关停、取缔。原入住的8名老人目前已劝回、分流3名，剩余5位老人也将尽快妥善分流。                                                   向化镇人民政府,回复时间：2017-05-16 16:36
帮帮打工者,已办理,就业 投诉,匿***,2017-05-0210:08,马书记你好。我是一名钢结构安装工人。去年经朋友介绍以武汉华汪的工人在长兴岛中建三局工作两个多月，工程结束后带班赵X刚至今沒付我们工资，项自部拿走我们工咨表后今不付工资，希望书记帮帮我们，,崇明区新闻办,网友：    您好！接到您留言后，崇明区劳动监察部门立即进行了调查。经了解，您所反映的情况属实，劳动监察部门正在督促发包公司、承包方公司及带班结算劳务费支付工人工资。项目承包公司承诺近日将工资发放到位。为便于劳动监察部门核实情况也便于您快速维权，希望您与崇明区劳动监察大队尽快联系，地址为：上海市崇明区南门路118号406室，联系电话：021-69693089。                            崇明区人力资源和社会保障局,回复时间：2017-05-11 17:28
外来务工人员,已办理,就业 咨询,匿***,2017-04-2113:26,你好领导！我是长兴振华重工的工人，我们的工资单一般的看不懂，太不清楚了，加班时间，加班费都看不出来，上海最低工资都调整了2300元了，我们的基本工资还是2008年的1200元，希望领导给关注下外来农民工！,崇明区新闻办,网友您好：    针对您所反映的事项，崇明区劳动监察部门上门进行了调查了解。经了解：“振华港机”工资单上基本工资确实是1200元，但加上岗位工资等项目均已达到本市最低工资标准，故不存在支付员工工资低于最低工资的行为。该单位应支付的加班费和其他奖金津贴在工资单中“奖金加班费津贴等”一栏内合并体现，没有将各项金额单独列出导致了员工对发放明细的不清楚，对此劳动保障行政部门已建议该单位在今后发放工资单时将加班费等单独列出。                             崇明区人力资源和社会保障局                    ,回复时间：2017-04-28 16:13
求助,待回复,其他 求助,匿***,2017-04-1114:16,崇明港西加油站旁边有一个桥霖农庄 。前几年因为她们要开农庄，把我家一条东西的路给截断，经过村里劝说，我们同意了但是要求帮我们西边出路做好一条水泥路，她们也做了，但是质量一塌糊涂。所以去2016年开始我家和村里商量解决问题，但是种种原因一拖在拖 但是结果还是好个，因为解决的方法。但是现在又是因为那个农庄，开始种树还是很大的树，经过协商她们答应 ，做篱笆，隔开的距离大些，不去影响我家的通风度，我们也答应，但是真的做了就不同了篱笆很密集，根本不是和协商的那样！,,,
违章拆建,已办理,城建 投诉,匿***,2017-04-0813:00,尊敬的马书记您好！这次从网上看到关于崇明庙镇合中村拆违事件，说明政府处理很公正，不过在这户人家前面204号和217号同样存在违章建筑，平方也很多，作为老百姓心里存在想法，为何不是一视同仁一起拆除！希望韩书记能够关心下这件事情。谢谢！,崇明区新闻办,网友：    您好，根据您在人民网“地方领导留言板”栏目留言的违章投诉，目前庙镇党委、政府已经依法依规启动查处工作。感谢您对我们工作的支持与鼓励。                                            中共上海市崇明区庙镇委员会                                                                       上海市崇明区庙镇人民政府,回复时间：2017-04-14 09:48
望政府帮我们外来妹和本地人一样参加农村,已办理,其他 求助,匿***,2017-03-1811:24,马书记你好我是一个嫁到崇明22年的外来媳妇如今政府好都让老白性参加农村医疗保险解决农民看病难的问题可政府让我们婚姻自由可为何不让我们享受同样待遇我至今都没参保本来就没工作没保章我希望政府能为我们考虑一下谢谢了。,崇明区新闻中心,网友您好：    您在人民网地方领导留言板给区委书记马乐声留言，反映希望政府帮忙解决农村医疗保险的问题，现将相关情况回复如下：2015年10月，上海市人民政府印发了《上海市城乡居民基本医疗保险办法》（沪府发〔2015〕57号），明确从2016年1月1日起，全市实施城乡居民统一的基本医疗保险制度。该办法明确：具有本市户籍，且未参加本市其他基本医疗保险的居民等各类对象均可自愿参加城乡居民医保。    由于您网上表述的诉求指向不十分明确，为了更好地了解您的政策诉求，请您致电021-59628120与我们联系。    最后衷心感谢网友对我们工作的关注和支持！                                                                              崇明区人力资源和社会保障局,回复时间：2017-03-30 13:58
望早日建设长横通道,已办理,交通 求助,匿***,2017-03-0717:47,尊敬的领导，作为一个全上海唯一没有陆路交通的横沙乡百姓，希望政府早日把规划中的长横通道变成现实，让横沙百姓不再一碰到大风大雾天气只能望江兴叹，有家不能归，有事不能出。让横沙百姓早日共享到生态崇明、美丽崇明、幸福崇明的美好明天吧！,上海市崇明区新闻中心,网友您好：    您在人民网地方领导留言板给区委书记马乐声留言，反映希望政府早日将规划中的长横通道变成现实的问题，现将相关情况回复如下：    1、根据横沙岛发展的定位和规划，短期内横沙岛与长兴岛之间的交通主要是依靠长横轮渡的方式来解决。    2、为了缓解横沙人民过江难的问题，区相关部门在长兴和横沙新建码头，目前在调试阶段，预计6月投入使用；同时，新建的轮渡预计今年投入使用，通过基础设施和运力的增加，包括航班加密等措施，更加方便百姓出行。    3、横沙岛是生态先行示范区。我们正在编制横沙绿色交通专项规划，从优化公交线路、引入分时租赁电动汽车和共享单车、建设自行车绿道等等，抓紧建设美丽横沙、生态横沙、幸福横沙！    最后衷心感谢网友对我们工作的关注和支持！                              崇明区交通委员会,回复时间：2017-03-10 09:14
村委会书记违法调整农民承包土地,已办理,三农 投诉,桔***,2017-02-1307:08,尊敬的韩书记：您好！我是崇明区长兴镇长征村一组村民。2016年6月2日村委书记和一组组长利用职权谋私利，未召开村民会议决议，私自将土地分给组长自己和组长亲朋好友。请各领导来村里调查此事。,上海市崇明区新闻中心,网友您好：    您在人民网地方领导留言板给区委书记马乐声留言，反映长兴镇长征村村委书记和一组组长利用职权谋私利，在未召开村民会议的情况下私自将土地分给组长和组长的亲朋好友一事，经调查核实，相关情况回复如下：    您提出的与十六位村民发生的土地纠纷问题，长征村在2011年第二轮农村土地承包经营权完善时已召开过村民代表会议，明确土地的承包经营权属于十六位村民，并取得了新的土地承包经营权证。由于您一直不愿交出土地，也不愿支付土地流转费，故十六位村民于2016年向区法院提起诉讼。崇明区人民法院在2016年8月31日作出判决（2016）沪0230民初5230号：要求您归还土地并支付相应的土地流转费。您向上海市第二中级人民法院提出上诉后二中院驳回上诉，维持原判。                                          崇明区长兴镇人民政府,回复时间：2017-02-23 10:38
给我们农民工一个保障！,已办理,企业 投诉,匿***,2016-07-1918:04,尊敬的马书记:您好！我是位于向化镇六滧公路696号的上海欧铠金属制品厂的一名员工，我厂自从春节至今为止工资一分也没发过，星期天从不休息，加班没有加班费。现在这么热的天连高温都没有了！望领导体察民情！调查实情！给我们农民工一个保障！不胜感谢！,崇明县新闻中心,"网友您好：    您在人民网地方领导留言板给县委书记马乐声留言，反映位于向化镇六滧公路696号的上海欧铠金属制品厂拖欠职工工资、超时加班、不支付加班费、不发放高温费问题。县人力资源和社会保障局劳动保障监察于2016年7月20日进行了调查,查实了违法行为，单位当日进行了整改，现答复如下：    经调查，上海欧铠金属制品厂现有从业人员9人，因资金周转困难，确实存在网友反映的劳动用工违法问题。劳动监察人员要求单位立即整改，2016年7月20日当日，该单位立即进行了整改，发清了未按规定支付的全部金额，并提交了发放凭证。监察人员向员工核实，该单位确已全部整改。劳动监察人员对单位经营者进行了法律宣传和教育指导，单位经营者表示今后会按照法律规定按时发放员工的工资报酬，并按规定合理安排工作时间，保障员工合法休息权益。县人力资源和社会保障局劳动监察部门将继续跟踪监管。",回复时间：2016-07-25 14:15
领导好，请问崇明种植农业补贴有那些？合作社形,已办理,三农 求助,匿***,2016-07-1813:34,现种植农业500多亩土地，以水稻和小麦/绿肥为主，想知道国家对农业上面补贴有哪些？具体补贴金额有多少？谢谢,崇明县新闻中心,网友您好：    根据您的留言，县农委整理了一份水稻、麦子、绿肥相关补贴政策说明，希望可以帮到您。    一、水稻、麦子   （一）补贴对象    具有本市户籍、在本县行政范围内从事粮棉油生产且符合相关补贴项目规定条件的农户或生产机构（家庭农场、农民专业合作社、农业生产经营组织）。   （二）补贴标准    现金补贴：    1.水稻种植补贴86元/亩    2.水稻农资综合补贴112元/亩。    3.水稻机插秧补贴。对实施水稻机械化育插秧的农户或种植单位补贴60元/亩；对机械化育插秧专业服务机构，按实际机插秧面积，补贴20元/亩。    物化补贴：水稻、麦子良种以及水稻重大病虫害防治和麦子赤霉病防治，实行物化补贴，定量免费统一供应发放。补贴由中央市县三级财政承担，中央和市财政补贴后的缺额部分由县财政承担。    二、绿肥    (一)补贴对象    具有本市户籍，在本县行政区域范围内，30亩以上连片种植冬作稻茬绿肥的农户、单位和农民专业合作社。    (二)补贴条件    补贴品种以培肥地力为主要目的的冬作蚕豆、紫云英、金花菜、豌豆、紫花苜蓿等。    (三)补贴标准    1、现金补贴：自2013年10月1日起，凡列入乡镇计划内符合条件的种植农户、种植单位、农民专业合作社，绿肥每亩种植补贴330元（市、县、乡镇三级财政承担，乡镇财政配套50元）。    自2013年10月1日起，凡列入县、乡镇属地化上报的市、县属相关种植单位（企业）、农民专业合作社，每亩种植补贴280元（市、县二级财政承担）。    2、物化补贴：绿肥种子补贴由县财政承担，实行县级统一供种。,回复时间：2016-07-27 10:43
给我们农民工一个保障！,已办理,企业 投诉,匿***,2016-07-1714:02,尊敬的马书记:您好！我是位于向化镇六滧公路696号的上海欧铠金属制品厂的一名员工，我厂自从春节至今为止工资一分也没发过，星期天从不休息，加班没有加班费。现在这么热的天连高温都没有了！望领导体察民情！调查实情！给我们农民工一个保障！不胜感谢！,崇明县新闻中心,网友您好：    您在人民网地方领导留言板给县委书记马乐声留言，反映位于向化镇六滧公路696号的上海欧铠金属制品厂拖欠职工工资、超时加班、不支付加班费、不发放高温费问题。县人力资源和社会保障局劳动保障监察于2016年7月20日进行了调查，查实了违法行为，单位当日进行了整改，现答复如下：    经调查，上海欧铠金属制品厂现有从业人员9人，因资金周转困难，确实存在网友反映的劳动用工违法问题。劳动监察人员要求单位立即整改，2016年7月20日当日，该单位立即进行了整改，发清了未按规定支付的全部金额，并提交了发放凭证。监察人员向员工核实，该单位确已全部整改。劳动监察人员对单位经营者进行了法律宣传和教育指导，单位经营者表示今后会按照法律规定按时发放员工的工资报酬，并按规定合理安排工作时间，保障员工合法休息权益。县人力资源和社会保障局劳动监察部门将继续跟踪监管。,回复时间：2016-07-25 14:14
