宁蒗县供排水公司非法停水收取管网改造费,待回复,城建 投诉,阆***,2019-11-3012:58,1.宁蒗县供排水公司未通知住户知晓就对郑家河商贸街进行一户一表改造。2.改造前未公示水网改造相关预算费用。3.改造前未与住户签定一户一表安装工程合同。4.在以上三个环节均未知晓的情况下以收取管网改造费为由非法停水。5.住户认为公司收取每户1110.24元的改造费用不合理。,,,
易地扶贫不公平,待回复,三农 投诉,曲***,2019-11-2808:43,领导你好，为什么红桥乡之前易地搬迁不给老百姓通知，私自通知有关系的易地搬迁到宁蒗，而我们家庭有那么多病人就不能搬迁，就给修了那么小一点房子，而且我这里真正贫困的为什么不给贫困，为什么有车有房子的给贫困，别的乡政真正做到了贫困，而红桥乡就为什么做不到，希望你家家户户调查，红桥乡杨书记每次去他哪里办事情，态度差，打电话挂电话，村委会打电话把老百姓电话拉黑名单，如果不来调查，我会把我家这么多病人带到省里红桥乡政府办事一点不公平，原来我们家庭有那么多病人，就把两家人口住在一个房子里面，连家里老人80多岁低保都取消，我想别的乡政有困难真正扶贫到，我们这里为什么有那么多病人，没有得到过什么，希望宁蒗县委，县政府，仔细核实，调查调查，下面图片就是家里，这就是红桥乡给的贫困户，,,,
摩挲家访购买银器受骗,待回复,旅游 投诉,李***,2019-11-2617:08,领导你好，我们听说泸沽湖风景秀美湖水清澈不远千里来到这里，买了两人往返带门票266元车票，打电话与我们确认接送点的人非常厉害，后来另一个车接我走，进了泸沽湖司机师傅说他是本地人为我们介绍他们的传统文化，说他们是唯一正规的车队，这个路每年死很多人，不能相信别人（车是中巴车，车况很差，一路晕车）快到目的地时候，说带我们环湖游带晚餐下午以及第二天早上，交300给他，结果应被骗第二天早上我不去，退60元，接我的时候又是来的时候确认的那个非常凶，下午去了两个观景台，就去一个小村子吃饭，吃完一个小姐姐带我们去她家，说她们只有十来人会说汉语，去到祖母房，说他们信藏传佛教，房间里挂了唐卡活佛还有毛主席，说他们非常落后，然后是他们的走婚，定情物银饰，银饰的好处，说他们只要家里去做喇嘛的男孩子会做银饰，他们的银子是国家发的，也是各家各户凑起来让我们购买给他们带来一点收入，然后就打开一个黑布各种银器让我们购买，我看中的一个卖掉了，我多次说不买了，非要让等，结果没有送来，带我们去刚才吃饭的地方，结果一个非常大的展厅，我当时就知道受骗了，他们的人非常厉害不敢多说，只好买了走人，第二天就不敢再去看草海和坐船，希望退货退款,,,
想退我在泸沽湖女儿国购买的银饰 ,待回复,旅游 投诉,云***,2019-11-1908:58,宁蒗县委书记您好！我于2019年11月14日和家人一同来丽江旅游，17号下午跟随导游泸到了沽湖，第二天早上导游带我们去山南村，把我们交给了一个阿妹，说是由阿妹带我们了解当地摩梭文化，这个阿妹自称叫桑X，说是这里的第一个大学生，带我参观了她家的祖母屋，不让我们拍照，说是对祖母的不尊敬，过后讲了点儿当地文化，走婚啊什么的，后来就讲解她们那里的银碗和其他银饰的好处能治风湿，还有银腰带能治银饰的好处能治风湿，还能治妇科病。还说那些都是用草药煮过的是可以食用的，可以有消炎解毒的功效，还用银梳子给我们同游的一个人刮痧梳头，当时看着觉得很神奇，桑吉还给我们讲了她有个责任，带我们去看看银器，于是就带我们到旁边一个院儿的屋子里，那里有几个大柜台，又给我们讲这些银器如何如何好，我们买了就当是帮助这里的落后人民了，当时也不知道怎么想的就很相信，一共花了3680元买了两个银茶杯，她们也没有开具体的发票和鉴定证书，就只有一张单子写着价钱，也没盖章，结束后上网查了一下，真的是心都凉了，景区美景带来的快乐一下子跌入了万丈深渊，希望相关领导调查后在旅游行业中能够杜绝这种行为，我恳请领导能协助我先退款再退货,,,
请政府为我们做主讨债,待回复,城建 投诉,杨***,2019-11-0420:24,我在宁蒗异地搬迁三期做活的，老板欠我们工人工资42760元，多次要钱未果，现在我们很无助，希望政府为我们做主,,,
易地安置三期住房面积与人口不符,已办理,政务 求助,胡***,2019-10-2513:26,              尊敬的领导：         您好！我家是永宁坪乡抓马坪村委会小米田三组村民建档立卡贫困户。10月20日在宁蒗三期易地安置点抽签才告知是3人户，事先一致认为6人户。         2018年应政府要求，合并成一户7人。之前我们一家七口都享受了建档立卡的优惠政策，我们都很感谢政府。是否合并户口后工作人员在系统上没有及时更改，导致现只分得3人户60㎡安置房。使我家6口人没法居住。现搬新家不够住，不搬没地方住(老家今年因地质灾害，房屋地基塌陷)。      现希望领导能为我家协调解决住房问题，谢谢！,宁蒗县永宁坪乡人民政府 ,"网民同志：您好！您通过""人民网地方领导留言板""给杨承新书记的留言收悉。永宁坪乡党委、政府和村动态管理工作组高度重视，成立工作组对您所反映的问题做及时调查处理。经调查，您父亲于2018年2月份报小康家园三期，您与您父亲户口并户时间为2018年7月15日。由于易地办系统锁定在前，户口并户在后，致使在易地办系统上无法作相应更改，您户只能享受您父亲户原先所上报的3人面积。 感谢您对我乡工作的支持与理解，祝您身体健康、生活愉快！",回复时间：2019-11-25 15:00
泸沽湖摩梭人家访销售银器骗局,待回复,旅游 投诉,胡***,2019-10-2409:03,尊敬的领导你好，我是10月22号跟随旅游图去欣赏泸沽湖美丽的景色得，也是慕名而来，路上导游也给我们讲解了他们所信仰得藏传文化，听完也挺尊敬的，到了泸沽湖，景色真的美丽，到了第二天得时候，导游一大早带我们去摩梭人家里去做客，由一个美丽的阿妹带我们去看了她祖母的房间，开始给我们讲了一些禁忌，不能戴帽子，不能带墨镜，进门不能踏门槛，左脚进右脚出等等，我们也很尊重当地文化，给我们讲解了摩梭人走婚的文化。随后给我讲了她们这边条件艰苦，没有医院，好多病都是银得作用，也当场实验了，拿银梳子给有个游客刮痧，还告诉我们她们的是熟银，丽江得雪花银是生银，买银要买熟银，随后带我们去了一个当地阿哥的一个制作银饰品得地方，就这样我和朋友买了东西，但是后来到丽江后发现高出市场价格好多，感觉被骗了！泸沽湖是个美丽的地方，也是慕名而来，我们尊重当地文化，也可以去购买一些银饰品，但是以文化去包装，以虚高的价格去销售，我们感觉收到了欺骗，希望各位领导能进一步讲解，阻止这个恶劣得旅游环境，让更多的人能放心的来云南旅游！,,,
泸沽湖家访买银器被骗,待回复,旅游 求助,S***,2019-10-1618:47,尊敬的领导，您好！10月14日我们去家访了摩梭人，接待我们的阿妹带我们参观了祖母房，还说不让拍照，首先就跟我们介绍了当地的一些文化，后面就讲到了银饰，跟我们讲了银饰的好多好处，说银碗泡茶可以排毒，还可以祛湿，要结合一些方法，说她们摩梭族的姑娘十三岁就可以带腰带，还给我们看了银梳，现场给我们团友刮了莎，并且特别说明是他们摩挲人手工打造的。接着就带我们去买银器，于是买了一个手镯，一个梳子和一个勺子共138.7克，一共花了2330元。后来买完了才了解到这些都是套路，价格比市面上贵了不少，只是为了营销产品编的说辞，并且经过和团友买的对比，发现这些根本就不是他们摩梭人自己的手工，所有东西都是一个模具做出来的，所有细节都一样。我们的善良和对她们无条件的信任就这样被消费了。现在无论真假，无论贵贱，想起这个事就很不舒服，自己的好心和信任就被他们消费了，就想退货退款！        也希望这些事不要发生在其他旅游者身上，也希望泸沽湖越来越好，希望书记能看到我诚恳的求助，谢谢！,,,
体验摩梭文化被诱导购物,已办理,旅游 求助,青***,2019-10-1415:13,尊敬的领导:   您好，我和我老公在泸沽湖体验摩梭文化时全程被带到祖母房讲解银子的好处，当时因为自己的善良觉得是扶贫买了银手镯761元，银碗5880元，后面发现属于三无产品，价格比市场价高了一倍，完全影响了旅游心情，想退款。,宁蒗县文旅局,网名同志：    您好！您通过人民网《地方领导留言板》给宁蒗县委书记的留言收悉，宁蒗县文化和旅游局高度重视，你所反映的关于云南泸沽湖摩梭家访时被诱导购买银碗的信访问题，我们依于2019年10月13日正式受理，并按《信访条例》的规定进行了认真调查，现将你所反映的问题答复如下：    经调查，您所反映的在泸沽湖摩梭体验文化时，被带到祖母房中讲解银子的好处，被误导购买银手镯761元，银碗5880元，购买之后发现属于三无产品，价格比市场价高了一倍，我县文化旅游市场执法大队执法人员已联系店家，将购买银碗和手镯的金额全额退回。    顺祝身体健康、工作顺利。                                        宁蒗县文化和旅游局                                          2019年10月17日,回复时间：2019-10-28 16:13
泸沽湖民宿安防严重漏洞,已办理,旅游 投诉,z***,2019-10-1017:17,10/8入住泸沽湖抚云酒店10/9发生失窃报警后发现酒店未在重要位置安装监控酒店告知符合云南当地酒店要求，游客人身及财产安全无法保证电话相关部门无法得到合理解释。希望给予合理答复。并要求提高民宿安保基础规范要求,宁蒗县公安局,尊敬的网民同志：     您好！您在人民网“地方领导留言板”给杨承新书记的留言已收悉。宁蒗县公安局高度重视，迅速积极开展调查工作，现将有关情况回复如下：     您反映的情况收悉后，于第一时间向宁蒗县公安局主要领导及泸沽湖派出所所长进行了通报。泸沽湖派出所已按照要求开展案件调查工作，宁蒗县公安局进一步要求泸沽湖派出所加强日常在该区域的治安防控力度。2019年10月9日对不如实登记客人住宿信息的抚云客栈按照《中华人民共和国治安管理处罚法》第五十六条之规定进行了500元罚款。     在今后的治安管理工作中，宁蒗县公安局必然按照您所提的意见及建议加强社会治安防控工作力度。感谢您对云南旅游事业的热心支持。     祝您身体健康，生活愉快!                                                                        宁蒗县公安局                                                                       2019年10月15日,回复时间：2019-10-15 10:17
抚云客栈治安安全重大隐患,已办理,旅游 投诉,z***,2019-10-1016:17,我于10/8号入住该酒店，入住手续违规。无入住登记10/9号发生房间内失窃，物品金额较大。已报警派出所出警后酒店无法提供完整监控录像该酒店无完整安防系统，外人可以随意进入到酒店内部客房，并且酒店很多地方无监控设备，存在重大安全事故隐患，希望领导能重视这个问题，本人只是丢失钱物，并没有发生人身安全等重大事故，这样的酒店存在如此大的治安隐患，希望领导能够重视，不要让个别酒店抹黑了整个云南旅游,宁蒗县公安局,尊敬的网民同志：     您好！您在人民网“地方领导留言板”给杨承新书记的留言已收悉。宁蒗县公安局高度重视，迅速积极开展调查工作，现将有关情况回复如下：     您反映的情况收悉后，于第一时间向宁蒗县公安局主要领导及泸沽湖派出所所长进行了通报。泸沽湖派出所已按照要求开展案件调查工作，宁蒗县公安局进一步要求泸沽湖派出所加强日常在该区域的治安防控力度。2019年10月9日对不如实登记客人住宿信息的抚云客栈按照《中华人民共和国治安管理处罚法》第五十六条之规定进行了500元罚款。     在今后的治安管理工作中，宁蒗县公安局必然按照您所提的意见及建议加强社会治安防控工作力度。感谢您对云南旅游事业的热心支持。     祝您身体健康，生活愉快!                                                                        宁蒗县公安局                                                                       2019年10月15日,回复时间：2019-10-15 10:15
投诉泸沽湖尔湾水奢酒店,已办理,旅游 投诉,l***,2019-10-0411:09,本人于2019年9月25日预定了泸沽湖尔湾水奢酒店10月1日至10月2日三家房。花费了11910元人民币。因本人原因住了一晚，后面让朋友入住，酒店柜台拒绝我的朋友入住，因此我朋友在泸沽湖云商务酒店开了三家房，花费了2550元人民币。现要求泸沽湖尔湾水奢酒店退还本人没有入住的那三间房费以及我朋友在（泸沽湖云商务酒店）开的那三间的费用。共计人民币（8505元）,宁蒗县文旅局,网名同志：    您好！您通过人民网《地方领导留言板》给县委书记杨成新书记的留言收悉，宁蒗县文化和旅游局高度重视，你所反映的关于云南泸沽湖泸沽湖尔湾水奢酒店无法满足游客诉求的信访问题，我们依于2019年10月3日正式受理，并按《信访条例》的规定进行了认真调查，现将你所反映的问题答复如下：    我局执法人员到现场并了解情况，经调查，客栈方表示已明确告知订房人此订单不可取消和退订，10月1日有客人提供了此订房人的姓名和联系方式办理了入住，第二晚因行程原因不再入住，退房协商不成，客栈方表示愿意提供此房给订房人朋友入住，10月2日18时许有人预办理此订单入住手续，客栈方要求提供相关信息，同时联系订房人确认。客栈方表示因未收到确认信息未给次行人办理入住手续。李小东先生诉求退房费和公开道歉，反映客栈方存在态度问题，客栈方表示对态度问题愿意赔礼道歉，赔偿500元的损失费。   顺祝身体健康、工作顺利。                                        宁蒗县文化和旅游局                                           2019年10月9日,回复时间：2019-10-28 16:11
泸沽湖摩梭族家访卖银器骗局,已办理,旅游 投诉,W***,2019-09-2617:51,早上刚刚被自称本地人的阿妹带去买了银子，现在刚刚上旅游大巴车一百度，说泸沽湖银子是骗局，过来投诉早上导游把我们带到一个自称是摩梭人的阿妹那里，然后由那个阿妹带着我们去到她家，我们被带进了一间据说是她们供奉神灵的房间里面，并且在进入房间之前阿妹说不能拍照录像。进入房间以后，阿妹开始给我们说她是政府选出来的普通话比较好的阿妹，专门向游客介绍摩梭文化的，还说自己接待客人就是为了积公分。然后她就稍微讲了一下摩梭人的文化，为什么摩梭人可以长寿，银器的各种好处。后面一直在讲银器怎么样好怎么样好，说她们的银器都是纯手工做的，把我们和同行的人都讲得兴致勃勃的，然后就把我们带到另外一个房间，然后那个阿妹把我们带到其中一张桌子前面，桌子上面放满了各种银器。后来我们就买了几件银器，我买了一个杯子一个梳子，一共2638元，结果一上旅游大巴，百度了一下，看到了银子骗局的过程，过来投诉,宁蒗县文化和旅游局,网民同志：  您好！您通过人民网《地方领导留言板》给县委书记杨成新书记的留言收悉，宁蒗县文化和旅游局高度重视，你所反映的关于云南泸沽湖摩梭家访购买银器被骗的信访问题，我们依于2019年9月27日正式受理，并按《信访条例》的规定进行了认真调查，现将你所反映的问题答复如下：  我局执法人员到现场并了解情况，经调查，您所反映的在泸沽湖摩梭家访购买银器被骗，购物地点属于四川省盐源县泸沽湖镇辖区内，不属于云南省泸沽湖管辖内，我县文化旅游市场执法大队执法人员已协助联系店家将购买银器的金额全额退回。顺祝身体健康、工作顺利。                                                                宁蒗县文化和旅游局                                                                  2019年9月27日,回复时间：2019-09-27 17:27
关于今早泸沽湖银饰的事，商家已处理。,已办理,旅游 感谢,c***,2019-09-1618:36,您好，今早反应去泸沽湖购买银器的事，商家已经积极处理，态度很好，谢谢领导，辛苦了！下次我们还会继续到云南旅游，希望云南旅游业越来越好！,宁蒗县市场监督管理局,网名同志：您好！感谢您对我县工作的理解与支持。,回复时间：2019-09-20 15:09
泸沽湖家访摩梭族银饰退款,已办理,旅游 投诉,c***,2019-09-1114:06,尊敬的书记，您好！        很抱歉让您看到这封信，同时也希望您能看到我这封求助信！        泸沽湖一直是我觉得很美的地方，也是心心念念想来的地方，环境真的特别美，但在了解摩梭族贡银方面的消息后，心里一直不太舒服。         我和家人于2019年9月9日跟团去往泸沽湖，报的团是云南中青国旅旅游，9月10日我们去家访了摩梭族，接待我们的带我们参观了祖母房，还说不让拍照，首先就跟我们介绍了当地的一些文化，后面就讲到了银饰，跟我们讲了银饰的好多好处，说银碗泡茶可以排毒，还可以祛湿，要结合一些方法，说她们摩梭族的姑娘十三岁就可以带腰带，怀孕都带着，可以排毒，还可以让小孩生下来的时候没有黄疸。还给我们看了银梳，说是她的阿哥送她的，还现场给我们团友刮了莎，说刮出了的是黑的，就是身体不好。        然后还说摩梭族都是有信仰的，不会拿假的，也不会忽悠我们，都是积累福报，希望对我们有用，说挣的钱一部分捐给寺庙，一部分买唐卡，一部分打造银器，当时看她说的很诚恳，就买了一个手镯15.8一克和一个梳子19.8一克，一共花了2637元，后来买完了才了解到这些都是套路，价格比市面上贵了不少，只是为了营销产品编的说辞，这些根本就不是他们摩梭人自己的手工，我们的善良和对她们无条件的信任就这样被消费了。现在无论真假，无论贵贱，想起这个事就很不舒服，自己的好心和信任就被他们消费了，就想退货退款！        也希望这些事不要发生在其他旅游者身上，也希望泸沽湖越来越好，希望书记能看到我诚恳的求助，谢谢！,宁蒗县市场监管局,网民同志：您好！ 您通过人民网《地方领导留言板》给杨承新书记的留言收悉，宁蒗县县委县政府高度重视，及时责成宁蒗县市场监督管理局认真调查处理，现将有关情况回复如下：     经调查，您提供的购物小票显示商家地址为“四川省凉山州盐源县中洼村”，属于四川省地界，已经超出我县管辖范围，建议您向四川省有关领导反映，或致电四川省泸沽湖旅游投诉热线0834-6390103反映；后经核实，您已经通过邮寄的方式寄回了所购买的银器和药材，并收到了商家的全额退款。     感谢您的来信，祝您身体健康，生活愉快！                                                                                                                                                                                                              宁蒗彝族自治县市场监督管理局                                                                                                                                                                                                                               2019年9月17日,回复时间：2019-09-22 14:26
泸沽湖摩梭家坊卖银已退货退款,已办理,旅游 感谢,风***,2019-09-0711:57,领导：你好，前天反应去泸沽湖购买银器的事，商家已经积极退回货款，态度很好，我也已经把货退回去了，谢谢领导，辛苦了！下次我们还会继续到云南旅游，希望云南旅游业越来越好！,宁蒗县市场监督管理局,网民同志：您好！感谢您对我县工作的信任理解与支持。,回复时间：2019-09-11 14:45
 家访卖银器骗局,已办理,旅游 求助,风***,2019-09-0416:11,"书记：您好，很抱歉打扰您，我和丈夫儿子报团到泸沽湖旅游两天，导游 于8月19日早上导游说按行程带我们去家坊，让我们了解摩梭人的文化，然后我们来到了自称是摩梭人居住的地方，由一个自称是摩梭人阿妹家里，阿妹把我们带进了主母屋，说是她们供奉神灵的房间,里面挂住三幅画，阿妺告诉我们家里挂的画越多在村里面越有威信，一般家庭只有一幅，并且在进入房间之前阿妹说不能拍照录像，不能打断他们的说话，尽量不要看手机，还要将电话调为静音，也不要上厕所，让我们坚持一个多小时。进入房间以后，阿妹花了几分钟向游客介绍摩梭文化，说他们族人的平均年龄都是90岁左右，为什么摩梭人可以长寿呢，接着就讲解银器的各种好处，还用一个银器盛水再倒出来给我们饮，阿妺说她们世代是医生，所以在现场她还帮很多游客用银梳子刮痧，在讲解中让我们了解到他们的银器可以治疗颈椎病，腰椎病，头痛头晕，失眠，脱发，高血压，乳腺增生，肝病，肾病等等，可以说是包治百病，又给她的手机微信聊天记录给游客看，有很多游客叫她帮忙医病，她可以用银梳拍打手上就能判断出哪个人身上有什么病，说得很真实，她还解开绑在腰上的银腰带给我们看，讲这条是保命带，平时带可以保护腰部，如果怀孕了还可以保胎和解胎毒，可以代代相传，讲的很神，讲的时候提到我们买了他们的银器后，如果以后不喜欢了还可以把旧的寄回去，他们重新做新样式寄给我们非常方便，银器是他们自己手工制作的，他们加工销售的银器都是政府支持的，买她们的银器的那些钱都是用来修桥整路的，买了就是积功德，在购买单上写上我们的姓名，到时可以刻在石碑上。进店后墙上写着30天可以无理由退货，我准备买一条银腰带、一把银梳子和一个银碗，因为我们带的现金不够，不是很想买，阿妹说可以刷信用卡或者微信支付的，我老公身上只是带了一张信用卡，就刷卡付了17379元，开了一张质量保证单，没有开发票给我，后来我加了阿妹的微信。上车后不久我就上网查了银器的价格和使用银器的好处，结果我发现购买的价格远远超出了市场价，是否真的是手工制作也无从得知，无限放大了银器的医用价值，本来旅游宣传美丽的泸沽湖和纯朴的摩梭人文化是一个很好的事情，但是以这种欺骗和套路的方式让我们购买比市场价贵三倍的银器就让我们好心寒，我希望有关部门领导可以介入实地调查，还我们公道，我希望可以退货退款，希望得到你们的帮助，感谢！",宁蒗县市场监督管理局,网民同志：    您好！     您通过人民网《地方领导留言板》给杨承新书记的留言收悉，宁蒗县县委县政府高度重视，及时责成宁蒗县市场监督管理局认真调查处理，现将有关情况回复如下：    经调查，您提供的购物小票显示商家地址为“四川省凉山州盐源县山南村”，属于四川省地界，已经超出我县管辖范围，建议您向四川省有关领导反映，或致电四川省泸沽湖旅游投诉热线0834-6390103反映；但本着为消费者服务的态度，我局执法人员积极联系商家进行调解处理，商家表示愿意退货退款；后经核实，您已经通过邮寄的方式寄回了所购买的银器和药材，并收到了商家的退款。    感谢您的来信，祝您身体健康，生活愉快！                                                                                          宁蒗彝族自治县市场监督管理局                                                                                                 2019年9月6日 ,回复时间：2019-09-06 11:49
泸沽湖背洗脑购置银器被骗,已办理,旅游 投诉,六***,2019-08-2816:29,尊敬的领导:本来是愉快的出来玩耍的，今天体验却特别糟糕，今天上午做的那个家访，了解摩梭人的习惯，开始以为只是一个普通的家访，没想到最后20分钟讲解员开始介绍银器，说这些银器都在他们自己纯手工制作的，而且好多病都是可以治疗。且不说这些银器是真是假，我通过对比发现我买的银器比市场价高了特别多。毕竟每个人的钱都不是大风刮过来的，我这里就是想领导帮忙退货，还我一个愉快的旅行!一共买了14318元。,宁蒗县市场监督管理局,网民同志：    您好！     您通过人民网《地方领导留言板》给杨承新书记的留言收悉，宁蒗县县委县政府高度重视，及时责成宁蒗县市场监督管理局认真调查处理，现将有关情况回复如下：    经调查，您提供的购物小票显示商家地址为“泸沽湖女儿国格萨摩梭村落”，属于四川省地界，已经超出我县管辖范围，建议您向四川省有关领导反映，或致电四川省泸沽湖旅游投诉热线0834-6390103反映；但本着为消费者服务的态度，我局执法人员积极联系商家进行调解处理，商家表示愿意退货退款；后经核实，您已经通过邮寄的方式寄回了所购买的银器，并收到了商家的退款。    感谢您的来信，祝您身体健康，生活愉快！                                                                                             宁蒗彝族自治县市场监督管理局                                                                                                    2019年9月2日,回复时间：2019-09-06 11:50
泸沽湖镇母支村购买银饰及名贵药材被骗,已办理,旅游 投诉,l***,2019-08-2711:06,"尊敬的书记，您好！希望也抱歉让您看到这封投诉信泸沽湖和摩梭文化是我们心之所往的地方，但是结束行程后，心里非常不舒服，觉得美好的心情都被破坏了、更重要的觉得自己的善心被利用了我和孩子于8月19日在泸沽湖进行旅游行程，期间被带到摩梭人家里（泸沽湖镇母支村）进行家访，接待人是次仁拉母说是村里统一组织的，每天不同的人家来接待，今天轮到她了，说是村里统一培训的，有负责晚上跳篝火晚会的，她上过汉语学校所以被选为介绍的中间的过程就像很多正在维权消费者一样参观祖母屋，不允许拍照，在祖母屋里开始给我们介绍民族文化，走婚族的传统，也说她们生活不好、好多大山里的孩子条件很苦，也讲了支教老师的故事……大家真的真的很感动，特别是已为人母，一听孩子的事情就特别心疼！后面就开始说摩梭人一直佩戴银饰，有什么什么好处、坐月子也是用银饰消炎杀菌………说所有的银饰都是村里阿哥打的，不是她们自己家的，她买了村委会会给她记公分，记公分她就比较骄傲挑起大家的兴致后，她带我们来到村里卖银饰店内，，还让在买的纸条上写上名字说是做功德了990的银卖到19.80元一克，除了贵，觉得自己就像个傻子一样被利用了同情心……想卖东西可以理解、但是套路就让人太害怕了！一个杯子1680元一个手镯562.，一个镯子553 一个梳子1237元，一共12744元接着被带导游尼玛 多吉带到一个名贵中药材店，被告知都是野生中药材，可以治疗各种疾病，购买力野生冬虫夏草9000元，称秤后没有计算价格被强行磨粉，还有藏红花300元，石斛650赤灵芝600元，鬼臼400元，一共10950元现在无论真假，无论贵贱，我就想退货退款！觉得心凉透了！当然最希望的是以后不会再有这样的事情发生在任何一个来到泸沽湖的旅游者身上、要不然真的,不知道泸沽湖旅游业的路要往哪里走不能一边感谢全国各地的游客来带动当地经济的同时伤了大家的心吧谢谢",宁蒗县市场监督管理局,网民同志：   您好！    您通过人民网《地方领导留言板》给杨承新书记的留言收悉，宁蒗县县委县政府高度重视，及时责成宁蒗县市场监督管理局认真调查处理，现将有关情况回复如下：   经调查，您提供的购物小票显示商家地址为“泸沽湖镇”，属于四川省地界，已经超出我县管辖范围，建议您向四川省有关领导反映，或致电四川省泸沽湖旅游投诉热线0834-6390103反映；后经核实，您已经通过邮寄的方式寄回了所购买的银器和药材，并收到了商家的退款。   感谢您的来信，祝您身体健康，生活愉快！                                                              宁蒗彝族自治县市场监督管理局                                                                     2019年9月6日,回复时间：2019-09-06 11:47
泸沽湖摩梭族购买银器落尾,已办理,旅游 感谢,艳***,2019-08-2320:39,因8月17日在泸沽湖景区买银子出了问题，这边反馈留言以后。当地旅游部门和当地负责人快速给予解决，此事不存在导游带我们去买东西。商家售后很好，本人非常满意,宁蒗县市场监督管理局,网民同志：   您好。您的来信收悉，感谢您对我县工作的理解与支持！祝您身体健康，生活愉快！,回复时间：2019-08-26 15:24
泸沽湖摩梭家访卖银已退货退款,已办理,旅游 感谢,运***,2019-08-2310:19,在发帖不够两小时后，有人联系到我，店家售后也已经协助退货退款，承诺30天无理由退货，非常感谢！相信云南明天会更好！,宁蒗县市场监督管理局,网民同志：   您好。您的来信收悉，感谢您对我县工作的理解与支持！祝您身体健康，生活愉快！,回复时间：2019-08-26 15:24
泸沽湖摩梭家访卖银受骗,已办理,旅游 求助,运***,2019-08-2216:13,书记，您好！我是8月21号带着家人跟团到泸沽湖旅游，本想度过一个美好的假期，没想到我们却被泸沽湖的人给骗了。来到泸沽湖的第二天导游把我们带到一个自称是摩梭人的阿妹那里，然后由那个阿妹带着我们去到她家，我们被带进了一间据说是她们供奉神灵的房间里面，并且在进入房间之前阿妹说不能拍照录像。进入房间以后，阿妹开始给我们说她是政府选出来的普通话比较好的阿妹，专门向游客介绍摩梭文化的，还说自己接待客人就是为了积公分。然后她就稍微讲了一下摩梭人的文化，为什么摩梭人可以长寿，银器的各种好处。后面一直在讲银器怎么样好怎么样好，说她们的银器都是纯手工做的，是她们的舅舅、阿哥做的，然后还拉了个同行的游客演示用银梳子刮痧梳头。之后还说买她们的银器的那些钱都是用来修路架桥的，买了就是积功德。讲了差不多一个多小时以后，把我们和同行的人都讲得兴致勃勃的，然后在一个上面盖着一块布的方桌上，摆满各种银器然后那个阿妹把我们带到其中一张上面用黑布遮住的长桌子，里面摆满了各种银器，有饮水杯，银碗，手镯等，后来我们就买了几件银器，一共花费了5113元。但是事后我们发现被骗了，我们购买的价格远远超出了市场价，而且是否真的是手工制作也无从得知。我觉得想赚钱想卖东西是可以理解的，但是这种带着欺骗和套路的卖货真的让人觉得很心寒，谁的钱都不是大风刮来的。我希望能够退货退款，并且希望有关部门可以管理一下这种现象，百度以后我发现被骗的人并不少，不是每个人都会用正确的途径去争取自己的利益的。十年前，我来了一次云南，当时没有来到美丽的泸沽湖，十年后带着家人来到这里，结果却有这样的遭遇，太让人糟心了！我十一岁的女儿跟我说：妈妈，这里的人不是很淳朴吗？怎么会骗我们呢？幼小的心灵我要守护，所以强烈要求退货退款！,宁蒗县市场监督管理局,网民同志：    您好！您通过人民网《地方领导留言板》给杨承新书记的留言收悉，县委县政府高度重视，及时责成宁蒗县市场监督管理局认真调查处理，现将有关情况回复如下：    经调查，您提供的购物小票显示商家地址为“四川省凉山州盐源县泸沽湖镇赵家湾”，属于四川省地界，已经超出我县管辖范围，建议您通过人民网《地方领导留言板》向四川省有关领导反映，或致电四川省泸沽湖旅游投诉热线0834-6390103反映；但本着为消费者服务的态度，我局执法人员积极联系商家进行调解处理，商家表示愿意退货退款，后经核实，您已经通过邮寄的方式寄回了所购买的银器，并收到了商家的全额退款5113元人民币。    感谢您的来信，祝您身体健康，生活愉快！                                宁蒗彝族自治县市场监督管理局                                      2019年8月26日 ,回复时间：2019-08-26 15:21
泸沽湖摩梭族诱导性购买银器善尾篇,已办理,旅游 感谢,艳***,2019-08-2209:14,领导你好，昨天反应去泸沽湖购买银器的事，商家已经积极退回货款，态度很好，我也已经把货退回去了，谢谢领导，辛苦了,宁蒗县市场监督管理局,网民同志：   您好。您的来信收悉，感谢您对我县工作的理解与支持！祝您身体健康，生活愉快！,回复时间：2019-08-26 15:24
书记您好，旅游区购物店东西买贵了 要退货,已办理,旅游 投诉,W***,2019-08-2110:04,8月18日导游把我们带到了一个当地摩梭人家里做摩梭家访，一个叫央金XX的阿妹接待了我们，让我感受到了摩梭人的热情，然后在她家坐了一会儿，开始讲了一些摩梭人的生活习俗，接着讲了她们用银梳子和银腰带治病的事情，然后带我们去她们村里自己的加工坊买银制品，现在我问了云南的当地的老百姓，她们说这个买贵了，真假我还不确定，她们当地的人说这个银才7元多一克，但是我们买来是17.5一克，说是可以保健，其实就是假包装，所以我要求退货，特此请求书记给妥善解决一下退货问题，一条腰带5052元，银梳子1057共消费6109元。标签包装小票都完整。由于不是商店，不知如何可以放心退货。希望云南越来越好。,宁蒗县市场监督管理局,网民同志：    您好！ 您通过人民网《地方领导留言板》给杨承新书记的留言收悉，宁蒗县县委、县政府高度重视，及时责成宁蒗县市场监督管理局认真调查处理，现将有关情况回复如下：    经调查，您提供的购物小票显示商家地址为“盐源县泸沽湖镇八大队”，属于四川省地界，已经超出我县管辖范围，建议您向四川省有关领导反映，或致电四川省泸沽湖旅游投诉热线0834-6390103反映；但本着为消费者服务的态度，我局执法人员积极联系商家进行调解处理，商家表示愿意退货退款，后经核实，您已经通过邮寄的方式寄回了所购买的银碗，并收到了商家的全额退款6109元人民币。    感谢您的来信，祝您身体健康，生活愉快！                                            宁蒗彝族自治县市场监督管理局                                                  2019年8月26日,回复时间：2019-08-26 15:20
泸沽湖摩梭族家访诱导性卖银器,已办理,旅游 求助,艳***,2019-08-2109:02,书记你好，很抱歉打扰你。我和老公带孩子一家三口于2019年8月12号-19号跟团到云南旅游，17号到泸沽湖旅游，本想度过一个美好的假期，没想到我们却被泸沽湖的人给骗了。第一天导游就有跟我们提过说泸沽湖的银很好，他自己也在用银水杯什么的。第二天早上导游把我们带到一个自称是摩梭人的10号阿妹那里，然后由那个阿妹带着我们去到她家，我们被带进了一间据说是她们供奉神灵的房间里面，并且在进入房间之前阿妹说不能拍照录像。进入房间以后，阿妹开始给我们说她是政府选出来的普通话比较好的阿妹，专门向游客介绍摩梭文化的，还说自己接待客人就是为了积公分。然后她就稍微讲了一下摩梭人的文化，为什么摩梭人可以长寿，银器的各种好处。后面一直在讲银器怎么样好怎么样好，说她们的银器都是纯手工做的，是她们的舅舅、阿哥做的，然后还拉了两个同行的游客演示用银梳子刮痧梳头。之后还说买她们的银器的那些钱都是用来修路架桥的，买了就是积功德。讲了差不多一个多小时以后，把我们和同行的人都讲得兴致勃勃的，然后就把我们带到马路边的一个村合作的铺子，门口放了一个烧银器的桌子，里面放了机圈桌子，桌上面都放有各种银器，然后那个阿妹把我们带到其中一张桌子前面，桌子上面放满了各种银器。后来我们就买了几件银器，一共花费了2866元。但是事后我们发现不对了，我们购买的价格远远超出了市场价，而且是否真的是手工制作也无从得知。我觉得想赚钱想卖东西是可以理解的，但是这种带着诱导和套路的卖货真的让人觉得很心寒，谁的钱都不是大风刮来的。我希望能够退货退款，并且希望有关部门可以管理一下这种现象，百度以后我发现被骗的人并不少，不是每个人都会用正确的途径去争取自己的利益的，不少的老人被骗了就只能是被骗了，大家都只是想来旅游散心的，旅游结束后却变得更糟心了，旅游带动经济我觉得是好事，但是这种带着欺骗和套路的方式，只会让别人对泸沽湖印象更差,宁蒗县市场监督管理局,网民同志：    您好！ 您通过人民网《地方领导留言板》给杨承新书记的留言收悉，宁蒗县县委、县政府高度重视，及时责成宁蒗县市场监督管理局认真调查处理，现将有关情况回复如下：    经调查，您提供的购物小票显示商家地址为“泸沽湖女儿国格萨摩梭村落”，属于四川省地界，已经超出我县管辖范围，建议您向四川省有关领导反映，或致电四川省泸沽湖旅游投诉热线0834-6390103反映；但本着为消费者服务的态度，我局执法人员积极联系商家进行调解处理，商家表示愿意退货退款，后经核实，您已经通过邮寄的方式寄回了所购买的银器，并收到了商家的全额退款2866元人民币。感谢您的来信，祝您身体健康，生活愉快！                                                宁蒗彝族自治县市场监督管理局                                                     2019年8月26日   ,回复时间：2019-08-26 15:18
泸沽湖家访买银事件,已办理,旅游 感谢,鲁***,2019-08-2008:52,我于今天凌晨在贵平台反应的在泸沽湖旅游家访时被忽悠买银一事，今天就已得到丽江当地监督部门的快速回应，旅游公司也已积极帮忙处理此事，已经处理妥当。非常感谢！希望云南的旅游事业在当地监管部门严厉高效的监督下，会变得越来越好。云南是一个很美丽让人流连忘返的地方，希望每一个旅游者都在当地能有很美丽的人生体验！谢谢！,宁蒗县信访局,鲁晓娟同志：您好！来信收悉，感谢您对我县工作的信任理解与支持。  祝您身体健康，生活愉快！,回复时间：2019-08-21 10:13
泸沽湖购买银碗退货,已办理,旅游 求助,美***,2019-08-1910:18,尊敬的领导:2019年8月9日旅游团带领到摩梭族村里说有阿妹接待了解真正摩梭族生活的方式，下车后有阿妹接待到一户人家家里，我们坐在家里后阿妹开始说他们的信仰与摩梭族人的生活，接下来开始讲她身上所带的银饰，夸大宣传说银腰带有保健女性妇科炎症问题，拿着两只游客的口红涂卫生纸上拿银饰涂搽出现黑色，小阿妹解释说有毒，他们的银饰是熟银是可以把毒素排出来。银是最纯的，所以说18.8元/克。他们村落都是手工制作，在村子里的早市上售卖，数量不多，等会带领去看到那个拿着不要放手，因为制作不多。在小阿妹宣传下我冲动之下急急拿下付款，，买了一个银碗，共计2808元。从村子出来后感觉不太对劲，在网上查发现上当了！我是20号接待，下面有付款收据,宁蒗县市场监督管理局,网民同志：您好！ 您通过人民网《地方领导留言板》给杨承新书记的留言收悉，宁蒗县委、县政府高度重视，及时责成宁蒗县市场监督管理局认真调查处理，现将有关情况回复如下：  经调查，您提供的购物小票显示商家地址为“盐源县泸沽湖镇八大队”，属于四川省地界，已经超出我县管辖范围，建议您向四川省有关领导反映，或致电四川省泸沽湖旅游投诉热线0834-6390103反映；但本着为消费者服务的态度，我局执法人员积极联系商家进行调解处理，商家表示愿意退货退款，后经核实，您已经通过邮寄的方式寄回了所购买的银碗，并收到了商家的全额退款2808元人民币。   感谢您的来信，祝您身体健康，生活愉快！                                  宁蒗彝族自治县市场监督管理局                                       2019年8月26日  ,回复时间：2019-08-26 15:13
泸沽湖旅游摩梭贡银骗局,已办理,旅游 投诉,鲁***,2019-08-1909:04,"尊敬的书记，您好！希望也抱歉让您看到这封投诉信。泸沽湖和摩梭文化是我们心之所往的地方，但在了解到摩梭贡银相关的消息之后，心里非常不舒服，觉得美好的心情都被破坏了。我于2019年8月14日在泸沽湖进行旅游行程，期间被带到摩梭人家里进行家访，接待的阿姐名叫娜姆，她说她上过高中，在当地算是学历很高的啦，她能上高中全是因为一个来自江苏无锡的支教老师的资助，直到现在他们还有来往，说人要一颗感恩的心。我们对她所讲的深信不疑，因为一个怀着感恩的心的人肯定不会骗人。       接下来参观祖母屋，不允许拍照，在祖母屋里开始给我们介绍民族文化，走婚族的传统，也说她们生活不好，好多大山里的孩子条件很苦等内容。后面就开始说摩梭人一直佩戴银饰，有什么什么好处、坐月子也是用银饰消炎杀菌，还当场用银梳子为我们同行的一位朋友刮痧。她说所有的银饰都是村里制造的，正在申请摩梭贡银的专利。讲解过程中她还从她的腰间取出一条银腰带给我们传阅，说是她的阿哥送的，我们对她说的深信不疑，所以后来她带我们去一个说是村委的地方买银子的时候就毫不犹豫的买了一些东西，包括一个梳子1229，一条腰带9206，两个银碗5354，共15789元。       后来我们了解到，这些全是套路，只是为了营销产品编的说辞，这些根本就不是他们摩梭人自己的手工，而且价格比市面贵不少，我们的善良和对她们无条件的信任就这样被消费了。现在无论真假，无论贵贱，想起这个事就很不舒服，自己一片好心到头来像傻子一样被愚弄，就想退货退款！       当然最希望的是以后不会再有这样的事情发生在任何一个来到泸沽湖的旅游者身上，要不然真的,不知道泸沽湖旅游业的路要往哪里走。",宁蒗县市场监督管理局,网民同志：  您好！ 您通过人民网《地方领导留言板》给杨承新书记的留言收悉，宁蒗县县委、县政府高度重视，及时责成宁蒗县市场监督管理局认真调查处理，现将有关情况回复如下：  经调查，您提供的购物小票显示商家地址为“泸沽湖女儿国摩梭部落”，属于四川省地界，已经超出我县管辖范围，建议您向四川省有关领导反映，或致电四川省泸沽湖旅游投诉热线0834-6390103反映；但本着为消费者服务的态度，我局执法人员积极联系商家进行调解处理，商家表示愿意退货退款，后经核实，您已经通过邮寄的方式寄回了所购买的银器，并收到了商家的全额退款15789元人民币。感谢您的来信，祝您身体健康，生活愉快！                                 宁蒗彝族自治县市场监督管理局                                      2019年8月26日     ,回复时间：2019-08-26 15:16
泸沽湖购物已经退货,已办理,旅游 感谢,维***,2019-08-1019:40,之前投诉的药材购买，售后已经联系过了，帮忙进行退货。之前不知道可以电话微信30天无理由退货。现在已经及时帮忙处理过了，态度很好。非常感谢。,宁蒗县市场监督管理局,唐俊男同志：来信收悉，感谢您对我县工作的信任理解与支持。,回复时间：2019-08-14 16:34
在泸沽湖被强制购物,已办理,旅游 投诉,维***,2019-08-1011:21,您好，报的是纯玩团，旅行社安排的两日泸沽湖游，结果被拼到了其他散客团，然后在回丽江路上被带到购物地方，是买中药的。然后看了两样东西，告诉服务人员稍微等下，我们先研究下，算下价钱的时候，服务员偷偷的把中药材打成粉，然后按照比市场价格高一倍的价钱卖给我们，逼迫说已经磨成粉必须要买。协商未果，所谓的村长强迫购买一半。强迫购买的是什么梅朵，10元一克。通行的团友也被套路。后来和他们给换成25一克的三七。750元300g三七。请帮忙退货。愿意为山区人民做贡献，所以在泸沽湖买了银子等手工艺品。但是不能这样强制购物并且价格这么虚高。让我们对山区人民很失望。,宁蒗县市场监督管理局,唐俊男同志：您好！  您通过人民网《地方领导留言板》给杨承新书记的留言收悉，县委县政府高度重视，及时责成宁蒗县市场监督管理局认真调查处理，现将有关情况回复如下： 经调查核实，您反映的问题已得到妥善解决，已收到商家的全额退款。感谢您的来信，祝您身体健康，生活愉快！    宁蒗彝族自治县市场监督管理局      2019年8月14日  ,回复时间：2019-08-14 16:31
为什么我不是贫困户呢。,已办理,城建 求助,b***,2019-08-0210:05,尊重的领导你好！我是一个没有家的人，我的爸爸由于我不记事的时候就去世了，妈妈由于2006年因为得肺癌也去世了，我家是在烂泥箐乡毛牛坪村的家里现在就剩下我一个人了家里面的房子也烂透不可以在继续住了。比我家好的那些为什么就有贫困户呢而且都已经搬进县城里了，而我去什么都不给我一点帮忙呢。我也去过村委会，他们也是保持沉默，也没有给我一个回复，希望领导能够帮到感谢,宁蒗县烂泥箐乡人民政府,网民同志：您好！您通过人民网《地方领导留言板》给杨承新书记的留言收悉，我乡党委、政府高度重视，成立工作组进行核实，经核实后具体情况回复如下：  谢飞，男，彝族，1997年9月出生，身份证号：533224199709100519，系我烂泥箐乡牦牛坪村委会东风村民小组村民，目前已22岁成年，一直在外务工，2018年宁蒗彝族自治县住建局对其住房鉴定为C级危房，2019年6月已对其住房实施加固改造，在2018年牦牛坪村农村低保重新排查复核认定工作中，经严格入户调查，实行民主评议，严把审核公示关，谢飞享受了农村B类低保（203元/月），目前一直在享受。谢飞从小父亲去世，2006年母亲患肺癌去世属实。他曾到我村委会反映，驻村工作队和村三委按照相关政策对其给予过解释和答复。但目前谢飞已成年并且常年在外务工，收入远超过“两不愁、三保障”标准，住房已享受农危改加固改造，住房安全得到了保障。根据乡、村两级实地调查，谢飞户人均纯收入超过了国家扶贫标准；住房安全达到遮风避雨，能保证使用安全和基本使用功能；适龄儿童少年无因贫失学辍学；基本医疗得到保障；饮水得到保障。不符合贫困户纳入的标准。                                                                 烂泥箐乡人民政府                                                                  2019年9月25日,回复时间：2019-09-27 11:58
关于定向医学生基本工资保障问题,已办理,医疗 咨询,萌***,2019-07-2915:19,敬爱的宁蒗县委书记：        您好！我是19届毕业的定向宁蒗的订单定向医学生，我想咨询我们的基本工资保障，望请回复，在此为谢！,宁蒗县卫生健康局,赵敏同志：你好！你通过人民网《地方领导留言板》给杨承新书记的留言已收悉。我局高度重视，认真进行了调查处理，现将有关情况回复如下：   经调查，宁蒗县属国家级贫困县，培养订单定向生县委、政府非常重视，但因县财政困难及编制紧缺等情况，导致了你们毕业后安置工作问题有所延后，相关部门在努力地为你们协调办理中，安置时间可能会延长一些，会得到落实。基本工资是根据县人社局下发文件后由财政局统一、按月拨付的。感谢你对卫生健康工作的理解支持！                                   宁蒗县卫生健康局                                   2019年8 月 14日,回复时间：2019-08-14 16:29
泸沽湖买药材被套路,已办理,旅游 投诉,谷***,2019-07-2511:01,  7月21日随着旅游团来到泸沽湖旅游，导游一直说泸沽湖地区经济不发达，让我们帮忙推动一下经济，由于导游一路上一直有在展示别的导游做不了的事情，并且说到自己的提成只有百分之五，而百分之五中的百分之二还要捐给当地的贫困小学，让我们一家人认为这个导游挺善良的，就还是很信任他。7月22日导游先带着我们去往买翡翠的地方，后来吃完午饭后就去往买药材的地方，说让我们不用问价格，导游的关系会给我们打折，让我们帮助帮助当地人！并且告诉我们里面正好赶上藏医师可以帮你们看看你们的身体有什么问题。我们就进去了，进去之后，听里面的妹妹们介绍完药材后，我就去看医师了，看完医师后，医师就说我有妇科疾病，要给我开两个月的药材，给我写了张单，让柜台妹妹给照着抓药，一下抓了特别多，一直着急地说停停停，那小妹妹才停下手来，然后没称重量，就直接磨成粉了，说磨完再称吧，磨完一称，4335元钱，只好硬着头皮付了钱，可是回家后却越想越不对劲1.为什么卖药材的妹妹要先磨粉再称重？2.回来搜索药材价格，他那里的药材贵出好几倍！虽然很想帮助当地的经济发展，但是被套路的感觉真的很差！最后希望当地政府可以给出一个满意的答复与一个合理的解决方案！！万分感谢！,宁蒗县市场监督管理局,李明弟同志：您好！ 您通过人民网《地方领导留言板》给杨承新书记的留言收悉，县委县政府高度重视，及时责成宁蒗县市场监督管理局认真调查处理，现将有关情况回复如下：   经调查，您提供的购物商家名称为“马帮人家”，实际经营地址为四川省凉山州盐源县，属于四川省地界，已经超出我县管辖范围，建议您通过人民网《地方领导留言板》向四川省有关领导反映，或致电四川省泸沽湖旅游投诉热线0834-6390103反映；后经了解核实，您反映的问题已得到妥善解决，已收到商家的退款。   感谢您的来信，祝您身体健康，生活愉快！                                            宁蒗彝族自治县市场监督管理局                                                 2019年8月3日     ,回复时间：2019-08-12 10:17
泸沽湖游船乱收费,已办理,旅游 投诉,旅***,2019-07-2420:34,我们购买了140元游船线路，上船以后告诉我们王妃岛封岛，只能路过，与100元线路基本一样，但是在上船之前并没有告诉封岛，恶意欺骗游客，隐瞒信息,宁蒗县文化和旅局,韩登程同志：您好！您通过人民网《地方领导留言板》给杨成新书记的留言收悉，宁蒗县文化和旅游局高度重视，你所反映的关于云南泸沽湖游船乱收费的信访问题，我们依于2019年7月31日正式受理，并按《信访条例》的规定进行了认真调查，现将你所反映的问题答复如下：   我局执法人员到现场并了解情况，经调查，您所反映的泸沽湖游船乱收费发生地在泸沽湖王妃岛，属于四川省盐源县泸沽湖镇辖区内，不属于云南省泸沽湖管辖内，因此建议您向四川省旅游部门反映，投诉电话为：0834—6390103.顺祝身体健康、工作顺利。                            宁蒗县文化和旅游局                               2019年8月8日,回复时间：2019-08-12 10:11
泸沽湖摩梭人家访购买银饰请求退货退款,已办理,旅游 投诉,l***,2019-07-2408:09,书记好！百忙中打扰您，向您汇报一下此次泸沽湖旅游所遇到的小问题，请求您妥善处理，谢谢！泸沽湖一直是非常想要近距离接触的地方，尤其是对其中的摩梭文化非常感兴趣，于是我们一行三人安排了7月22日至23日的旅程，到达泸沽湖后报了一个包下午环湖游＋晚餐＋摩梭祖母房家访以及篝火晚会的团，在摩梭人家访过程中我基于他们对藏传佛教的虔诚和自己的想要帮助他们的善心，购买了他们推销的银饰，过后我在网络上查询发现有许多人与我有相同经历，才恍然大悟发现善心被彻彻底底地利用了，虽然价格不高，但是心里非常不舒服，还请书记能够帮我退款退货。我们是7月22日晚宴后安排的摩梭人家访，接待人阿妹说是村里统一组织的，每天不同的人家来接待，今天正好轮到她，这样会算在村委会的工分里，日后前十五名的可以前往西藏朝圣。她首先我们参观祖母屋，但是不允许拍照，在祖母屋里开始给我们介绍民族文化，走婚族的传统；继而表明了自己藏医的身份，然后开始说随行的游客湿气重，要用银饰刮头皮；又说起她们民族根本不用坐月子，只需要佩戴银腰带，用于排毒；又拿出自己的银碗说每天都是放在这个碗里喝阴阳水，配上玉米须可以减肥，反正就是帮随行的人解决一些常见的秘方，其间就透露出各种银饰的种种好处，还拿出她的银制梳子给我刮痧，说需要用些银饰调理。挑起大家的兴致后，她揭开了门口桌子上的一块红布，摆了满满一桌子的银饰。一向还算谨慎的我，想着他们这么虔诚的民族应该不至于卖假的吧，他们这边还算比较落后，也想帮助一下他们，购买后他们会在我写的单子上按照姓名做功德。于是就购买了一个银制手镯，15.8一克，银的纯度不清楚，这个27.5克，一共434元。虽然价格不高，但是那种被欺骗的感觉真的不太好受，现在回想就觉得自己就像个傻子一样被利用了同情心。所以真诚恳求书记尽快妥善处理，能给我退货退款。当然我也希望的是以后不会再有这样的事情发生在任何一个来到泸沽湖的旅游者身上，让云南的旅游最美的风景和最淳朴的风俗人情留在每一位游客心中。再次为您百忙之中处理我的问题表示感谢，辛苦啦！,宁蒗县市场监督管理局,梅维佳同志：您好！ 您通过人民网《地方领导留言板》给杨承新书记的留言收悉，县委县政府高度重视，及时责成宁蒗县市场监督管理局认真调查处理，现将有关情况回复如下：   经调查，您提供的购物商家名称为“泸沽湖女儿国部落”，实际经营地址为四川省凉山州盐源县木垮村，属于四川省地界，已经超出我县管辖范围，建议您通过人民网《地方领导留言板》向四川省有关领导反映，或致电四川省泸沽湖旅游投诉热线0834-6390103反映；后经了解核实，您反映的问题已得到妥善解决，已收到商家的全额退款。   感谢您的来信，祝您身体健康，生活愉快！                                                   宁蒗彝族自治县市场监督管理局                                                     2019年8月3日     ,回复时间：2019-08-12 10:14
锦玺阁,已办理,旅游 投诉,汤***,2019-07-2112:27,领导您好！我的问题已经妥善解决！经联系，锦玺阁售后关机，是因网络客观原因，而不是售后人员的失误！只是因为我太性急，给各位工作人员带来不少麻烦，我在此向大家表示道歉！同时非常感谢各位领导和售后能快速帮我解决问题，我对各位的工作效率和工作态度都很满意。再次谢谢！,宁蒗县市场监督管理局,汤华秀同志：您好！来信收悉，感谢您对我县工作的理解与支持。,回复时间：2019-08-12 10:06
泸沽湖旅游锦玺阁翡翠退货,已办理,旅游 投诉,汤***,2019-07-2015:30,领导，您好！我是一名来云南旅游的普通游客！2019年7月18日我在泸沽湖锦玺阁购买了一个价值560元的翡翠手链，导游和导购员当时承诺说可以无条件退换。经珠宝鉴定人员鉴定，市场价值只有100-200元，我现在想退货，可今早从八点开始发电话，售后一处在关机状态。请领导帮忙解决！谢谢！,宁蒗县市场监督管理局,汤华秀同志：您好！ 您通过人民网《地方领导留言板》给杨承新书记的留言收悉，县委县政府高度重视，及时责成宁蒗县市场监督管理局认真调查处理，现将有关情况回复如下：   经调查，您提供的购物商家名称为“锦玺阁”，实际经营地址为四川省凉山州盐源县，属于四川省地界，已经超出我县管辖范围；但本着为消费者负责的态度，我们积极联系商家，经协商，商家表示愿意退货退款，后商家通过和您联系，已将您购买的翡翠手链做退款处理；经核实，您已经收到了商家的全额退款560元人民币。   感谢您的来信，祝您身体健康，生活愉快！                        宁蒗彝族自治县市场监督管理局                            2019年7月30日  ,回复时间：2019-08-11 08:37
土地证被人拿走了,已办理,三农 求助,w***,2019-07-1915:38,2019年4月8号，宁蒗县大兴镇副镇长沙*以贫困户调查为理由没收了我家的土地使用证，然后我多次找他了解，他说这是中央下的文件必须没收，我家的土地，麻烦各位领导核实一下，谢谢。,宁蒗县大兴镇人民政府,古坡同志:您好！ 您通过人民网《地方领导留言板》给杨承新书记的留言收悉，宁蒗县大兴镇党委政府高度重视，并认真组织核查，现将调查情况回复如下： 经调查，沙杰，男，1987年生，现任大兴镇副镇长，协助镇长分管农业农村等工作。您所说“土地未上税”，为全面减负，2005年开始全面取消农业税，不存在“土地上税”的说法。开展土地确权“回头看”情况，根据《宁蒗县农业农村局关于转发<云南省农业农村厅办公室关于转发农业农村部办公厅印发关于开展农村承包地确权登记颁证“回头看”工作方案的通知>的通知》（宁农通【2019】6号）、《宁蒗县土地确权领导小组办公室关于开展农村承包土地确权登记颁证回头看重点工作排查整改的通知》（宁确权办【2019】1号）的要求和宁蒗县土地确权领导小组办公室安排，对大兴镇土地确权工作进行全面“回头看”：1、对姓名、身份证重复、错乱的问题进行认真核实，并加以整改，确保确权数据真实准确。2、及时纠正面积四至不准权属确认登记错误等问题。3、按照实事求是原则对漏人漏地问题给予确权。4、对19户面积超过100亩的农户是否存在违法违规确权、是否存在利用权力霸占、侵占集体或个别农户进行确权、是否存在权属来源不清、举证材料不全的土地进行确权等问题进行认真全面的核实，并按照宁蒗县土地确权领导小组办公室安排，对面积超过200亩的3户农户（分别为白牛厂村民小组村民杨忠强确权面积247.55亩、华岗村委会张家湾村民小组村民沈古坡，确权面积510.16亩、华岗村委会牛窝子村民小组村民杨务机325.59亩）收回农村土地承包经营权证，待核实完成“回头看”工作后再予以发放农村土地承包经营权证，目前“回头看”工作正在开展。综上所述：1、您举报“土地未上税”的理由不成立；2、大兴镇沙杰副镇长严格按照文件要求开展“回头看”工作，不存在您所举报“没收并占据土地使用证”情况。3、下一步严格根据宁蒗县土地确权领导小组办公室安排，尽快完成土地确权“回头看”工作，并圆满完成整改工作，给村民和上级满意的答复。    感谢您对我镇工作的理解支持！                                    宁蒗彝族自治县大兴镇人民政府                                     2019年8月14日,回复时间：2019-08-14 16:27
关于昨天泸沽湖家访的投诉撤销,已办理,旅游 感谢,徐***,2019-07-1519:38,尊敬的书记，您好！关于我的上一封投诉信，昨天晚上已经联系导游，退货退款了已经解决了，他们的态度很积极，很快解决了，是一场误会给您的工作造成了不便，非常抱歉！感谢泸沽湖！感谢！,宁蒗县市场监督管理局,徐燕玲同志：您好！来信收悉。感谢您对我县工作的理解与支持。,回复时间：2019-07-26 19:01
关于泸沽湖购买银碗要求退货的后续,已办理,旅游 投诉,w***,2019-07-1515:01,当地负责人已经第一时间联系我，我现在已经把银碗寄回了云南，这次购物没有强买强卖，完全是我自愿，我要求退货当地负责人二话没说就答应了，现在钱已退回，感谢，给他们添麻烦了！,宁蒗县市场监督管理局,王昕同志：您好！来信收悉，感谢您对我县工作的理解与支持。,回复时间：2019-07-26 19:05
泸沽湖跟团旅游家访被骗,已办理,旅游 投诉,徐***,2019-07-1510:40,尊敬的书记:您好！很抱歉打扰您。7月14日我们跟团到泸沽湖游玩，一共是两天的团，在丽江古城报的，第一天玩儿得挺开心的，一直给我们讲故事，说自己的求学路怎么怎么艰难啦，各种故事取得大家的信任！第二天就带我们去了一个村落，说这个地方可以让我们家访近距离了解摩梭人的走婚习俗等，下车后我们就跟着一位大姐进了她们的院子，简单介绍后就带我们去了祖母房，阿姐跟我们强调，祖母房的神圣和忌讳，让我们所有人不能玩手机，不能随便进出祖母房，开始跟我们讲了一些传统习俗，突然就大肆宣传他们的银饰品，介绍各种银饰品具有养生，治病，排毒，养颜等各种功能，诱导我们消费，银饰价格每克15.8元在各位阿姐一顿介绍忽悠后，我购买了一个银镯子，价值499元，后来发现这里的银饰比其他地方的价格贵很多，而且还没有鉴定证书，我现在就想退款就满足了，虽然钱不多，但都是血汗钱，不是大风刮来的！很影响心情并且很心疼。我认为来到美丽的云南，见到了泸沽湖很漂亮，对于少数名族的传统文化一直报着尊重的态度，对于山区的贫困也很同情，合理购买帮助都是可以理解的，但是对于这样的套路，圈套，骗局侮辱了泸沽湖的美，也侮辱了我们队摩梭人的尊重！希望政府大力管制泸沽湖购物环境，还旅游人一个由内而外美丽的泸沽湖！谢谢！,宁蒗县市场监督管理局,徐燕玲同志：您好！ 您通过人民网《地方领导留言板》给杨承新书记的留言收悉，县委县政府高度重视，及时责成宁蒗县市场监督管理局认真调查处理，现将有关情况回复如下：   经调查，您提供的购物商家名称为“泸沽湖茶马古村落”，实际经营地址为四川省凉山州盐源县，属于四川省地界，已经超出我县管辖范围；但本着为消费者负责的态度，我们积极联系商家，经协商，商家表示愿意退货退款，后商家通过和您联系，已将您购买的银手镯做退款处理；经核实，您已经收到了商家的全额退款499元人民币。  感谢您的来信，祝您身体健康，生活愉快！,回复时间：2019-07-19 09:40
泸沽湖旅游家访购物陷阱，请求退货,已办理,旅游 投诉,w***,2019-07-1412:42,泸沽湖旅游家访购物陷阱，请求退货 尊敬的领导您好，我们于2019年7月13日在泸沽湖进行家访时购买了价值2641得一个银碗，后来经过验证发现效果根本不是介绍的那么万能，价格存在2倍多的的虚高，请求退货退款，谢谢,宁蒗县市场监督管理局,王昕同志：您好！您通过人民网《地方领导留言板》给杨承新书记的留言收悉，县委县政府高度重视，及时责成宁蒗县市场监督管理局认真调查处理，现将有关情况回复如下：  经调查，您提供的购物商家名称为“阿洼古村落”，实际经营地址为四川省凉山州盐源县泸沽湖镇赵家湾，属于四川省地界，已经超出我县管辖范围；但本着为消费者负责的态度，我们积极联系商家，经协商，商家表示愿意退货退款，后商家通过和您联系，已将您购买的银碗做退款处理；经核实，您已经收到了商家的全额退款2641元人民币。 感谢您的来信，祝您身体健康，生活愉快！,回复时间：2019-07-19 09:38
包裹已找到,已办理,政务 感谢,y***,2019-07-0515:46,感谢县委领导的重视，包裹已经找到，邮政部门领导处理也很积极，事情已经得到处理,宁蒗县邮政分公司,杨灿梅同志：感谢您对我公司工作的理解与支持。  祝您身体健康，生活愉快！,回复时间：2019-07-19 09:33
我要投诉邮政快递,已办理,政务 投诉,y***,2019-07-0211:13,邮政快递的人态度不好，明明昨天给我打了电话说我的快递到了叫我去拿，我去拿了他们没找到，他们还骂人，还有他们的快递都放在地上很乱，希望领导解决一下这些问题，谢谢,邮政宁蒗县分公司,杨灿梅同志：   您好，您于2019年7月2日通过人民网《地方领导留言板》给杨承新书记的留言收悉，反映邮政投递人员服务态度差的问题。我县邮政分公司高度重视，认真进行了调查处理，现答复如下:  经调查为投递员在您来领取包裹中，第一时间未能及时找到包裹给您，未做好解释工作，在语言上与您有点冲突，给您带来了不便，导致您体验不高，造成投诉，接到通知后宁蒗县邮政分公司高度重视，第一时间组织投递员进行批评、教育、考核、培训，并且给您道歉，对投递员进行了相应考核，您也进行了撤诉。  感谢您对宁蒗县邮政分公司服务的监督，我分公司会严格要求投递人员做好投递服务工作。,回复时间：2019-07-19 09:29
感谢！关于泸沽湖旅游购假药的问题,已办理,旅游 感谢,小***,2019-06-2310:31,我于2019.6.22下午留言克了关于6.20导游带我去购物买到假药材的问题，卖家在几个小时后就联系了我，态度比较积极，并将款项全额退给了我，我会及时的把药材给卖家寄回去。感谢领导在百忙之中及时的给我解决问题。,宁蒗县信访局,胡文进同志：您好！  来信收悉，感谢您对我县工作的理解与支持。,回复时间：2019-07-15 08:44
泸沽湖旅游被导游带去购假药材,已办理,旅游 投诉,小***,2019-06-2214:55,2019.6.19-20在泸沽湖旅游期间，导游一路上说当地贫穷，我们要多多带动地方经济，当地特产药材等等。20号导游带我们到一处名为锦玺阁的地点，说这里都是货真价实的山货，老百姓不容易，说他们都有信仰的，不会骗人。一路上看导游服务态度还不错，想着只要是真的药材，哪怕贵一点，也只当带动了经济。我买了50克黑枸杞花了50元钱，10克石斛花花了100元。从云南回来，我按照所谓的藏医说的，取了几颗黑枸杞，两朵石斛花泡水。一下水就发现有问题，拿到中药店去问，这是假的。我给导游打电话，导游要我只当花钱多买了两瓶水。我说虽然我买的不多，但是买贵药和买假药是不同的慨念，我这次在云南旅游，抱着美好的希望而去，满怀失望而归。我只希望能够得到一个满意的说法。,宁蒗县市场监督管理局,胡文进同志：您好！ 您通过人民网《地方领导留言板》给杨承新书记的留言收悉，县委县政府高度重视，及时责成宁蒗县市场监督管理局认真调查处理，现将有关情况回复如下：   您于2019年6月22日反映，20日在泸沽湖旅游期间，被导游带到一处名为锦玺阁的地点，购买了50克黑枸杞花了50元钱，10克石斛花花了100元；回去之后泡水发现有问题，拿到中药店去问，中药店表示是假的；希望得到一个满意的说法。  经调查，根据您提供的咨询服务电话联系核实，您购物地址为四川省凉山州盐源县，属于四川省地界，已经超出我局管辖范围；但本着为消费者负责的态度，我们积极联系商家，商家表示愿意退货退款；经核实，您已经寄回所购买的药材并收到了商家的退款150元人民币；关于商家所销售的药材真假问题，建议您向四川省市场监督管理部门进行反映。     感谢您的来信，祝您身体健康，生活愉快！                                宁蒗彝族自治县市场监督管理局                                       2019年6月28日     ,回复时间：2019-07-15 08:25
想问一下团队购物店东西的真假,已办理,旅游 咨询,d***,2019-06-2110:35,17日报了特价两日游的团丽江-泸沽湖线经导游介绍买了冬虫夏草，可是总觉得不知道是不是真假，请问是购物店的是真的吗还有有没有什么机构能辨别产品,宁蒗县市场监督管理局,关于闵海月反映丽江-泸沽湖线购买冬虫夏草的信访事项的答复意见书闵海月同志：您好！   您通过人民网《地方领导留言板》给杨承新书记的留言收悉，县委县政府高度重视，及时责成宁蒗县市场监督管理局认真调查处理，现将有关情况回复如下：您于2019年6月19日反映，您于6月17日报了特价两日游的团（丽江-泸沽湖线），经导游介绍买了冬虫夏草，可是总觉得不知道真假，对购物店销售的真假，以及有没有什么机构能辨别产品存在疑问。经调查，您提供的购物商家名称为“马帮人家”，实际经营地址为四川省凉山州盐源县，属于四川省地界，已经超出我县管辖范围，建议您向四川省盐源县的相关部门反映；关于冬虫夏草真假鉴别的问题，建议您将商品拿到正规的检验机构进行鉴定。            感谢您的来信，祝您身体健康，生活愉快！                         宁蒗彝族自治县市场监督管理局                             2019年6月28日     ,回复时间：2019-07-15 08:37
走婚桥遇到托买药材，打粉称不买不让走,已办理,旅游 求助,祝***,2019-06-1521:20,"首先看到云南政府大力支持发展泸沽湖旅游业，对政府的支持发展地方经济政策点个赞！所以决定和朋友来看看美丽的泸沽湖，今天2019年6月12日下午去泸沽湖走婚桥时，被自称游客的药托骗去买中药材，药托说要打成粉才好，晚上吃饭给我表姐买了点土特产准备后天带回去，照了照片给我姐看，我表姐看到我买药材装的袋子就问我买了多少钱，我给我姐发照片他看了说我被骗了，因为她在中草药店上过班，对这些所谓的中药很清楚，我不信网上—搜才知道被骗了！！！当时店家拿到说要打粉，一个托从12块砍价到6块，也没问我们要多少？直接就用袋子给我们打，我们也报着相信的态度，心想两三百块钱可以接受，我们想先买点试下效果，—会就给我们打好了，那个托说这药如何如何好，结果打了一斤多，我不要，然后直接说不要他卖不掉，必须我们买！强制那种让人很不舒服！我朋友没办法买了230克,6块1克,总共1380块,刷卡单还在！我朋友还很相信把钱付了，我还说不要贵了！我说我只买点试下效果！结果卖方还是要我买，我说没那么多钱，卖方称了一半留起来，没办法说我朋友买了，我不买不让我们走，我把微信唯一的1500块转给了卖方才让我们走的，因为是跟团，导游打电话叫我们上车了，全车人都在等我们！付了钱我们才走的！微信支付票据我们都有！这是我的建议方式，望领导帮住我们！万分感谢！我们上班存点钱不容易！如果这个现象不制止，对泸沽湖形象影响不好……谢谢各位领导",宁蒗县市场监督管理局,祝雷同志：您好！ 您通过人民网《地方领导留言板》给杨承新书记的留言收悉，县委县政府高度重视，及时责成宁蒗县市场监督管理局认真调查处理，现将有关情况回复如下： 您于2019年6月12日反映，您在6月12日在泸沽湖旅游期间在走婚桥被一个自称游客的人带去买药材，还没谈好已将药材直接打粉，卖方称药材打了粉就卖不掉了，强制要求您和您的朋友必须购买，后因为是跟团游，导游催您上车，只能分别购买了1380元和1500元的药材；后通过了解您觉得这是欺骗要求退货退款。 经调查，您提供的购物地址“走婚桥”为四川省凉山州盐源县，属于四川省地界，已经超出我县管辖范围，建议您向四川省盐源县的相关部门反映。 感谢您的来信，祝您身体健康，生活愉快。       宁蒗彝族自治县市场监督管理局             2019年6月18日,回复时间：2019-07-15 08:30
泸沽湖家访的误会与对导游、民众真诚的道歉,已办理,旅游 感谢,云***,2019-06-1308:47,贵领导您好 我们对2019年5月29号安排的泸沽湖家访事件 由于我们对异地旅游的不明 认为消费就是强制真诚的道歉 我们声明 从踏入云南的一刻我们就很欣赏 率真 简单的导游 一路上也给我们讲解了很多的云南旅游的知识及景点故事的由来 同时这次邂逅的购物 我们也是自愿 并不存在强制、引诱。只是因为自身原因的听涂了一些谣言，同时再得知我们自愿购买的物品需要退货 导游及民众第一时间给我们办理 没有一点的推脱和异议并第一时间把款项退回我们 。同时因为我们的无知给导游及当地的民众带来影响我们深感抱歉。希望云南越来越美 祝福山区的民众 扎西德勒。七彩云南 快乐之旅。,宁蒗县委书记,感谢您对我们工作的支持和理解！美丽的云南欢迎您再来！祝您生活愉快！,回复时间：2019-06-13 10:59
泸沽湖家访购买的银器,已办理,旅游 感谢,云***,2019-06-0214:18,已退回 并收到款项 谢谢。已退回 并收到款项 谢谢。已退回 并收到款项 谢谢。已退回 并收到款项 谢谢。,宁蒗县委书记,王琼网友：    您好！    感谢您对我们工作的支持！祝您生活愉快！                   宁蒗彝族自治县市场监督管理局                          2019年6月5日    ,回复时间：2019-06-06 09:53
泸沽湖家访骗局,已办理,旅游 求助,云***,2019-06-0115:23,尊敬的贵领导您好：本人与2019-5-31日被安排去赵家湾家访。我们购买了一个银腰带 一个银水杯 一个银梳子 一瓶油 合计金额14803 。付完款并叫我们把东西拿给打匠师傅刻上我们的名字 说是防止掉包。但这样的欺骗我们不能容忍 而且我们是6月2号就要走 希望贵领导重视 给我们这些带着善良之心的云南旅游之人一个公道。谢谢。,宁蒗县委书记,汪琼网友：您好！ 您通过人民网《地方领导留言板》给杨承新书记的留言收悉，县委县政府高度重视，及时责成宁蒗县市场监督管理局认真调查处理，现将有关情况回复如下：您于2019年6月1日反映，您在5月31日在泸沽湖旅游期间被带到赵家湾进行家访，当时您购买了一个银腰带、一个银水杯、一个银梳子和一瓶油，共计14803元人民币；之后要求您让打匠师傅刻上名字防止调包；之后您觉得这是欺骗要求退货退款。经调查，您提供的购物地址“赵家湾”为四川省凉山州盐源县，属于四川省范围，已经超出我局管辖范围；但本着为消费者负责的态度，我们积极联系商家进行沟通处理，商家已经和您达成一致意见退货退款；经核实，您已经寄回购买的银器并收到了商家的退款。感谢您的来信，祝您身体健康，生活愉快！宁蒗彝族自治县市场监督管理局2019年6月5日     ,回复时间：2019-06-06 09:53
感谢领导,已办理,旅游 感谢,善***,2019-05-1817:13,感谢领导第一时间给我解决了退货困扰谢谢！,宁蒗县委书记,感谢您对我们工作的支持和理解，祝您生活愉快！,回复时间：2019-06-13 11:01
泸沽湖家访套路,已办理,旅游 求助,善***,2019-05-1808:54,领导您好！我是和老公儿子一起来云南游玩，今天去了美丽的泸沽湖，导游让阿妹把我们带到祖母房参观，讲解了很多银子的功效，还有很多感人的故事，还说卖银子的钱都是交给了村委，我就花了8000多买了银腰带，我们都很尊重当地的民族文化，进去屋里不让拍照片我们就都没拍，都很认真的听，买了东西以后也觉得虽然花了钱，但是觉得自己既买了健康，又集了功德，可是当我百度了看到网友们都在说这事是套路，大家都在这留言了就可以退货，所以我想通过留言也退货，希望领导看到了回复我，我不太懂，刚刚留了一个给丽江的书记领导，后又看到网友是留给您的，我就又发了这个，我心里很焦急，明天的飞机返程，希望您可以回复我，谢谢,宁蒗彝族自治县市场监督管理局,陈佳曼同志：您好！ 您通过人民网《地方领导留言板》给杨承新书记的留言收悉，县委（县人民政府）高度重视，及时责成宁蒗县市场监督管理局认真调查处理，现将有关情况回复如下：您于2019年5月17日反映，您在5月17日在泸沽湖旅游期间被带到摩梭人家里进行家访，并向您介绍银饰的好处和当地故事，当时您购买了一条银腰带8257元；回去之后通过百度了解觉得这是个套路，便想要退货退款。经调查，您提供的购物“质量保证卡”显示地址在：泸沽湖茶马古村落，我局执法人员与“质量保证卡”的服务电话联系，该商家表示其实际经营地址为：四川省凉山州盐源县泸沽湖镇，属于四川省范围，已经超出我局管辖范围；但本着为消费者负责的态度，我们积极联系商家，经协商，商家表示愿意退货退款，后商家通过和您联系，双方达成一致退货退款；经核实，您已经寄回银腰带并收到了商家的退款8257元人民币。感谢您的来信，祝您身体健康，生活愉快！,回复时间：2019-05-27 17:25
泸沽湖,已办理,旅游 投诉,L***,2019-05-1522:18,"尊敬的书记，您好！希望也抱歉让您看到这封投诉信。泸沽湖和摩梭文化是我们心之所往的地方，但是结束即将行程，在了解到摩梭贡银相关的消息之后，心里非常不舒服，觉得美好的心情都被破坏了。我于13日在泸沽湖进行旅游行程，期间被带到摩梭人家里进行家访，接待的阿姐名字我忘记了，她说每天不同的人家来接待，说是村里统一培训的，有负责晚上跳篝火晚会的，她上过汉语学校所以被选为介绍的中间的过程就像很多正在维权消费者一样参观祖母屋，不允许拍照，在祖母屋里开始给我们介绍民族文化，走婚族的传统，也说她们生活不好、好多大山里的孩子条件很苦等内容……后面就开始说摩梭人一直佩戴银饰，有什么什么好处、坐月子也是用银饰消炎杀菌………说所有的银饰都是村里制造的，有摩梭贡银的专利。990的银卖到19.80元一克。想卖东西可以理解、但是套路就让人太害怕了！一个杯子1100，一对镯子560，一共1760元。销售过程中我还没付款她已经写好单了。现在无论真假，无论贵贱，我就想退货退款！当然最希望的是以后不会再有这样的事情发生在任何一个来到泸沽湖的旅游者身上、要不然真的,不知道泸沽湖旅游业的路要往哪里走。谢谢",宁蒗彝族自治县市场监督管理局,卢煜才同志：您好！ 您通过人民网《地方领导留言板》给杨承新书记的留言收悉，县委（县人民政府）高度重视，及时责成宁蒗县市场监督管理局认真调查处理，现将有关情况回复如下：您于2019年5月14日反映，您在5月13日在泸沽湖旅游期间被带到摩梭人家里进行家访，并向您介绍银饰的好处，当时您购买了一个杯子1100元，一对镯子560元，一共1760元人民币；回去之后想退货退款。经调查，您提供的购物“质量保证卡”显示地址在：泸沽湖女儿国摩梭部落，我局执法人员与“质量保证卡”的服务电话联系，该商家表示其实际经营地址为：四川省凉山州盐源县舍夸村，属于四川省范围，已经超出我局管辖范围；但本着为消费者负责的态度，我们积极联系商家，经协商，商家表示愿意退货退款，后商家通过和您联系，您表示将杯子做退货退款处理，镯子留着自用；经核实，您已经寄回杯子并收到了商家的退款（杯子1100元人民币）。感谢您的来信，祝您身体健康，生活愉快！宁蒗彝族自治县市场监督管理局2019年5月27日  ,回复时间：2019-05-27 17:26
山村幼儿园 “一村一园”,已办理,教育 咨询,I***,2019-05-1313:31,请问现在宁蒗县的山村幼儿园建设情况如何？是否每个自然村都有一个幼儿园？幼儿园的师资情况如何？我日前了解到中国发展研究基金会有一个“山村幼儿园”的计划，会与地方合作，资助地方建立山村幼儿园。教育局能否考虑与基金会联系，给宁蒗山区的小孩建立一个幼儿园。,宁蒗县委书记,杨济芸同志： 您好！您通过人民网《地方领导留言板》给杨承新书记的留言收悉，宁蒗县教育体育局高度重视，现将有关情况回复如下： 我县以落实国家学前教育重大项目为抓手，以建设普惠性民办幼儿园为重点，大力实施一期、二期、三期学前教育三年行动计划，全县学前教育普及普惠发展取得明显成效，基本构建起了“广覆盖、保基本、多形式、有质量”的学前教育公共服务体系。 1.从2011年至2019年全县共新建、改扩建乡镇级或农村幼儿园33所，通过班改幼18所，通过政府和教育部门审批了19所民办普惠性幼儿园，覆盖全县15个乡镇。 2.进一步落实关于《加快发展学前教育的实施意见》和《宁蒗彝族自治县人民政府关于加快学前教育发展的决定》，促进城乡“均衡发展”，深入推进一村一幼建设，提高全县入园率的目标，目前全县47个行政村已建有幼儿园，还剩44个行政村未建立幼儿园。从2018年-2022年，拟计划新建8所乡镇级或村级幼儿园，建筑面积达19355平方米，投入资金达5806.5万元；通过班改幼建设32所村级幼儿园，建筑面积3200平方米，预计投入资金达320万元。确保到2022年全县各乡镇至少有一所公立性示范幼儿园，同时积极鼓励个人或企事业开办民办普惠性幼儿园，实行公民办并举发展学前教育，努力使我县学前教育三年毛入园率达到85%以上。 3.教育体育局积极跟上级相关部门沟通，合理配备幼儿教师，通过公开招聘或者政府购买服务形式、小学教师转岗等措施逐步增加农村公办幼儿教师数量，逐步配齐公办园幼儿教师。 4.在有相关法律、法规及上级文件为依据的前提下，宁蒗县教育体育局可以和中国发展研究基金会合作共同建立幼儿园。 感谢您对我局工作的理解支持！ 宁蒗彝族自治县教育体育局 2019年 6月 3日 ,回复时间：2019-06-13 10:55
好歹是宁蒗县的人民医院给点力行吗,已办理,医疗 投诉,缥***,2019-05-0415:51,尊敬的领导，您好！五一放假回来老家恰巧宝宝感冒还是没有好转咳的厉害，很想在上班前给宝宝的病治好了回单位，想都没有想肯定是去宁蒗县人民医院，做了血检查出是细菌感染感冒，打了三次输液，已经不发烧了，但是咳嗽还是很厉害，最后问了护士，护士说:“宝宝才两岁7个月，不能连续输液超过三次，我们都是用了最好的止咳针水了，回去慢慢的康复得了“。我们也只能回到家，可是当天夜里宝宝好几次咳得哭醒坐了起来，生为父母看着孩子的症状哪敢慢慢养病，想再去县医院，又想想昨天护士的话，言外之意就是你们不用来了，我们也没有办法了。明天就要回单位上班，很是纠结。心里就想，好歹也是我们县的人民医院啊，怎么就连小孩子的感冒都没办法呀！再想想宝宝输液的时候想找点热水喝，问医生哪里能接到热水，说去住院部，跑到一楼问医导，说只有冷水，要自己烧水，最后跑到外面小吃店接到一杯热水，让老板收点钱，人家一分钱不要。好歹也是人民的医院啊，输液想喝点水都这么难吗？再说每输液一次都要收挂号费（每次8-9.5元不等，我还以为只要挂第一次号呢，也罢了)，难道输液室有一台饮水机就那么困难吗？要求不算高吧！好歹是人民的医院啊，求求你给点力行吗？,宁蒗县人民医院,黎辉同志：您好！ 您通过人民网《地方领导留言板》给杨承新书记的留言收悉，针对你所反映的问题，宁蒗县人民医院高度重视，现将有关情况回复如下：患儿黎梓墓于2019年5月2日02:21分因“咳嗽3天。发热1天”来我院儿科门诊就诊，给予患儿查体：体温39℃，声嘶，扁桃体II度肿大，双肺呼吸音粗，初步诊断为：急性扁桃体炎、支气管炎。给予冰袋冰敷，温水擦浴等口服布洛芬混悬液3ml对症治疗。给予患儿静脉滴注单磷酸阿糖腺苷、多索茶碱、葡萄糖氯化钾补液治疗。输液结束，体温降至正常，家属带患儿离开门诊输液室，于10:53分家属带患儿来我院就诊给予患儿雾化吸入，查血常规：中性增高，考虑细菌感染，因凌晨已给予输液治疗，未给予输液。于19:34分家属再次带患儿来就诊家属诉发热缓解，咳嗽未见明显好转，给予先锋霉素中毒皮试皮试结果阴性。给予五水头孢唑林钠抗感染，多索茶碱、溴己新止咳化痰治疗。5月3日15:20分家属带患儿就诊，给予头胞哌酮舒巴坦抗感染，多索茶碱、溴己新止咳化痰输液治疗。治疗结束后患儿家属诉患儿咳嗽症状无明显好转后开口服盐酸赛庚啶片0.3片每日两次口服止咳，输液3天。患儿未在发热，仍有咳嗽，建议患儿家属给予雾化吸入治疗和口服药物治疗，必要时继续输液治疗（因小儿心、肝、肾功能发育不健全）能雾化、口服的就尽量少输液。我院医务科、护理部负责人对当天值班人员进行批评教育，若再次发生类似情形者，当年考核不得评优选先进。 儿科门诊未提供热水的问题由于儿科门诊输液观察室拥挤，人满为患，医院原有的热水器破损率高，未及时修理（更换），我院将立即安排相关人员进行更新热水器，给就诊患者及家属提供简单的便民服务。 关于挂号费的问题是我院根据宁蒗彝族自治县发改局、卫计局、财政局、人社局联合下发的关于调整宁蒗县公立医院医疗服务价格[2016]5号文件精神，普通门诊诊查费4元、副主任医师门诊诊查费8元、主任医师门诊诊查费10元、急诊诊查费10元，2010年云南省医疗服务价格文件汇编，挂号费0.40元每次（二类价）。为了方便患者二次就诊，云南省统一使用门诊病历本，1本1元。原有我院门诊病历本就诊患者不再购买病历本，首次就诊患者及未携带原病历本者病历本费1元1本。因对换0.10元面值货币困难，偶尔收费人员无0.10元的零钱未补给患者，已向患者沟通说明。 感谢您对我院工作的理解支持！祝您身体健康，生活愉快！ ,回复时间：2019-07-15 08:28
64岁，地保被下，残疾人补贴被下，危房改造没有,已办理,三农 求助,1***,2019-05-0316:54,尊敬的，县委书记。   你好，我是一名残疾人，今年64岁，家住红桥乡，金子沟，矿山村，因身体不好找药不方便，妹妹家可怜我帮我搬到了，宁蒗县，帮我盖房子，让我住在她家隔壁，我左手残疾，没有劳动能力，国家政策比较好一直照顾着我们老两，可是不知道怎么啦！去年我残疾补贴，还有地保被下了，也没有危房改造补贴，这是想让我们老两口子怎么过日子啊！,宁蒗县委书记,朱古布同志： 您好！ 您通过人民网《地方领导留言板》给杨承新书记的留言收悉，我镇高度重视，认真进行了调查核实，现答复如下： 经调查，朱古布是红桥镇金子沟村委会矿山村村民，有两个儿子，朱比比和朱比忍。长子朱比比是建档立卡户，已于2017年脱贫，人均经济收入均已达脱贫标准。次子朱比忍，现居住在金子沟村委会矿山组，其住房为安全稳固住房。同时，朱比忍与其长子朱胡兵共养殖黑山羊150只，种植重楼1.0亩左右，且朱胡兵名下有一辆面包车(车牌为:PZM399)。 在2018年3月份我镇进行动态管理工作中，按照相关政策对朱古布户进行了户籍合并处理，将朱古布户与朱比忍户并为一户，并户后共8人。2018年7月份进行城乡居民低保动态管理工作，根据相关文件要求，因拥有车辆等原因您户不符合纳入低保户条件，遂给予动态取消低保处理；朱古布持有的残疾证为肢体叁级残疾，按照现有政策，没有残疾补贴；根据住建局危房认定组认定您户所住房屋为安全稳固房，不符合享受危房改造的相关条件。 如不服本处理意见，您可自收到本答复意见书之日起30日向宁蒗彝族自治县人民政府提出复查申请，逾期不申请复查，本处理意见书即为该信访事项的终极性意见。 最后，感谢您对我镇工作的理解与支持！ 红桥镇人民政府 2019年6月12日 ,回复时间：2019-06-13 08:54
沪沽湖购买铁皮石斛和银饰的问题已解决,已办理,旅游 感谢,j***,2019-04-2208:28,沪沽湖购买铁皮石斛和银饰！因为语言沟通以及文化差异所导致的不愉快！现在经过导游跟商家协商处理！已经收到全部退货款！所以这件事是个误会！感谢党和领导无私为我们人民解决问题！希望云南的旅游越来越好！,宁蒗彝族自治县市场监督管理局,蒋宁同志：您好！  您通过人民网《地方领导留言板》给杨承新书记的留言收悉，宁蒗县人民政府高度重视，现将有关情况回复如下：  经宁蒗县市场监督管理局执法人员调查核实，该发生地属于四川省地界，已超出我县管辖范围，建议您向四川省相关管理部门进行反映。,回复时间：2019-04-26 16:27
泸沽湖天价药材铁皮石斛以及银饰,已办理,旅游 投诉,j***,2019-04-2018:36,本人于2019年4月9号跟随家人在泸沽湖跟团游玩，上午大概八九点样子，去摩梭人家2号家庭家里家访，结果是给大家推银饰，大概是20块一克，家人买了2个，75.7克，1586元，后来中午的时候去导游开的饭店里吃饭，一进店径直带我们去他家的药材柜台推药材，说看在是导游朋友的份上铁皮石斛给我们12块钱一克，称了90到100克的样子，大概一千块钱，说给我们少点钱，那时候没反应过来就打成了粉，中途又被一个自称医生的号了脉，说我是不是怀过孕，我一听就知道他是个骗子，就反驳他，结果他态度就有点凶，说我怀不了孕什么的，当时被吓到了匆匆忙忙买了单，990元，支付宝都有记录的，由于那边比较偏僻，我们不敢提退货的事情，怕出什么事，直到今天在丽江游玩，发现野生的铁皮石斛冲顶了也就四五百一斤，银饰六块一克，跟我们在泸沽湖买的一模一样，真的很气愤，我们在泸沽湖那个铁皮石斛6000一斤，谁的钱都不是大风刮来的，我们报的全程无购物团，想着出来旅游放松一下，结果这样子坑我们，真希望有关管一下。,宁蒗县市场监督管理局,蒋宁同志：您好！  您通过人民网《地方领导留言板》给杨承新书记的留言收悉，宁蒗县人民政府高度重视，现将有关情况回复如下：  经宁蒗县市场监督管理局执法人员调查核实，该发生地属于四川省地界，已超出我县管辖范围，建议您向四川省相关管理部门进行反映。,回复时间：2019-04-26 16:29
不公道的拆迁,已办理,城建 求助,吓***,2019-04-0908:42,尊敬的书记大人:    你好！我叫吕xx，宁蒗县红桥乡黄腊老抓茸村的一名普通老百姓，我的住房马上就要让政府部门强制拆迁了，既然政府部门都要让我拆迁了，当然我不会违背政府干事，但是我最想不通的是为什么跟我同一年建筑的房子是合法的，公路延现大多的都是，别人的就是合法的（难道有内幕），我修房子的时候没有政府部门的相关人员来下通知不能修，我大半辈子的心血即将一无所有，让我怎么活啊！我恳求领导能给我个生活下去的机会，我真心希望你们能亲自好好来调查一下，为什么有的人就是合法的，我的就有问题，如果公路边的，还有我们同年修的都拆了我坚决服从政府的指挥，而现在不是这样的.,宁蒗县红桥镇人民政府,网民同志：您好！您通过人民网《地方领导留言板》给杨成新书记的留言收悉。红桥镇党委、政府高度重视，及时进行了调查核实，现回复如下：一、您户在黄腊老村委会抓如村宁泸二级路两侧修建的房屋属侵占破坏基本农田的“两违”建筑。在对违章建筑予以拆除前，我镇已下发自行拆除通知书，工作队也多次到该户进行动员跟进，督促您户在规定时间内恢复所占用基本农田，根据《中华人民共和国土地管理法》第三十六条规定：禁止占用基本农田发展林果业和挖塘养鱼；第七十四条规定：违反本法规定，占用耕地建窑、建坟或者擅自在耕地上建房、挖砂、采石、采矿、取土等破坏种植条件的，或者因开发土地造成土地荒漠化、盐渍化的，由县级以上人民政府土地行政主管部门责令限期改正或者治理，可以并处罚款；构成犯罪的，依法追究刑事责任。您户在限期时间内未自行拆除违章建筑，遂我镇联合县土地行政主管部门于2019年4月19日依法对您户的违章建筑进行拆除。二、在此次拆除工作中，并未涉及您户鱼塘，你所反映的将您鱼塘挖毁，损失2000多斤鱼的情况不实。   最后，感谢您对我镇工作的理解与支持！                                                                                                ,回复时间：2019-08-22 12:00
泸沽湖草海金麒麟疣螈药材受骗3000,已办理,旅游 投诉,范***,2019-04-0406:28,在泸沽湖草海走婚桥尽头处有一家卖药材的，打着金麒麟疣螈的医药功效，有两个托儿搞好了价格买了九千多。我们头脑一热也跟着买了一些，然后老板说让打成粉不然带不上飞机。我说这大概得多少钱？老板说100多。我们以为是100多块钱，于是就让打成了粉，最后付款的时候竟然说100多克！而不是100多块钱！被骗了3000块！一个神圣而美丽的泸沽湖，口口声声说家里供着佛祖满心善良的摩梭人，竟然欺骗消费者！太可恶了！,宁蒗县市场监督管理局,范可娇同志：您好！  您通过人民网《地方领导留言板》给杨承新书记的留言收悉，宁蒗县人民政府高度重视，现将有关情况回复如下：  经宁蒗县市场监督管理局执法人员调查核实，该发生地属于四川省地界，已超出我县管辖范围，建议您向四川省相关管理部门进行反映。,回复时间：2019-04-26 16:35
困难家庭申请书,已办理,三农 求助,沙***,2019-03-1715:25,妻子因忍受不了家庭贫困，2017年，外出打工，至今杳无音信，丢下我们父子3人，已有一年多，我没有房子可住，只能投靠大兴镇干河子村哥哥、叔叔家，哥哥、叔叔可怜我，给我们两间木垒房暂住，我为了维持家庭、孩子们的生活，只有丢下孩子，外出打工。孩子暂时由残疾老母亲看管，而老母亲自身带有残疾，并带有我姐的一个孤儿，家庭情况贫困到了极点。我的家庭困难，村民小组反映过我家庭困难情况，并多次申请，申诉。可是烂泥箐乡政府、烂泥箐村委会、村民小组总以各种理由回绝，我的心里十分绝望。,烂泥箐乡人民政府,沙阿伟同志：您好！您通过人民网《地方领导留言板》给杨承新书记的留言收悉，我乡党委、政府高度重视，成立工作组进行核实，经核实后具体情况回复如下：   沙XX，男，彝族，烂泥箐烂泥箐村委会刘家村村民，。一直在外务工，月收入3000元左右，并且已搬迁到县城附近居住。其家庭成员沙X宝和沙X权于2018年7月已纳入低保户（每人每月203元）全年领取低保金共计4872元。 母亲：沙X毛，属单亲家庭，于2018年7月已纳入低保户（每月255元），同时享受二级残疾人健康生活和护理补贴（每月90元）。按照新的户籍管理条理规定沙X毛应该与其次子沙X伟并户。 李XX，已纳入低保户（每月203元）。全年领取低保金共计6676元。是沙X毛长女沙X之女，现已改嫁到烂泥箐乡烂泥箐村委会上农场组村民苏XX家，而沙花与李XX的户口还在烂泥箐村委会刘家村沙X毛名下，按照规定应该把户口迁出至上农场组村民苏XX名下。    根据乡、村两级实地调查，我们认为您反映的“困难家庭申请书”的问题与该户的家庭实际情况不符，您户3人已享受农村低保待遇，且家庭无病、无灾等特殊困难情况，家庭收入已能满足日常生活所需，不符合困难家庭救助相关标准。 感谢您对我乡 工作的支持与理解，祝您身体健康、生活愉快！,回复时间：2019-05-13 15:29
谢谢，已经解决,已办理,旅游 感谢,d***,2019-02-1418:37,商家很快就打电话来，并且第一时间退款了，谢谢领导帮忙解决！,宁蒗县人民政府,来信收悉，感谢您的理解与支持，祝您生活愉快！,回复时间：2019-03-11 10:39
尊敬的杨书记,已办理,三农 求助,阿***,2019-02-1212:27,尊敬的杨书记，你好！ 我不知道到我这个情况去哪里反应这个情况，所以就想到了你。也不知道合不合适。我是宁蒗县新营盘乡毛家乡村委会老头村村民小组44号一农民，天由不测风云2月2号4.1级地震搞的我现在的住房严重开裂，我们两夫妻常年身体不好一直用药来治疗，现在我们还住在土房子，我们都没有得到过国家任何补贴。低保没有，房子也没有，贫困户也没有得到过所以希望政府来帮帮我们，谢谢！,宁蒗县新营盘乡人民政府,阿余天光同志：您好！ 您通过人民网《地方领导留言板》给杨承新书记的留言收悉，宁蒗县新营盘乡高度重视，现将有关情况回复如下：    经调查，了解到您家户籍和实际居住人口均为2人，您本人常年在外打工，经济收入超过4000元，也没有子女需要抚养，严格按照“五查五看”、“三评四定”程序核实后，您家不符合纳入建档立卡贫困户和低保户的标准。关于您家住房，经核查造成房屋开裂的原因是地质下沉；您家原先被认定为非四类D级危房户，现拟于2019年3月份实施同步搬迁政策；您父亲家也已纳入2018年新识别建档立卡贫困户，拟于2019年3月实施建档立卡贫困户就地安居政策。 感谢您对我乡工作的理解支持！,回复时间：2019-02-16 11:04
扶贫名额分配不合理,已办理,政务 投诉,a***,2019-01-2116:15,尊敬的杨书记：    我是宁蒗县蝉战河乡干河子村委会农场一组村民我们要向您反映一个问题：我们村建档立卡贫困户名额分配不合理、识别不精准。具体情况如下：     1、村干部有私心、现在把扶贫扶到了他们自己家、把扶贫名额都给了他们亲戚朋友。    2、家里面有机动车的享受了随迁户政策。    3、贫困户识别过程中村干部优亲厚友，只要是村干部的亲戚均享受了贫困户政策。    4、家里面有重楼等规模化种植产业的也享受了建档立卡户政策。    5、搬到四川居住的人民也享受了建档立卡户政策或者享受了随迁户政策。       以上种种均因村干部在建档立卡户识别过程中优亲厚友、徇私舞弊。因此，我们村该享受建档立卡户的没有享受到建档立卡户政策，不符合建档立卡户贫困户政策识别标准的却享受了建档立卡贫困户政策。    我家上有体弱多病的父母常年住院看病吃药，下有两个娃娃需要照顾，住在摇摇欲坠的危房中，家庭困难，入不敷出，但是因为村干部中有与我家有矛盾的，所以在建档立卡户识别过程中极力打压，不给我家纳入贫困户。    万般无奈之下，只能以此方式向领导反映，希望杨书记、明察秋毫，还我一个公道，还我们村的政治一片清明、希望对以上存在的问题进行一一的调查。,宁蒗县蝉战河乡人民政府,李成同志： 您好！您通过人民网《地方领导留言板》给杨承新书记提交的来信收悉。蝉战河乡党委政府高度重视，及时成立工作组进行认真调查处理，现将有关情况回复如下： 1.反映村干部有私心，现在把扶贫扶到了他们自己家，把扶贫名额都给了他们亲戚朋友。贫困户识别过程中村干部优亲厚友，只要是村干部的亲戚均享受了贫困户政策。 干海子村委会严格按照县委县政府文件要求开展精准识别工作，干海子村委会主任肖X斌父亲与村监督委员会主任肖X明父亲均为2014被识别纳入的建档立卡贫困户，肖X斌和肖X明二人于2016年6月份换届选举中才任职。不存在村干部有私心和优亲厚友行为。 2.反映家里面有机动车的享受随迁户政策。 当时省、市、县相关文件没有明文规定非建档立卡贫困户有家庭车辆的不能享受随迁户政策。所以部分有机动车的享受了随迁户政策。 3.反映家里面有重楼等规模化种植产业的也享受了建档立卡户政策。 干海子村民每家每户均种植0．5亩及以上重楼，再加之上级党委政府的大力支持和产业扶贫政策的惠及，现干海子村民种植重楼面积逐年扩大，但种植规模超过5亩以上的很少，5亩以上种植户纳入贫困户的也不存在。 4.反映搬迁到四川居住的人民也享受了建档立卡户政策或随迁户政策。 居住在干海子村地坡觉二组对面四川边界旁的两农户因还在我村辖区内进行生产生活，户籍也属于我村。当时因多次反映到村委会里反映他们居住在边界旁没有足够的土地等，急需要搬回来居住。要求给予两家享受随迁户政策，现两家都在我村委会辖区内建新房。 5.反映现任村支部书记，有私家车，有规模化的重楼种植户也是脱贫户，享受了随迁户攻策。 现任村支部书记不是贫困户，也没有享受随迁户政策。其父亲家房屋年久失修，已成危房。经村委会研究2017年给他父亲家随迁户政策，获得政府贴息贷款6万元。 6.反映现任村委会主任肖X斌享受了随迁户政策。 相关文件政策没有明文规定村干部不能享受随迁户政策。所以现任干海子村委会主任肖X斌享受了2017年随迁户政策，获得政府贴息贷款6万元。 7.反映现任村委会副主任马X，有规模化的重楼种植，享受了随迁户政策。 没有明文规定村于部不能享受随迁户政策。所以马X享受了2017年随迁户政策，获得政府贴息贷款6万元。 8.反映现任村委会副主任阿XX，有私家车，也是脱贫户，享受了随迁户政策。 现任干海子村委会副主任阿XX不是贫困户，也未享受随迁户政策，其子因房屋陈旧，经本人向村委会申请后，村委会研究决定给予享受随迁户政策。 9.反映现任村委会干部村秘书、肖X超、有私家车、有营业执照开规模化的经营项目、均享受了随迁户政策。现任干海子村委会村民村长阿XX牛、有规模化的重楼种植户、也是脱贫户、均享受了随迁户政策，他们都在修楼房的情况。 当时省、市、县相关文件没有明文规定非建档立卡贫困户有家庭车辆的不能享受随迁户政策，且村民组长和秘书工资待遇低。经村委会研究给了干海子村农场一组秘书肖X超一个随迁户政策，（肖X超家是蝉战河村苦荞地组搬迁到干海子村农场一组的，之前因没有住房一直居住在父亲家）。其农场一组组长家不是贫困户也未享受随迁户政策，只有其儿子家享受随迁户政策。 感谢您对我乡 工作的支持与理解，祝您身体健康、生活愉快！,回复时间：2019-07-19 09:25
深度贫困村还没得到脱贫,已办理,交通 咨询,W***,2019-01-1813:19,尊敬的杨书记，您好！             我是宁蒗彝族自治县烂泥箐乡马金子村委会老伙山村的一个村民，现在在广东省佛山市打工，家里有一位快到70岁的母亲、今年刚上初一的女儿和上小学六年级的儿子，在县城租房上学。          自从2013年纳入云南省丽江市宁蒗彝族自治县中深度贫困村的烂泥箐乡马金子村委会老伙山村的扶贫以来，农村危房得到了改善，其中学校和交通医疗方面还是很落后，老伙山村坐落于四川省凉山州盐源县巫木乡花龙村和盐唐乡辣子沟村交界处，从马金子村委会到老伙山村有7公里路程，之前有一条宽度不到3米的泥土路，在2013年深度贫困扶贫期间，也有县交通局的工作人员来测量过俩次路程，说是要修路的，直到现在还没修。         现在村民大多数也搬迁往新营盘周边和县城附近，有些由于经济来源差，无法搬迁的十几户还在村里，交通条件差的原因村民们在县城租房带孩子上学，交房租费，水电费，生活费，等等。          在孩子们开学和放假的期间，由于学生放假回家的多联系不到能从县城回到村里的车，即便能联系上农村客运的车也车费昂贵，更是没有驾驶员愿意去。有些村民自己买摩托车接送孩子，但是很不安全，更是多数摩托车都是无证的。          很希望我们村能有一条水泥路，也就能有一条孩子们的安全路！！,宁蒗县烂泥箐乡人民政府,罗布红同志：您好！  你通过人民网《地方领导留言板》给杨承新书记的留言收悉，宁蒗县烂泥箐乡人民政府高度重视，现将有关情况回复如下：经调查，自2014年6月以来，你夫妻一直在外务工至今，其年人均纯收入高于我村动态管理贫困户识别范围及低保纳入条件。对你反映的出行困难问题，我乡驻村工作队与村“两委”班子成员已根据当地交通实际情况，在2018年3月份项目库申报工作中，已把马大线至老火山组内的7公里道路硬化列入项目建设。现已进行了招投标工作，可在近期开工建设。 感谢您对我乡工作的理解和支持！,回复时间：2019-02-16 10:59
扶贫名额分配不合理,已办理,政务 投诉,a***,2019-01-0517:01,尊敬的杨书记：    我是宁蒗县蝉战河乡干河子村委会农场一组村民，我们要向您反映一个问题：我们村建档立卡贫困户名额分配不合理、识别不精准。具体情况如下：     1、村干部有私心、现在把扶贫扶到了他们自己家、把扶贫名额都给了他们亲戚朋友。    2、家里面有机动车的享受了随迁户政策。    3、贫困户识别过程中村干部优亲厚友，只要是村干部的亲戚均享受了贫困户政策。    4、家里面有重楼等规模化种植产业的也享受了建档立卡户政策。    5、搬到四川居住的人民也享受了建档立卡户政策或者享受了随迁户政策。    6、现任村委会干部书记、罗尔光、有私家车、有规模化的重楼种植户也是脱贫户、均享受了随迁户政策。7、现任村委会干部主任、肖龙斌、均享受了随迁户政策。8、现任村委会干部副主任、马玉、有规模化的重楼种植户、均享受了随迁户政策。9、现任村委会干部副主任、阿迪文哈、有私家车、也是脱贫户、均享受了随迁户政策。10、现任村委会干部村秘书、肖宁超、有私家车、有营业执照开规模化的经营项目、均享受了随迁户政策。11、现任干海子村委会村民村长、阿西阿牛、有规模化的重楼种植户、也是脱贫户、均享受了随迁户政策，他们都在修楼房。    以上种种均因村干部在建档立卡户识别过程中优亲厚友、徇私舞弊。因此，我们村该享受建档立卡户的没有享受到建档立卡户政策，不符合建档立卡户贫困户政策识别标准的却享受了建档立卡贫困户政策。    我家上有体弱多病的父母常年住院看病吃药，下有两个娃娃需要照顾，住在摇摇欲坠的危房中，家庭困难，入不敷出，但是因为村干部中有与我家有矛盾的，所以在建档立卡户识别过程中极力打压，不给我家纳入贫困户。    万般无奈之下，只能以此方式向领导反映，希望杨书记、明察秋毫，还我一个公道，还我们村的政治一片清明、希望对以上存在的问题进行一一的调查。,宁蒗彝族自治县蝉战河乡人民政府,李成同志： 您好！您通过人民网《地方领导留言板》给杨承新书记提交的来信收悉。蝉战河乡党委政府高度重视，及时成立工作组进行认真调查处理，现将有关情况回复如下：1.反映村干部有私心，现在把扶贫扶到了他们自己家，把扶贫名额都给了他们亲戚朋友。2.反映贫困户识别过程中村干部优亲厚友，只要是村干部的亲戚均享受了贫困户政策。  答复意见：干海子村委会严格按照县委县政府文件要求开展精准识别工作，干海子村委会主任肖龙斌父亲（阿西以干户）与村监督委员会主任肖文明父亲（阿西日都户）均为2014被识别纳入的建档立卡贫困户，肖龙斌和肖文明二人于2016年6月份换届选举中才任职。不存在村干部有私心和优亲厚友行为。3.反映家里面有机动车的享受随迁户政策。  答复意见：当时省、市、县相关文件没有明文规定非建档立卡贫困户有家庭车辆的不能享受随迁户政策。所以部分有机动车的享受了随迁户政策。4.反映家里面有重楼等规模化种植产业的也享受了建档立卡户政策。  答复意见：干海子村民每家每户均种植0．5亩及以上重楼，再加之上级党委政府的大力支持和产业扶贫政策的惠及，现干海子村民种植重楼面积逐年扩大，但种植规模超过5亩以上的很少，5亩以上种植户纳入贫困户的也不存在。5.反映搬迁到四川居住的人民也享受了建档立卡户政策或随迁户政策。    答复意见：居住在干海子村地坡觉二组对面四川边界旁的两农户因还在我村辖区内进行生产生活，户籍也属于我村。当时因多次反映到村委会里反映他们居住在边界旁没有足够的土地等，急需要搬回来居住。要求给予两家享受随迁户政策，现两家都在我村委会辖区内建新房。6.反映现任村支部书记罗尔光，有私家车，有规模化的重楼种植户也是脱贫户，享受了随迁户攻策。  答复意见：现任村支部书记罗尔光不是贫困户，也没有享受随迁户政策。其父亲鲁木牛家房屋年久失修，已成危房。经村委会研究2017年给了鲁木牛家随迁户政策，获得政府贴息贷款6万元。7.反映现任村委会主任肖龙斌享受了随迁户政策。  答复意见：相关文件政策没有明文规定村干部不能享受随迁户政策。所以现任干海子村委会主任肖龙斌享受了2017年随迁户政策，获得政府贴息贷款6万元。8.反映现任村委会副主任马玉，有规模化的重楼种植，享受了随迁户政策。  答复意见：没有明文规定村于部不能享受随迁户政策。所以马玉享受了2017年随迁户政策，获得政府贴息贷款6万元。9.反映现任村委会副主任阿丁尾哈，有私家车，也是脱贫户，享受了随迁户政策。  答复意见：现任干海子村委会副主任阿丁尾哈不是贫困户，也未享受随迁户政策，其子王发因房屋陈旧，经本人向村委会申请后，村委会研究决定给予王发享受随迁户政策。10.反映现任村委会干部村秘书、肖宁超、有私家车、有营业执照开规模化的经营项目、均享受了随迁户政策。11.反映现任干海子村委会村民村长、阿西阿牛、有规模化的重楼种植户、也是脱贫户、均享受了随迁户政策，他们都在修楼房的情况。  答复意见：当时省、市、县相关文件没有明文规定非建档立卡贫困户有家庭车辆的不能享受随迁户政策，且村民组长和秘书工资待遇低。经村委会研究给了干海子村农场一组秘书肖宁超一个随迁户政策，（肖宁超家是蝉战河村苦荞地组搬迁到干海子村农场一组的，之前因没有住房一直居住在父亲家）。其农场一组组长阿西阿牛家不是贫困户也未享受随迁户政策，只有其儿子肖光亮家享受随迁户政策。  感谢您的来信，祝您身体健康，生活愉快！,回复时间：2019-01-14 11:10
泸沽湖旅游家访购物陷阱，请求退货,已办理,旅游 投诉,落***,2019-01-0116:10,尊敬的领导您好，我们于2018年12月30日在泸沽湖进行家访时购买了价值6579得一件银水杯，一根项链，和一个银梳，后来经过验证发现效果根本不是介绍的那么万能，同事价格存在2倍多的的虚高，请求退货退款，谢谢,宁蒗县市场监督管理局,胡明曰同志：您好！您通过“书记县长信箱”（人民网地方领导留言板）提交的来信收悉，宁蒗县委、县人民政府高度重视，及时责成宁蒗县市场监督管理局认真调查处理，现将有关情况回复如下：  经调查，该店实际经营地址为四川省凉山州盐源县，超出我局的管辖范围；但本着为消费者负责的态度，我局执法人员积极联系商家协商，现商家愿意全额退货退款，经我局执法人员与您联系，了解到您现已经收到商家全额退款6579元人民币。 感谢您的来信，祝您身体健康、生活愉快！,回复时间：2019-01-04 17:16
脱贫攻坚政策跑马坪乡政府做得不公平。,已办理,城建 求助,罗***,2018-12-3015:14,尊敬的杨书记，你好！ 我不知道到我这个情况去哪里反应这个情况，所以就想到了你。也不知道合不合适。我是跑马坪村委会光马山自然村21号一农民，我们家是三兄弟，都结婚了，父母也50多岁了，他二老都是体弱多病，我们整个家庭成员都是务农。我大哥家里特别穷，嫂子也是属于残疾人士，我们都没有得到过国家任何补贴。低保没有，房子也没有，贫困户也没有得到过。反尔比我们好的人就有。我现在还是跟父母住一起，还是土房子。希望你能帮帮我们，谢谢你啦，,宁蒗县跑马坪乡政府,罗忠华同志：您好！您通过人民网（地方领导留言板）给承新书记的留言收悉，宁蒗县跑马坪乡高度重视，现将有关情况回复如下：  经调查，了解到您家户籍和实际居住人口3人。父亲在羊鞍山砖厂打工，母亲在家务农，没有重大疾病（国家计卫规定的重大疾病范围内）。大哥罗阿布34岁深圳打工，其妻朱长英在家务农，大嫂虽口齿不，但未达评残标准。两个孩子均学历前儿童，房子属于土木结构，经住建部门鉴定为D级危房，属于非四类人员危房改造对象，下一步将给予相应的补助拆除重建。您28岁在宁蒗县足疗店打工，妻子朱学英同在县城打零工，孩子罗雨嘉在幼儿园读书。您家居住于彝水天，购买了商品房。严格按照“五查五看”、“三评四定”程序核实后您家不符合应纳尽纳的标准，因你户劳动力充裕，家里没有重大疾病，也没有因学致贫因素，已经超过“两不愁，三保障”的标准。我乡2017年实施低保清理整改，您户不符合新纳入条件。  感谢您对我乡工作的理解支持！,回复时间：2019-01-08 08:39
杨书记您好，关于宁蒗县2013年事业单位招聘,已办理,就业 求助,W***,2018-10-2909:03,事业单位都是限制一个人只能报一个岗位，为什么后面考试分数和名次就出现在了两个岗位上，报的岗位上是第一名，其他的一个岗位上是第二名，很明显，为什么既然是报的岗位是第一名，那上班的就应该第一名这个，又为什么名次就出现在了其他的一个岗位上，上班的就成了其他岗位的这个第一名，报的是环境水资源什么的，虽然说是环境水资源什么，其实是城建局，在城建局上吧，（岗位有点记不清）总之猫腻太多，报的这个岗位，最后是消失了嘛吗，当时是没有面试，还有都是城建局的名下单位，为什么是招聘其他一个人，还有现在上班的是一个姓杨的，当时说是个四项人员加了分，那为什么公布分数的没有备注是四项人员，真的是四限人员省上人力部可以查到，我只想求个真相，当时没有这些条件，我也不知道该怎么寻求帮助。,宁蒗彝族自治县人力资源和社会保障局,毛丹同志：您好！ 您通过“书记县长信箱”（人民网地方领导留言板）提交的来信收悉，宁蒗县委、县人民政府高度重视，及时转交县人力资源和社会保障局认真调查处理，现将有关情况回复如下：我县2013年事业单位招聘是根据《事业单位公开招聘人员暂行规定》（人事部令第6号）和《丽江市事业单位补充工作人员实行考试考核暂行办法》（丽市人[2003]41号）的规定，并严格按照《丽江市2013年事业单位招聘工作人员公告》执行的。    一是根据《丽江市2013年事业单位招聘工作人员公告》，我县2013年共招聘事业人员260人，46个岗位，其中县住房和城乡规划建设局下属自来水厂招聘5人（全日制国民教育大中专院校毕业生大专及以上水利水电水工专业2人、全日制国民教育大中专院校毕业生大专及以上资源环境与城乡规划管理专业2人、全日制国民教育大中专院校毕业生大专及以上专业不限1人），均户籍备注：宁蒗户口、不是宁蒗生源的考生可凭父母调动及婚迁证明可报考。从市考试中心通过省考试中心传输给我县的《宁蒗县2013年事业单位考生、准考证成绩》看：县住房和城乡规划建设局下属自来水厂招聘水利水电水工专业人员第1名姓名曾顺帆、准考证号为20137011706、笔试总分卫91.5，第2名姓名沙继林、准考证号为20137011701、笔试总分为83.5。县住房和城乡规划建设局下属自来水厂招聘资源环境与城乡规划管理专业人员第1名为杨长万、准考证号为20137011696、笔试总分为91，第2名为马富、准考证号为20137011694、笔试总分为89，第3名为秦秀花、准考证号为20137011687、笔试总分为87.5，因第1名考生杨长万通过了我县乡镇公务员考试，自愿放弃县住房和城乡规划建设局下属自来水厂招聘资源环境与城乡规划管理专业的体检及聘用资格，根据《丽江市2013年事业单位招聘工作人员公告》相关规定，对第三名考生秦秀花进行递补聘用。县住房和城乡规划建设局下属自来水厂招聘专业不限1人，第1名考生沙文高、准考证20137011724、笔试总分为88分。以上5位考生通过姓名及准考证查询，均未有重复报名情况发生。   二是根据《丽江市2013年事业单位招聘工作人员公告》笔试成绩加分情况如下：（1）“对荣获“省级优秀毕业生”、“省级三好学生”、“省级优秀党团干部”、“省级优秀班干部”的考生笔试成绩加5分。（2）对独龙、德昂、基诺、怒、阿昌、普米、布朗等7个少数民族考生笔试成绩加5分。（3）参加“全国计划的西部志愿者”，凭服务期满考核合格证明，服务期为2年的，笔试成绩加5分；服务期为1年的，笔试成绩加3分。（4）参加“大学生志愿服务西部计划云南省地方项目”并获金、银、铜奖的人员，凭服务期满考核合格证明，笔试成绩分别加4分、3分、2分。（5）参加“三支一扶”的人员，凭服务期满考核合格证明，笔试成绩加4分。（6）参加“特岗教师”人员，凭服务期满考核合格证明，笔试成绩加4分。（7）参加“大学生村官”人员，凭服务期满考核合格证明，笔试成绩加4分。（8）报考定向招聘“三支一扶”、“西部志愿者”、“特岗教师”、“大学生村官”岗位的人员不再加分，符合其它加分条件的可以加分。如考生符合多项加分条件的只能就高享受其中一项，不得累计加分。通过加分情况看，县住房和城乡规划建设局下属自来水厂招聘5人均没有以上加分项，未加分，笔试总分既为招聘分数。   综上所述，2013年宁蒗县事业单位招聘岗位中未设置“环境水资源”专业，县住房和城乡规划建设局下属自来水厂聘用的5名考生中，不存在一人报双岗的现象，且5名考生中没有1名姓杨的考生，不存在乱加分情况。    对以上答复您有什么意见请与我们联系，以便进一步改进我们的工作。,回复时间：2018-12-25 09:15
有关一村一幼儿园的传说,已办理,教育 建言,嘿***,2018-10-2308:46,   一村一幼儿园的说法早已听闻，但是到现在很多比较边缘的地方还未实现，纵览全县，到目前为止一个村民小组有可能还没有一个大学生。脱贫攻坚战我县搞得确实使人民看到了希望。但个人觉得从长远来看，应更注重教育，减轻我县人民教育的负担，不断的培养出优秀的大学生。,宁蒗彝族自治县教育局,曹智同志：   您好！您通过人民网《地方领导留言板》给宁蒗县委书记的留言收悉。宁蒗县教育局高度重视，现将有关情况回复如下：  经调查，自2011年以来，按照国务院的总体部署和要求，我县以落实国家学前教育重大项目为抓手，以建设普惠性民办幼儿园为重点，大力实施学前教育行动计划，全县学前教育普及普惠发展取得明显成效，基本构建起了“广覆盖、保基本、多形式、有质量”的学前教育公共服务体系。 一、学前教育资源进一步扩大。从2011年至2018年全县共发展了48所幼儿园（建在村委会所在地的有20所），其中新建、改扩建公办幼儿园29所，通过政府和教育部门审批了19所民办普惠性幼儿园，覆盖全县15个乡镇。  我们将全力推进我县学前教育行动计划，统筹规划，继续推进公办民办幼儿园建设，着力扩大农村学前教育资源。今年已经通过班改幼的做了6家：金棉龙通完小村幼儿园  、金棉王家沟完小村幼儿园、永宁温泉完小村幼儿园 、烂泥箐福和完小村幼儿园、翠玉库脚完小村幼儿园、蝉战河干海子村幼儿园，共维修改造建筑面积510平方米，投入资金51万元 二、针对各乡镇缺乏公办幼儿园和二孩政策放开后全县幼儿不断增长的方面。进一步落实关于《加快发展学前教育的实施意见》和《宁蒗彝族自治县人民政府关于加快学前教育发展的决定》，促进城乡“均衡发展”，实现全县一村一幼，提高全县入园率的目标，从2018年-2020年，加强一村一幼建设，拟计划利用中小学富余校舍维修、新建或改扩建45所乡镇级或村级幼儿园，建筑面积达26538平方米，投入资金达7922.6万元。同时积极鼓励个人或企事业开办民办普惠性幼儿园，实行公民办并举发展学前教育。 三、加强民办普惠性幼儿园规范办园。根据县委政府和相关部门的要求，县教育督导部门依据《幼儿园教育指导纲要》和《幼儿园工作规程》，出台了《宁蒗县教育局关于加强和规范民办幼儿园管理办法》和《宁蒗县幼儿园办园行为督导评估标准》，并组织督导组定期对各幼儿园的办园条件、安全卫生、教育收费、园务管理、教育资源、保教工作、队伍建设等方面进行评估和督查指导。完善幼儿园准入、退出机制，坚持年检制度。我们将按照上级党委、政府的要求，积极争取资金支持，建设好我县的一村一幼儿园项目。   感谢您对我们工作的理解与支持。                              ,回复时间：2018-11-20 08:49
有关我县特色小镇中“抓如普米小镇项目”的选址,已办理,城建 建言,嘿***,2018-10-2308:39,领导您好！普米族作为我国56个民族中的一个特少数民族，生活在我县，整体的经济和文化水平都比较低。在这样的情况下能够得到我县政府的帮助与支持建立普米小镇，作为普米族的一员我深感荣幸和感激。但有关普米小镇的选址我有些疑惑和建言。一、抓如并不是普米的主要聚集地，并且普米族很少。既然叫普米小镇，那么这个小镇里的村民是不是应该都是普米或者大多数都是。二、建立普米小镇的初衷应该是帮助落后的普米族发展自己的同时保留和发扬自己的文化。抓如村作为好几个民族杂居且普米文化保留并不好的村落，个人觉得不应该把普米小镇建在抓如。三、关于以上几点我建议将普米小镇建在大水沟的大村和八家村。原因：1、大村和八家村住有40多户村民，除了有一家搬迁来彝族之外全是普米族。2、那儿的普米文化和习俗保留的比较有完整性，宣传和发扬更有说服性。3、大村和八家村是宁蒗普米村落中比较落后的两个村落，如若那儿的村民不常年出去打工，靠种庄稼生活那么一年的收入还不够一家人支出。因此那儿的许多村民常年出门打工，家里的小孩就变成了留守儿童，很多小孩都受他们父母的影响，因此读书走出去的很少。3、将普米小镇建在那儿不仅能够帮助那儿的村民脱贫和发展而且还能够将普米文化和习俗得以延续和发扬。谢谢！！,宁蒗彝族自治县红桥乡人民政府,曹智同志： 您好！您通过“书记县长信箱”（人民网地方领导留言板）提交的来信收悉，我们进行了认真调查处理，现将有关情况回复如下：    抓如村现有居民户122户425人，其中普米族63户196人，是红桥乡普米族聚居人数最多的村落之一。而大村和八家村两个村聚居的普米族人户加起来只有60户左右。故您所说的“抓如并不是普米的主要聚居地”的说法不属实。 您所谓的在抓如村实施的“普米小镇”这一项目不存在。目前，红桥乡境内没有一个名称为“普米小镇”的项目在规划或在建设。抓如村实施的是三峡集团帮扶的“普米族特色村寨建设项目”。而三峡集团帮扶的项目也已覆盖大村和八家村（通村道路硬化项目、人畜饮水项目），故不存在项目只覆盖抓如不覆盖大村和八家村的情况。 就目前抓如村实施的“普米族特色村寨建设项目”而言，该项目是由三峡集团帮扶进行基础设施建设，然后由政府招商引资进行“番人古寨”旅游项目建设。抓如村位于宁泸二级路旁，是泸沽湖旅游线必经之地，且该村目前外出从事旅游导游行业的人员超过30多人，有一定的地缘优势和产业优势，可以通过打造旅游村寨发展旅游业。而您所说的八家村和大村普米人口相对较少，且远离公路主干道，不适宜打造旅游特色村寨。 感谢您对我乡工作的理解支持！ 祝您身体健康、生活愉快！,回复时间：2018-12-21 16:06
有关我县特色小镇中“抓如普米小镇项目”的选址,已办理,城建 建言,嘿***,2018-10-0908:34,领导您好！普米族作为我国56个民族中的一个特少数民族，生活在我县，整体的经济和文化水平都比较低。在这样的情况下能够得到我县政府的帮助与支持建立普米小镇，作为普米族的一员我深感荣幸和感激。但有关普米小镇的选址我有些疑惑和建言。一、抓如并不是普米的主要聚集地，并且普米族很少。既然叫普米小镇，那么这个小镇里的村民是不是应该都是普米或者大多数都是。二、建立普米小镇的初衷应该是帮助落后的普米族发展自己的同时保留和发扬自己的文化。抓如村作为好几个民族杂居且普米文化保留并不好的村落，个人觉得不应该把普米小镇建在抓如。三、关于以上几点我建议将普米小镇建在大水沟的大村和八家村。原因：1、大村和八家村住有40多户村民，除了有一家搬迁来彝族之外全是普米族。2、那儿的普米文化和习俗保留的比较有完整性，宣传和发扬更有说服性。3、大村和八家村是宁蒗普米村落中比较落后的两个村落，如若那儿的村民不常年出去打工，靠种庄稼生活那么一年的收入还不够一家人支出。因此那儿的许多村民常年出门打工，家里的小孩就变成了留守儿童，很多小孩都受他们父母的影响，因此读书走出去的很少。3、将普米小镇建在那儿不仅能够帮助那儿的村民脱贫和发展而且还能够将普米文化和习俗得以延续和发扬。谢谢！！,宁蒗彝族自治县红桥乡人民政府,曹智同志： 您好，您通过“书记县长信箱”（人民网地方领导留言板）提交的来信收悉，我们已经进行了认真调查处理，现将有关情况回复如下：     抓如村现有居民户122户425人，其中普米族63户196人，是红桥乡普米族聚居人数最多的村落之一。而大村和八家村两个村聚居的普米族人户加起来只有60户左右。故您所说的“抓如并不是普米的主要聚居地”的说法不属实。 您所谓的在抓如村实施的“普米小镇”这一项目不存在。目前，红桥乡境内没有一个名称为“普米小镇”的项目在规划或在建设。抓如村实施的是三峡集团帮扶的“普米族特色村寨建设项目”。而三峡集团帮扶的项目也已覆盖大村和八家村（通村道路硬化项目、人畜饮水项目），故不存在项目只覆盖抓如不覆盖大村和八家村的情况。 就目前抓如村实施的“普米族特色村寨建设项目”而言，该项目是由三峡集团帮扶进行基础设施建设，然后由政府招商引资进行“番人古寨”旅游项目建设。抓如村位于宁泸二级路旁，是泸沽湖旅游线必经之地，且该村目前外出从事旅游导游行业的人员超过30多人，有一定的地缘优势和产业优势，可以通过打造旅游村寨发展旅游业。而您所说的八家村和大村普米人口相对较少，且远离公路主干道，不适宜打造旅游特色村寨。 感谢您对我乡工作的理解支持！ 祝您身体健康、生活愉快！,回复时间：2018-12-21 15:58
尊敬的领导您好!,已办理,三农 求助,W***,2018-09-1809:55,感谢政府对百姓的帮助，我父母是高龄农民常年居住在高海拔地区放牧，用于家里牲口多，有毛牛、黄牛有本地毛羊、环境恶劣所以家庭非常困难、我不能外出务工，在家做农活，一年劳动只能供应牲口所以2014年被选为贫困户、到今年有产业补贴一万元就脱贫，但我们申请了农行产业贷款五万元，但农行规定凡是六十四周岁以上的不能贷款，我们的要求是能不能贷给子女，我真的非常需要这笔贷款，谢谢领导!,中国农业银行宁蒗县支行,邱志华同志：您好！ 您通过人民网《地方领导留言板》给宁蒗县委书记的留言收悉，宁蒗县人民政府高度重视，责成中国农业银行股份有限公司宁蒗县支行办理，现将有关情况回复如下：   针对您反映的问题，我行及时、认真细致地开展了相关调查了解工作。2018年9月17日，我行工作人员就建档立卡户产业扶贫工作，如何给予信贷支持实地到您父母居住地进行入户调查。调查中发现，您父亲（户主）年龄已达72周岁。不符合《中国农业银行农户小额贷款管理办法》关于“年龄在18周岁（含）以上，且申请借款时年龄和借款期限之和最长不超过65年（含）”的规定。您与您父母已分家，已经不是同一个家庭的成员，再加之您不是建档立卡贫困户，所以不符合申请本次对建档立卡户开展的产业扶贫贷款。接到您的留言后，我行于2018年9月19日与县扶贫办本着以帮助解决您父母家庭目前产业发展的资金需求为出发点，双方进行了沟通协调，并根据，您与您父母已经不是同一个家庭，以及您母亲年龄也达66岁的实际，同意按您父亲家庭的真实意愿，受理由其他家庭成员即由您兄长向我行提出贷款申请，并视他们家庭的资金需求和进一步核实他们的征信情况等来确定是否予以贷款。我行工作人员会及时与您及您兄长他们联系相关事宜，也请您及他们给予积极配合。感谢您对我行的关注，祝您父亲他们早日脱贫，过上幸福的日子，祝您身体健康、生活愉快！。,回复时间：2018-12-24 10:31
父亲脑梗塞，儿子尿毒症,已办理,医疗 求助,曲***,2018-09-0618:48,你好书记，望你能用宝贵的时间看完我的留言，我家现住在丽江市宁蒗县红桥乡庄房村委员会白岩子一村，于2001年父亲不幸患脑梗，变成残废，一直靠药维持生命，更不幸的我又在2014年查出来尿毒症，一个星期靠三次透析维持生活，家里只靠母亲一人，母亲又不懂汉语，不能打工，靠种家里几亩地，由于家里没有什么经济来源，我一直坚持靠上班维持生命，后来实在没有办法去去当地民政部门申请困难，没有给过什么，就连给了一个贫困户，还说修房子才给钱，本来人都快要死了，哪有什么钱去修房子，每次去民政部门，向县政府请求，都不给一个回答，理都不理人，难道上面政策那么好，下面就这么难请求吗？到县政府叫我们去红桥乡政府，到红桥叫我们去县政府，一直这样脱我们家，难道能活下去一点希望没有了吗，为什么这样，望宁蒗县委书记能帮帮我们这个家，我才24，不想死啊，,宁蒗彝族自治县红桥乡人民政府,邱摸卓恰同志：您好！ 您通过人民网《地方领导留言板》给宁蒗县委书记的留言收悉，宁蒗县红桥乡高度重视，现将有关情况回复如下：  经调查，您户2013年12月纳入贫困户以来，庄房村委会驻村工作队和我乡党委政府曾多次入户动员您父亲邱子古修建安居房，但因家庭成员重病无力建房，根据最新的扶贫政策（六万扶贫款中，四万用于修建安全住房，一万用于改畜改圈，一万用于产业发展），您户既未修建安居房又未发展产业，不符合扶贫款兑付条件。您父亲邱子古户向我乡民政办申请困难后，我乡已提供了临时医疗救助。2018年6月，依据扶贫部门审定的因病、因残等原因完全或部分丧失劳动能力、“无业可扶、无力脱贫”的五个一批中由社会兜底脱贫的建档立卡贫困户家庭成员全部纳入农村低保进行兜底保障的规定，您户家庭成员已全部纳入低保。 根据您户家庭困难的实际，我们会予以关注，会根据相关政策给予帮助。感谢您对我乡工作的理解支持！ ,回复时间：2018-12-24 10:33
申请一个存取款机,已办理,金融 求助,跑***,2018-07-1310:22,跑马坪乡多年来没有一个银行，给人民生活带来诸多不便，望有一个银行或者有个存取款机。,宁蒗县金融办,刘永胜同志：    您好！您通过“书记县长信箱”（人民网地方领导留言板）提交的来信收悉，宁蒗县委、县人民政府高度重视，及时转交宁蒗县政府金融办、县人民银行和宁蒗县各金融企业认真调查处理，现将有关情况回复如下：    你提出的“跑马坪乡多年没有一个银行，望有一个存钱款机”的建议非常客观、实际，截止目前，我县15个乡（镇）中，包括跑马坪乡在内还有10个乡镇没有固定金融网点，严重制约了老百姓参与金融活动和享受金融服务，也严重阻碍了地方经济社会的发展，全县“两会”人民代表和政协委员多次提到恢复乡镇金融机构网点建设，恢复乡镇金融机构网点一直以来都成为地方党委政府的强烈要求和广大人民群众的期盼，也是各金融机构一直努力的方向。近几年来，地方各级党委政府、金融办、人民银行及银行监管部门高度重视贫困乡镇金融服务网点缺失矛盾，积极引导全县金融机构着力发展普惠金融，采取固定网点恢复、流动服务站、自助银行设立、ATM自助设备、现代化支付服务站点建设相结合，分层逐级完善农村金融服务体系。到2018年6月全县已建成15个固定网点、24个乡镇自助银行、10个乡镇流动服务网点、布放73台自助存取设备，服务范围基本覆盖县域城区、近郊以及经济条件相对较好、人口相对集中的部分乡镇。但由于固定网点恢复、流动服务站、自助银行设立、ATM自助设备建设投入、维护、运营成本大、风险管理难度大，目前金融机构在经济总量小、人口分散、产业基础弱、交通条件落后的贫困乡镇恢复建设固定网点、流动服务站、自助银行设立、ATM自助设备建设需要各方面的大力支持。目前全县只有11个偏远贫困行政村没有惠农支付服务点。下一步将作为重点任务突破，实现所有行政村全覆盖，通过现代化支付功能支持配套，延伸服务网络，让农户享受到“足不出村”的基础金融服务。你所提的问题将会得到解决。    感谢你一直以来对金融事业的关注、理解和支持，也希望全县广大群众一如既往支持金融事业，为全县金融发展提出积极的意见和建议。,回复时间：2018-12-25 08:45
申请一存钱款机,已办理,金融 建言,跑***,2018-07-1307:56,跑马坪乡多年没有一个银行，望有一个存钱款机,县财政局金融办,   您好！你通过：“书记县长信箱”（人民网地方领导留言板）提交的来信收悉，宁蒗县委、县人民政府高度重视，及时转交宁蒗县政府金融办、县人民银行和宁蒗县各商业银行认真调查处理，现将有关情况答复如下：金融是现代经济的核心，是国民经济发展的引擎，是国家重器。经济发展离不开金融服务和支持，而金融业稳定可持续发展需要一个良好的经济社会条件支撑。受农村社会经济环境直接影响，过去乡镇金融机构网点普遍存在业务萎缩、工作人员不稳定、内控管理难、案件高发频发、经营亏损的问题。随着我国金融业不断发展，银行业务发展、法人治理、风险控制要求越来越高，市场化经营的规范程度越来越高。上世纪末以来，金融机构相继撤并了一些乡镇网点，导致目前包括宁蒗先在内一些深度贫困地区的偏远乡镇存在服务网点缺失的矛盾。近几年来，地方各级党委政府、金融办、人民银行及银行监管部门高度重视贫困乡镇金融服务网点缺失矛盾，积极引导全县金融机构着力发展普惠金融，采取固定网点恢复、流动服务站、自助银行设立、ATM自助设备、现代化支付服务站点建设相结合，分层逐级完善农村金融服务体系。到2018年6月全县已建成15个固定网点、24个自助银行、10个乡镇流动服务网点、布放73台自助存取设备，服务范围基本覆盖县域城区、近郊以及经济条件相对较好、人口相对集中的部分乡镇。但由于固定网点恢复、流动服务站、自助银行设立、ATM自助设备建设投入、维护、运营成本大、风险管理难度大，目前金融机构在经济总量小、人口分散、产业基础弱、交通条件落后的贫困乡镇恢复建设固定网点、流动服务站、自助银行设立、ATM自助设备建设需要各方面的大力支持。为缓减乡镇农民存取款难的矛盾， 2010年由人民银行牵头，在宁蒗率先开展了全省首个“惠农支付”试点，并取得了很好成效。到目前全县已建成15个固定网点、24个自助银行、10个乡镇流动服务网点，8个普惠金融服务站，162个惠农支付服务点（其中，跑马坪乡目前已建成11个惠农支付服务点），惠农支付服务已形成农村地区金融服务的一大品牌，惠农支付服务点覆盖率达到87.91%。普惠金融服务站的建立，进一步拓展了惠农资金补贴、农产品收购、商品订购、银行卡结算、农户贷款需求信息登记、金融知识普及等“一站式”综合服务功能，有效改善了贫困农村金融服务，大大降低了贫困群众办理基本金融服务的成本。目前全县只有11个偏远贫困行政村没有惠农支付服务点。下一步将作为重点任务突破，实现所有行政村全覆盖，通过现代化支付功能支持配套，延伸服务网络，让农户享受到“足不出村”的基础金融服务。感谢全县广大群众一直以来对金融事业的关注、理解和支持，也希望全县广大群众一如既往支持金融事业，为全县金融发展提出积极的意见和建议。,回复时间：2018-10-15 10:32
村官不作为，占我林权，修路不赔偿,已办理,政务 求助,噬***,2018-07-0918:19,"尊敬的领导你好:      我叫陈贵强， 云南省丽江市宁浪县西布河乡麦地河村委员会龙洞坪村小组人，我有三个诉求向你反映,希望得到你的帮助。诉求一：还我林权。我于1994年响应政府号召，在本村的风吹垭口到大石堡的荒山造林300多亩，当时乡政府承诺我，造林验收后会给予响应的经济补贴，于是我自筹资金发动村民造林380亩（只是造林后当时政府人员过来初步测量给出的造林面积），在造林时我组织村民参与，并承诺向他们支付工钱，后来政府工作人员并未给我造林补助，政府说林权谁造谁有，该林权属于我陈贵强的。当时政府的不诚信，使我拖欠村民工钱，债务缠身，让原本就贫困的家庭雪上加霜。那几年天天都有人向我讨债，虽然我过得非常的艰难，但是为了对得起村民，家里的财物基本都拿了抵债。2004年为了供两个孩子上学并还清债务，我带着媳妇背井离乡奔赴河北、天津、浙江、山东、等地打工，在最艰难的时候我变卖了祖宅，直到2009年，孩子们终于都大学毕业了，我才回来。我回来时，当我回乡时才发现，我已经一无所有。我的林权已经被村领导登记为集体所有。为了林权证，我多次到乡、县里找相关部门领导反映情况，最后领导将集体林权证交给我，说林权证无法更名了。可是我拿着集体的林权证干嘛，我知道是在忽悠我。山林是我造的，为此我落到一无所有的地步，我只希望林权证上是我的名字。我知道我拿林权证发不了财，但是荒山上的树是我种的，我希望树木得到保护，所有权应当属于我所有。诉求二：赔偿我的占用土地。2002年的时候，为了将车路修进村里，而修路需要占用部分村民的土地，于是我拿出自己的土地与村民置换，我以自己花钱给几户村民接自来水来作为条件请了几个村民帮我一起修通车路。这几年党的政策好了，水泥路村村通了，而修路被占用的土地国家都是按标准赔偿的。而如今修建的进村的公路是在我原来修的路基础上修建的，这当中的土地是我用自己的土地置换来的，而我未得到一分钱的补偿。路是国家修的，我很感激国家为村民修了路，但是如果没有占用土地的补偿，我也不会有怨言。但是，对此项目，国家划拨了资金，但是没有补偿到我，我有意见。路是谁修的?和地方领导是什么关系？工程质量怎么样？我就不多说，村民都看在眼里，修路让一部分人富裕起来了，但是该补偿给我的不补偿，我觉得我必须要讨要说法。",宁蒗县西布河乡,网民同志：您好！您通过人民网地方领导留言板给宁蒗县委书记的留言收悉，宁蒗县西布河乡高度重视，现将有关情况回复如下：网民同志：您好！  您通过人民网《地方领导留言板》给宁蒗县委书记的留言收悉，宁蒗县西布河乡高度重视，现将有关情况回复如下：你反映还你林权和赔偿土地征用费的信访事项，我们已于2018年7月15日正式受理，并按《信访条例》的规定认真进行调查，现对你所反映的问题答复如下：一、信访人反映的问题和诉求：1、要求把龙洞坪村从风吹垭口至大石堡的集体林权证改到你私人名下；2、龙洞坪村组至麦地河村委会的1公里土路，按土地征用为道路建设补偿标准赔偿其土地征用款；二、调查情况：经调查核实，1、吹风垭口至大石堡林地为集体所有，1994年上级林业门鼓励有能力的个人造林并按一定标准给予个人经济补偿，经调查核实当时已经给予经济补偿，2009年信访人因上诉原因要求将集体林权划成自己私人所有，村民集体反对。2、龙洞坪村组至麦地河村委会的1公里土路，陈贵强称自己于2002年用自己的土地置换，由于该村原先就有通村土路，按我县农村土地道路硬化政策，无土地征用补偿标准。三、处理情况：1、吹风垭口至大石堡林地为集体所有，不能将集体林权划成你私人所有，现驳回其不合理诉求。2、龙洞坪村组至麦地河村委会的1公里土路，由于该村原先就有通村土路，按我县农村土地道路硬化政策，无土地征用补偿标准。如不服处理意见，信访人可自收到本处理意见书之日起30日内向宁蒗县政府书面提出复查申请，逾期不得申请复查，本处理意见书即为信访事项的终结性意见。感谢您对我（省、州、市、县） 工作的支持与理解，祝您身体健康、生活愉快！感谢您对我（省、州、市、县）   工作的支持与理解，祝您身体健康、生活愉快！,回复时间：2018-08-14 01:17
扶贫名额分配不合理,已办理,政务 投诉,a***,2018-07-0810:02,"尊敬的杨书记：    我是宁蒗县蝉战河乡干河子村委会农场一组村民李x，身份证号码53322419870701xxxx,电话号码1510887xxxx。我要向您反映一个问题：我们村建档立卡贫困户名额分配不合理、识别不精准。具体情况如下：    1、家里面有机动车的享受建档立卡户政策。    2、贫困户识别过程中村干部优亲厚友，只要是村干部的亲戚均享受了贫困户政策。    3、家里面有重楼等规模化种植产业的也享受了建档立卡户政策。    4、退休干部或者退休干部的子女也享受了建档立卡户政策。    5、现任村委会副书记、副主任的村干部均享受了随迁户政策，正在修楼房。    以上种种均因村干部在建档立卡户识别过程中优亲厚友、徇私舞弊，甚至动用家庭势力。因此，我们村该享受建档立卡户的没有享受到建档立卡户政策，不符合建档立卡户贫困户政策识别标准的却享受了建档立卡贫困户政策。    我家上有体弱多病的父母常年住院看病吃药，下有两个娃娃需要照顾，住在摇摇欲坠的危房中，家庭困难，入不敷出，但是因为村干部中有与我家有矛盾的，所以在建档立卡户识别过程中极力打压，不给我家纳入贫困户。    万般无奈之下，只能以此方式向领导反映，希望杨书记明察秋毫，还我一个公道，还我们村的政治一片清明。",宁蒗县蝉战河乡,网民同志：您好！您通过人民网地方领导留言板给宁蒗县委书记的留言收悉，宁蒗县蝉战河乡高度重视，现将有关情况回复如下：网民同志：您好！  您通过人民网《地方领导留言板》给宁蒗县委书记的留言收悉，宁蒗县蝉战河乡高度重视，现将有关情况回复如下：一、反映的主要问题和诉求    拥有车辆享受建档立卡户政策的情况;贫困户识别过程中村干部优亲厚友，只要是村干部的亲戚均享受了贫困户政策情况;家里边有重楼等规模化种植产业的也享受了建档立卡户政策情况;退休干部或者退休干部的子女享受建档立卡户政策情况;现任村委会副书记、副主任的村干部均享受了随迁户政策，正在修楼房情况。二、调查情况针对你所反映的问题，我们进行了认真细致的调查，关于你所反映的贫困户名额分配不合理、识别不精准的问题做如下说明：1、拥有车辆享受建档立卡户政策情况。小火山村民小组居民肖永忠于2014年被纳入建档立卡贫困户，于2015年脱贫，2016年初购买了五菱红光S型自用车，价格5万元，符合扶贫相关政策，没有错评；地坡觉二组居民阿西以哈于2014年被纳入建档立卡贫困户，于2016年脱贫，2017年5月份贷款购买了宝骏730，价格六万元，符合扶贫相关政策，没有错评。2、贫困户识别过程中村干部优亲厚友，只要是村干部的亲戚均享受了贫困户政策情况。    严格按照相关文件要求开展精准识别工作，不存在村干部优亲厚友而享受贫困户政策情况。干海子村委会主任肖龙斌父亲（阿西以干户）与村监督委员会主任肖文明父亲（阿西日都户）均为2014被识别纳入的建档立卡贫困户，其二人为2016年6月份换届选举中才任职。现阿西以干户与阿西日都户已做正常脱贫处理。3、家里边有重楼等规模化种植产业的也享受了建档立卡户政策情况。     干海子各村小组常住农户均种植0.5亩及以上规模重楼，再加之各级党委政府的大力支持和扶贫政策的惠及，现干海子种植重楼面积呈逐年递增趋势，没有存在大规模种植重楼户纳入建档立卡贫困当中。4、退休干部或者退休干部的子女享受建档立卡户政策情况。农场一组肖以干户三个子女（1人高中、2人初中）均在上学，其父亲为村公所退休职工，与肖以干分户且没有共同生活。肖以干发生意外交通事故致残，花费巨大医疗费，导致家庭及其困难，并住房条件为D级危房户，符合动态管理新识别纳入建档立卡户条件。5、现任村委会副书记、副主任的村干部均享受了随迁户政策，正在修楼房情况。因当时省、市、县相关文件没有明文规定现任村“三委”干部家庭成员不能享受随迁户相关政策，且部分“三委”成员家庭属于D级危房、无房户等情况，故部分村干部子女享受随迁户政策。三、处理意见综上，我们认为你所反映的关于贫困户名额分配不合理、识别不精准的信访问题，由于不符合扶贫政策的规定，并且所反应的问题情况不属实，诉求不合理，故对你所提出的要求不予支持。如不服本处理意见，你可自收到本处理意见书之日起30日内向蝉战河乡政府或县信访局书面提出复查申请，逾期不申请复查，本处理意见书即为该信访事项的终结性意见。感谢您对我（省、州、市、县） 工作的支持与理解，祝您身体健康、生活愉快！感谢您对我（省、州、市、县）   工作的支持与理解，祝您身体健康、生活愉快！,回复时间：2018-09-07 01:18
扶贫名额分配不合理,已办理,政务 投诉,a***,2018-07-0317:00,尊敬的杨书记：    我是宁蒗县蝉战河乡干河子村委会农场一组村民李x。我要向您反映一个问题：我们村建档立卡贫困户名额分配不合理、识别不精准。具体情况如下：    1、家里面有机动车的享受建档立卡户政策。    2、贫困户识别过程中村干部优亲厚友，只要是村干部的亲戚均享受了贫困户政策。    3、家里面有重楼等规模化种植产业的也享受了建档立卡户政策。    4、退休干部或者退休干部的子女也享受了建档立卡户政策。    5、现任村委会副书记、副主任的村干部均享受了随迁户政策，正在修楼房。    以上种种均因村干部在建档立卡户识别过程中优亲厚友、徇私舞弊，甚至动用家庭势力。因此，我们村该享受建档立卡户的没有享受到建档立卡户政策，不符合建档立卡户贫困户政策识别标准的却享受了建档立卡贫困户政策。    我家上有体弱多病的父母常年住院看病吃药，下有两个娃娃需要照顾，住在摇摇欲坠的危房中，家庭困难，入不敷出，但是因为村干部中有与我家有矛盾的，所以在建档立卡户识别过程中极力打压，不给我家纳入贫困户。    万般无奈之下，只能以此方式向领导反映，希望杨书记明察秋毫，还我一个公道，还我们村的政治一片清明。,宁蒗县蝉战河乡,网民同志：您好！您通过人民网地方领导留言板给宁蒗县委书记的留言收悉，宁蒗县蝉战河乡高度重视，现将有关情况回复如下：网民同志：您好！  您通过人民网《地方领导留言板》给宁蒗县委书记的留言收悉，宁蒗县蝉战河乡高度重视，现将有关情况回复如下：一、反映的主要问题和诉求    拥有车辆享受建档立卡户政策的情况;贫困户识别过程中村干部优亲厚友，只要是村干部的亲戚均享受了贫困户政策情况;家里边有重楼等规模化种植产业的也享受了建档立卡户政策情况;退休干部或者退休干部的子女享受建档立卡户政策情况;现任村委会副书记、副主任的村干部均享受了随迁户政策，正在修楼房情况。二、调查情况针对你所反映的问题，我们进行了认真细致的调查，关于你所反映的贫困户名额分配不合理、识别不精准的问题做如下说明：1、拥有车辆享受建档立卡户政策情况。小火山村民小组居民肖永忠于2014年被纳入建档立卡贫困户，于2015年脱贫，2016年初购买了五菱红光S型自用车，价格5万元，符合扶贫相关政策，没有错评；地坡觉二组居民阿西以哈于2014年被纳入建档立卡贫困户，于2016年脱贫，2017年5月份贷款购买了宝骏730，价格六万元，符合扶贫相关政策，没有错评。2、贫困户识别过程中村干部优亲厚友，只要是村干部的亲戚均享受了贫困户政策情况。    严格按照相关文件要求开展精准识别工作，不存在村干部优亲厚友而享受贫困户政策情况。干海子村委会主任肖龙斌父亲（阿西以干户）与村监督委员会主任肖文明父亲（阿西日都户）均为2014被识别纳入的建档立卡贫困户，其二人为2016年6月份换届选举中才任职。现阿西以干户与阿西日都户已做正常脱贫处理。3、家里边有重楼等规模化种植产业的也享受了建档立卡户政策情况。     干海子各村小组常住农户均种植0.5亩及以上规模重楼，再加之各级党委政府的大力支持和扶贫政策的惠及，现干海子种植重楼面积呈逐年递增趋势，没有存在大规模种植重楼户纳入建档立卡贫困当中。4、退休干部或者退休干部的子女享受建档立卡户政策情况。农场一组肖以干户三个子女（1人高中、2人初中）均在上学，其父亲为村公所退休职工，与肖以干分户且没有共同生活。肖以干发生意外交通事故致残，花费巨大医疗费，导致家庭及其困难，并住房条件为D级危房户，符合动态管理新识别纳入建档立卡户条件。5、现任村委会副书记、副主任的村干部均享受了随迁户政策，正在修楼房情况。因当时省、市、县相关文件没有明文规定现任村“三委”干部家庭成员不能享受随迁户相关政策，且部分“三委”成员家庭属于D级危房、无房户等情况，故部分村干部子女享受随迁户政策。三、处理意见综上，我们认为你所反映的关于贫困户名额分配不合理、识别不精准的信访问题，由于不符合扶贫政策的规定，并且所反应的问题情况不属实，诉求不合理，故对你所提出的要求不予支持。如不服本处理意见，你可自收到本处理意见书之日起30日内向蝉战河乡政府或县信访局书面提出复查申请，逾期不申请复查，本处理意见书即为该信访事项的终结性意见。感谢您对我（省、州、市、县） 工作的支持与理解，祝您身体健康、生活愉快！感谢您对我（省、州、市、县）   工作的支持与理解，祝您身体健康、生活愉快！,回复时间：2018-09-07 01:18
扶贫名额分配不合理,已办理,政务 投诉,a***,2018-07-0214:21,尊敬的杨书记：    我是宁蒗县蝉战河乡干河子村委会农场一组村民。我要向您反映一个问题：我们村建档立卡贫困户名额分配不合理、识别不精准。具体情况如下：    1、家里面有机动车的享受建档立卡户政策。    2、贫困户识别过程中村干部优亲厚友，只要是村干部的亲戚均享受了贫困户政策。    3、家里面有重楼等规模化种植产业的也享受了建档立卡户政策。    4、退休干部或者退休干部的子女也享受了建档立卡户政策。    5、现任村委会副书记、副主任的村干部均享受了随迁户政策，正在修楼房。    以上种种均因村干部在建档立卡户识别过程中优亲厚友、徇私舞弊，甚至动用家庭势力。因此，我们村该享受建档立卡户的没有享受到建档立卡户政策，不符合建档立卡户贫困户政策识别标准的却享受了建档立卡贫困户政策。    我家上有体弱多病的父母常年住院看病吃药，下有两个娃娃需要照顾，住在摇摇欲坠的危房中，家庭困难，入不敷出，但是因为村干部中有与我家有矛盾的，所以在建档立卡户识别过程中极力打压，不给我家纳入贫困户。    万般无奈之下，只能以此方式向领导反映，希望杨书记明察秋毫，还我一个公道，还我们村的政治一片清明。,宁蒗彝族自治县蝉战河乡人民政府,李成同志：您好！ 您通过人民网《地方领导留言板》给宁蒗县委书记的留言收悉，宁蒗县蝉战河乡高度重视，现将有关情况回复如下： 针对你所反映的问题，我们进行了认真细致的调查。  1.拥有车辆享受建档立卡户政策情况。 小火山村民小组居民肖永忠于2014年被纳入建档立卡贫困户，于2015年脱贫，2016年初购买了五菱红光S型自用车，价格5万元，符合扶贫相关政策，没有错评；地坡觉二组居民阿西以哈于2014年被纳入建档立卡贫困户，于2016年脱贫，2017年5月份贷款购买了宝骏730，价格六万元，符合扶贫相关政策，没有错评。 2.贫困户识别过程中村干部优亲厚友，只要是村干部的亲戚均享受了贫困户政策情况。 严格按照相关文件要求开展精准识别工作，不存在村干部优亲厚友而享受贫困户政策情况。干海子村委会主任肖龙斌父亲（阿西以干户）与村监督委员会主任肖文明父亲（阿西日都户）均为2014被识别纳入的建档立卡贫困户，其二人为2016年6月份换届选举中才任职。现阿西以干户与阿西日都户已做正常脱贫处理。家里边有重楼等规模化种植产业的也享受了建档立卡户政策情况。 干海子各村小组常住农户均种植0.5亩及以上规模重楼，再加之各级党委政府的大力支持和扶贫政策的惠及，现干海子种植重楼面积呈逐年递增趋势，没有存在大规模种植重楼户纳入建档立卡贫困当中。 3.退休干部或者退休干部的子女享受建档立卡户政策情况。 农场一组肖以干户三个子女均在上学，其父亲为村公所退休职工，与肖以干分户且没有共同生活。肖以干发生意外交通事故致残，花费巨大医疗费，导致家庭及其困难，并住房条件为D级危房户，符合动态管理新识别纳入建档立卡户条件。 4.现任村委会副书记、副主任的村干部均享受了随迁户政策，正在修楼房情况。 因当时省、市、县相关文件没有明文规定现任村“三委”干部家庭成员不能享受随迁户相关政策，且部分“三委”成员家庭属于D级危房、无房户等情况，故部分村干部子女享受随迁户政策。  感谢您的来信，祝您身体健康、生活愉快！,回复时间：2018-12-24 10:47
红桥环卫,待回复,环保 投诉,咪***,2017-09-2115:53,垃圾车开到街上，垃圾多了抬不动，让开拖拉机的帮忙抬一下，直接不帮忙，环卫还天天把垃圾倒在我们做生意的垃圾桶里，让他帮忙抬一下还不帮忙，吼来吼去的,,,
 扶贫分配 ,待回复,其他 求助,匿***,2017-05-0822:06,您好杨书记，我是战河乡木耳坪一组的沙云华，听说你们这个扶贫建房是给那些负担重，困难，有两个及以上孩子在上学的家庭，可是我有两个弟弟在读大学，家里很困难，希望扶贫建房您能给我家一个，谢谢，希望得到您的回复 ,,,
感谢信,已办理,其他 感谢,匿***,2017-04-2912:21,尊敬的杨书记您好:我是烂泥箐乡大二地村村民，我叫沈尾史，是个肢体残疾人，在2O17年4月25曰晚22:19时，我在您的留言板上留了我没分到维修房费和扶贫建房的留言。第二天（17:00）我乡政府领导派人到我村和我家进行调查情况和处理我留言的问题。他们快，公平，公正，解决了我的问题。让我感受到无助孩子回到父母怀里的感觉。杨书记谢谢！非常，非常感谢！在此也感谢我乡政府领导和我村委会的领导。还有我省市政府的领导谢谢。以上的各位领导我对你们的感激。我只能在此说声谢谢你们，谢谢!,烂泥箐乡人民政府,沈尾史网友：     您好！感谢您对我们工作的理解和支持，祝您生活愉快！,回复时间：2019-05-13 15:25
残疾人求助,待回复,其他 求助,匿***,2017-04-2614:03,尊敬的杨书记您好:我是烂泥箐乡大二地村民小组的村民，我叫沈尾史，残疾证号是5332241976O51OO61144肢体残疾（腰椎一，二节骨折）因为这样不能做重体力活，长年在外做轻的手工活争钱为生。现家有两儿在校生，所以家庭困难。国家和政府给的维修房一户1万元，我家没得，贫困扶贫建房我也没得。这为什么？是因为这些到了村民小组组长手里变成了关系户建房。所以我希望政府调查组能清除这些社会蛀虫，清除他们这种关系户。 还我公道为谢！,,,
我希望杨书记能帮忙，谢谢您了。,待回复,其他 求助,匿***,2017-04-1213:42,尊敬的杨书记你好：我是拉伯乡托甸村委会李家湾小组的扎史达家，去年3月份报了异地搬迁跨乡自行安置建档立卡贫困户今年还没有通知，我想问问今年还可以修房子吗？我们村委会主任说16年修不好可以17年修这样可以吗？但是我的房子是去年就已经动工了从来就没有什么工作组来看过，在我后面修的都已经享受国家补助了，我的还没有呢？,,,
贫困山区求助,待回复,治安 咨询,匿***,2017-03-3117:48,尊敬的杨书记你好，我代表宁蒗县战河乡清水河村委会关丫口三组的村民代表，特此向你申请咱们村贫困落后程度！今年咋们县实施脱贫坚攻的项目，应按经济、交通、贫困等条件来实行的话，咱们村是应该优先享受易地搬迁扶贫对象的，可我们多次向村委会，战河乡，还有咋们县政府……等多个有关部门反应过此情况！然而到现在都没给予咋们村答复！不知是怎么回事！你们上面给下来的扶贫项目咱们村都还未得到过，因咱们清水河村委会的班子很腐败！很多扶贫项目都走后门！都给他们自己亲属或者给那些交通条件好，住公路边的村民们。况且村委会领导班子还要针对咱们村，是因为选举的时候没选他，只所以现在有什么扶贫都不给我们村！现在我们村或许是宁蒗县最贫困落后的村了！还没有通路，缺水，都是山区！希望杨书记能特此前来调研一下,,,
申请个易地搬迁扶贫名额,待回复,城建 求助,匿***,2017-03-3117:15,尊敬的杨书记你好！我是战河乡战河村委会村八组的村民！我们村住高寒山，交通道路不通！国家给了17个易地搬迁扶贫项目！可是因我自己患有甲亢病，这个村里我家是最贫困的户名！之前来这扶贫项目的时候也是村里第一个给我这个名额！可是村长和村委会领导吓唬我，他们说是交2万的备金和自己找个建房子的好地基才能享受此待遇！然后我是怕交不出押金，就把易地搬迁名额给退了！现在村里的都搬迁到交通好的地方去了，都住新房子了！可我家依旧很穷！又照顾俩个孩子上学，希望杨书记给个易地搬迁扶贫为谢！,,,
占用河道修房无人管,待回复,城建 建言,匿***,2017-03-1714:15,从蒗渠中学流经老干局老年人活动中心的河道，不知道叫什么河，没记错的话前几年暴雨过后受灾比较严重的就有蒗渠中学。现在那条河道在老干局老年人活动中心段已经看不见河道，河道上面都修了房子，有的已经建好，有的正在建，不知道有没有合法手续，也不知道该什么部门去管。这样在河道上面建房，一旦遇暴雨可能造成河道堵塞，严重影响附近居民的生命财产安全，建议责成有关部门核实是否有合法建房手续。          热心公民        2017年3月17日,,,
大兴镇高峰村民的自来水饮水工程,待回复,三农 求助,匿***,2017-02-0814:34,你好！杨书记。我是高峰的一位村民，我想反映一下的是我们村子里的每家每户家用饮水自来水的问题。高峰村全村接近200多户人家近上千人。历年来的吃水问题都是村民几家凑钱合伙山上挖个水井，然后把水引到自己来用，由于水质不好也没有好的过滤装置，水质得不到改善，长年累月喝水下来，村民得结石的人也多，就连烧水的茶壶嘴直接被碱敷住倒不出来水了。目前村子上也没有专门的储水池，都是自己管自己，致使每到春天农历二三月最干的时节，家里面就没有水喝，甚至出现了二三十年前挑水喝的情景，更不要说种庄稼了，只能靠天吃饭。政府部门能不能帮我们村子考虑解决一下引用自来水问题。统一饮一股水到村子里面，再修建一个储水池子，再加装一个过滤装置，然后把自来水饮到各家各户，帮我们解决一下这个大问题，我在这里谢谢您了。,,,
泸沽湖夜惊魂,待回复,旅游 投诉,匿***,2017-02-0312:18,春节期间，重庆雪狼自驾团一行10多辆车友老少20多人，经过两天20多小时的长途跋涉，于大年初三（1月30日晚）踏着晚霞来到了泸沽湖景区，入住大落水村娜姆家园旅店。     晚餐后入夜，也就是噩梦的开始。由于，进入景区至入住娜姆家园，沿途即无禁放烟花爆竹的宣传，入住旅店也无禁放烟花爆竹的警示（听说去年泸沽湖也放了烟花爆竹的）。两个小孩（一个是朋友家的小男孩，一个是我的女儿）兴高采烈的在祥和、宁静的泸沽湖边燃放起烟花爆竹，小男孩一高兴，还点燃了一小堆垃圾组成的火堆。     很快，一个大约四、五十岁左右的男子来到了现场，大声呵斥不准燃放烟花爆竹，并用随身所带的长棍打在了小男孩的腿上。见状，我从房间阳台出来，指责他打人不对。马上让小孩停止放烟花爆竹，并让朋友接水灭火。这时，从房屋的旁边又冲出两个人来，一个头顶上扎着小辫子的男人手拿木棒，并恶狠狠的说：“哪个在放烟花爆竹”？开始到的那一个人看见来了两个帮手，动手打了我并说：”就是他”。我表示已经在接水灭火了，并又进去继续接水灭火。    在我进去接水的时候，开始动手那个男的又动手打了小男孩。我出来后得知情况，去跟他们理论。那个带小辫子的男人恶狠狠的举起来木棒，准备敲打过来。我惊愕了，这就是我们熟知淳朴的XX族人？估计今天要死在泸沽湖了!我十岁的女儿见状朴过来抱着我，挡在我身前，撕心裂肺的哭喊着“别打我爸爸、别打我爸爸……”那哭声让人肝肠寸断。    由于，小女孩的哭声引来了无数围观的游客。也许是小女孩的哭声触动了小辫子良知，也许是围观游客的指指点点，加上同行的车友见状，赶快过来劝阻，并笑脸好言好烟的递上。小辫子男人终于放下了手中的木棒，并说：”如果是联防来了打死你们，把你们关起来，让你们走不出泸沽湖。“         这是真的吗？小孩放个烟花爆竹，要被联防打死在泸沽湖？     后来得知，这一行恶人乃当地的景区协管员 。在此，我也承认小孩放烟花爆竹不对。但我仍有有三不解：第一， 为什么泸沽湖景区、大落水村及娜姆家园都没有禁放烟花爆竹的宣传及标识。而且，泸沽湖景区内沿途也有人在燃放烟花爆竹。 第二，谁赋予协景区管员打人的权利，连小孩也不放过。第三，为什么景区协管员，在即不出示工作证也无任何执法标识的情况下，拿个木棒就可以执法管理。,,,
望领导们能来我家看看,待回复,三农 求助,匿***,2017-01-1907:53,领导们好！        我家以前住在山上（八大脚），那里路也不通，电也不通，去年才搬下来（玉鹿），山上的房子，土地全丢了，穷得连房子都修不起，土地也没有。搬下来了，政府搬家费也不给，村上有几户贫困户名额，全给那些有关系的人家，人家有房有车，还给贫困户，而我家什么都没有，一个低保斗没有。      在这里我，我希望领导们抽空来我家看看。谢谢,,,
为何取消我们大兴新村完小乡镇补贴？,待回复,教育 咨询,匿***,2016-12-0114:17,"敬爱的宁蒗县杨书记？我向你咨询一下情况！我们宁蒗县新村完小以前的500元生活补贴突然被取消，我们学校学生来源都是农村学生，素质较差，生源复杂，我们教学课时较多，我们学校一千多学生，但是教师上课人数才30多人，40人不到，教学任务重，因为学生素质差，所以比其他学校多加两节课，从七点就开始到十二点，从中午一点到四点四十，一天九节课，但是现在教育突然取消我们乡镇补贴500,我们实在不能接受，我们就是因为是乡镇学校，比县直属学校少很多教师，任务比县直属学校重很多，生源比较复杂，为何要取消我们的生活补贴？",,,
不能随意停车,待回复,交通 建言,匿***,2016-11-1317:12,建议宁蒗县政府部门，在宁利路口挂上一块（严禁在路口，路中央，站道，停放车辆）的牌子！！！！！很有必要！！,,,
2010年开挖我家地，无法生存 ,待回复,三农 求助,匿***,2016-10-1117:00,杨书记，你好，我是一名新营盘乡，药草坪委会，养山自然村，一位村民，2010年我家3亩地被宁蒗到永胜二级公路开挖，现在我家地里挖了种不了庄稼，我家才有几亩地，上有老的下有小的。去乡政府，推来推去就是七年，损失了三亩地，现在吃的都没法考虑， 感谢杨书记能够调查，谢谢！,,,
县委书记杨书记希望能够看到,待回复,城建 求助,匿***,2016-08-2708:38,尊敬的杨书记:我反映一个事我在宁蒗绿韵小区买了一套房说六年后房产证可以转怎么到现在都转不了呀因为买的是二手房,,,
贫困户借学生学费修房子，急需还钱让学生上学,待回复,其他 求助,匿***,2016-08-1917:12,我是建档立卡的贫困户，房子已基本完工。现己借了两万多元的学生学费、还欠了三万五千多元做工费、材料费、运输费等。有些学生20号就开学了，可我己身无分文。要是误人子弟怎么办呢？我像热锅上的蚂蚁不知所措、彻夜难眠。请求领导督促有关部门把扶贫款打到卡上帮我解急。,,,
宁蒗交警110不作为，与两学一做活动悖逆,待回复,交通 投诉,匿***,2016-07-2817:35,今日（7月28日）中午十二时起，在跑马坪镇发生了长时间堵车，竞一直无人管理。本人在15:40左右打122交警报警电话，接线员（女）态度恶劣，对反映的问题不及时给答复和处置意见，还粗暴挂断电话。本人再打入时，竞然被多次挂断，后来都是正忙的忙音。勤政为民，执政为民！群众的需要是我们工作努力的方向！这位交警的工作推捼和不主动作为的行风，与一个合格党员的标准及不相符。与平安宁蒗的建设也是相违背。        我是一名来自外省的游客，期待您的答复！,,,
彝水天成房子情况投诉,待回复,城建 投诉,匿***,2016-07-1812:04,杨书记，您好，彝水天成小区开建到现在已经4年多，合同上签订的是2014年12月30日交房，但都过去一年半了，房子还迟迟不能交付，老板不出面解决，买了房子的好多人还在外面租房住，小孩要读书，还得还贷款，面临很多的问题，希望你了解一下情况,,,
有关烂泥箐乡大二地村委会领导干部存在的问题,待回复,政务 投诉,匿***,2016-07-0208:53,一在2016年选举中存在拉帮结伙，家族式选举现象，没有做到公平，公正的原则。                                           二在村委会中存在有贪污腐败的问题。                          三对部分领导干部中有包养情妇的现象严重违反中国共产党的纪律。                                                             四对一些扶贫款和项目都没有落实到人民的手中，没有做到公开，公平，公正的原则。                              希望政府能够查明实事，对以上存在的问题进行一一的调查。,,,
西布河乡麦地河塘坝水库,待回复,其他 求助,匿***,2016-05-2414:33,尊敬的杨书记，你好，西布河乡麦地河村委会烟草公司投资修建的塘坝水库，现已无储水能力，未修建前还能满足灌溉问题，可修建后牛马饮水都有问题，而且麦地河村书记卢X文见水库漏水，以为水闸出问题，便命人运沙填埋水闸，现水闸已经无法使用，这种情况，不知有关部门能否介入调查处理？       最后希望我们县人民生活在杨书记的领导下越来越好！        西布河乡麦地河村村民,,,
关于外地务工人员办理身份证,待回复,其他 建言,匿***,2016-04-2616:42,今年年初在永宁坪乡派出所办理了身份证、但到现在还未拿到身份证、作为一个在外地务工的农民、深感不便。,,,
教育局,待回复,就业 咨询,匿***,2016-04-1114:57,您好，我想咨询一下教师资格认定时的普通话等级只能是二乙吗？省教育厅文件上说民族自治的地方，可以放宽限到三级甲等，请问三级甲等能认定吗？,,,
孩子打针，打针处留下大面积疤痕，谁之过???,待回复,医疗 求助,匿***,2016-04-0717:51,尊敬的县委杨书记:    您好!    我是一个普通的人民教师，耳闻您是一个好父母官，我想给你反映一点个人的事情。    我因个人问题结婚5年未生育，一直在昆明医学院第二附属医院做辅助生育4次（前三次未成功）。有幸在去年5月20日在宁蒗县人民医院诞下一对龙凤胎。孩子出生后因体重偏低当天就住进了县医院儿科，当晚儿科医生给孩子输液，并留下了疤痕，（女孩）现我已经带孩子在省城几家医院咨询，云大医院的医生确诊孩子创伤处必须尽早做植皮手术，在这期间另外一个孩子患先天性白内障，已做好了手术，从两个孩子出生至今先后住院十余次，所花费用30余万，我现已负债累累，无钱再给孩子做植皮手术，先后几次找县医院领导及当地卫生部门未果，无奈之余给您写此信，敬盼杨书记给予过问为谢!   ,,,
关于道路问题（拖欠农民工工资）以及宁利乡政府,待回复,交通 投诉,匿***,2016-01-1913:47,尊敬的人民书记：    你好！马上过春节了、很多拖欠的工资拿不到、这使我们农民工的生活成了一个问题、事情是这样子的，去年整乡推进进入宁利、由此次尔河修了一条水泥路，结果3、5公里的路没有一个错车道、至使村民很苦恼。    其二是听说本村错车道又是另外一个项目了、开春以后动工、但工程听宁利乡政府使工程表面化、三年前本村的一公里路就是至今没有返工也无法修补。    最后期侍你们的回复。                              宁利村委会次尔河全村村民,,,
为什么宁蒗林业局集资建房房产证还不能办？,待回复,城建 投诉,匿***,2016-01-0218:22,为什么林业局集资建房房费付了三年了，然而问马书记时候，他一直答复一个月后可以办理，可是到现在还这样说，为什么还不能办理？？,,,
公交收费贵路线需修改,待回复,交通 投诉,匿***,2015-12-2216:24,县长您好！我是大兴镇安乐社区的村民，我想反应上车一元公交车收费问题，路线问题。我们出门很不方便，老路没车跑，遇到一张上车一元乘哈到贝尔中学就收费5元，到街上就10元，这样收费太贵了吧？有点伤不起，不能接受。在外面5元，10元了公交车是没有了。我们年轻人到习惯了，要坐车就如菜板上的肉随司机剁，可年迈了父母就舍不得这5元10元钱坐车了，即使腿脚在不便都走路，可怜天下父母心啊，父母还不是想给我们节俭点，老了挣不来钱。我无数次想，为啥我家不住在大街上，城中心，这样就不会遇到这烦心事了，可又一想我家也不远啊，就乡村第一家，到大兴中学，现职业中学之间才是，可为啥车费这么贵？是人民币不值钱，还是路太远了？想买车啊，可电视上又说要节约能源，多乘公交车，心里很矛盾，你看宁蒗现在这交通，还能买车吗，停处都没有，如果公交车费便宜那谁还会想买车，耗能源呢？我希望您看到我们的苦恼能抽出您保贵了时间解决哈，1.我建议上车一元跑老路就民中到省小村就是环城路尽头为好，老路也需要上车一元，去学校，去银行，去邮局等，都方便。2.还有就是上车一元跑环城路能从民中到省小村，就是加油站为好，谢谢您的关注，这样我们出入方便，生活更美好，谢谢。3.上车1元能从民中一直跑老路到省小村加油站在接环城路跑到民中收费2元。,,,
安基工程,待回复,城建 咨询,匿***,2015-12-1811:22,我家是战河，松树河八组的，我想问一下，为什么永胜那边每年都有安基工程，而我们村里每几年只有那么几个，为什么人家村里都有敬老院，有厕所，有洗手间，为什么我们一无所得，是什么原因。,,,
泸沽湖女儿国，令人伤心的地方,待回复,旅游 投诉,匿***,2015-09-2516:30,我不知道泸沽湖作为一个闭塞美丽的地方，为什么会有这么多欺骗游客的事情发生。就在大落水的民俗博物馆，当地究竟是知道还是放任不管。他们以博物馆做噱头，实则是卖药，里面有药托，我们一行人在这里被强行限制自由，逼迫我们付款，最后是我们的朋友和一个阿姨的保护下强行离开，这种行为令人不齿，令人愤怒,,,
强买强卖，无法无天！严影响泸沽湖的外部形象！,待回复,旅游 投诉,匿***,2015-07-2116:45,您好！    今年6月30日，我小孩参加学校组织的泸沽湖旅游，在泸沽湖“下落水”村的“摩梭民俗博物馆”里被强迫购买中药材“石斛”，数目高达2000元。 当时，我小孩和另一个同学一起参观完博物馆后准备出来，在出来前给设在博物馆里的购物点的店员纠缠，在没弄清楚是什么回事、也没谈好单价和总价的情况下，购物点的店员就把药材“石斛”磨成粉末，称重说是2000元强迫我小孩购买。我小孩当时非常害怕，因为他们恐吓着不允许离开，不给钱就限制人身自由。我小孩身上只有几百块，给他们也不行，他们一定要拿到我小孩的钱包。他们拿了我小孩的钱包后发现钱包里有银行卡，就逼逼我小孩刷卡，我小孩害怕受到伤害被迫刷卡2000元，然后拿着那些“粉末”逃离了那间藏在博物馆里的黑店。请问，我们的遭遇能得到有关部门的解决吗？                                                                        广东工业大学国际教育学院的学生家长                                                                                        2015.7.21,,,
居民区乱设采石场问题,待回复,其他 咨询,匿***,2015-03-0609:31,  尊敬的书记，您好！  有村民反应，最近在珠西公路4公里处突然冒出个采石场，而此处山体原是片茂密的常绿阔叶林区，现下其大部分树林已被挖掘机铲平，并被埋藏进石场下的深土里。此外，该石场还深挖炮眼，投入大量炸药，炸山采石。有时，甚至在夜间引爆炸药，爆炸带来震波，连山对面的居民区都有明显震感，而据悉，离此石场不足二十米处的山脚便有人居住。所以我想问的是:此石场属于合法开采吗？是否有齐全的手续？相关单位是否做过评估认定此处可开采？炸山采石引起的山体松动坍塌，泥石流造成的一系列后果是否有法定承担人？对此种破坏环境、扰民主的行为，县委县政府持何种态度？谢谢。,,,
