三义机场喊客拉客,待回复,旅游 投诉,W***,2019-12-0208:20,在丽江三义机场，三义宾馆路口和三义映象酒店路口，每天上午出现多名喊客拉客的人员，推销到丽江各个旅游景点玩，拉市海茶马古道，观音峡，雪山，千古情等、从中获取利益、严重扰乱旅游市场持续和公平，望领导重视,,,
黄龙玉问题已解决，非常感谢胜兴商行,待回复,旅游 感谢,家***,2019-11-2508:33,尊敬的领导您好：         11月23日凌晨12点对胜兴商行投诉情况说明，首先我本人没有第一时间联系胜兴商行售后就直接在地方领导留言向领导求助退货。因为听了别人的片面之词感觉受骗心急，朋友又给建议下载地方留言在留言板投诉退货快，心急没有和商家售后沟通直接发帖留言，商家在第一时间知道我的诉求在没有收到货品的前提下就给予我退货退款，我没有想要投诉的意愿，在此向商家表示歉意造成了不必要的误会。经过这次退货事件让我体会到了胜兴商行的诚信，我非常满意！对于云南的旅游我后续也会支持经常到丽江这个美丽的地方，告知朋友可以放心游玩！,,,
丽江古城区胜兴商行购买黄龙玉感觉被骗，求退货,待回复,旅游 求助,家***,2019-11-2319:15,尊敬的领导您好！我是一名广西壮族自治区游客，在2019年11月6日参加的6日5晚云南游来到云南，一路感受到云南的文化历史之优美，风景如画，这是我在家乡未能感受到的。一路换了2个导游，但是导游也很热情。美中不足的是安排的三次购物行程，其中黄龙玉购物，导游说黄龙玉是云南特色、价格低于翡翠，被称为国玉。旅游购物也是为丽江人民贡献GDP。本人也响应政府拉动当地经济，就购买了一件黄龙玉手镯，时间比仓促，买完就急匆匆的进入其他行程。隔了两天返回广西后，有懂行的朋友看了，告知价格虚高很多，有被骗的嫌疑。购买单价为12000的手镯，成色一般也就1000多元的价钱。购物付款的POS签购单商户名称：古城区胜兴商行， 也没有提供国家要求的正规的购物发票。  商家地址也都没有任何体现，我个人在国家企业信息网上按照购物单位名称，才查找到具体的地址：束河街道茶马驿栈D3-5号。 种种迹象感觉购物被骗，让我对云南之行有些失望。 本想着后续有时间再去旅游体验云南的美景，现在想想还心有余悸。 还希望领导在百忙之中，帮忙协商处理退货事宜，谢谢！,,,
11月10号留言请领导帮助，协助退款已解决,已办理,旅游 感谢,放***,2019-11-1111:37,感谢领导的关心，今天钱已经收到，合壹商号工作人员积极联系我，热情服务，帮助我完成了退款退货，他们店的服务相当到位，真正实现了云南旅游购物的三十天无理由退换，也非常感谢旅游局的同志们，给我打电话做回访，事情已经解决了，麻烦各位了，希望云南越来越好,古城区书记区长信箱,网民同志：您好！      感谢您对我们工作的信任理解与肯定。祝身体健康、生活愉快！,回复时间：2019-11-15 01:24
古城区购买银饰杯子 已解决,待回复,旅游 感谢,z***,2019-11-1110:39,经与店铺售后部门协商，事情已圆满解决，现在货款已退，商品正在寄回中，感谢商行高效的售后，感谢政府监管给力。,,,
请领导帮忙，协助退款,待回复,旅游 求助,放***,2019-11-1108:50,你好，书记，前几天我去丽江度蜜月，11月3号在导游的带领下来到了丽江古城合壹商号，在各种游说下买了两只黄龙玉貔貅，共计4660元，回家之后发现有瑕疵，今天给商号售后打电话，告知公司出了点事，他们休假四五天，让我过段时间再打，我感觉他们是不想退货退款，之前买的时候说云南省承诺30天无理由退换货，请书记帮忙，协助一下尽快退货退款,,,
古城区购买银饰杯子 发现质量问题 要求退货,待回复,旅游 投诉,z***,2019-11-0818:05,尊敬的市委书记：我于2019年10月21日，在丽江古城区农家银饰 购买银杯子2个 ，25号回家后用开水浸泡了一晚上，第二天打开后 杯子底部有很多小黑点，现在与商家协商退货，商家拒绝退货，要求换店内其他商品，现在对于商家店内的商品存在于不放心，麻烦请领导帮忙，谢谢。,,,
古城区无证摊贩臭气熏天,待回复,环保 投诉,忠***,2019-11-0618:29,古城区南门飞马转盘颐养太和北门的新建工地门口有一个摊贩，每天中午12点和下午6点在此刻路段搭帐篷售卖快餐，苍蝇乱飞，卫生条件堪忧，垃圾乱倒，臭气熏天。严重影响周边居民生活，望有关部门处理,,,
 在丽江金茂凯悦酒店退钱事宜已经解决,已办理,旅游 感谢,游***,2019-10-2719:04,10月初在金茂凯悦酒店订房产生的矛盾已经解决了，非常感谢领导的协助帮忙。,古城区书记区长信箱,网民同志：您好！  感谢您对我们工作的信任理解与肯定。祝身体健康、生活愉快！,回复时间：2019-11-15 01:23
迪庆土特产销售药粉,已办理,旅游 投诉,云***,2019-10-2614:55,"2019年10月20日父母跟团旅游至香格里拉古城，被导游带至迪庆土特产店参观，参观期间销售人员得知父母有高血压糖尿病，藏医药销售宣称购买三七、石斛打粉服用可以不用再吃西药，能够治疗病症，被未告知销售价格实际是按照克数销售。老年人文化不高轻信谎言提出购买200元，谁知销售人员称了200克打粉过后才告知是按照克数销售，210克共计2000元，价格远超同类产品10多倍，希望退货退款。土特产销售店“藏医”是否具有相应资质制造、销售“药粉”“治病”
购买产品无商标、无产地、无合格证、无认证信息、无发票，是否为“三无”产品？
再次感谢领导百忙之中查看留言，香格里拉人名热情好客，当地政府也大力推广旅游，此次旅行让老人留下难忘的美好记忆，但是老人自觉被骗心痛不已，希望领导能帮忙解决，还普通老百姓一个公道，一个公平。
",古城区书记区长信箱,网民同志：您好！    您通过人民网《地方领导留言板》给古城区委书记的留言收悉，香格里拉古城不属于丽江市古城区辖区范围，请您向迪庆州香格里拉县相关部门反映，以便得到解决。    祝您身体健康、生活愉快！,回复时间：2019-11-15 01:24
丽江旅游住宿投诉,待回复,旅游 投诉,执***,2019-10-2308:56,"1/ 原住宿丽江如家酒店，想体验民宿，选择了丽江四月花语客栈。2/四月花语客栈电话沟通不让美团下单，并说网上显示有的房间没有，让我们入住另外一个院子(檀悦居)！3/檀悦居客栈，院落小，房间结构差，安全隐患多。4/小孩在房间玩耍，磕碰床沿，下巴缝三针。简单说1/四月花语通过自身营销做口碑，吸引我们下单，并转接我们到别的客栈抽取提成。2/檀悦居品质差，安全隐患多。1/小孩下巴缝三针，在出事过程中，旅店老板毫无作为，居住的檀悦居没有问过任何情况
2/在到医院后，四月花语有礼节性的微信询问，也没有事情处理性建议

个人很气愤！
1/女孩脸上缝三针，是个多严重的事情！！！床垫和床不匹配，这么明显的安全隐患，客栈方没有一点自省？如果撞到眼睛，太阳穴等位置，你让家长怎么办？
2/在民宿出事当做不知道，这是个什么作为？不问问是怎么撞伤的？ 是什么原因撞伤的？这是小事？真要有生死才是大事？


",,,
垃圾乱放，环境污染问题,待回复,环保 投诉,藏***,2019-10-1517:28,古城区香格里苑小区内，经常被陶姓女子，占用公共场合堆满垃圾，严重影响了社区环境，造成周围异味严重，对本人及周边邻居造成极大困扰。适逢建国70周年、丽江创文活动，停车场垃圾已于十一期间被环卫局工作人员强制收走，现此人不再将垃圾堆放至停车场，却改放至我家窗户后！因本人母亲患有冠心病，此女子常在半夜收垃圾，严重影响我们休息，常常一夜难眠！希望领导能高度重视，处罚并杜绝此人污染环境的做法！10月13日警察前来协调此事，此人态度异常嚣张，周围邻居苦不堪言！绿水青山，雪山草地，原本是美好的生活，却因为一颗老鼠屎坏了一锅粥！已经忍受了垃圾堆满 异味满天的日子三年了！恳请相关部门能彻底解决，还我们美丽的生活环境，为丽江创文建设扫清障碍！,,,
关于之前友创商行退货事宜已解决,已办理,旅游 感谢,c***,2019-10-1419:56,经与店铺售后部门协商，事情已圆满解决，现在货品已退！感谢商行高效的售后，感谢政府监管给力。,古城区书记区长信箱,网民同志：您好！  感谢您对我们工作的信任理解与肯定。祝身体健康、生活愉快！,回复时间：2019-10-18 01:24
古城买玉退货事宜已经完美解决，特此感谢政府,待回复,旅游 感谢,雅***,2019-10-1318:22,尊敬的领导：您好！     在此对您表示忠心的感谢，我昨天发贴留言退玉问题得到了圆满的解决，效率非常好而且快。商家是承诺30天退货的，但是有朋友走过类似的经历，物品邮寄过去后最后都财物两空，所以都怕在旅游景点购物。找政府寻求帮助是最好的，在此给云南政府点赞，云南的旅游事业也会越来越好，彩云之南是个美不胜收的好地方。目前我已经收到全额退款到账了。当然我们的导游还是好导游，商家呢还是希望以后越做越好，玉不假，但是价格虚高了些。这样以后我们去云南的游客回来都是对云南赞不绝口。,,,
关于白华生态农贸市场公厕收费,已办理,企业 投诉,旺***,2019-10-1119:12,白华市场公厕收费标准是不是存在问题。人民币支付收费一元、微信支付收费两元。,古城区祥和街道办事处,网民同志：您好！您通过人民网地方领导留言板给古城区委书记的留言收悉，古城区委区政府高度重视，及时责成祥和街道办事处认真调查处理，现将有关情况回复如下：    您反映的问题，我街道工作人员到白华市场进行了解。之前，我街道对辖区公共厕收费情况进行了整治，根据创文办通知要求（取消公共厕所收费），我街道已责令白华市场停止公厕收费。感谢您对我区工作的支持与理解，祝您身体健康、生活愉快！,回复时间：2019-10-18 01:23
在丽江金茂凯悦酒店订了房间不让住也不能退款 ,已办理,旅游 咨询,游***,2019-10-1022:43,10月3日在丽江金茂凯悦臻选酒店订了房间，房费打进酒店支付宝，当晚酒店以查不到预订信息为由不能入住，次日酒店以客人名字在旅游平台有重复预订为由拒绝退款。订了房间不能住也不退款，至今钱还在酒店支付宝账户。真的很无助，我订的可是酒店最贵的门市价，到酒店不能入住了 还不能退款。,古城区市场监督管理局,潘先生/女士：您好！  您通过人民网《地方领导留言板》给古城区委书记的留言收悉，古城区委区政府高度重视，及时责成古城区市场监督管理局认真调查处理，现将有关情况回复如下：经协调，酒店方已妥善处理并退款。11月12日9:30分致电您未接听电话。感谢您对我们工作的支持与理解，祝您身体健康、生活愉快！,回复时间：2019-11-15 01:23
丽江古城区藏金阁珠宝店购买玉价格虚高，想退货,已办理,旅游 投诉,雅***,2019-10-1116:19,尊敬的市委书记：我于2019年10月8日在导游的推荐下，在丽江古城区藏金阁珠宝店买了一块编号为Lp112872价格4280元的黄龙玉佛吊坠，9号回家后懂行的朋友说远不值这个价格，瞬间感觉不好了，因为导游推荐的时候说这个政府扶持的店，就很信任。我现在想把它退了，目前联系了珠宝店的售后，但是又怕财物两空，烦请领导帮忙，谢谢。,古城区市场监督管理局,网民同志：您好！您通过人民网地方领导留言板给古城区委书记的留言收悉，古城区委区政府高度重视，及时责成古城区市场监督管理局认真调查处理，现将有关情况回复如下：    经查，商家已退款退货，10月15日17:09分致电投诉人核实，已收到退款。感谢您对我局工作的支持与理解，祝您身体健康、生活愉快！,回复时间：2019-10-18 01:23
问题已经协商解决,待回复,旅游 感谢,J***,2019-10-0716:42,丽江黄龙玉店家收到信息后立即联系帮我办理的退货处理，反应速度很快，感谢丽江古城区领导 ，在行程当中对导游是满意的，没有强制购物，也感谢导游在退货过程中提供的帮助,,,
问题已经解决,待回复,旅游 感谢,J***,2019-10-0708:28,丽江黄龙玉店家得到消息后立刻联系我帮我办理了退货退款，反应速度很快，感谢丽江古城区的领导，在行程中对丽江的导游是满意的，也没有强制购物，也感谢导游在退货过程中提供的帮助,,,
买黄龙玉受骗,已办理,旅游 投诉,J***,2019-10-0609:33,"书记同志，您好我于20190929在丽江旅行，被导游带到古城区聚德源珠宝店购买黄龙玉手镯一个，价钱是RMB8390,回到深圳水贝做玉多年的朋友看了最多3000元，一路上旅行能够感觉到云南省和丽江市对旅游发展的重视，这种以次充好，坑害游客的现象实在太让人失望，这样严重影响丽江旅游形象一定不是领导们愿意看到的吧，，请书记明察，治理害群之马，也希望我们消费者的权益能够得到正当的保护，谢谢",古城区市场监督管理局,网民同志：您好！您通过人民网地方领导留言板给古城区委书记的留言收悉，古城区委区政府高度重视，及时责成古城区市场监督管理局认真调查处理，现将有关情况回复如下：    经查，商家已退款，10月15日17:07分致电投诉人已收到退款。感谢您对我局工作的支持与理解，祝您身体健康、生活愉快！,回复时间：2019-10-18 01:23
旅游购物被骗，求退款解决,已办理,旅游 投诉,Z***,2019-10-0511:29,2016年8月13日于云南丽江古城区束河路银得天下商城购买S999大师弹跳保健杯1880元，货号501665，现发现保温杯内外无S999等字样，且杯口出现锈迹，对商品真实性存疑，望领导重视且支持商家退款解决！,古城区市场监督管理局,网民同志：您好！您通过人民网地方领导留言板给古城区委书记的留言收悉，古城区委区政府高度重视，及时责成古城区市场监督管理局认真调查处理，现将有关情况回复如下：    您于2016年8月13日购买银杯，由于超过90天无理由退货期及行政处罚追诉时效期，故商家不愿退货；鉴于此，10月15日经联系双方同意换货。    感谢您对我市工作的支持与理解，祝您身体健康、生活愉快！,回复时间：2019-10-18 01:23
丽江古城区所购黃龙玉手镯已退,已办理,旅游 感谢,飞***,2019-09-2715:45,尊敬的领导：您好！            我是哈尔滨游客，之前曾留言请您帮助退掉在丽江古城区藏金阁珠宝店购买的黄龙玉手镯（货号LS101527），没想到今天联系商家，很快就给退款了。我真的很意外，以为退款退货会很难呢，在此向商家表示感谢！向丽江市退换货监理中心表示感谢！以后会继续支持云南的旅游事业，并告知朋友们在云南旅游购物没有后顾之忧！,古城区书记区长信箱,网民同志：您好！  感谢您对我们工作的信任理解与肯定。祝身体健康、生活愉快！,回复时间：2019-09-30 01:23
在丽江古城区所购黄龙玉手镯请求退货,待回复,旅游 投诉,飞***,2019-09-2619:16,尊敬的丽江古城区委书记：您好！我是一名来自黒龙江哈尔滨的游客，2019年9月17日我在丽江古城区藏金阁珠宝店花5580元买了个黄龙玉手镯，货号是LS101527。回到哈尔滨后我上网查了黄龙玉的信息，发现很多去丽江旅游买黄龙玉的人都说价格虚高很多，我心里也不踏实了，就找懂玉石的朋友帮忙评估，结果价格真的虚高很多，我很生气上火，家里人也诸多埋怨，所以恳请领导帮助，让我能顺利退款、退货，万分感谢！,,,
古城区公租房瑞馨佳苑停车困难,待回复,城建 投诉,小***,2019-09-0509:32,1、清理整顿后目前小区停车费按照每晚只要过夜就收10元，但是保安仍然未尽职责、保障小区停车安全，只知道收费，车辆阻塞道路乱停乱放；而且所收费用比如是微信支付进入的是保安私人账户，仍然有看交情收费情况。2、小区门口道路两侧原来有排水沟，现在新建小区的围墙直接修建在路肩上将排水沟填平，雨水无法排除积在道路上严重的脏乱差（请雨天实地查看，惨不忍睹），能否协调新建小区修建排水沟以提高人居环境，谢谢,,,
关于丽江古城区汇鼎商行黄龙玉问题，已经解决,已办理,旅游 感谢,l***,2019-09-0217:16,1.商行客服有及时联系我，并解决退货事宜。澄清了关于汇鼎和江鼎两家商行同属于一家公司，因为听了别人的片面之词，感觉受骗，心急没有跟商家做很好的沟通，直接发帖留言了，寻求领导的帮助。商家目前已经及时处理了退款和退货问题，在此向商家表示歉意，造成了不必要的误会。对于云南的旅游，我后续也会继续支持，告知朋友可以放心自由行。,古城区市场监督管理局,网民同志：您好！  感谢您对我们工作的信任理解与肯定。祝身体健康、生活愉快！,回复时间：2019-09-05 01:23
丽江古城区汇鼎商行黄龙玉感觉被骗，求退货帮助,已办理,旅游 求助,l***,2019-09-0210:37,尊敬的领导您好！我是一名江苏省游客，在2019年8月24日参加的6日5晚云南游来到花城云南，一路感受到云南的文化历史之优美，风景如画，少数民族特色等，这是我在苏州未能感受到的。一路换了3个导游，但是导游也很热情。美中不足的是安排的三次购物行程，其中黄龙玉购物，导游说黄龙玉是云南特色、价格低于翡翠，被称为国玉。旅游购物也是为丽江人民贡献GDP。本人也响应政府拉动当地经济，就购买了一件黄龙玉吊坠貔貅，当时时间比仓促，买完就急匆匆的进入其他行程。隔了两天返回苏州后，有懂行的朋友看了，告知价格虚高很多，有被骗的嫌疑。单价9480的貔貅，成色一般，也就1000多元的价钱。 而且还有个问题，购物付款的POS签购单商户名称：古城区江鼎商行， 而质量保证单的收款单位是：古城区汇鼎商行。  也没有提供国家要求的正规的购物发票。  商家地址也都没有任何体现，我个人在国家企业信息网上按照购物单位名称，才查找到具体的地址，在束河古镇不远，束河街道茶马驿栈D3-5号。 种种迹象感觉购物被骗，让我对云南之行有些失望。 本想着后续有时间再去旅游继续体验云南的美景，现在想想还心有余悸。 这些景区的购物场所，手机信号都很差，当时无法上网查询相关信息。  还希望领导在百忙之中，能帮忙协商处理下退货。 多谢！,古城区市场监督管理局,网民同志：您好！您通过人民网地方领导留言板给古城区委书记的留言收悉，古城区委区政府高度重视，及时责成古城区市场监督管理局认真调查处理，现该问题已得到妥善解决。感谢您对我局工作的支持与理解，祝您身体健康、生活愉快！,回复时间：2019-09-05 01:23
退货反馈,待回复,旅游 感谢,W***,2019-08-2216:22,商家已经办理了退款退货，速度快，态度好，谢谢领导及商家，诚实守信。,,,
足银百福保健杯,待回复,旅游 求助,W***,2019-08-2209:14,我在云南之窗商贸城买会一个价值1980元的百福杯，拿回家后发现即没有含银量标识，也没有重量标识，足银是99.0，根本不能用来做水杯，易换重金属超标。所以我要求退货。,,,
在古城区瑞宝商号买的观音吊有质量问题要求退货,已办理,旅游 求助,孙***,2019-08-1614:43,尊敬的领导您好！我是一名湖北省游客，我与2019年8月6日报的6日游来到我魂牵梦绕的花城云南，一路过来让我感受到云南后文化历史之优美，人文文化之崇高。当地人很好客，风景如画人在画中游之感。导游也很热情。就是美中不足的是一次购物行程，导游说黄龙玉是云南特色、本人抱着游美景购特色，也响应政府拉动经济就买了一件黄龙玉吊坠，在我反程几天的佩戴中发现有诸多裂痕这让人很困惑，当时导游也说了如果任何问题30天包退，希望领导能帮助将此产品退货。,古城区书记区长信箱,网民同志：您好！  您通过人民网《地方领导留言板》给古城区委书记的留言收悉，古城区人民政府高度重视，及时责成相关部门认真调查处理，并进行退货退款。感谢您对我们工作的支持与理解，祝您身体健康、生活愉快！,回复时间：2019-09-03 01:22
泸沽湖官方微信号购票后不能使用且不能退款,已办理,旅游 投诉,m***,2019-08-0714:08,你好 我在泸沽湖官方微信号购买了泸沽湖的门票8张，到现场后被告知不能使用，所以现场购买门票后就在公众号上申请退款。已经两天了，还是没有进程和结果。也无法联系上客服。,古城区书记区长信箱,网民同志：您好！  您通过人民网《地方领导留言板》给古城区委书记的留言收悉，泸沽湖景区属于丽江市宁蒗县行政区划，根据属地管理原则，建议您向宁蒗县委书记留言反映。感谢您对我（省、州、市、县） 工作的支持与理解，祝您身体健康、生活愉快！,回复时间：2019-08-13 01:22
手机号被无故封停,已办理,交通 求助,教***,2019-08-0619:56,您好，本人及家人今年7月29日至8月4日在云南旅游，在去丽江的火车上，手机被封停，山东电信部门让我联系云南反诈骗部门087196110，得知此部门为昆明反诈骗部门，其要求我联系丽江反诈骗088896110，但一直无法接通，由于手机号码无法使用，严重影响到我的工作和生活，再次向书记反应此情况，希望的到回复。谢谢！,丽江市公安局古城分局,网民同志：您好！您通过人民网地方领导留言板给古城区委书记的留言收悉，古城区委区政府高度重视，及时责成丽江市公安局古城分局认真调查处理，现将有关情况回复如下：    经我局对您反映的问题进行核实，您在信访件中提到的“丽江反诈骗088896110”号码不是本单位的联系电话，丽江市公安局古城分局未设置反诈骗专号，我局未接到相关的情况反映。    感谢您对我们工作的支持与理解，祝您身体健康、生活愉快！,回复时间：2019-09-04 01:22
买玉被骗，需要退货,已办理,旅游 投诉,陈***,2019-08-0608:47,我们是朋友推荐去的一家店，是丽江古城里面的，店铺名字叫红翡绿翠，老板名字叫张海鹏，我们在他的介绍下，看上了一对龙凤对牌，一个人手镯还有一个平安扣，一共是48000元，因为有朋友在，没有要发票，但是有支付宝转账记录，老板说龙凤对牌，是店铺十年的宝贝，可是买回来以后我找了好多装门做雕玉的师傅只有一千块左右的东西，根本就值得这个价格，手镯有很多瑕疵，现在老板不同意退货，说不积极，我现在希望尽量退货挽回我的损失,古城区市场监督管理局,网民同志：您好！您通过人民网地方领导留言板给古城区委书记的留言收悉，古城区委区政府高度重视，及时责成古城区市场监督管理局认真调查处理，现将有关情况回复如下：    经核实，本投诉件已由丽江市古城管理局妥善处理。感谢您对我们工作的支持与理解，祝您身体健康、生活愉快！,回复时间：2019-09-04 01:24
之前发帖的晨轩商行黄龙玉退款及时回复解决了,已办理,旅游 感谢,w***,2019-08-0317:25,之前发帖的8月2号晨轩商行购买黄龙玉的事件，商行及时电话回复并解决了，很感谢，本来以为云南这种事情会很难退款，重新刷新了我的认知。,古城区书记区长信箱,网民同志：您好！  感谢您对我们工作的信任理解与肯定。祝身体健康、生活愉快！,回复时间：2019-08-13 01:22
8月2日在束河古镇晨轩商行购买的黄龙玉价格虚,已办理,旅游 投诉,w***,2019-08-0312:26,8月2日，导游将我们带到束河古镇的珠宝店购买黄龙玉，到珠宝店后，每个家庭单独安排了一个导购，在他们的忽悠下，我购买了一块玉佛，一块水草花石料（切割成两块）共花费6000元，给学珠宝的朋友看，发现只值几百元。要求退货。,古城区市场监督管理局,网民同志：您好！您通过人民网地方领导留言板给古城区委书记的留言收悉，古城区委区政府高度重视，及时责成古城区市场监督管理局认真调查处理。经查，商家已退款退货；8月14日16:00分致电您本人，表示已收到退款。感谢您对我局工作的支持与理解，祝您身体健康、生活愉快！,回复时间：2019-09-05 01:23
商家已主动联系退款,已办理,旅游 感谢,江***,2019-08-0312:01,本人7月30日留言的关于7月28日在玉知缘珠宝店购买玉石一事，留言发出的第二天丽江市监督局和旅游退货中心工作人员主动和我联系，关注此事，非常感谢！同时珠宝店工作人员就此事也主动与我联系，加了微信并立即退款给我，我于当天将货品通过顺丰快递邮寄于玉知缘珠宝店；与此同时玉知缘珠宝店还向本人承诺自货品寄出后，后续如有问题等责任全由他们承担。本人没想到古城区政府的依法行政力如此高效，帮助我在第一时间解决退款退货问题，在此真心感谢！！！,古城区市场监督管理局,网民同志：您好！  感谢您对丽江行政执法部门的赞誉，为来丽游客及广大消费者服务，维护丽江良好的旅游形象是我们应做的本职工作。  祝您身体健康、生活愉快！,回复时间：2019-09-04 01:23
要求退款！！！,已办理,旅游 投诉,江***,2019-07-3113:54,云南省 古城区委书记您好！本人7月23日到昆明参加培训，后在携程报了两日游（7月27日-7月28日），一路上导游服务态度特好，基于对导游的信任，我们在7月28日去了导游推荐的丽江束和古城所谓的百年老店玉知缘珠宝店和木氏银坊两个店，她当时很坚定的说这两家店是他们当地人嫁女儿陪嫁妆的必选百年老店，里面的货品是当地价格和品质绝对货真价实的。作为一个珠宝外行正是基于对她的服务热情和信任，冲着百年老店的字号我在玉知缘珠宝店消费了10420元。回昆明乘机的路上才听说玉知缘珠宝店根本不是什么百年老店，发现购买的货品与价值完全不对等。毕竟是辛辛苦苦赚来的钱，肯请云南省政府部门能杜绝这种导游与商店串通欺诈游客的情形再次次出现并不再曝光于新闻媒体，坚决扫除这些乱象！！！帮助解决我们退款退货！相信政府部门的执行力,古城区文化和旅游局,网民同志：您好！您通过人民网地方领导留言板给古城区委书记的留言收悉，古城区委区政府高度重视，及时责成古城区文化和旅游局认真调查处理，目前本投诉已得到妥善解决，感谢您对我们 工作的支持与理解，祝您身体健康、生活愉快！,回复时间：2019-09-04 01:22
黄龙玉问题已经妥善解决，非常感谢,已办理,旅游 投诉,紫***,2019-07-2611:14,本人7月16日留言的关于7月14日购买黄龙玉一事，留言发出几分钟后商行工作人员就主动和我联系，加了微信并立即退款给我，当晚丽江市场监督局工作人员也主动和我联系，关注此事，非常感谢！款已于当晚收到，货品于次日发回，现此事已完美解决，多谢商行工作人员和市场监督局工作人员和关注并帮忙的各位朋友，多谢！,古城区书记区长信箱,网民同志：您好！  感谢您对我们工作的信任理解与肯定。祝身体健康、生活愉快！,回复时间：2019-08-03 01:23
关于古城区黄龙玉退货问题,已办理,旅游 感谢,紫***,2019-07-2410:57,目前已经正在办理退货，待退款，给书记和商家带来不便，表示感谢及歉意。,古城区市场监督管理局,网民同志：您好！感谢您对我们工作的信任理解与肯定。祝身体健康、生活愉快！,回复时间：2019-09-04 01:22
古城区晨轩商行购买黄龙玉已经退款退货了,已办理,旅游 感谢,紫***,2019-07-2408:17,领导您好，由于在云南丽江旅游购买了7980的黄龙玉，回来打车时司机师傅说旅游景点的黄龙玉都价格高，加上朋友说不值这个价，当时心里特别着急，一时没有想起店家给的售后服务卡，就直接在人民网上发表了投诉，店家第一时间联系我给我办理了退款，现在退款已经收到，对领导和店家带来了麻烦表示歉意。,古城区书记区长信箱,网民同志：您好！  感谢您对我们工作的信任理解与肯定。祝身体健康、生活愉快！,回复时间：2019-08-03 01:22
古城区黄龙玉价格和实物不符,已办理,旅游 投诉,紫***,2019-07-2311:02,书记您好，本人于7月12日带着一家人去云南旅游，本来在昆明和大理玩得都比较开心，也感受到了云南的热情，但是到了丽江换了一位丽江导游燕子，她7月16日把我们带到一家古城区晨轩商行去购买黄龙玉，当时她和销售员一起对我们进行了歪曲事实的讲解，我们买了一个7980元的挂件，回到当地和商场对比相差甚远，就值几百元，希望书记能协助我退货，谢谢。,古城区市场监督管理局,网民同志：您好！您通过人民网地方领导留言板给古城区委书记的留言收悉，古城区委区政府高度重视，及时责成古城区市场监督管理局认真调查处理，目前本投诉已得到妥善解决，感谢您对我们工作的支持与理解，祝您身体健康、生活愉快！,回复时间：2019-09-04 01:22
黄龙玉给丽江旅游抹黑,已办理,旅游 投诉,紫***,2019-07-1710:37,尊敬的肖书记：您好，2019年7月我们全家6人（包含3名70岁以上老人）来到云南旅游，于2019年7月14日被导游带去丽江市古城区束河街道的云南汇鼎商行珠宝公司购买黄龙玉，当时老人花费9880元人民币给孙女买了一个黄龙玉手镯。我们回到工作地点陕西省安康市后，经当地懂行的人看了根本不值9880元，最多价值几百元钱，老人在场听到这个消息，如五雷轰顶，气的浑身发抖，几欲晕倒，我们都是普通工薪阶层，老人舍不得吃穿辛苦攒下的钱，一下被骗去这么多，实在让人接受不了，我们最担心的还是老人都70多岁了，可不能因为这件事气病了。尊敬的肖书记，我们老百姓知道您很忙，可这件事我们觉得给丽江旅游抹了黑，把低价商品充高价卖给我们，欺骗游客，还请您百忙之中抽出一点时间为我们主持公道，不胜感激。,古城区文化和旅游局,"网民同志：您好！您通过人民网地方领导留言板给古城区委书记的留言收悉,古城区委区政府高度重视，及时责成古城区文化和旅游局认真调查处理，现将有关情况回复如下：    收到此信访件后，由古城区旅游市场监管综合调度指挥中心工作人员第一时间通过电话13992588796与张宝珠女士联系了解相关情况，得知张女士反映的问题已在在相关部门协调下，商家已经退货退款，此问题已得到妥善解决。    感谢您对我区工作的支持与理解，祝您身体健康、生活愉快！",回复时间：2019-09-11 01:24
投诉已处理,已办理,旅游 感谢,W***,2019-07-1611:16,感谢领导以及澜舍设计师公馆客栈，投诉已经处理，我对这次处理非常满意，商家已退款，麻烦大家了,古城区书记区长信箱,网民同志：您好！  感谢您对我们工作的信任理解与肯定。祝身体健康、生活愉快！,回复时间：2019-08-01 01:23
丽江古城区,已办理,旅游 投诉,W***,2019-07-1511:07,领导，你好，我和我姐妹2019年7月10日来丽江游玩，住在大妍古城区的一个客栈里，客栈名叫澜舍设计师公馆客栈，7月11号的时候在古城里游玩了一整天回来的时候晚上十点多了，很累，突然说起想按摩，全身疼，客栈的老板给我们说有上门服务的按摩技师，正规的，很好的，于是我们就答应了，按摩技师是女的，来了两个，一开始和我们说价格，有288的，500多的，具体多少忘记了，我们选择最便宜的288，当时想着挺贵的，不过人都来了不好意思叫回去，所以就选择了288的套餐，她们当时说的是288套餐里什么都包含了，泡脚，那些，结果按摩的时候说我们湿气太重，要刮痧然后拔罐，说都帮我们做得好好的，然后泡脚，既然用纯净的客栈里的热水拿给我们泡，里面没有放任何东西，而且泡了一分钟都不到，纯属帮我洗脚而已，这叫泡脚吗？帮我修脚，大拇指脚都出血了，第二天我根本没法走路，做完以后跟我们乱收费，说一共876，这辈子没按过这么贵的，技师说刮痧，拔罐，修脚要另外收钱，一个部位50块钱，两个人有六个部位，当时就蒙圈了，然后我朋友也是傻傻的付了钱，人走了以后才反应过来，当时就不知道去找谁了，谁也不认识，客栈说今天帮我们问一下，结果一整天都没有音讯，请领导帮忙处理一下，我们不想这么被坑了钱，我们是两个小女孩，不是什么土豪富婆，没有家室背景，一个月的工资也就几千块钱，好不容易存点钱来丽江玩耍，结果还被坑了，我希望能追回那几百块钱，谢谢，请丽江的领导能重视这件事。,古城区市场监督管理局,网民同志：您好！    您通过人民网地方领导留言板给古城区委书记的留言收悉，古城区委区政府高度重视，及时责成古城区市场监督管理局认真调查处理，现将有关情况回复如下：一、8月1日10:29分致电投诉人核实，回称在此之前商家已退款500元，表示认可，无其它诉求；二、8月1日责令商家整改，杜绝再次发生类似事件。感谢您对我们工作的支持与理解，祝您身体健康、生活愉快！,回复时间：2019-08-03 01:22
旅游买了个手镯想退,已办理,旅游 投诉,1***,2019-07-0709:03,我今年寒假再云南丽江束河古镇瑞铭商号买了一个手镯26800元，买回来一直没戴，无意中被懂行朋友看到说我的手镯只值几千块，说我被骗了，我又拿到商场去都说我的手镯不值这个钱，我们都是普通老百姓钱不是大风刮来的，我希望云南政府能给我一个说法，不能欺骗消费者,古城区市场监督管理局,徐女士：您好！    您通过人民网地方领导留言板给古城区委书记的留言收悉，古城区委区政府高度重视，及时责成古城区市场监督管理局认真调查处理，现将有关情况回复如下：    一、7月8日12：00、12:23分致电投诉人核实情况；    二、经查实，该店已于今年4月关门倒闭，7月8日15:04分、7月11日17：24分致电售后（15288420597）责令联系老板后及时解决投诉人诉求。7月24日10:52分再次致电15288420597回称无法联系到老板，其本人已于4月份辞职；    三、7月24日10:54分致电投诉人徐女士，因被投诉商家店铺关门倒闭，老板失联，其退货请求无法解决，受理终止。    感谢您对我们工作的支持与理解，祝您身体健康、生活愉快！,回复时间：2019-08-01 01:22
退货后续跟贴,已办理,旅游 感谢,小***,2019-07-0315:45,商家已与我联系，积极办理退款，现已通过银行转账到我账户上，我对此事处理结果很满意，感谢！,古城区书记区长信箱,网民同志：您好！      感谢您对我们工作的信任理解与肯定。祝身体健康、生活愉快！,回复时间：2019-07-09 01:22
汇鼎商行黄龙玉价格虚高，做工差，想退货,已办理,旅游 投诉,小***,2019-07-0213:16,由于在大理没有购物被导游进行非常难听的讥讽，所以内心压力很大，在到达丽江形成第一天差不多结束，听到导游也明里暗里的跟我们讲要购物，买过了的也要买，就像饭吃过了也要吃一样，所以行程第二天到了束河古镇购物店汇鼎商行，迫于压力，我选了一款黄龙玉如意吊坠，但在买回来之后我发现做工很粗糙，玉器还有一小孔，所以怀疑是次品，就找来我做这一行朋友看看，结果这个如意吊坠最多只值几百块，感觉物非所值，所以希望能进行退货退款处理，望领导百忙之中，抽出时间协调此事，感激不尽！,古城区文化和旅游局,网民同志：您好！您通过人民网地方领导留言板给古城区委书记的留言收悉，古城区委区政府高度重视，及时责成古城区文化和旅游局认真调查处理，经古城区旅游市场监管综合调度指挥中心工作人员通过电话15677235420与陈佳佳女士联系了解相关情况，得知陈佳佳女士反映的问题在相关部门协调下，商家早已经退货退款，此问题已得到妥善解决。感谢您对我区工作的支持与理解，祝您身体健康、生活愉快！,回复时间：2019-09-11 01:24
纯玩无购物根本不可能,已办理,旅游 投诉,L***,2019-06-1911:05,去年去丽江旅游，导游带到古城区束河街道束河古镇茶马驿站D3-5号申明此地为政府合作单位，然后买了手镯，一直也没有怀疑真伪，半个月前杭州的朋友说我这个手镯都是裂纹，根本不值钱，而且也不可能出手，之前承诺可以免费退换货并享受增值服，现在这家景旺商贸已关闭，恳请政府协助申请退款退货,古城区工商局,网民同志：您好！    您通过人民网《地方领导留言板》给古城区委书记的留言收悉，古城区委区政府高度重视，及时责成古城区市场监督管理局调查处理，现将有关情况回复如下：    经查，该店已于2018年关门倒闭，您的诉求无法解决，6月26日9:29分，工作人员已将此情况致电您本人。    感谢您对我们工作的支持与理解，祝您身体健康、生活愉快！,回复时间：2019-06-27 11:26
感谢信,已办理,旅游 感谢,祁***,2019-06-1409:05,前面发了帖子【退货 商家不回复】事情十分迅速的就解决了 货刚寄出一小时 12500元的费用已经办理全额退款，费用已经通过支付宝转账到我账户，已收到全额退款。由于自己太紧张，在已经和店里的工作人员协商过退款流程后还是担心所以才在该平台上留言，本来该店提供的货品盒子上也有售后联系电话和60天无理由退换货的标识，都是由于自己过于担心。货品寄出后该店员工积极帮忙办理退款，由于此留言对商家造成的不良影响本人感到非常抱歉！另表扬售后人员的服务态度 很温柔 并且没有要求任何额外的杂费 办事效率高 这点上云南的旅游业真的很规范了 十分感谢！,古城区书记区长信箱,网民同志：您好！  感谢您对我们工作的信任理解与肯定。祝身体健康、生活愉快！,回复时间：2019-06-21 01:22
想要退货 商家不回复,已办理,旅游 投诉,祁***,2019-06-1216:52,2019.6.8在丽江古城区束河古镇藏纳民族文创中心 玉泰祥 购买了一块黄龙玉貔貅 实付金额12500按照收据单上的电话打过去之后告知需要添加微信沟通 微信上就只发了一个地址 后续询问如何退款等事宜均不回复玉泰祥店铺联系电话如下图希望地方领导能帮忙协助处理 感谢,古城区书记区长信箱,网民同志：您好！  您通过人民网《地方领导留言板》给古城区委书记的留言收悉，古城区人民政府高度重视，及时调查处理后已全额退款。感谢您对我们工作的支持与理解，祝您身体健康、生活愉快！,回复时间：2019-06-21 01:21
办理退货,已办理,旅游 咨询,黄***,2019-05-2414:54,您好，我今天在丽江市古城区束河街道束河古镇茶马驿站D3一5号买了个雪花银杯，准备买回家给孩子喝水，现在因担心产品质量问题，不想要了，店面销量人员当时给出的承诺是产品在售出30天内可无理由退货，请问杯子能退吗？我应该怎样办理退货？2019.5.23,古城区工商局,网民同志：您好！    您通过人民网地方领导留言板给古城区委书记的留言收悉，古城区委区政府高度重视，及时责成古城区市场监督管理局认真调查处理，经查，该店已退款。    感谢您的来信，祝您生活愉快！,回复时间：2019-06-13 01:21
商家收到货物后，拒绝接电话且态度恶劣,已办理,旅游 投诉,小***,2019-05-0914:12,尊敬的书记您好，我于2019-03-23日经导游带领且购买翡翠貔貅以及翡翠佛，期间多次语言相胁迫。翡翠貔貅以及翡翠佛分别是9880/9380元。回来后经鉴定，价格相差十几倍，并且联系商家困难。经过周折，商家同意付款，且按要求退回所有商品和单据，答应收到货后几天内退款。现在已经过去近一个月，商家电话不接，也不接其他外地号码。我面临货款两失的处境。这是光天化日之下的不诚信，不负责任。请求古城区书记给予支持。店铺名称：古城区屋珍工艺品店 （背景公司为大理月振有限公司）售后服务电话：0888-5155886  手机号：1770XXXX695导游电话：1388XXXX920  阿玉导游寄回商品顺丰单号：237 169 506 054附件是所有需要的资料,古城区工商局,网民同志：您好！    您通过人民网《地方领导留言板》给古城区委书记的留言收悉，古城区委区政府高度重视，及时责成古城区市场监督管理局认真调查处理，现将有关情况回复如下：    经多方调查督促，被投诉商家已于5月10日退款共计19160元，5月10日16:00分投诉人刘宛君致电我局已收到退款并表示感谢。    感谢您对我们工作的支持与理解，祝您身体健康、生活愉快！,回复时间：2019-05-20 09:21
餐厅废弃泔水何去何从,已办理,环保 求助,丽***,2019-05-0116:06,    古城上门拉泔水态度恶劣，随意拿用店里抹布擦洗泔水桶，有时拉泔水还飞溅出一些油渍，我们不让其他人拉泔水，今天不知道为什么，在门口喊我们拉出去，不然不来拉了，我们也是做生意的，那有时间弄这个泔水，签订的条约里文明规定，是工作人员上门取泔水，保持地面整洁，难道这个规定就是约束我们吗？,古城区书记区长信箱,网民同志：您好！  您通过人民网《地方领导留言板》给古城区委书记的留言收悉，古城区人民政府高度重视，及时责成丽江大研古城管理服务有限公司认真调查处理，现将有关情况回复如下：1.接到您的信访件后，公司于2019年5月5日第一时间联系商铺了解情况，并上门对协议内容作了解释说明。2.自2018年10月23日起，丽江大研古城管理服务有限公司承担大研古城门禁内商铺及居民户的餐厨废弃物收集工作。根据收运协议第二条第二项第五款之规定，乙方应于甲方收运前10分钟，将餐厨废弃物收集桶放置于固定收运地点之规定，于5月1日全城覆盖收运后，要求商铺将餐厨废弃物收集桶搬到收集车中。3.下一步工作中，我们将加大宣传力度，让经营户及居民了解餐厨废弃物收运意义及收运程序，并进一步提高服务水平。感谢您对我们 工作的支持与理解，祝您身体健康、生活愉快！,回复时间：2019-05-09 01:21
大研古城泔水没人回收,已办理,环保 求助,丽***,2019-05-0116:06,大研古城泔水没人回收，希望领导关注一下，谢,古城区书记区长信箱,网民同志：您好！  您通过人民网《地方领导留言板》给古城区委书记的留言收悉，古城区人民政府高度重视，及时责成丽江大研古城管理服务有限公司认真调查处理，现将有关情况回复如下：  经实地调查了解，您所反映的经营户餐厨废弃物由我公司在收集清运，此经营户所产生的餐厨废弃物平均每3天有1桶，由于近日大研古城餐厨废弃物的量急剧暴增，人力、物力严重不足导致运力跟不上，我公司未能马上运走此经营户产生的餐厨废弃物。此情况已与经营户沟通，并已按照现有的收运时间收运了他家的餐厨废弃物。2019年5月2日11:55分，公司工作人员已与您沟通。感谢您对我们 工作的支持与理解，祝您身体健康、生活愉快！,回复时间：2019-05-06 01:21
商家已联系我积极处理 了，感谢！！,已办理,旅游 感谢,苏***,2019-04-1516:49,昨天商家已经主动联系我了，下午把货寄过去了（顺丰），今天下午到了，一小时内退款已收到，商家的售后态度很好，处理速度也相当快，很满意！！感谢书记和商家的及时处理，谢谢！,古城区书记区长信箱,网民同志：您好！  感谢您对我们工作的信任理解与肯定。祝身体健康、生活愉快！,回复时间：2019-04-26 11:13
在束河古镇买的，价格虚高，想退货联系不上商家,已办理,旅游 投诉,苏***,2019-04-1314:49,尊敬的丽江市古城区委书记，您好！本人于2019年1月18日，在丽江市古城区束河古镇 瑞铭商号 买的翡翠貔貅，买回来以后一直没找人鉴定，近期有空了找人鉴定，价格虚高，想退货，但是联系不上商家，收据上的售后电话一直关机，联系不上！请领导帮忙沟通联系，也不枉当时支持云南旅游业的愿景，恳请领导早日回复及帮忙处理，非常感谢!,古城区书记区长信箱,网民同志：您好！  您通过人民网《地方领导留言板》给古城区委书记的留言收悉，古城区人民政府高度重视，经协调，您已退货并受到商家退款。感谢您对我们工作的支持与理解，祝您身体健康、生活愉快！,回复时间：2019-04-26 11:16
领导您好：我想退货退款但联系不到他们。,已办理,旅游 求助,艳***,2019-04-0516:29,尊敬的丽江市古城区区委书记您好：我于2018年1月22日被昆明导游带去丽江市古城区柏龙水谢二期和熙苑s-51号铭玉坊2楼珠宝店购买翡翠，现在想退货退款，之前商场人员就说以后不想要了可以随时退，而且还可以每年增长价格的百分之十，我也不想多的百分之十了，他能把我花的退给我就可以了，我现在联系导游，导游说让我直接联系厂家，我跟他要厂家电话，他也不理我了，我只能凭借发票上的电话号码打，但一个是4000938099停机，一个是08885395068通的没人接，望领导可以帮忙解决一下，如何联系他们可以退货退款！,古城区旅游局,网民同志：您好！    您通过人民网地方领导留言板给古城区委书记的留言收悉，古城区委区政府高度重视，及时责成古城区旅发委认真调查处理，经核实调查，现将有关情况回复如下：    针对翡翠退货问题，2016年11月，按照“企业自愿、行业自律、政府监管、社会监督”原则，云南省旅游购物退货监理中心正式在昆明挂牌营业，热线电话4000060822。根据规定，游客可以在购物之日起30天以内无理由退货。而毋女士的翡翠是于2018年1月22日购买的，已超出30天无理由退货时间。    我局工作人员经过调查，您被导游带去的丽江市古城区柏龙水榭二期和熙苑s-51号铭玉坊2楼珠宝店，已于2018年3月10日在古城区市场监督管理局注销（基本信息附后）。         感谢您对我们工作的关心和支持，顺祝您生活愉快！,回复时间：2019-06-21 01:22
致古城区区委书记感谢信,已办理,旅游 感谢,我***,2019-03-2006:06,尊敬的丽江市古城区区委书记你好：关于维客购买玉石情况说明本人没有直接联系商家，也没有找专业的部门进行检测鉴定就在网上发此贴，行为过激实在抱歉。刚刚在家人的陪同下去了专业权威的机构进行了检测，我对此货品还是非常满意，决定不退不换了。对店家和云南旅游还是很满意，给你们添麻烦了。建议大家以后鉴定珠宝玉石要去有资质的地方，不要听信旁人的一面之词。行为过激，非常抱歉，希望云南旅游越来越好,古城区书记区长信箱,网民同志：您好！  感谢您对我们工作的信任理解与肯定。祝身体健康、生活愉快！,回复时间：2019-03-30 01:21
黄龙玉骗局,已办理,旅游 投诉,我***,2019-03-1408:10,书记你好，本人三月去云南旅游，我于2019年3月8号被大理导游带去丽江市古城区民主路203号维客购物广场2楼珠宝购物点买翡翠，现回到工作地点东莞，找懂行的人看了根本不值7000多块钱，最多只值三五百，虽然让我们支持云南的发展也不用这么坑我们吧？我们对云南的旅游事业感到担忧，导游的虚假宣传，低价商品充好假卖给我们，欺骗游客，再也不想去第二次了，马上315了，望书记能帮忙协商处理一下，好好整理一下云南旅游业的蛀虫吧！,古城区旅游局,网民同志：您好！    您通过人民网地方领导留言板给古城区委书记的留言收悉，古城区委区政府高度重视，及时责成古城区旅发委认真调查处理，经核实，现将有关情况回复如下：    您于2019年3月8日在民主路维客购物广场购买黄龙玉观音7680.00元。因当时未事先联系被投诉单位（维客），于3月10日下午6点15分投诉到人民网。维客发现投诉事件后于晚上8点加了您微信进行沟通处理，维客售后当时就同意退货，并于3月11日下午7点通过微信转账给您7680元，并同意您先退款后退货。    感谢您对我们工作的关心和支持，希望您继续监督我们的工作，顺祝您生活愉快！,回复时间：2019-06-21 01:22
关于束河购买的黄龙玉退货问题,已办理,旅游 感谢,w***,2019-02-1411:02,目前已经正在办理退货，待退款，给书记和商家带来不便，表示感谢及歉意。,古城区信访局,网民朋友：您好！感谢您对我们工作的肯定、理解！,回复时间：2019-02-26 09:20
束河古镇购买黄龙玉，要求退货,已办理,旅游 投诉,w***,2019-02-1317:40,于2019年2月10日，束河古镇内聚宝盈商号购买黄龙玉，价格虚高，要求退货,古城区书记区长信箱,网民同志：您好！  您通过人民网《地方领导留言板》给古城区委书记的留言收悉，古城区人民政府高度重视，及时责成相关部门认真调查处理，翌日收到您的5300002019021590012号信件，表示已正在办理退货退款事宜。感谢您对我们工作的支持与理解，祝您身体健康、生活愉快！,回复时间：2019-02-28 14:11
导游带去银庄买银子,已办理,旅游 投诉,雯***,2019-02-1117:18,买回来的银子产生了变色，价格也虚高了，18.8一克，别的小店6-7一克。导游带去非让买一个做纪念，想申请退货寻求帮助,古城区旅游局,网民同志：您好！   您通过人民网《地方领导留言板》给古城区委书记的留言收悉，古城区委区政府高度重视，及时责成古城区旅发委认真调查处理，现将有关情况回复如下：   收到您的网上信访件后，我委第一时间通过古城区旅游质量监督管理所工作人员联系到您进行沟通，您答复此事已由市旅发委进行了处理，并已补发了增值税发票。   感谢您对我委的工作的支持与理解，祝您身体健康、生活愉快！,回复时间：2019-03-28 01:21
关于雪山艺术古镇退款难的问题已经解决,已办理,城建 感谢,赵***,2019-01-3017:10,关于雪山艺术古镇退款难的问题已经解决。感谢领导们的帮助，祝您们新年快乐，工作顺利，万事如意！,古城区书记区长信箱,网民同志：您好！     感谢您对我们工作的信任理解与肯定，祝身体健康、新春愉快！,回复时间：2019-02-01 01:19
丽江雪山艺术古镇退款难,已办理,城建 投诉,赵***,2019-01-0908:24,您好，尊敬的书记！我是浙江人，八月份去云南旅游时认筹了丽江雪山艺术古镇的一套商业用房，与九月份正式认购了，并催促我交齐首付款。由于开发商没有和银行对接好，不能办理按揭，所以首付款未交，在十一月底要求退还定金两万，开发商迟迟不给解决，拖至今日也没有给出结果。无奈之下，请求陈书记百忙之中抽出时间帮我解决一下问题，谢谢书记,古城区住房和城乡建设局,网民同志：您好！    您通过人民网《地方领导留言板》给古城区委书记的留言收悉，古城区委区政府高度重视，及时责成区住房和城乡建设局认真调查处理，现开发商已与当事人对接退款事宜。    感谢您对我们工作的支持与理解，祝您身体健康、新春愉快！,回复时间：2019-01-30 01:20
求求书记帮帮我讨回公道,已办理,旅游 投诉,y***,2019-01-0122:18,2016年我们一家三口来到梦想中的云南旅游，跟团旅游的！导游说我们属于购物团必须买东西不然要补够团费，当时在滇缅玉石城买了一个手镯，标价是六万六千多，回来后朋友都说不值，请专业人士帮我看了说差不多值三千多，我就打售后服务电话，售后就成空号了！我分别电话去云南物价局和工商投诉，至今没有得到回应！求求书记帮我讨回公道。万分感谢！,古城区旅游局,网民同志：您好！    您通过人民网地方领导留言板给古城区委书记的留言收悉，古城区委区政府高度重视，及时责成区旅发委认真调查处理，现将有关情况回复如下：    您所反映的关于滇缅玉石城购买玉石购货退货问题，按照原国家旅游局制定出台的《旅游投诉处理办法》第九条第四款之规定，已超出了90天的旅游投诉受理时限；其次，自2017年全省旅游市场秩序整治专项行动开展后不久，滇缅玉石城就已停业并转向经营。所以，您的投诉不予受理。    旅发委质检所工作人员已与您沟通，感谢您对我们工作的支持与理解，祝您身体健康、生活愉快！,回复时间：2019-01-17 01:20
洒水车小区附近抽水扰民,已办理,环保 投诉,a***,2019-01-0110:13,这一个星期以来，每天早上8点多都有一辆云P25605牌照的洒水车来我们小区墙外的沟里抽水，声音特大，一抽就是半小时，上午一次，下午一次，大人还好，可我家有刚刚出生的小宝宝，没次都被吵醒，请领导落实一下，洒水车这是属于正常工作还是违规操作，地址在庆云东路正泰和苑旁这条水沟边，谢谢,古城区书记区长信箱,网民同志：您好！    您通过人民网《地方领导留言板》给古城区委书记的留言收悉，古城区人民政府高度重视，及时责成丽江三朵园林公司认真调查处理，现将有关情况回复如下：    经了解，云P25605洒水车为公司生产用车，负责完成丽鹤路每周两次绿化苗木浇水工作任务（每周二、周五），该车夜间停放于公司停车场内，工作人员每周二、周五早上八点半从公司抽水并前往丽鹤路浇灌苗木；为节约油耗，确保工作效率，第二次抽水就近在丽鹤路水沟内抽水，时间大概在九点半至十点左右。    根据目前您所反映的情况，本着不影响附近居民，又能完成公司绿化养护任务的宗旨，已要求该车不再在原位置进行抽水作业。    再此感谢社会各界人士对城市绿化管理工作的关注与监督，公司将尽量杜绝工作中扰民的现象。祝您身体健康、生活愉快！,回复时间：2019-01-18 01:19
关于《古城区瑞宝商号翡翠低价高卖》退货事宜,已办理,旅游 感谢,爱***,2018-12-1110:47,尊敬的领导，商家已经联系我了，也接受可退货申请，烦请撤销对瑞宝商号的投诉，谢谢领导，感谢,古城区书记区长信箱,网民同志：您好！  您通过人民网《地方领导留言板》给古城区委书记的留言收悉，感谢您对我们工作的支持与理解，祝您身体健康、生活愉快！,回复时间：2018-12-18 01:19
古城区瑞宝商号翡翠低价高卖  请领导做主,已办理,旅游 投诉,爱***,2018-12-0914:33,尊敬的领导，上个月参团去丽江游玩，因为经常旅游，这次选到了丽江，想感受一下丽江的魅力，人人向往的好地方，具体来说本次旅游感受还是不错的，路上导游讲解云南风情，旁敲侧击的一路到卖翡翠的地方，说是政府改革旅游，现在都是政府定价，国家估价师估价，而且政府大力支持，现在是买翡翠的好时候，而且每年增长百分之十，现在价格最低。还说这么多云南的工作人员为你服务，不买说不过去，想着也是，来到云南了，翡翠肯定也挺好，也得买点东西，为云南旅游做点贡献嘛，我买了一个翡翠手镯，翡翠貔貅，两对翡翠观音《已送人》，还有云南特产雪花银手镯，近两万元，回到山东后，一个做玉石的亲戚碰巧看到了，就帮忙鉴定，说是价格虚高太多太多，物非所值，所以想退货，这么高的价格买到的东西不值这个价钱，心里很失望，本身我就是一个小职员，一年挣不了多少钱，现在家里人都说我，一家人为了这个人还吵架，我心里也非常不得劲。希望能把翡翠退掉，给销售人员打电话说是不给退货，让我给导游联系，导游也不回复，想退回手镯一只，貔貅一只，挽回部分损失，希望领导能帮忙协调，万分感激。地址是古城区具体不知道在哪，收据显示为古城区瑞宝商号.,古城区工商局,网民同志：您好！    您通过人民网《地方领导留言板》给古城区委书记的留言收悉，古城区委区政府高度重视，及时责成古城区市场监督管理局认真调查处理，，现将有关情况回复如下：    12月10日致电商家同意退货，待消费者把商品寄到后退款。12月14日联系商家称12月13日已收到货，12月14日下午已退款给消费者。    感谢您对我们工作的支持与理解，祝您身体健康、生活愉快！,回复时间：2018-12-22 01:20
环境问题,已办理,环保 建言,我***,2018-11-2413:42,尊敬的领导：       您好，位于旅游学院转盘下面大隆汇超市旁边，有好几家露天卖烧烤，一到晚上7点左右，乌烟瘴气的，烧烤烟特别大，远远都能看得到一股股烟直排冲到柳树上，希望领导能派相关部门暗访，,古城区束河街道办事处,网民同志：您好！  您通过人民网《地方领导留言板》给古城区委书记的留言收悉，古城区束河街道办事处高度重视，结合我区创文工作，组成夜间工作组，对辖区内重点区域的流动摊贩、烧烤摊等进行相关规章制度的宣传及劝导。感谢您对我们 工作的支持与理解，祝您身体健康、生活愉快！,回复时间：2018-12-29 01:20
关于丽江古城区瑞宝商号退货已解决事宜,已办理,旅游 感谢,阿***,2018-11-1017:48,丽江古城区政府的效率之高，瑞宝商号工作人员态度优良，已同意退货。烦请撤销此2018年11月7日对 瑞宝商号关于《丽江古城区瑞宝商号高价售卖低价翡翠》 的投诉。万分感谢。,古城区书记区长信箱,网民同志：您好！  感谢您对我们工作的信任理解与肯定。祝身体健康、生活愉快！,回复时间：2018-11-17 01:19
丽江古城区瑞宝商号高价售卖低价翡翠,已办理,旅游 求助,阿***,2018-11-0907:02,尊敬的丽江领导，本人于11月4日参团来到丽江，一路上导游还强调滇缅玉石由于是政府扶持，所以价格低质量好，每年增值10%，并一个月内可退换。因为相信政府，也为了贫困地方做贡献，所以我买了一个貔貅，17800元，回到深圳让做玉石生意的朋友也帮忙鉴定 ，说最多值2000元，为此事彻夜难眠，我也是普通职员，这么贵的价格却如此不幸，价格虚高，物非所值，所以想退货，希望领导百忙之中协调此事，感激不尽！1.购货地址为古城区瑞宝商行2.现在并不知道瑞宝商行在什么位置，也无地址，仅仅知道是在丽江古城附近,古城区书记区长信箱,网民同志：您好！  您通过人民网《地方领导留言板》给古城区委书记的留言收悉，古城区人民政府高度重视，经协调，商家已做退货退款处理，感谢您对我们工作的支持与理解，祝您身体健康、生活愉快！,回复时间：2018-11-17 01:19
家附近的站街女求治理,已办理,治安 投诉,过***,2018-11-0708:31,丽江市古城区民主路（狮子山背后）七星二街至金凯广场路段，醉汉、夜晚站街女大量聚集在该路段，作为仅剩的几家原住民不堪其扰，生活安全存在极大隐患！作为一个带着孩子的母亲，就连散个步都无数次在进出家门的时候被人以问“价格”为由纠缠不休，在自己害怕的同时，还要保护自己的孩子，面对孩子的疑问，作为母亲我该如何回答？家中单身女性基本晚上不敢独自出入！如何教育小孩？同时，该路段也是去古城的重要路段，对丽江的城市形象也极大地影响！望有关部门给予彻底整治！还我们一个清净的家园，清除丽江城市环境的一个毒瘤！,古城区公安局,陈先生/女士：您好！    您通过人民网地方领导留言板给古城区委书记的留言收悉，古城区委区政府高度重视，及时责成古城区公安分局认真调查处理，现将有关情况回复如下：    我局一直以来对卖淫嫖娼等社会丑恶现象进行严厉打击处理，西安派出所于近日在金甲村一带查获卖淫嫖娼人员和拉客揽客人员，根据《中华人民共和国治安管理处罚法》对以上查获的违法人员予以了行政拘留处罚。今年来，我局西安所已有效开展了打击处理卖淫嫖娼和拉客揽客违法行为，同时派出所协同旅游警察大队查处打击卿云巷、金甲村组织介绍卖淫刑事案件多起。    在今后工作中，我局将进一步加大打击力度，缩小违法犯罪行为的生存空间，进一步净化社会环境。    感谢您对我们工作的支持与理解，祝您身体健康、生活愉快！,回复时间：2018-11-21 01:19
住丽江客栈老板不退压金,已办理,旅游 投诉,莫***,2018-10-0909:18,尊敬的云南省人民政府领导，您们好！本人于2018年10月4号在丽江入住名为“王者居”客栈，5号离开该客栈，没有退回押金，刷卡形式支付（酒店住宿的形式就是直接返回押金入卡）当晚致电客栈负责人，负责人接通后以正在忙为由挂掉电话，说稍后回复，于是等到5号中午12点多一直没有回复。再次致电王者居负责人员，又表示在忙，随即挂断电话。当天联系了丽江市旅游局，以及12315都没有得到回复及处理。致电12301，回复说只能找丽江当地旅游部门处理。作为外地人到丽江旅游，很多地方都是不懂，遇到这类麻烦的事情除了求助政府部门，没有其他任何办法，显得非常的无助，伤心，难过...请问这个事情我该如何处理？谢谢！,古城区书记区长信箱,冯女士：您好！  您通过人民网《地方领导留言板》给古城区委书记的留言收悉，古城区人民政府高度重视，现将有关情况回复如下：经丽江古城保护管理局执法局到现场了解情况，客人通过朋友预定10月4、5日两晚三间家庭房（押金800元），5日下午15时，客人临时取消当晚订单，客栈方与客人协商先退还一半押金，若当晚房间售出，客栈方再退还剩余押金。由于当晚房间未能售出，剩余押金未退还客人。10月10日，经执法局协调，客栈方已退还全部押金。感谢您对我们 工作的支持与理解，祝您身体健康、生活愉快！,回复时间：2018-10-23 09:42
束河古镇小遇客栈住宿,已办理,旅游 投诉,w***,2018-10-0115:44,已在网上订好两晚，晚上11点多到，说没有订单，就到后面客栈住了一晚，第二天早上拿行李去办入住，前台没人，打网上电话预定电话起码十几次没人接，最后在门口看到一个电话才找到人。早上赶着要出去，东西放前台，中途打了两次电话让老板帮忙晾下衣服，到晚上回来时，行李还在前台，没放在房间内，湿衣服也没有晾。看后实在气愤，要求不住，退房，困扰太大，最后只能报警处理。第一，不论我们当晚几点到，既然接了我的单就不能把房间给别人住，给我造成了很大的麻烦！第二，不能存在侥幸心理，客人订了房，没到的话至少打个电话问下，怎能到了说没房，那客人订房有什么意义！第三，办理入住手续太慢。希望可以给予客栈整改意见，加大服务意识。,古城区旅游局,李先生/女士：您好！    您通过人民网地方领导留言板给古城区委书记的留言收悉，古城区委区政府高度重视，及时责成古城区旅发委认真调查处理，现将有关情况回复如下：    经我委质量技术监督所协调处理，我委已对涉事客栈提出批评教育，加强对客栈服务质量进行整改。感谢您对我区旅游质量的关心！祝您身体健康、生活愉快！,回复时间：2018-10-31 01:19
香格里拉迪庆土特产药材,已办理,旅游 咨询,w***,2018-09-2610:37,9月25日到了古城门口，导游说有学生义务者带我们去逛，直接进了一家卖药材的店，药材价格在下图，想问下价格是不是高了很多，可否退款退货，谢谢。,古城区旅游局,网民同志：您好！您通过人民网地方领导留言板给古城区委书记的留言收悉，古城区旅游局高度重视，现将有关情况回复如下： 您的留言内容不清，责任主体不明，又无联系方式（所留联系方式无法联系到您），无法交相关责任主体单位处理，请您谅解。若有不尽之处，可直接向我市旅游投诉热线反映：0888-5123432。感谢您对我们工作的支持与理解，祝您身体健康、生活愉快！,回复时间：2018-12-28 01:19
丽江束河古镇木家老院高价售卖低质翡翠,已办理,旅游 投诉,云***,2018-08-1510:07,尊敬的丽江领导，本人于8月13日参团来到向往已久的云南丽江，一路上导游还强调滇缅玉石由于是政府扶持，所以价格低质量好，每年增值10%，并一个月内可退换。因为相信政府，也为了贫困地方做贡献，所以我买了三个镯子，可是今天，也就是8月14日发现有裂纹，做玉石生意的朋友也帮忙鉴定 ，结果超级打击人，其中一个2万2的镯子只值2千元，为此事彻夜难眠，我也是普通职员，这么贵的价格却如此不幸，价格虚高，物非所值，所以想退货，可却告知不能退！希望领导百忙之中协调此事，感激不尽！,古城区旅游局,网民同志：您好！    您通过人民网地方领导留言板给古城区委书记的留言收悉，古城区委区政府高度重视，及时责成古城区旅发委认真调查处理，现将有关情况回复如下：    2018年8月15日上午11点30分，我委调度中心收到区委宣传部转办的人民网网友投诉束河古镇木家老院高价售卖低质翡翠的网络舆情，在第一时间协调区市场监管局执法大队工作人员赶往束河古镇木家老院进行调查处理，具体情况如下：一、经过认真协商，束河古镇木家老院负责人同意接受了您出的退货退款要求，并及时向您退还了购买的3个手镯的全部款项共计54634元，您对本次协调处理结果表示满意，并在人民网跟帖留言；二、区市场监管局就此次舆情涉及到的一些问题，已对束河古镇木家老院核查，相关工作正在进行当中。    感谢您对我们工作的支持与理解，祝您身体健康、生活愉快！,回复时间：2018-08-28 01:17
定向医学生毕业后卫计局不履行就业协议,已办理,就业 投诉,全***,2018-08-0321:13,"  书记,您好!我是定向于丽江古城的订单定向免费医学生。上大学前我们与古城区卫计局签署就业协议,承诺我们毕业后纳入编制管理,享受基本工资、医保、养老等一系列社会福利,我们觉得丽江是一个美丽的城市,从而选择了为丽江的基层医疗服务。然而当我们本科毕业后，古城区卫计局找各种理由不履行协议,不为我们安排编制。  18年丽江古城区事业单位医疗系统仍然招聘多名编内人员,也就是说编制名额是有，但是就是不给我们落实,更没有任何社会福利,生病了连医保都没有。目前整个云南省除了丽江古城区、玉龙区外,全部都给我们全科医学定向生落实编制等社会福利,古城区给我们落实编制真的就那么困难吗?我们一心响应国家号召,立志为基层医疗贡献力量,但是丽江古城区卫计局的做法另我们感到心寒, 打击了我们的积极性。政府部门应该说话算话，况且有白纸黑字的就业协议，他们公然违约的行为损害了政府部门的公信力。按照公证过的协议,如果古城区卫计局违约，我们有自谋出路而不用承担违约责任的权利,但是我想国家培养我们的目的并不是让我们自谋出路，我们也想安安心心工作学习,踏踏实实为基层服务。为了让我们得到应有的待遇，让我们安心为基层服务, 我们恳求书记为我们主持公道,让我们得到公平公正的对待,谢谢书记!",古城区书记区长信箱,网民同志：您好！  您通过人民网《地方领导留言板》给古城区委书记的留言收悉，您此件留言与2018年7月22日给丽江市委书记的留言相同，我们正在处理中，请耐心等待。祝身体健康、生活愉快！,回复时间：2018-08-08 01:17
丽江《云玉集团》白沙黄龙玉花卉艺术馆，托工资,已办理,企业 投诉,还***,2018-03-2110:15,丽江《云玉集团》白沙黄龙玉花卉艺术馆，拖欠员工长时间工资，给很多员工带来生活上的负担，3月份老板就说以后都是每月按时发工资，可是到了现在连1月份的工资都还没发，现在很多员工都是交不起房租，连吃饭，上班的交通，生活都不能保障了，非常希望能有丽江的领导出来给我们说话。,古城区书记区长信箱,网民同志：您好！      关于该信件反映的企业，不属我古城区管辖，建议您向玉龙县人社部门反映解决。感谢您对我们工作的支持与理解，祝您身体健康、生活愉快！,回复时间：2018-03-23 01:15
束河古镇北门九鼎龙潭至赛拉维客栈没有路灯,已办理,城建 建言,丽***,2017-12-2413:53,束河古镇北门九鼎龙潭至周边客栈都没有路灯，晚上客人出行极其不便，也不安全。,古城区束河街道办事处,网民同志：    您好！您通过人民网地方领导留言板给古城区委书记的留言收悉，古城区委区政府高度重视，及时责成束河街道办事处认真处理，现将有关情况回复如下：    现束河古镇已准备建设束河古镇智慧灯杆项目，项目建设将覆盖整个古镇。现项目已进入立项阶段，我街道将积极推进项目的建设。    感谢您对我们工作的支持与理解，祝您身体健康、新春快乐！,回复时间：2018-02-15 01:15
束河古镇鹿苑路东北饺子馆路口车辆违停占道,已办理,交通 建言,丽***,2017-12-2317:21,束河古镇鹿苑路东北饺子馆路口车辆违停占道(当地乱推车摆摊卖水果等)严重影响游客正常出行，建议旁边空地可改成停车场。,古城区束河街道办事处,网民同志：    您好！您通过人民网地方领导留言板给古城区委书记的留言收悉，古城区委区政府高度重视，及时责成束河街道办事处认真办理，束河古镇管理所及交警中队将加强巡查力度，逐步合理优化停车场等交通设施的设置。感谢您对我们工作的支持与理解，祝您身体健康、新春愉快！,回复时间：2018-02-15 01:15
束河古镇北门及北门晓梦庄酒店旁经常性乱停车,已办理,交通 投诉,丽***,2017-12-2317:21,束河古镇北门及北门晓梦庄酒店旁经常性乱停车，旁边有两个收费停车场却偏偏不停，因为是北门的主路，已严重影响游客及当地居民的正常出行！建议安装违章停车摄像头及禁停标牌。,古城区束河街道办事处,网民同志：    您好！您通过人民网地方领导留言板给古城区委书记的留言收悉，古城区委区政府高度重视，及时责成束河街道办事处认真办理，街道将继续加大交通秩序整治，合理优化交通标牌设置。    感谢您对我们工作的支持与理解，祝您身体健康、新春愉快！,回复时间：2018-02-15 01:15
购买翡翠有问题要扣除手续费,已办理,旅游 求助,所***,2017-08-2514:28,我在云南省丽江市古城区新义街大研花巷云松吟翡石艺术馆买了个玉镯买的是7410 经核实后只值3000 买之前商家说60天无理由退换 今天同意给我退货 但是要收取我手续费 这个属于欺诈  如果退回去不给我退钱 或者调包  求领导解决,古城区工商局,网民同志：您好！    您通过人民网《地方领导留言板》给古城区委书记的留言收悉，古城区工商局高度重视，现将有关情况回复如下：    经查，商家同意全额退款，9月12日我局告知孙女士将手镯保价寄回商家，9月15日已全额退款。    感谢您对我局工作的支持与理解，祝您身体健康、生活愉快！                                                     古城区工商局                                                    2017年9月12日,回复时间：2017-10-09 14:47
翡翠退货维权希望领导帮忙解决,已办理,旅游 求助,所***,2017-08-2510:40,我在古城区新义街大研花巷云松吟翡石艺术馆购买了一个7400的翡翠玉镯 经核实此玉镯只有3000元 现在与卖家协商退货 卖家让我把这个邮寄回去七天内才给我退款 但是如果我邮寄回去不给我退款 并把玉镯自己毁坏了或者调包了 我该怎么维护自己的权益 望领导帮帮忙给解决一下 ,古城区工商局,网民同志：您好！  您通过人民网《地方领导留言板》给古城区委书记的留言收悉，古城区工商局高度重视，现将有关情况回复如下：       经查，商家同意全额退款，9月12日我局告知孙女士将手镯保价寄回商家，9月15日已全额退款。       感谢您对我局工作的支持与理解，祝您身体健康、生活愉快！感谢您对我们工作的支持与理解，祝您身体健康、生活愉快！古城区工商局2017年9月12日,回复时间：2017-10-09 14:47
有禁停标志又有停车位,已办理,交通 投诉,桑***,2017-08-0413:49,尊敬的区委书记           你好        古城区多区域均有禁停标志但又划有停车位，到底能不能停车。前几日我在古城区祥和路白龙潭小学路段，和康仲路客运站附近，在有禁停标志但清晰划有停车位的地方临时停车，均收到处罚通知。想请问一下，有禁停标志但停车位又清晰出现的地方，到底能不能停车？如果不能，为什么不取消停车位或者有其他告示通知？     现在这样不清不楚不明不白，谁都搞不懂要怎么办，以后有停车位的地方，都不知道能不能停，该怎么办？          希望书记能在白忙中为我解答   谢谢,古城区交警一大队,网民同志：您好！    您通过人民网《地方领导留言板》给古城区委书记的留言收悉，古城区交警一大队高度重视，现将有关情况回复如下：    随着交通现状的不断变化，大队对城区交通管理的方式和模式也随着调整，包括对一些路段停车泊位的调整，近些年来既新施划了一些停车泊位，同时也取消了一些停车泊位。在取消泊位时由于铲除不能完全将地面的漆，但大队都会在取消泊位的同时在取消路段摆放相应的提示标牌，所以广大驾驶人在停车时应注意观察周围提示牌。感谢您对我们工作的支持与理解，祝您身体健康、生活愉快！丽江市公安局古城分局交通警察一大队2017年8月29日,回复时间：2017-09-12 15:58
天籁雅筑入住5年拿不到房产证,待回复,城建 求助,匿***,2017-07-2008:18,各位领导，不得不又来了，天籁雅筑入住5年拿不到房产证，反应过一次，相关部门积极打过电话，事隔半年又石沉大海了,,,
丽江的十一路和六路是7点半就开始不载人了吗,待回复,交通 建言,匿***,2017-07-1715:07,从7点20多分左右到达束河路口，一直等到7点54分，期间经过两张六路车，会停下客人但说要下班拒绝载人，经过两张11路车，均不载人。按公交下班时间，不应该这会儿下班。希望管制。,,,
请帮忙处理丽江古城云松吟购买翡翠退货一事感谢,待回复,旅游 感谢,西***,2017-07-0707:12,领导您好，本人在7月5日发的贴，由于没有仔细看发票，上面有售后电话，现在商家已经联系我了，也发了退货地址，正在处理中，希望能够很圆满解决，后续还会跟贴，谢谢领导！,,,
请帮忙处理丽江古城云松吟购买翡翠退货一事,已办理,旅游 求助,西***,2017-07-0607:18,领导你好，2017年6月29日，我们去云南旅游，共六天五夜。7月2日早上，在导游带我们去的丽江古城区新义街大研花巷云松吟购买了2个玉手镯，2个吊坠，总价29792元左右，下午在黄龙玉市场又买了个吊坠价值3080元，当时导游说帮他完成业绩，是政府制定的。可以帮助当地扶贫致富，她提成只有3%，就好心买了，回京发现有坑，其他的就算了，（特意提醒其他游客不要在旅游景点听导游的心软买东西了，退换实在是困难）因为现在已经返回北京了，希望帮忙退了2个的玉镯，一个10260元，一个8740元，因为法定一个月内可以退换，但是因为异地，希望可以邮寄退了，请您看到留言后尽快帮忙处理一下，我们该怎么按退货流程来，这种国内旅游欺诈消费者的事网上很多，希望放宽政策，给足重视，避免旅游业下滑，恳请领导帮帮我，要求退货，不要换，要退货退款，希望尽快解决，谢谢,古城区旅游局,网民同志：    您好！您通过人民网地方领导留言板给古城区委书记的留言收悉，古城区旅游局高度重视，现将有关情况回复如下：    2017年7月2日您到大研花香云松吟购买的玉手镯，希望得到退货，我委已协调丽江市古城区旅游市场综合指挥调度中心和我委下属的古城区旅游质量监督管理所通知商家退货，我委也协调古城区市场监督管理局加强市场监管，因该信访件中涉及导游诱导购物，严重违反《云南省旅游市场二十二条禁令》，我委將继续加强旅游市场监管，对违反规定的购物店加强执法，加强辖区管理。     感谢您对我委 工作的支持与理解，祝您身体健康、生活愉快！                       古城区旅游发展委员会                               2017年8月7日,回复时间：2017-09-12 14:41
关于上一篇丽江旅游感谢,待回复,旅游 感谢,k***,2017-07-0506:49,领导您好！关于本人于2017年6月30日11:37分留言关于退货一事，商家已经第一时间与本人取得联系，并积极配合处理我的事情，现已办理完毕退货退款。在此忠心感谢在此过程中倾力相助的商家、旅行社，之前因本人不知道如何处理此事，故未与商家联系而直接寻求人民网帮助，在此对商家所造成的不良影响深感抱歉，我们于6月13日自行进店选购，旅行社旅游行程安排的过程中导游也相当关心我们，沿途为我们讲解民风民俗，尽职尽责，至于2%和政府制定，因我们一时心急参照复制了其它网络流言，对此表示歉意，从此事处理过程中，我们对丽江有这样的各级领导班子和诚信商家充满信心，我相信丽江会越来越好，梦幻丽江我们还会再来，谢谢！,,,
古城区马勐湾玉石城退货困难,已办理,旅游 求助,k***,2017-07-0307:37,领导你好，2017年6月13日，我们去云南旅游，共六天五夜。6月23日早上，在导游带我们去的丽江古城区马勐湾玉石城购买了2个玉手镯，一个吊坠，总价16000元左右，下午在黄龙玉市场买了手镯和戒指价值4000，当时导游说帮他完成业绩，是政府制定的。可以帮助当地扶贫致富，他提成只有2%，就好心买了，回京发现有坑，其他的就算了，（特意提醒其他游客不要在旅游景点听导游的心软买东西了，退换实在是困难）因为现在已经返回北京了，希望帮忙退了8000左右的玉镯，因为法定一个月内可以退换，但是因为异地，希望可以邮寄退了，当然您看到留言可能已经过期了，这种国内旅游欺诈消费者的事网上很多，希望放宽政策，给足重视，避免旅游业下滑，恳请领导帮帮我，要求退货，不要换，要退货退款，希望尽快解决，谢谢！,古城区旅游局,网民同志：您好！    您通过人民网《地方领导留言板》给古城区委书记的留言收悉，古城区旅游发展委员会高度重视，现将有关情况回复如下：    2017年7月3日上午，我委接到网上投诉后，已在第一时间协调丽江市古城区旅游市场监管调度中心协调处理，旅游市场调度中心于第一时间联系了马勐湾玉石城负责人进行协调处理。2017年7月4日，马勐湾玉石城负责人已将货款通过微信转账退还给游客，并已确认收到，但由于电信网络不稳定，我委未能及时调整和收件，因此未能及时在网络上答复。下一步，我委將加大执法监督力度，充分发挥协调能力，加强与相关单位合作，切实保障来丽游客的利益！！！感谢您对我们工作的支持与理解，祝您身体健康、生活愉快！                                                         古城区旅游发展委员会                                                                 2017年9月4日              ,回复时间：2017-09-12 15:57
情况说明,待回复,旅游 感谢,c***,2017-07-0214:41,  领导你好，本人于2017年6月29日中午13点52分留言，关于退货一事，商家已与本人联系，之前中间过程产生误会，已互相沟通处理，双方都相当满意。导游也相当关心我们，倾情相助，积极配合，当日在导游完成了全部束河景区的讲解后，我们自愿进入商场购物，导游并未陪同。此事已积极妥善处理完毕，全部款项已退还。手镯也已交还给旅行社，并由旅行社交还给商家，感谢领导关心，谢谢商家，谢谢导游，谢谢中间所有的工作人员！,,,
古城区马勐湾玉石城以次充好,已办理,旅游 投诉,c***,2017-06-2916:31,领导你好，2017年6月21日，公司组织我们去云南旅游，共六天五夜。6月24日早上，在导游带我们去的丽江古城区马勐湾玉石城购买了四个玉手镯，总价29980元，由于是送人的，对于本人没来选购一事一 直很担心，但是购买的时候导游和工作人员一再肯定说只要知道身高体重，就可以 帮我选适合的手镯，于是就狠下心来购买了。隔天发现有裂纹，于是和导游说退货，但导游坚持说这个是纹理，可以换不能退。怀着对导游的信任，于是没有再提。26号返回这宁波，立马让人试戴，结果没有一个可以戴进去的。而且有熟识的做珠宝生意的人说的价格居然相差8倍多。当时我就懵了，感觉被骗，现在老公怪我乱花钱，自己内疚的要命，整晚睡不着，整个人浑浑噩噩的，我是打工的，这些钱也是省吃俭用省下来的，恳请领导帮帮我，要求退货，不要换，要全部退货退款，希望尽快解决，谢谢！,古城区旅游局,网民同志：    您好！您通过人民网地方领导留言板给古城区委书记的留言收悉，古城区旅游局高度重视，现将有关情况回复如下：    您于2017年6月29日中午13点52分分留言，关于退货一事，我委已协调古城区旅游市场监管调度中心和古城区旅游市场监督管理所协商处理，商家和导游已在协商处理，我委也尽力协商古城区市场监督管理局加强市场监管，此后我委也会加强监管，督促各购物店严格遵守《云南省旅游市场秩序整治工作措施》。感谢您对我委 工作的支持与理解，祝您身体健康、生活愉快！                                    丽江市古城区旅游发展委员会                                    2017年8月7日,回复时间：2017-09-12 14:41
报名参加5天纯玩游被带购物点消费,已办理,旅游 投诉,L***,2017-06-1507:16,在广东报名参加6.8-6.12日五天纯玩游，6.12日在游玩束河古镇前被地陪送去马勐湾玉石城参观购物，当时在车上地陪对旅客说这个景点她们无法进去，只能把我们放下，现场有工作人员把我们领去参观，当时心中就猜到是购物点，进去后每人派了一个特定号码的牌要求必须带身上，待会吃饭逛古镇都需要用到它，参观过程中有专门的工作人员全程跟踪，只要稍微低头看一下产品她就会拿起来给你试戴讲解，经过一个多小时的疯狂式洗脑，最后以4278元价格购买了一只贵妃手镯，当时工作人员说这价格市面上绝对买不到这么好的产品，在我们广东绝对要上万才能买，还说会保值会越来越值钱！6.13日回广东后马上联系一位有30多年玉器经验的朋友鉴别，友人一看就说买了次品，这价格很明显虚高了好几倍，在他们同行这款类似的最好的也就值1000，于是马上联系收据上的售后和监督电话，发现根本无法打进！此时此刻整个人都不好了！参加的纯玩团，被带去购物，还被忽悠把以次充好的产品高价购入！这就是传说中的云南旅游吗？旅游是其次？购物是重点？可信誉呢？口碑呢？真的就比不上这种黑心买卖吗？真的很心寒，购买时口口声声后期可以进行售后，结果一旦购买了找个人理赔都没有！作为消费者，旅游者，该如何维权呢？要通过怎样的渠道才能找到可以帮我维护个人权益才能帮我进行退货处理呢？我不求能有地陪说的买到假一赔十就是赚到了，我只求我买到的产品是物有所值货真价实而不是以次充好虚高价格的！希望能有相关部门帮我跟踪处理，同时也希望旅游业对于这方面的整顿能加强力度，改善社会风气，能真正做到一心一意推广地方文化特色产业,古城区旅游局,网民同志：您好！    您通过人民网地方领导留言板给古城区委书记的留言收悉，古城区委区政府高度重视，及时责成区旅发委认真调查处理，现将有关情况回复如下：    您所投诉的信件我委已通过我单位旅游质量监督管理所协调区旅游质量调度中心协商，与2017年6月14日联系到商场售后，经过协商在2017年6月15日答应办理给您退货事宜，与6月19日商场收到游客货品已将货款汇入您的指定银行账号上。   我委也多次联合古城区市场监督管理局对马勐湾进行专项检查，尤其在接到云南省旅游市场秩序整治工作领导小组整改通知后，2017年6月24日、6月26日分批组织工作人员8人前往马勐湾玉石城进行检查。经检查在接到通知后店内委发现导游、司机带团进店购物和发放带编号的温馨提示卡的情况，同时已经告知店面负责人，严格执行《云南省旅游市场秩序整治工作措施》22条规定，严禁导游、司机带团进店购物。一经发现，将严格按照相关法律法规严肃查处，并建议取消马勐湾玉石城换乘点，根除导游、司机带团进店购物情况。另我委向市旅游管理部门驻马勐湾工作人员了解到，平时导游、司机都是在警戒线以外的员工餐厅等地活动。    马勐湾玉石城在接到整改通知后，已取消导购发放温馨提示卡，同时在店外摆放司机、导游谢绝入内的标识牌和警戒线。    感谢您对我们工作的支持与理解，祝您身体健康、生活愉快！,回复时间：2017-07-12 16:30
销售瑕疵翡翠,已办理,旅游 求助,巧***,2017-06-0115:57,您好，我是山西大同，原本对前年云南之行很开心，今年再次踏上云南旅程，随着跟团旅行被带到翡翠购物点。买了一只价值不菲的镯子，当时发现有裂纹多次向销售人员咨询，皆否决，说是纹理。高兴买下。在飞往西双版纳途中，阳光照射下明显是裂纹。随后打了监管部门电话，他告诉我如果用指甲可以抠到，就是裂纹。我现在很失望对这次云南之行，希望您在百忙之中可以协助我无理由无手续费退货，因为我就此损失了往返丽江和西双版纳的机票费用，还有我未能去进行西双版纳的景点。,古城区工商局,网民同志：您好！您通过人民网地方领导留言板给古城区委书记的留言收悉，古城区工商局高度重视。经查，商家已退款74800元。  感谢您对我们工作的支持与理解，祝您身体健康、生活愉快！,回复时间：2017-06-22 09:54
束河酒吧街小巴黎酒吧旁后有废旧车辆求拖走,已办理,环保 求助,匿***,2017-05-2005:30,有一废旧车辆粤BJ2642 停在束河酒吧街新境普洱茶业后， 有六七年时间，多方联系都没有人处理！严重影响我们生活，求助相关部门拖走！,古城区公安局,网民同志：您好！您通过人民网地方领导留言板给古城区委书记的留言收悉，古城区委区政府高度重视，及时责成古城公安分局认真调查处理，现将有关情况回复如下： 丽江市公安局交通警察支队城市交通警察大队接到信后，立即到现场查看该车辆，通过车辆号牌系统查询车主，并进行了联系电话，但该电话号码一直无法接通，民警联系不到车主，之后民警将该车拖移至了不影响车辆通行和群众生产生活的地方。感谢您对我们工作的支持、理解，祝您身体健康、生活愉快！,回复时间：2017-06-12 11:06
束河古镇古道藏家出售高价假药,已办理,旅游 投诉,匿***,2017-04-3009:00,我是一名外地游客，爱好旅游，对云南的风土人情尤其向往，因为一直以来各种负面新闻，也一直未敢前往，在朋友的鼓励下，今年和老公来这里旅游，昆明和大理之行让我很开心，而最后一站的丽江让我十分窝火，今天，也就是4月29号，我们来到束河古镇古道藏家，怀着神圣虔诚的心，参观游览，不料被坐镇的几位所谓的藏医忽悠，购买了几百元的药物，回到宾馆上网查看了电子监管码，并没有发现相关信息，此刻恍然大悟，上当受骗，十分气愤，此生最憎恨卖假药，而这些人竟在如此神圣的地方，出售高价假药，难道不怕良心和佛祖的谴责吗？这里附上购买单据。,古城区信访局,网友同志： 您好！您通过人民网地方频道的留言收悉。您反映的问题，古城区委区人民政府高度重视，已转交相关部门办理，现将有关情况回复如下：商家与您协商沟通后，双方达成一致处理意见。 感谢您对我区旅游事业的关注与支持。欢迎您来丽江旅游观光！顺祝身体健康、工作顺利。,回复时间：2017-04-30 19:41
为什么现在丽江导游 还是满口脏话 ,已办理,旅游 投诉,匿***,2017-04-0117:38,3月28刚刚从云南回来为什么 现在的导游现在还是满口脏话 还带威胁购物 不是在整治当中么 也没有看见导游人员佩戴导游证 动不动就是不买东西就威胁混蛋 或者拿刀架脖子上面，还扬言不怕录音 随便录 这样的丽江以后谁还敢去么  ,古城区旅游局,网民同志：您好！您通过人民网地方领导留言板给古城区委书记的留言收悉，古城区旅游局高度重视，现将有关情况回复如下：您的留言内容不清，责任主体不明，又无有效联系方式（所留联系方式无法联系到您），无法交相关责任主体单位处理，请您谅解。祝身体健康，生活愉快！感谢您对我们工作的支持与理解，祝您身体健康、生活愉快！,回复时间：2017-05-24 11:22
路灯昏暗带来安全隐患,已办理,城建 求助,匿***,2017-03-2717:03,书记您好，位于丽江市古城区福星路段（丽月湖岸公园附近）临近丽月湖岸小区、国土苑和妇幼保健院，是很多妇孺老幼经常经过的路段，该段的路灯特别昏暗，晚上亮着等于没有亮。给该路段的夜间治安带来很多隐患，且该路段曾多次发生抢劫事故，望相关领导可以更换路灯。,古城区城市综合行政执法局,网民同志：您好！    您通过人民网地方领导留言板给古城区委书记的留言收悉，古城区城市综合行政执法局高度重视，现将有关情况回复如下：    福星路（福慧路-玉福路），位于我区城市中心，道路全长1300m，目前设置50座8米高低臂太阳能路灯，路灯间距35米，双边对称安装。现因太阳能路灯光源功率较低，灯杆高度不足等原因，造成路面照明效果差。为了改善道路照明，提升照明质量，我局已拟定该路段改造方案并上报上级部门，待方案确定和资金问题落实后尽快实施。    感谢您对我们工作的支持与理解，祝您身体健康、生活愉快！,回复时间：2017-05-12 10:09
丽江司机，绕道，乱要价,已办理,交通 投诉,匿***,2017-03-2514:00,2017年3月24日，丽江司机，车牌号PT0002司机，绕路，威胁我们让我们交35元得车费，从南门上车，到火车站要了我们35，还威胁我们，我们害怕就给了，，他的手机号18288856598就这样的地方载客严重，谁敢来丽江，,古城区交通局,网民同志：您好！您通过人民网地方领导留言板给古城区委书记的留言收悉，古城区交通局高度重视，现将有关情况回复如下：　　我局收悉关于投诉信件“丽江司机绕道乱要价”的文件批办单后，立即安排运政管理所工作人员根据投诉内容及时联系投诉人及涉事车辆驾驶员进行了情况了解，现回复如下：　　1、根据涉事车云PT0002号车驾驶员陈述，由于投诉事发事件过久，对该投诉事件记不清，但该驾驶员否认从事出租车运营有过威胁乘客的行为，同时驾驶员反映从古城南门到火车站打表价格在30元左右，如遇堵车等情况会到35元，该情况通过对其他出租车驾驶员的了解也得到证实。　　2、投诉人反映，该投诉旨在监督举报丽江出租车的违规违法经营，无需退款、道歉等后续处理结果。　　由于对违法事由无确凿证据证实，古城区运政管理所已对该涉事司机进行批评教育处理，要求驾驶员学习法律法规，自觉提升服务质量水平，坚决杜绝拒载、议价、绕道等违法违规经营行为。同时古城区运政管理所所将加强执法工作力度、加大工作宣传、畅通监督举报平台，着力维护好出租客运市场秩序。最后感谢您的关心和监督。祝身体健康，生活愉快！　　　　　　　　　　　　　　　　　丽江市古城区交通运输局　　　　　　　　　　　　　　　　　　　　2017年8月14日,回复时间：2017-09-12 14:41
黄龙玉被骗,已办理,旅游 求助,匿***,2017-03-2218:55,在导游带去的黄龙玉馆买的16000的黄龙玉佩件，价值几百，完全被骗，要求退货。不能只是换货。我们是来旅游的，想买配件，没曾想被骗了，希望旅游团骗人，以次充好。希望能给我们一个说法。谢谢。,古城区工商局,网民同志：您好！    您通过人民网地方领导留言板给古城区委书记的留言收悉，古城区工商局高度重视，现将有关情况回复如下：    经查，被投诉店已退款，你已于3月31日收到退款16000元。    感谢您对我们工作的支持与理解，祝您身体健康、生活愉快！,回复时间：2017-05-12 10:09
象政综合执法局对面农家乐经常深夜噪声污染太大,已办理,环保 投诉,匿***,2017-03-1708:29,象山西路市政局对面的有家农家乐经常深夜放着大音响，整个片区吵得深夜无法入睡，受不了了！！,古城区公安局,网民同志：    您好！您通过人民网地方领导留言板给古城区委书记的留言收悉，古城区委区政府高度重视，及时责成古城区公安分局认真调查处理，现将有关情况回复如下：    2017年6月21、22、23日，西安派出民警多次到象山西路市邮政局对面巷子就农家乐深夜放音响扰民的情况开展走访调查，该巷子现有农家乐5家，夜间均未营业，没有深夜放音响扰民的情况；其中接到办喜事时夜间偶尔会有营业并放音响打跳的情况，经对周边居民走访，居民户对农家乐扰民一事意见不大。民警对该巷子现有农家乐5家一一进行了告知，要求夜间一律不得放音响扰民，并告知周边居民如发现农家乐夜间扰民等情况可直接打110报警求助。    祝身体健康，生活愉快！,回复时间：2017-06-28 12:38
退黄龙玉手镯,已办理,旅游 求助,匿***,2017-03-0307:52,我在丽江买黃龙玉手镯，想退，销售说须付5%手续费，我同意了，又说太麻烦，想给我挨，帮忙，我该怎么办？,古城区书记区长信箱,刘先生/女士：    你好！该信件反映的购物投诉问题，建议你直接致件或致电市级部门，或者向丽江市旅发委质监所进行反映以得处理。感谢你的来信！祝您身体健康、生活愉快！,回复时间：2017-03-10 09:34
世星文旅公司，古城东方项目，恶意侵吞诚意金,已办理,城建 投诉,匿***,2017-02-2715:06,尊敬的领导：你好，我是一名普通市民，我叫汪中彦，2014年9月21日，丽江古城东方楼盘在成都开推介会，出于对魅力丽江的向往，我在丽江古城东方交了2万诚意金，签了意向书，说如果不买退回诚意金。交了诚意金以后，说的是项目10月份开盘，结果一直推迟开盘，到2015年1月，我提出退回诚意金，丽江世星文化旅游发展有限公司要求我办理退款流程，交回收据和诚意金单子原件，不给就不给退款，没有办法我们只得交出收据（本人把收据复印留底了）。当时办理的置业顾问说，一个月内退还，现在事情都过去2年多了，诚意金还没有退还，丽江世星文化旅游发展有限公司一直拖延，到后来置业顾问也辞职了，古城东方的售楼部也没人了。购房意向书、交诚意金的收据都被古城东方售楼处收回，诚意金却没有退回！！！！现在打电话给对方负责人，对方竟不承认了！！这态度太恶劣了吧？多影响丽江的形象啊？以后谁还敢到丽江来买房？针对这种恶意拖欠，甚至诈骗的行为，请相关领导支持公道和正义，督促对方尽快退款！,古城区书记区长信箱,汪先生/女士：    你好！来信收悉。关于您反映的问题，可向古城区人民法院诉讼服务中心详细咨询，通过法律途径以求解决。（古城区法院电话：0888-5332900）感谢来信！,回复时间：2017-03-02 10:03
要求全部退款，工薪阶层准备儿子结婚礼物，没想,已办理,其他 求助,匿***,2017-02-2511:27,你好我是2月9号在丽江马勒湾玉石城买的翡翠手镯两只貔貅一只，总价65000元，通过坚定存在价格欺诈，要求全部退款，希望尽快解决，谢谢。,古城区工商局,网民同志：您好！您通过人民网地方领导留言板给古城区委书记的留言收悉，古城区工商局高度重视，现将有关情况回复如下：通过调解，双方达成一致意见：两只手镯作退货处理（55430元），貔貅消费者安女士自愿留下。感谢您对我们工作的支持与理解，祝您身体健康、生活愉快！,回复时间：2017-03-14 11:27
云玉博览园价格虚高,已办理,旅游 投诉,匿***,2017-02-1910:43,  尊敬的领导你好，本人于2月18日购买商品墨翠，翡翠观音个一件。总价值13600.抱着旅游带动地方经济发展消费。殊不知产品价格于产品价值严重不合，一个好好旅游城市如此风气不正如何持续下去，特像你们反映情况，望予以处理，给予退货，还我公道,古城区书记区长信箱,陈先生/女士：    你好！该信件反映的旅游购物投诉问题，建议你直接致件或致电市级部门，或者向丽江市旅发委质监所进行反映以得处理。感谢你的来信！,回复时间：2017-03-02 10:03
导游按排购物点问题多,已办理,旅游 投诉,旅***,2017-02-1514:28,您好！我们一家三口于2017.1.26日参团旅游云南行程昆大丽，由当地华夏假期旅行社接待，云南风景我们一家向往以久，一路走来，风景优美。但是好的心情全被导游抹杀，导游口材太好了讽刺挖苦还有利诱，不得不在导游的按排下，走进每家购物店，进行购物。我们每人团费4050元，当地住宿标准都很好，所有费用肯定超出我们所交团费，所以我们也愿意支持云南旅游业，购买一些当地产品，弥补团费差价。购买商品几百元以下的，我就忽略不提了，说一下贵些的产品。导游再三强调，购物点所售商品价格决对低于当地同等商品，购物决无后顾之忧，我们相信云南所派导游和当地的商店。所以分别在圣源翡翠店购买了手镯36600元，玉佛10800元。在大理州银都水乡，大理新华花市购买黄龙玉手串7280元，回到当地后，才发现同等商品价格需高的太多了。心情难过至极，马上打了售后电话，圣源的经理回复比较快，回复内容是不能退，可以以1.5倍赠值价格来换购商品，但是经过视频挑选，我们真是不能确定商品的价值，另外说可以打8.8折退回差价，那这样也是需高很多呀，36600的手镯在我们当地，几千块钱都可以买下来了。对于圣源的解决方法我们现在无法认同，也不知道如何解决。黄龙玉手串打过售后给了一个电话，打过多次，电话无人接听，黄龙玉所带证书网上查不到，到现在无人给解释。5万多块钱，如果我们真的能得到等值商品也就罢了，但是现在价格需高到将近10倍左右。请书记看到邮件后，能协助我们解决此事。万分感谢！,古城区书记区长信箱,    你好！该信件反映的购物投诉问题，建议你直接致件或致电市级部门，或者向丽江市旅发委质监所进行反映以得处理。感谢你的来信！,回复时间：2017-03-02 10:02
购买物品虚高,已办理,旅游 投诉,匿***,2017-02-1508:03,参团在丽江同春商贸有限公司购买的南红吊坠，严重与购买的价格不符，联系商家发票上的电话号码未能接通，本来买东西是一件开心的事情，现在十分闹心，现希望领导能协助联系到商家退掉商品，不胜感激！,古城区工商局,袁先生/女士：您好！    您通过人民网地方领导留言板给古城区委书记的留言收悉，古城区工商局高度重视，立即责令同春商贸公司及时解决，同春商贸公司表示同意退款退货。    感谢您对我们工作的支持与理解，祝您身体健康、生活愉快！,回复时间：2017-03-23 00:06
求助区委书记！,已办理,旅游 求助,匿***,2017-02-1210:40,书记您好！我们跟团在丽江市古城区束河路银得天下购买了黄龙玉貔貅挂件一个8000元和银水杯一个1680元，经回来鉴定貔貅价值800元而且内部有裂纹，银杯子我们买的时候是纯度是s999的有发票回来发现竟然是s990的，我们希望求助书记退掉这两件东西！希望得到帮助！,古城区书记区长信箱,    你好！该信件反映的购物投诉问题，建议你直接致件或致电市级部门，或者向丽江市旅发委质监所进行反映以得处理。感谢你的来信！,回复时间：2017-03-02 10:03
诈骗,已办理,医疗 投诉,匿***,2017-02-1116:10,前几天去丽江束河古镇古道藏家藏医药博物院被一个假藏医诈骗。处于对藏医的信任买了好多药物，那个藏医自称是边巴藏医，正经的老牌藏医学院毕业，看病经验有37年，可是出门后我就感觉被骗了，结果当地的老百姓说哪里就没有藏医，都是一帮江湖骗子。根本就没有行医资格，买的药物后回去当地医院检查也说根本就没有的事，只是乳腺增生，被那个骗子藏医说是乳腺癌。我只恳求当地医疗监管部门去查出那个骗子。至于药费能不能退，就当做花钱买经验。,古城区书记区长信箱,    你好！该信件反映的购物投诉问题，建议你直接致件或致电市级部门，或者向丽江市旅发委质监所进行反映以得处理。感谢你的来信！,回复时间：2017-03-02 10:02
在丽江束河高氏银坊买了假银子手链649元。,已办理,旅游 投诉,匿***,2017-01-2011:10,16年12月30中午和同事去丽江束河古城旅游时，在康普巷中段高氏银坊买了雪花银手链一条。回来戴了二十天开始发黑有红色锈斑，而且链子硬度很高，牙齿咬一点不变形不留痕，是条假雪花银链子。和店家联系，他们了解情况后，让我拍照发她，发了后又说给我地址快递回去给处理。但后来左等右等不给我发地址，也不搭理我，拖着不预处理。请当地政府维权部门帮助我们解决处理。让外地人去丽江旅游有一个更安心的环境。谢谢。,古城区书记区长信箱,    你好！该信件反映的购物投诉问题，建议你直接致件或致电市级部门，或者向丽江市旅发委质监所进行反映以得处理。感谢你的来信！,回复时间：2017-03-02 10:02
在导游带领下去银领天下买黄龙玉价格虚高,待回复,旅游 投诉,匿***,2017-01-1717:28,20170101这么美好的一天，直接去银领天下黄龙玉商城购买黄龙玉，看到商城规模很大，导游告知这是最大的黄龙玉市场，想着这不可能骗人吧，毕竟商场购物可以退换，在工作人员一对一服务中，买了一块19800元的挂坠，水草花的，回家一看，后面纹路太多，而且经我同学丈夫，（长年经营珠宝）请他的经验，这块玉坠最多8000，我当时气愤不已，我是20161228去的，我的家人12个人也交钱定在20170118号去云南旅行，我介绍朋友也定在20170120去云南旅行，这么欺诈行为有损云南的一片纯净蓝天，更让我们心寒，希望你百忙之中协调此事，还我们这些游客一个良心。,,,
丽江银得天下黄龙玉价格欺诈,已办理,旅游 求助,匿***,2017-01-1622:35,我与2016年12.29号去云南丽江大理香格里拉旅游，一路上全是购物店，先是石林然后七彩云南，再就是大理，洱海2017.01.01到达丽江古城，黄龙玉是国玉，导游一直强调，也打亲情牌支持山区孩子读书，一路下来，感觉很累，架不住导游劝说，买了29800的吊坠，回来经过专业人士鉴定，根本不值这个钱，也就12000元，听后，我是一病不起，上火，经询问不给退，请领导百忙之中协调此事。             保重身体              急盼   ,古城区书记区长信箱,郑先生/女士：    你好！该信件中未提到购物店、旅行社、你本人有效联系方式等信息，为快捷有效得以处理，请直接致件或致电市级部门，或者向丽江市旅发委质监所。感谢你的来信！    祝早日康复！,回复时间：2017-03-02 10:02
我在香格里拉旅游买了高价药,已办理,旅游 投诉,匿***,2017-01-1015:00,我在香格里拉圣地牦牛藏药材店购买了两万块钱的药材，给我造成了很大损失，经过上网查证，这里经常出现诱导旅客购买高价药的欺诈行为、我要求对我合理赔偿 返还我的药费。,古城区书记区长信箱,杜先生/女士：    你好！该信件反映的购物投诉问题，建议你直接致件或致电市级部门，或者向丽江市旅发委质监所进行反映以得处理。感谢你的来信！,回复时间：2017-03-02 10:02
你好，丽江卖假烟的太多,已办理,旅游 投诉,匿***,2017-01-0817:55,你好，本人来丽江旅游，在祥和路柏龙水榭二期对面，龙凤祥超市买云南本地玉溪23的，4包，回酒店抽发现是假的，回去理论，老板还说假的怎么了，你投诉我好了，难道丽江都这样做生意，，怪不得家里的人都说丽江的东西不能乱买，痛心。,古城区书记区长信箱,李先生/女士：    你好！该信件反映的购物投诉问题，建议你直接致件或致电丽江市旅发委质监所进行反映以得处理。感谢你的来信！,回复时间：2017-03-02 10:03
在圣源珠宝买的翡翠手镯价格不值这个价格要退货,已办理,旅游 投诉,匿***,2017-01-0613:48,2015年12月跟老公去云南度蜜月，导游带我们去圣源珠宝，在路上导游就一直说一些不太好听的话，有点强迫购买的意思，买了一款手镯买回来就没戴过，今天拿出来真心觉得不值4580这个价格，不仅有裂纹，还有很多杂质，要求退货,古城区书记区长信箱,杨女士：    你好！该信件反映的购物投诉问题，建议你直接致件或致电市级部门，或者向丽江市旅发委质监所进行反映以得处理。感谢你的来信！,回复时间：2017-03-02 10:02
出租车无人管，不用GPS，人身财产都不安全,待回复,交通 求助,匿***,2016-12-2809:35,您好，      我怀着无限期待到达丽江，准备欣赏美景。但是第一天就被绊住了。今天也就是12.27日早六点多从火车站打车到福慧路如家酒店，下车时行李箱遗落出租车。发现后，先去派出所和交警大队没有结果，天网科技答复GPS系统停用，拨打出租车协会电话关机，出租车投诉热线说没办法，一整天都没有结果。      虽然是我的粗心遗失行李箱，但是丽江如此出名的一个旅游城市，出租车竟然没有任何监管组织，也没有GPS管理，网上复古丽江出租车一片怨声载道，这实在是与丽江文明古城的形象不符！请您查实，也请您协助我一个远道而来的弱势游客，谢谢！,,,
云南之行的苦恼,待回复,旅游 投诉,匿***,2016-12-1914:59,尊敬的书记您好，打扰了，我于本月7日参加了昆明风昇旅行社10天九晚的云南之游，10号在帕沙翡翠城花23070元买了个手镯，回来发现根本不值这么多钱，虚高有十备之多，苦恼啊，今天和他们交涉说退我货款的百分之十，我不同意，就想退货，旅游法明文规定30内无条件退货的，恳求领导给我做主啊,,,
丽江人民缺乏打工法律意识,待回复,就业 投诉,匿***,2016-12-0615:04,现在好多用人单位都以试用期为由不给打工的工资！我前段时间去过厨房当学徒，工作三天觉得太累和老板说不做了，他以试用期期间不给工资！前几天我又去送快递，劳动合同没有！又以试用期为由，我工作十多天去时说好一个月底薪是多少，中途我觉得太累和老板说不做了，过几天去要工资，老板说是我自己走的没有工资！我想请您帮帮我！,,,
建议丽江古城相关部门加大对科研工作的支持力度,待回复,教育 建言,匿***,2016-11-3008:24,我是一名云南大学在读研究生，最近因为毕业论文的事情使困惑了我很久，不是在于毕业论文有多么难写，而在于论文调研的可操作性，政府行政部门的资料收集一直是论文进行下去的最大阻碍。其实我们选择丽江古城作为研究对象，也是为了更好的分析丽江古城的问题，立足现实，利于丽江的可持续发展。丽江古城相关政府部门与科研教育的对接十分必要，作为一个即将毕业的普通研究生来说，我非常希望政府能够成为我们科研论文的助力，而不是阻力，希望我们以正当目的到丽江古城政府部门收取资料的时候得到配合。最后，希望我的建议能够得到重视，谢谢您！,,,
帕沙玉石城欺骗消费者,待回复,旅游 投诉,匿***,2016-11-2109:59,李书记您好！我是佛山市一名普通老百姓，本月13日和朋友一起报团来云南旅游，本来是非常期待的一场快乐的行程，没想到短短几天就变成了恶梦！一路上导游就给我们洗脑，讲解的不是文化风俗，不是风景名胜，而是佩戴玉石的好处。终于到了购物环节，告诉我们要去的玉石城都是云南政府指定的，本地人都会去买的正规玉石城，价格最低，而且每年都会增值10%，事实证明这套说辞是全云南导游都会的。我和朋友各购买1块玉佛、1块玉观音总价3万4千余元，而我们整个团30个人，总共购买了10万元的玉石。17号晚上1点多回到佛山，因为自己不懂，心情一直很忐忑，过了2天19号去了玉石的店家鉴定，均被告之为几百元的低价品，价格虚高的吓人！本来旅游是高兴的事情，可我们花钱买到不符实的物品，怎么能不生气？做为一个普通的老百姓，一万几千可不是一个小数目，本来旅游是件开心的事，这下变成了一个大笑话！！！如果1万多元的东西能值个八九千元，我也认了，可零头都不值啊，李书记！请李书记为我们做主，让店家给我们退货处理。请李书记百忙之中抽时间帮我们小老百姓解决一下，在此谢过！！！敬上！！！,,,
民主路锦天国际花苑不办两证,待回复,企业 求助,匿***,2016-11-0308:54,尊敬的领导，我是锦天国际花苑的购房者。我于2009年银行按揭购买锦天国际住房，2011年交房至今，开发商未给小区住户办理相关产权证书。经了解，未办理的原因是开发商已将住户所交维修基金和税收挪做他用，所以办不了两证？现小区住户要求开发商办理证书，开发商以没有资金为借口，称办不了两证，如需办证，住户需借给开发商20000元才能办理。像我这样购房都是首付靠借，其他靠贷款购买的住户，哪还有钱借给开发商。更何况这办证的钱应该我们借给他吗？我们作为一个靠上班赚钱的老百姓，一辈子可能就买这一套房子，现在出了这样的情况，真不知怎么办？有的外地的住户，因没有两证，孩子上学成了麻烦事。有的现在离开丽江了，房子卖了，收了点定金，几年了，但没两证，收不到尾款。因没有两证，造成很不多不必要的麻烦。政府说，有事找政府，有困难找政府，现在，我恳请政府帮住我们广大住户解决房产证和土地证的问题。在此代表所有小区业主表示感谢。,,,
丽江帕沙玉石城价格虚高，要求退货无果,待回复,旅游 求助,匿***,2016-10-3109:48,   尊敬的书记您好！我是一位来云南旅游的游客，就在昨天我在丽江帕沙玉石城买了一个玉镯31260，和一块吊坠9027，但是买回去之后，专门找专业人士看了一下，说这个玉镯最多值10000，而吊坠最多3000，当时头就懵了，然后今天回家又专门找当地熟识的玉石专家看了一下，得出的结果是根本不值钱，比外面整整高了好几倍，本人自己也是一名靠劳力挣钱的职工，这四万块钱都是平时省吃俭用攒下来的，就想留着买个好的东西孝敬父母，可是没想到竟是这样的结果，打给商场却说不退，求助无果，望领导百忙之中抽一点空，帮我一下，让商家给我退货，万分感谢,,,
滇缅玉石城，商品价格严重虚高，商家不予处理。,待回复,旅游 投诉,青***,2016-10-0819:28,尊敬的古城区书记，您好！    感谢您在百忙之中，阅读这条留言。我也是万般无奈之下才写下这份留言的。    彩云之南，多么诗意美丽的名字，一直心向往之，在2016年10月3日，我跟团参加了丽江大理4日游，行程第2天是到滇缅玉石城购物，一路上导游一直给我们“洗脑”，向我们大肆宣传翡翠的价值以及升值空间，并说滇缅玉石城是云南政府指定的购物点，有政府的保证，不会让我们受骗，且每年以10%的比例增值变现，强调是国家政府认可的经营机构之后，随后导游将我们带到了位于束河古城区的滇缅玉石城。    在滇缅玉石城工作人员的鼓动和导游的诱惑下，买了一只所谓质优有保证的翡翠手镯，标价22250元，结果回家后经懂行的朋友鉴定，价格高的离谱，22250元的玉器，市场价也就5000左右，心中的气愤不必说，云南堂堂正正的大店，怎么能发生如此欺诈消费者的行为，严重损害了游客对云南的整体印象。    我想国家是好意，政府是好意，但是结果却变了味道，多么期待云南政府能充分利用地区优势，加大管理力度，让怀揣这美好愿望的游客花的钱能物有所值，满意而归，招来更多的商机，而不是噩梦般的回家！    恳请古城区委书记能为我解决为盼，我要求丽江古城区滇缅玉石城全款退货！我也真心的希望美丽的云南之旅不要变成我们的噩梦！,,,
帕沙玉石城欺骗消费，退货无人理,待回复,旅游 投诉,匿***,2016-10-0517:17,书记：您好！我是一名来自北京的游客，9月19日被导游带到了帕沙玉石购物中心，导游说这里是旅游局定点的，质量绝对有保证。进店后销售人员和导游就不停的游说洗脑，找了一个如意挂件，导游说这个是冰种快接近玻璃种了，水头足，很值；销售人员就用手机上的手电筒给照说絮均匀又这么透的这个价钱你回去肯定买不到，虽然我一直说我不懂这个，但信了是旅游局的定点应该有保障，就花6869元买下了以为货真价实的挂件送给舍不得团费出游的母亲。回家托朋友找做玉石生意的看后说是糯种，撑死不值1千元。与售后联系退货，说会转告销售经理联系我，至今无人理睬。恳请领导协调解决退货事宜。谢谢！其次请加强对帕沙玉石城的监管，别让它用旅游局的名头做游客购物的“定心丸”，不仅欺骗游客还抹黑政府职能部门。,,,
龙玉商号售后已联系，正在妥善处理中,待回复,旅游 感谢,丽***,2016-10-0418:20,书记，您好，本人于三十日要求退货留言，已得到龙玉商号售后工作人员的高度重视，已经和我取得联系，承诺退货并全额退款，我会及时回馈办理进度，退货退款完毕后，会及时留言，在此感谢龙玉商号的理解，为此事造成的误会表示歉意,,,
旅游遭遇强行购物,待回复,旅游 求助,匿***,2016-10-0111:09,今天上午在古城区七河镇龙玉商号乐兰工艺品店购入黄龙玉花件价格6180元及古城区七河李智工艺品店购入黄龙玉手镯价格为10800元价格虚高，要求退货，请求帮助协调退款,,,
丽江古道藏家欺骗旅客买药,已办理,医疗 投诉,匿***,2016-09-1717:29,丽江涑河古镇古道藏家开药乱收费…请相关领导重视，以免太多的市民继续受骗！,古城区信访局,网友同志：     您好！您通过人民网地方频道的留言收悉。您反映的问题，丽江市古城区人民政府高度重视，已转交区旅游局办理。区旅游局质监所多次与您电话联系，但一直无人接听。感谢您对我区旅游事业的关注与支持！顺祝身体健康、工作顺利！,回复时间：2016-10-17 16:43
丽江世御商贸欺骗消费者,已办理,旅游 投诉,匿***,2016-09-0812:32,    尊敬的领导您好：我是一名北京的游客，于8月中旬报团参加云南6日游，期间导游带领我们去了丽江世御商贸有限公司，在那里购得水草花黄龙玉吊坠一块，回京后发现里边有裂痕，当时销售人员并未说明，而且价格只有当地售价的10分之一左右，与商家联系一直未解决，该店存在欺骗消费者，以次充好行为，希望各位领导百忙之中能好好管理一下辖区的类似“黑店”，别让他们给美丽的丽江抹黑，也希望该企业能遵守国务院发布的直销管理条例，保证消费者的权益，谢谢！,古城区信访局,您好！我区无处理权限，建议您直接向市旅发委旅游投诉热线反映，电话0888-5123432。顺祝您身体健康、生活愉快。,回复时间：2016-09-13 17:33
书记您好。我是丽江的游客,已办理,旅游 求助,匿***,2016-09-0313:36,我在丽江古城里面的民族饰品厂购买了一个足银水杯，今天早上刚买的，但是当地的人都说我被坑惨了，根本没有1700块钱那么贵，顶多600多，我现在不想要了，店铺不给退货，而且他们不给我开发票，说没有发票，我觉得这种拒绝给消费者退货，且购物不给开发票，属于偷税漏税，应该查处，而且杯子我也没用，我只要求退货。希望书记能帮助我。,古城区信访局,网友同志：     您好！您通过人民网地方频道的留言收悉。您反映的问题，丽江市古城区人民政府高度重视，已转交区旅游局办理，现将有关情况回复如下：     区旅游局质监所责成商家及时与您取得联系，协商沟通后，双方达成一致处理意见。 感谢您对我区旅游事业的关注与支持！顺祝身体健康、工作顺利！,回复时间：2016-10-17 16:29
有关福慧中学新生分校情况,已办理,教育 求助,匿***,2016-08-3017:02,        我和爱人都是玉龙县中学教师，现住古城区万里小区。我俩十多年如一日地将青春都无私地奉献给了丽江人民的山区教育事业，送出一批又一批的优秀学生，对自已的儿子却无力顾及……但无论怎样，我儿子今年总算小学毕业了。可现在让我们欲哭无泪的是：本来万里小区离福慧中学很近（当时也主要因此因而选择了文汇小学），儿子读书也很方便，即使我们（两老人年已70多，婆婆多年生活不能自理）没时间，我儿子也可自已往返家校，可是昨天文荣学校的通知书却犹如晴天劈雷，把我们都震晕了！一直到现在，我都不知道怎么处理这件事？国家政策不是一直都说就近入学吗？我诚请您们帮帮我们！,古城区教育局,我局在收到你处转办的人民网信访件（编号2016013）后，局领导十分重视，在第一时间安排招生办工作人员与该信访群众进行了联系沟通，并详细了解了该信访群众家庭存在的实际困难和小孩入学情况，现已按照该信访群众的相应要求给予妥善安置，将该学生从文荣学校调剂到福慧学校就读，满足了其就近入学的愿望，该信访群众十分满意。特此回复。,回复时间：2016-09-23 10:55
帕沙玉器购物中心的玉器价格虚高，坑害百姓,已办理,其他 投诉,匿***,2016-08-2716:52,我买的翡翠吊坠价格要高出它本身价格的10倍，简直太坑人了。请领导帮助解决。要求退货,古城区信访局,网友同志：     您好！您通过人民网地方频道的留言收悉。您反映的问题，丽江市古城区人民政府高度重视，已转交区旅游局办理，现将有关情况回复如下：     经区旅游局质监所多次协调，商家与您协商沟通后，双方达成一致处理意见。 感谢您对我区旅游事业的关注与支持！顺祝身体健康、工作顺利！,回复时间：2016-10-17 16:21
还消费者一个公道,已办理,旅游 投诉,匿***,2016-08-2016:08,书记你好，我于今年7月10日在丽江古城五一街王家巷52号云藏珠宝店购买一只玉手镯（镯子价格为1700元说是友情价），是一个姓杜的带去的，当时店主说这只镯子在其他店铺最少要五六千元，是按朋友批发价1700元给付。结果回到福建内行人一眼看出手镯有断裂纹，找卖家得到回应却是1700元买的手镯当然有瑕疵等等。可是当初在购买时却不告知买主，这明显是在欺骗消费者吗！！我希望书记能够好好整顿，还消费者一个公道！！！,古城区信访局,网友同志：     您好！您通过人民网地方频道的留言收悉。您反映的问题，丽江市古城区人民政府高度重视，已转交区旅游局办理，现将有关情况回复如下：     区旅游局责成商家与您协商沟通后，双方达成一致处理意见。 感谢您对我区旅游事业的关注与支持！顺祝身体健康、工作顺利！,回复时间：2016-10-17 16:46
丽江束河古镇藏药博物馆不允许退款没有发票,已办理,医疗 投诉,匿***,2016-08-1517:35,丽江束河古镇藏文化博物馆付款买的药没有发票，不允许退款，给我造成2w多的经济损失，身边的朋友都说我傻，但是正是这些所谓的藏医说的很悬让我们以为我们真的有病。现在最重要的是他不让我们退款，===请注意！我现在药还没拿到手他们药还没有寄出，但是就不让我们退款。我想问你药还没寄出，为什么不给退款？为什么不给发票？为什么能正大光明的在博物馆里这样骗人？打的是藏药的旗号，正大光明的骗人真的让人很失望。我很想知道旅游局会不会管，如果不会这个靠旅游作为支柱的城市，不知道会不会就因为口碑的崩塌而沦陷,古城区信访局,网友同志：     您好！您通过人民网地方频道的留言收悉。您反映的问题，丽江市古城区人民政府高度重视，已转交区旅游局办理，现将有关情况回复如下：     经区旅游局质监所多次协调，商家与您协商沟通后，双方达成一致处理意见。 感谢您对我区旅游事业的关注与支持！顺祝身体健康、工作顺利！,回复时间：2016-10-17 17:02
导游强制买玉石想退货,已办理,旅游 求助,匿***,2016-08-1213:36,去云南旅游想散心的，谁知道导游一路洗脑，每天都带去购物。从来没有过这么差的旅游经历，本来是带着美好的憧憬过来看云南的美景。谁知道还强制要我们买玉石，说人均没到3000就不准上车。但是那玉石根本不值那个价。在帕沙玉石城买的。我想退货。希望领导能帮助。谢谢,古城区旅游局,网友同志：     您好！您通过人民网地方频道的留言收悉。您反映的问题，丽江市古城区人民政府高度重视，已转交区旅游局办理，现将有关情况回复如下：     经多方协调，商家与您协商沟通后，双方初步达成一致处理意见。 感谢您对我区旅游事业的关注与支持！顺祝身体健康、工作顺利！,回复时间：2016-10-17 16:50
真心购物回来却发现非正品,已办理,旅游 投诉,匿***,2016-08-1113:52,我们来到云南旅行，导游说这里的人民特别真诚朴实，货真价实的让我们购物，支持云南经济。我们怀抱美好的愿望，买一块货真价实的礼物，最终愿望却落空。没有购买到正品货，非常大的黄龙玉购物中心却以假乱真，以次充好，售货员全程推荐都说是特别好的货，回来一检验却是非A货。我们非常震怒，故选择退款，希望得到官方的帮助，让我们旅游的快乐不被这样虚假的购物而影响。让我们对云南还怀抱希望，让我们有愿意再次选择自由行的信心！希望尽快得到解决，谢谢！,古城区信访局,网友同志：     您好！您通过人民网地方频道的留言收悉。经了解，您反映的问题，商家与您协商沟通后，双方达成一致处理意见。 感谢您对我区旅游事业的关注与支持！顺祝身体健康、工作顺利！,回复时间：2016-10-17 17:04
在云南大理跟丽江被强制购物,已办理,旅游 求助,匿***,2016-08-0919:42,你好，我们是四个人报了云南6天5晚的团 行程是 九乡 大理 丽江 在大理我们花了5900多买了玉镯 银饰  导游说如果不买 我们也别怪他不对我们好了，然后我们选择玉镯的时候服务员跟导游是通话联系的 每个服务员耳朵上都带着耳麦 如果不买导游立马出现在面前 如果没办法不买，我以为这次买了 购物就没有了，可是去丽江换了一个导游 说是丽江的导游来接替之前的导游，跟我们说明天还要购物，本来有玉龙雪山的，导游说看你们运气好不好，运气不好就去不了玉龙雪山，身份证还在导游那里 现在想走也有不了，我们该怎么办？,古城区信访局,网友同志：     您好！您通过人民网地方频道的留言收悉。您反映的问题，丽江市古城区人民政府高度重视，已转交区旅游局办理，现将有关情况回复如下：     区旅游局多次拨打您的电话但一直无人接听。 感谢您对我区旅游事业的关注与支持！顺祝身体健康、工作顺利！,回复时间：2016-10-17 17:10
旅游购物,已办理,旅游 求助,匿***,2016-08-0611:51,我于7月26日在云南旅游，被导游强制带入帕莎玉石城购买了翡翠玉镯，价值65280元，旅行结束后，发现该翡翠玉石以次充好，帕莎张经理和丽江旅游执法大队，告诉我可以退货，但是总是答应的很好，在退货流程上百般设置障碍，张经理坚决不按照常规退货流程让我们把货保价寄回去退货，总是找各种理由让退货的流程无法顺利实现！希望罗书记能够及时帮我们协调解决这个问题。恳请答复为盼！,古城区信访局,网友同志：     您好！您通过人民网地方频道的留言收悉。您反映的问题，丽江市古城区人民政府高度重视，已转交区旅游局办理，现将有关情况回复如下：     经区旅游局质监所多次协调，商家与您协商沟通后，双方达成一致处理意见。 感谢您对我区旅游事业的关注与支持！顺祝身体健康、工作顺利！,回复时间：2016-10-17 16:51
旅游购物受骗退货处处刁难,已办理,旅游 求助,匿***,2016-08-0307:31,书记您好，在您百忙之中打扰实在是有失礼貌，但对于您们的滇西翡翠中心因退货问题处处刁难实属无奈只好向您发出求助。7月21日购买了滇西翡翠中心的翡翠，但因货价不属实，要求退货。后经过几番波折终于同意给退货，但要扣去手续费百分之二。我觉得不合理，可商家说不同意就不给退货。我想问一下书记商家这样做是不是故意刁难？作为老百姓没有什么可与商家可抗衡的，只好向您发出求助，希望你能给关注一下，在此感谢了。,古城区信访局,网友同志：     您好！您通过人民网地方频道的留言收悉。您反映的问题，丽江市古城区人民政府高度重视，已转交区旅游局办理，现将有关情况回复如下：     经区旅游局质监所多次协调，商家与您协商沟通后，双方达成一致处理意见。 感谢您对我区旅游事业的关注与支持！顺祝身体健康、工作顺利！,回复时间：2016-10-17 17:25
银价是物价局统一定价的吗？,已办理,旅游 咨询,匿***,2016-07-0413:54,书记您好:我是一名来自江西的游客，在你们的丽江银得天下和古寨子买了一个银杯1980元和三条银手链，还在玉南博买了黄龙玉貔貅一对及滇西翡翠玉貔貅一只。但回来后懂行的说只值三分之的价格，心里很不舒服。当时导游都说是正规政府管理的，物价局统一定价的。为什么价格相差那么大?这明显是欺骗游客。到云南来花费我没有意见，但为什么不能给我们一个较合理的价格呢？购物团就不应该买货真价实的商品吗？纯玩团来购物还不是一样的价格。那来云南的人都谈“购物色变”不购物，对云南的发展好吗?,古城区信访局,网友同志：     您好！您通过人民网地方频道的留言收悉。您反映的问题，丽江市古城区人民政府高度重视，已转交区旅游局办理，现将有关情况回复如下：     经区旅游局质监所多次协调，商家与您协商沟通后，双方达成一致处理意见。 感谢您对我区旅游事业的关注与支持！顺祝身体健康、工作顺利！,回复时间：2016-10-17 17:01
帕沙玉石城不能退货，价格虚高10倍多,已办理,旅游 求助,匿***,2016-06-2814:01,因为自己才是大学生，和同学去云南旅游。身上带着下学期的生活费一路被导游洗脑，翡翠玉石怎么好怎么好，一冲动就买了1万左右的墨翠。回来以后爸妈拿去鉴定只有几百块。经过打投诉电话说只能终身包换，不能退货。协调无果，过程曲折还希望书记能够帮帮我，都是来旅游的老百姓，希望买到货真价实的东西。希望能够协调退货，谢谢。,古城区信访局,经协调，商家与您达成一致协议，并妥善处理，您表示满意。,回复时间：2016-09-13 17:45
滇缅玉石城买翡翠价格虚高太离谱，求助退货,已办理,旅游 求助,匿***,2016-05-0510:30,尊敬的丽江领导，本人于4月21日参团来到向往已久的云南丽江，一路上导游声情并茂的向大家讲解了云南旅游业的发展及中国历史至今对玉石翡翠的追求，导游一再强调滇缅玉石城是政府扶持企业，我们外地人过来为了云南的旅游业为了云南山区贫困地区做贡献一定要购物表达对云南的支持，当时导游还一再强调由于是政府扶持，所以价格低质量好，每年增值10%，并一个月内可退换。因为相信政府，也为了贫困地方做贡献，当时买了13680的翡翠手镯，可是回来后发现有石纹，做玉石生意的朋友也帮忙鉴定 ，结果超级打击人，为此事彻夜难眠，我也是普通职员，这么贵的价格却如此不幸，价格虚高，物非所值，所以想退货，可滇缅玉石城告知不能退！希望领导百忙之中协调此事，感激不尽！,古城区信访局,网友同志：     您好！您通过人民网地方频道的留言收悉。您反映的问题，丽江市古城区人民政府高度重视，已转交区旅游局办理，现将有关情况回复如下：     经区旅游局质监所多次协调，商家与您协商沟通后，双方达成一致处理意见。 感谢您对我区旅游事业的关注与支持！顺祝身体健康、工作顺利！,回复时间：2016-10-17 16:53
景区商号手镯卖价虚高,已办理,旅游 投诉,匿***,2016-05-0311:01,领导好，春节旅游到咱观音峡景区，导游带我们到玉龙商号，建议买黄龙玉饰品，说政府定点商家，货真价实.花了近7000块钱买了件手镯。当时负责接待的售货员承诺，黄龙玉价格上涨时随时可以原价把手镯卖给商家，现在一个比较懂行的朋友看了所买手镯后，说价格过高了，如果能退的话，再好不过。可无法联系到商家，不知道领导能不能百忙之中过问一下，或提供一下负责人的电话。我们信任云南旅游，希望不被辜负。,古城区信访局,网友同志：     您好！您通过人民网地方频道的留言收悉。您反映的问题，丽江市古城区人民政府高度重视，已转交区旅游局办理，现将有关情况回复如下：     经区旅游局质监所多次协调，商家与您协商沟通后，双方达成一致处理意见。 感谢您对我区旅游事业的关注与支持！顺祝身体健康、工作顺利！,回复时间：2016-10-17 17:23
在古城区被欺骗购买玉石，求助，要求退货退款,已办理,旅游 求助,匿***,2016-05-0216:58,在旅游时被导游带到【古城区帕沙玉石城】游览，那边的销售客服说我们这些特价团游客之所以能特价是因为当地政府部门出钱按人头补贴的，所以要我们买点东西才对得起云南省的人民群众。因此像我们推荐了一些玉器，说保证物有所值，并且一年内增值10%~20% 因为有他们的再三保证我才购买的，回来后我拿去周生生、周大福等专柜咨询，并咨询卖玉器的朋友，均表示改玉石不值钱、只值几百块钱。 隔天我就打电话向他们的售后反应，售后说，是保证增值10%~20%的，但是只能与他们公司更换产品（比如买1万块，那第二年可以免费更换他们公司1万2千块钱的产品。）但是购买的时候他们并没有说清楚。根据广告法商家推销商品的过程中，对商品的性能、功能、产地、用途、质量、成分、价格、生产者、有效期限、允诺等或者对服务的内容、提供者、形式、质量、价格、允诺等有表示的，应当准确、清楚、明白。 消费者权益保护法中也有规定，不得以次充好，价格需要合理。而且主要是他们那个对增值的说法存在严重的误导性。  关于这个事情我想我不是第一个反应，也不会是最后一个反应。 旅游购物问题 近几年新闻也频繁报道，但是一直屡禁不止。大家换位思考下，辛辛苦1年12个月存的钱就这样被骗了，你能甘心吗？反正我死都不甘心。,古城区信访局,网友同志：     您好！您通过人民网地方频道的留言收悉。您反映的问题，丽江市古城区人民政府高度重视，已转交区旅游局办理，现将有关情况回复如下：     经区旅游局质监所多次协调，商家与您协商沟通后，双方达成一致处理意见。 感谢您对我区旅游事业的关注与支持！顺祝身体健康、工作顺利！,回复时间：2016-10-17 16:57
古城南门古佑巷电瓶车占道停放，是谁允许的？？,待回复,交通 投诉,匿***,2016-04-1510:51,尊敬的丽江古城区领导：                 您好！怀着一颗激动的心给您反映一些事情，我是古城南门邦恒酒店这条街上开铺子的，从4月25日开始，你们就在我们铺子门口搞了一个电瓶车临时停放点，当然两边有通道，可是乱七八糟的各种各样的车车放在店门口实在有影响古城的光辉形象，这也是古城其中的一个入口，如果哪天这条街着火了估计消防车也难以挤进来吧！到那时不是小事，当官的可能吃不了只有兜着走了！道路两旁如果没有铺子，那么你们可以这么规划放车车，可是道路两边是铺子，你们让开铺子的认怎么活，你们为其他商户办了件好事，可是为我们这条街的商户干了件坏事，我们要怎么活？？？这些你们平时可以来调查，看看是否会影响着我们！还有你们古城管理局，管理所的领导们，不知道拿着国家发的薪水为谁办事的，这个推那个，那个推这个，这件事情我们已经反映多次，至今无人问津，不仅不处理，反而看到我们电话就挂电话，很过分！！希望在这里可以有父母官为民做主！谢谢！,,,
请求领导，协调退货，维护我们消费者的权益,待回复,旅游 求助,匿***,2016-03-0409:42,在政府形象店滇缅玉石城买到一只有裂纹的貔貅，希望领导能够帮助协调退货。,,,
很不开心的旅游,待回复,旅游 投诉,匿***,2016-02-2308:07,这次丽江大理之行，是最不开心的。居然被强制购物，抱团的时候说没有强制消费，结果到了丽江圣源珠宝却被服务员跟踪，不允许出门，说是导游不高兴，必须买东西。,,,
维权到底,待回复,旅游 投诉,笑***,2016-02-1510:18,领导你好，我是四川来到丽江的游客，昨天在你们拉市海免费观光台被托儿忽悠，购买了一点石斛，要求打成粉末以后突然就比选好了的多了2倍，开始说好了15块钱一斤的又变成了15块钱一克。被欺瞒蒙骗强制购买高价石斛。请领导协助退货退款。,,,
在丽江游玩遭遇药托骗局，必将维权到底,待回复,旅游 投诉,笑***,2016-02-1509:13,2016年2月14，在拉市海免费观光台被药拖忽悠，把石斛磨成粉，被高价骗取了7000多元人民币。强烈要求退货退款,,,
如此美丽的城市，为什么诈骗那么多！公道在那？,待回复,旅游 求助,匿***,2015-11-0409:45,今天和朋友在丽江旅游下榻古城区南苑e家连锁酒店，大堂经理告知有足疗按摩。我和朋友叫了两个足疗按摩谁知是色情服务！被强行诈骗6000元。还告之如果不给叫人来处理。我和朋友人生第不熟，最后无奈被诈骗6000元，说不给的话叫人来！,,,
噪音投诉,待回复,环保 投诉,匿***,2015-10-1816:15,尊敬的领导，我是古城区柏龙水榭二期和风苑的住户，在我家对面的大研儿童发展中心，他们安装的供暖设备，一天到晚24小时发出巨大的噪音，严重影响了我们的正常生活和休息，特别是晚上简直无法入睡，敬请领导及相关部门给予处理！,,,
滇缅玉器商城价格欺诈,待回复,旅游 投诉,匿***,2015-09-2616:45,尊敬的领导您好，我是武汉去云南的游客，游览美景的途中导游一路洗脑说滇缅玉器一件也批发，价格怎么的低，东西怎么的好，后来买了一件7400多的吊坠和一个700多吊坠，没时候说是什么冰种的，每年还有百分之十的增值回收，回来后经鉴定发现7000多的差不多700就可以买到，在我们当地地质大学找专人看过同事自己也比较过，感觉是上当受骗了，后找商家协商不给退，说是只能换，我们都是工薪阶层人，好不容易去云南旅游，没想碰这事，导游当时说本人是名牌大学毕业素质高，旅行社也是知名旅行社不是黑社，让我们为买东西就是等于跟贫困地区捐赠，把我们带到性价比高地方購物，我们出门少当时就很相信导游，一路还觉得导游辛苦，工资又低，让我们支持她工作，好坏也要买点，回来才听人说好多人上当，希望领导整治一下，让游客买到真正性价比高的东西，让云南给各地游客都留个好影像，还希望领导跟滇缅玉器商场协商把我的物件退了，我们赚点钱也不容易，工薪阶层，在此感谢尊敬领导能在百忙之中能抽出时间看看我的留言，谢谢，谢谢，谢谢,,,
滇缅玉石城退货求助,待回复,旅游 投诉,冉***,2015-09-2514:50,尊敬的领导您好:     我是来自河南省巩义市的游客，于2015年9.12日来到憧憬已久的云南丽江，在去滇缅玉石城的路上，导游在车上跟我们讲了很多玉的知识，以及云南多么多么不容易  以他的人格保证玉石多么好，还说有任何问题都可以退还，希望我们能为云南的发展做出一点贡献。在导购员天花乱坠的介绍下，作为一个学生的我用攒了半年的生活费买了一个4677的玉佛，因为不懂玉石 也没有细看 只是觉得喜欢就让导购员包起来了。满心欢喜的回到家拿给家人看  家人一看说你怎么挑了个裂纹这么明显的玉，我就拿去鉴定了，鉴定出来确实是裂纹不是石纹，而且价格在2000左右，而且有裂纹价值更低。当时就觉得好难过，我是一个学生，没有经济来源  辛辛苦苦存的钱买了一个吊坠。于是就打了售后电话希望退货，可售后拒绝退货，说只能换，可是我明明看到有退货的例子，协商不成，他就让他经理给我打电话，是个女的 态度很强硬说如果不是人为损坏 我可以给你退 但是返厂清洗等一切费用需要你出，我问多少  她说最少15% 她说你自己考虑就把电话挂了。我什么都不懂 被迫无奈只能用快递寄回去了，现在快递马上到了。售后说他收货后检查无误 确定不是我人为损坏的才办理退货，而且要扣除700多的清理费。请问下领导我该怎么办？                            一个学生的求助。,,,
协商退货，经理态度强硬说必须扣除15%的费用,待回复,旅游 求助,匿***,2015-09-2513:30,尊敬的领导您好:     我是来自河南省巩义市的游客，于2015年9.12日来到憧憬已久的云南丽江，在去滇缅玉石城的路上，导游在车上跟我们讲了很多玉的知识，以及云南多么多么不容易  以他的人格保证玉石多么好，还说有任何问题都可以退还，希望我们能为云南的发展做出一点贡献。在导购员天花乱坠的介绍下，作为一个学生的我用攒了半年的生活费买了一个4677的玉佛，因为不懂玉石 也没有细看 只是觉得喜欢就让导购员包起来了。满心欢喜的回到家拿给家人看  家人一看说你怎么挑了个裂纹这么明显的玉，我就拿去鉴定了，鉴定出来确实是裂纹不是石纹，而且价格在2000左右，而且有裂纹价值更低。当时就觉得好难过，我是一个学生，没有经济来源  辛辛苦苦存的钱买了一个吊坠。于是就打了售后电话希望退货，可售后拒绝退货，说只能换，可是我明明看到有退货的例子，协商不成，他就让他经理给我打电话，是个女的 态度很强硬说如果不是人为损坏 我可以给你退 但是返厂清洗等一切费用需要你出，我问多少  她说最少15% 她说你自己考虑就把电话挂了。我什么都不懂 被迫无奈只能用快递寄回去了，现在快递马上到了。售后说他收货后检查无误 确定不是我人为损坏的才办理退货，而且要扣除700多的清理费。请问下领导我该怎么办？                            一个学生的求助。,,,
玉缘桥路口猖狂摊贩路边生火搭伞摆起烧烤来了,待回复,环保 投诉,匿***,2015-08-1810:07,就在丽江古城口玉缘桥十字路口处，游客最密集的十字路口，竟然有人摆地摊卖烧烤，占据了整个人行道，十几张桌子摆起，棚子搭起来，浓烟滚滚的开始了丽江的夜生活。吃烧烤厚的垃圾，呕吐物，排泄物全部都就地解决，难道看不到旁边就是古城吗？难道不担心头顶松树着火吗？站在世界创口的丽江古城，这就是给全世界游客的美丽形象嘛？,,,
丽江电信的背后？,待回复,其他 求助,匿***,2015-04-1010:00,区委书记大人：您好，请给人民群众做主！！！   本人是丽江市古城区束河街道办事处黄山社区的村民，因丽江电信“草菅人命”的做法，多次向丽江电信反映无果后，才不得不向各级部门、领导反映、投诉、举报，望及时处理解决以免给茨满一组、二组的居民带来生命和财产安全威胁、并造成人为的次生灾害。投诉事情的大致内容：丽江电信要在黄山社区内安装钢架结构冲天到顶的电信塔，找到了茨满一组社长，因社长为了人民群众的生命和财产安全，坚决不同意回绝了电信工作人员，社长的此举动赢得了人民群众的拥护和支持、称赞。但电信的工作人员为了“个人所谓的业绩”找到了原本不属于设置安装钢架结构冲天到顶的电信塔茨满二组的亲戚梁姓居民，并承诺以每年合同订立的方式给梁姓居民家上万元的“报酬费”为由，在本来就坚决不适合在人员密集区、房屋聚居区安装钢架结构冲天到顶的电信塔。知晓此情况后，作为邻居的茨满一组、二组居民数十家居民坚决不同意，只要说到安装钢架结构冲天到顶的电信塔时，大家都坚决反对。茨满村一组、二组的邻居都找到梁姓居民，并说明了安装钢架结构冲天到顶的电信塔给居民带来生命和财产安全威胁、并造成人为的次生灾害的弊端时，但梁姓居民为了每年或得亏心的上万元的“报酬费”不顾居住在旁边数十多家邻居家的生命、财产安全威胁、并造成人为的次生灾害，在电信亲戚人员的怂恿、利诱、鼓动下，一意孤行、我行我素，完全不顾邻居们的劝导和反对，还在邻居众人面前放出威胁的话语，谁要在安装钢架结构冲天到顶的电信塔阻挡电信人员和我时老子见一个砍一个砍死阻拦的邻居等，基于梁姓居民为了每年上万元的“报酬费”不顾居住在旁边数十多家邻居家的生命、财产安全威胁、并造成人为的次生的灾害，数十多家邻居到丽江市香格里大道云南丽江电信总公司找到电信不同领导和部门及怂恿、利诱、鼓动安装钢架结构冲天到顶的电信塔的电信梁姓亲戚电信工作人员，但得到的态度是推来推去，还与执意要完成“个人所谓的业绩”与梁姓居民沆瀣一气，给电信公司的声誉在居民当中带来了极为恶劣的影响。茨满一组、二组居民数十家邻居给梁姓居民和梁姓亲戚电信工作人员说明了安装钢架结构冲天到顶的电信塔给临近的居民生命、财产安全威胁、并造成人为的次生灾害的弊端，并以曾经安装在金山德文村、黄山社区忠信村与普济村之间的交汇区安装、黄山社区安乐村安装实例给予说明利害关系，但梁姓亲戚电信工作人员和梁姓居民却置若罔闻。,,,
云南之旅,待回复,旅游 求助,匿***,2014-08-0114:48,您好，打扰您了，去年九月去云南丽江旅游，云南这个地方我们很喜欢，特别是云南的天，很蓝，天气也很好，古城风景也很优美。但这样一个很优美和美丽的地方却发生让我们大家都很不高兴的事，这样的事情在我们这里去过云南丽江旅游过的人，大多都很气愤，在我2013年的9月26日，我们在导游的带领下来到了圣源珠宝。导游说我们这里的玉货真价实，还政府担保。本不想买的，却听导游说政府担保，也不会骗人吧，我就买了一块2760的吊坠，高兴的结束了云南之旅，回来之后我到我们这边大大小小的玉器店看了看，说我这个玉最多300。当时我还不相信，结果他拿出和我同样价格差不多的叫我自己看，不看不要紧，一看，在一对比我心都凉了，货真不假，价实我却无法想象，这不是拿政府来当幌子吗？回家过后打客户电话，要求退货，客户叫我拿去鉴定，如鉴定价格高就退，我去了，但任何鉴定机构子鉴定A货和B货和假货，根本不鉴定价格.这不是哑巴吃黄连吗？圣源珠宝这不是专空子吗？几百块的东西任何地方都能买，到他那里就翻了接近十倍，难道圣源珠宝没有违价格法吗？以后谁还敢去呢？强烈要求退货，希望当地政府明查，还我们老百姓一个公道，谢谢.,,,
拉市海消费陷阱,待回复,旅游 投诉,匿***,2014-04-1710:37,    领导！您好！本着对丽江旅游的未来，本人不得不提出一点小小意见。拉市海安中马场里面的药材销售店存在严重的托儿和强制消费，坑蒙消费者的现象。首先托儿不停忽悠，然后在药材打磨环节存在背对消费者，并且在打磨的地方用柜子挡住消费者，用布帘遮住里面药粉勾兑的情况。并且在消费者发现以后威胁消费者人身安全。拨打110推脱到景区管委会，管委会也推脱到警察。着实让人失望。本来用手机录了一些欺骗消费者的视频资料，但是被商家威胁不得不删除才能离开，所以只能用文字来表达。    作为一个喜爱云南的旅游者，差不多每年都会到云南旅游一次。但是一次比一次失望。恕我冒昧，个人觉得一次不如一次。管理混乱，责任推诿。希望能得到改观！,,,
扰民,待回复,治安 投诉,匿***,2014-03-1709:54,我是住在祥和丽城丽景湾小区的业主，我们小区里的会所本是为业主服务的场所，现在开发商为盈利把会所出租用做商业办公场所，严重影响了我们的日常生活，特别是晚上睡眠严重受影响，太扰民了，希望有关部门能解决此问题为谢！,,,
丽江古城区闲置土地问题,待回复,三农 咨询,匿***,2013-10-3016:19,    云南省丽江市，本是全国闻明的旅游城市，丽江古城是世界文化遗产，玉龙雪山在市区就能一目了然，香格里拉更是一个美好的地方近几年随着丽江市知名度越来越高，全国各地的投资商蜂拥而来。    在束河以下一代有许许多多的土地闲置给当地村民也带来了不少后顾之忧。当地政府也没说什么时候开发什么话的没有，村民们就怕突然什么时候来搞开发，到时候会不会种下的庄家会不会白种又没又什么赔偿，好多租地的都是应为被政府征用不敢租。这样影响了不少当地农民的收入，希望政府能给农民群众给个说法。,,,
有关丽江圣源珠宝低价倾销行为,待回复,旅游 求助,云***,2013-09-3007:49,尊敬的李省长您好，百忙之中打扰您了，但是我感觉我的问题代表了每年一波一波去云南旅游的游客们共同的问题。自从调整了政策，现在去云南旅游没有那么贵了，这一点确实很吸引我们，我们也爱云南的蓝天、白云、红土地！但也就是这样一个美丽的地方却发生了让我们大家都不高兴的事情，在2013年的6月5日，我们在导游的带领下来到了圣源珠宝。购买了价值不菲的貔貅以及玉佩，发票我们到现在也保留着。圣源珠宝打着政府的幌子，假一赔十。这一句话寓意深刻了，东西假不假的暂且不论。但是拿价值几百块钱的东西要价到几千元，甚至是上万！对于这个事情我们相当气愤，我们给售后打电话得到的回复确是：去当地部门开证明，有哪个机关职业单位能开出这个证明，他们就退货，这不是钻了法律的空子吗？当地的质检中心只能检验出A货B货等，但是我们跑遍了整个青岛市的商场玉石售卖处、古玩中心、古董行。等到的答复仅这块价值4680元的貔貅价值也就几百块钱而已！圣源珠宝明显是违法了《价格法》的第十四条，属于低价倾销行为！希望您出白忙之中处理这个问题。我们强烈要求退货。,,,
