上海市松江区永丰街道永丰苑麻将室泛滥无人管理,待回复,治安 投诉,啡***,2019-11-0607:33,上海市松江区永丰苑小区麻将室泛滥，直至深夜凌晨1.00还噪音扰民，最严重的当属该小区内150号5楼或者6楼的一户居民楼里，希望有关部门进行整治，还居民一个太平安静的夜晚,,,
为什么医保中心不认可急诊证明,待回复,医疗 求助,明***,2019-11-0607:13,2019年7月份，和家人去北京玩，突然乳房疼痛，人身行动不便，于是去了附近的北京复兴医院，大夫让挂急诊科，安排住院检查，检查完毕要手术治疗，总共住院一星期多，9月份开学，在东华大学校医院报销住院费用，结果校医院负责人说松江区医保人员不给予报销，但出院证明白纸黑字写的是急诊，为什么不能报销，不承认这是急诊，难道报销大病还要给予医保负责人贿赂？说好话？才能报销吗？烦请程书记给予回复，谢谢！,,,
请求关于开心豆事件的关注与处理,待回复,教育 咨询,大***,2019-11-0421:12,10月25日韦x开心豆，通知停课；经了解，全部上海开心豆小区均已停课，我在2018年10月7日续报购买了三年的课程，费用48300元，课程有效期为2019-4-10~2022-4-10，总共288个课时，已上46个课时；收费主体为：上海徐汇区韦x进修学校。上课地点为：韦x开心豆少儿英语(松江开元地中海中心)地址：新松江路926弄开元地中海广场2楼。目前报案，派出所仅进行了备案登记，等候通知。目前有不少机构声称社会责任免费提供24-48学时不等的试读体验，但是存在2点问题:第一，试读可能存在新的风险，第二，还剩242个学时，仅用最多48学时去抵扣，感觉这种处理方式太不负责了。松江受害学员1200余人，如何妥善解决，恳请程书记可以在百忙之中关注解决。为小孩上个培训班老百姓也都不容易，谢谢！,,,
松江车墩华长路快餐扰民,待回复,环保 咨询,司***,2019-10-2714:13,车墩华长路2456号快餐公司的噪声和油烟每当做饭的时候挺忧民的，还望上级领导部门加大排察力度，减少油烟的排放,,,
可否对垦荒老人手下留情？,待回复,三农 求助,禾***,2019-10-1814:42,在油墩港河西、西海塘南、东胜路以东、思贤路一直往北，沿高压线带下面，被垫土后剩余大药百十亩荒野草地，被一群老头、老太太开垦起来种上心爱农作物。不曾想，1O月16日下午，不知从何处过来一些人，对老头、老太婆种的蔬菜、毛豆大砍大剡除，大破坏。盼敛导纠正一些人的野蛮作为。,,,
方泗公路有很大安全隐患,待回复,交通 建言,W***,2019-10-1813:27,方泗公路有段大约100米长的路段（帝龙宾馆往泗泾镇方向200米左右），经过窄桥，双车道变成单车道，白天没什么问题，关键是晚上这100米左右没有路灯，而其他路段都有路灯，开车经过的时候会有从明变暗的适应过程，但是路又变窄了，旁边经过的电动车也多，我经过这里每次都感觉很不安全，希望相关部门能整改，把这段路安装好路灯。,,,
泗泾地铁站商贩使用液化气烤肉,待回复,治安 建言,匿***,2019-10-1522:39,泗泾地铁站三湘广场好多无证商贩使用液化气烧烤，有的直接放倒，这个地方是坐公交的必经之地，隐患很大，不见保安驱赶#安全生产#,,,
上海市松江区华铭智能终端设备有限公司恶意克扣,待回复,就业 求助,小***,2019-10-1319:56,我于2019年7月底入职华铭智能终端设备有限公司，期间工作勤勉，并无过失。公司于2019年9月30日找我谈话将我辞退。我自觉可能公司要求高，并不计较，和平分手，签了解除合同的文件。可恨公司虽有规章制度，但并无明细考核标准，不仅将我辞退，还恶意克扣我工资，希望有人能看到，主持公道。克扣的工资不是什么大事，关键伤了求职务工人员的心。,,,
群租房违规建造,待回复,城建 投诉,t***,2019-10-1312:06,书记您好，我是位于松江区南部阳光翠庭的住户，24号1301属群租房，时有半夜喧哗打扰到邻居，我曾多次上门协调，对方却故意闭门不见。此房屋经过后期改变过房屋构造，人员居住情况复杂，在物业无解的情况下故此留言，希望书记能帮助请相关部门核实情况，督导对群租的不安全隐患整改，感激不尽。,,,
业务交易付款，提货没成钱款冻结至今没退,待回复,金融 求助,v***,2019-10-1008:48,"程书记您好:我是安徽人,由于电话联系的业务,来松江卓众电缆厂交易付款确是个人账户付了款，厂方给予装好货,厂方账户没收到帐,提货没成，报案被骗冻结成功一年多了款没退回,上诉不受理,无赖求助与您!!",,,
企业两次发放工资,待回复,企业 投诉,W***,2019-10-0919:51,举报松江区小昆山镇新港路一号  上海成峰流体设备有限公司  法人代表 朱晓丰  电话 021 63340154  每次发放工资都是以两个账号发放  五险一金都是最低基数缴纳   工资账目造假   希望领导来查证  因我向有关部门举报过 公司就恶意针对我    但举报没有什么效果 公司依然按照以前的做法   现要求公司按劳动合同解除续存劳动关系 给予经济补偿  望领导给予帮助,,,
中国一建九亭家园2期工程款,待回复,城建 求助,追***,2019-10-0815:04,我夫妻俩与2018年5-8做工款下欠29788元，至今讨要无果今特向程书记求助。谢谢你    ,,,
求助领导帮我及时处理，家里能正常生活,待回复,城建 求助,W***,2019-10-0516:25,陈书记你好，我是九新公路333弄九号1**的业主，我家10月1号开始漏水，两楼地板都是水，从我的天花板漏下，总得下水管道补引起的，现在物业推卸责任也没有明确说什么样，否则我到现在家里不能正常生活，请领导帮忙及时处理，特别感谢,,,
损害劳动者权益,待回复,企业 求助,W***,2019-10-0515:11, 公司没有按照实际工资缴纳社保  公积金  要求公司按照实际工资缴纳  公司开始不同意  我就向有关部门举报  全厂将近300人 都是这种情况 工资都是两个账号发放到员工卡号里  但举报后遭到公司恶意针对 现在对我以最低工资安排工作 向劳动部门也反应了  但劳动部门说公司这样做没有问题   我想问问 举报公司这么大的事情  涉及那么多人 也是维护自己的权益  却遭到公司这样对待  举报反而是错误， 公司现在就是想以最低工资把我给耗走  我现在请求领导给予帮助  跟公司协商解除劳动合同 给予经济补偿   公司还欠法定节假日的工资 年假工资都没有给过,,,
违建,待回复,城建 投诉,W***,2019-10-0420:35,我是莘松路1500弄荣盛名邸的居民，现我们小区违建已到了泛滥的地步了，跑马圈地，空中楼阁随处可见。2017年，2018年，2019年，12345市民投诉热线反映了几次，新桥镇有关部门也回复了，千篇一律都是在走流程，不知道他们的流程是否需要走多久，是否还需要走多久！我们平民百姓只希望程书记在百忙之中体察百姓生活，改变政府有关部门工作作风，踏踏实实为百姓做事。谢谢。,,,
2013年买的房子到现在没有个进展房产证也办,待回复,城建 投诉,杨***,2019-10-0408:40,2013年买的房子至今未能交房办理房产证，开发商资金链断了，（欠银行钱）消防迟迟验收不下来，我们虽然有预售合同，但存在房子被拍卖风险，反映多次，至今不给解决，建议松江人民政府对此事核查，敦促办理，还百姓血汗钱，为民做主。,,,
居民楼内开棋牌室,待回复,治安 求助,伊***,2019-10-0115:31,您好，这里是新家园路128弄92号的居民，92号内一楼两家同时开了棋牌室，整天烟雾缭绕，我们楼上的住户受到浓烈的二手烟侵袭，并且每次半夜12点，都会出来一群人大声喧哗很久，已经严重影响到我们楼上居民及孩子的身心健康。请求您安排人员来管管吧,,,
入学第一天，只因上课说话被粗暴对待,待回复,教育 投诉,老***,2019-09-0316:21,尊敬的领导：感谢百忙中抽空阅读我的留言。今天是小孩一年级入学第一天，孩子就读于佘山外国语实验学校。我家孩子平时比较顽皮，我们做父母的一直在做学前教育。刚入学有些不适应，我们家长陪着看护。今天英语课因为说了两句话，英语老师直接过来把书本用力的砸在孩子面前的桌子上。课后更是对我家长冷嘲热讽，挖苦打击。更扬言要我孩子回家别读了。如此行为怎么对得起老师二字？此事对孩子和我们家造成很大的伤害请领导明察,,,
小区道闸砸伤住户，拒不赔偿,待回复,城建 求助,竹***,2019-08-2316:14,尊敬的领导您好： 我是松江区越山明月小区（嘉松南路3888号）的一名住户。上周二（8月13日）晚6点10分左右，从地下车库骑电瓶车出小区，保安同意后打开道闸，在经过道闸下方时，道闸破损掉下，将左脸砸伤，并砸坏眼镜。物业经理一开始保证赔偿眼镜和误工的费用，便没有报警处理。但一周以来物业反复以无法报销等原因，拒绝赔偿。至今已过去一周多，眼部淤血仍未散去，忽然遭此横祸，申诉无门，无奈之下向您求助，请还普通百姓一个公道。 感谢您百忙之中阅读来信，盼回信。 ,,,
帮帮我们吧，我们真的无路可走了,待回复,就业 投诉,因***,2019-07-1916:12,我是一个普通的工人，从今年开始公司就不给发工资，一直到现在，老板也联系不上了，公司东西全部搬走了，公司倒闭了，找了九亭调节部门，走了各种流程，然后也去了松江劳动仲裁，填了各种表格，走各种程序，我们都是些农民，没有什么学历，生活在社会的最底层，我们背后有家庭，有父母有孩子，都指望我们这微薄的收入，到现在陆陆续续跑了不知道多少次了，快两个月了，没有任何消息，在上海这个国际大都市里，我们真的不知道该怎么办了，吃住都成了问题！我们要求并不高，只求领导能帮我们说句话，让我们付出多少换回点应有的回报，我从来没想过在上海在九亭会有这样的事情，求求程书记能帮我们主持公道，我相信政府能给我们正义，相信程书记能给我们公平！！！寸身言因心！,,,
G60高速噪音污染,待回复,交通 投诉,青***,2019-07-1710:51,家住松江颐景园小区，由于房屋紧靠G60高速，且没装隔音墙，导致噪音极大，生活质量不高。还有两个小区也有同样的情况。并且更严重的是，车流量与日俱增。望领导能帮助解决。,,,
松江区小昆山镇镇中心路599号阳光领域狗扰民,待回复,环保 求助,上***,2019-07-1114:01,尊敬的区委书记：      我是来自外地安徽的一位务工人员，现居住上海市松江区小昆山镇镇中心路599号威氏工业园阳光领域小区，本人2017年7月初来这边居住到至今已有2年时间，这期间有一位小区业主私人养了一条大狗，具体什么品种，未知，狗有无证件也不清楚，养狗大家是没资格管理的，但是养狗的主人好像从来没有搭理过此事，狗不分时间段，整天半夜白天长期的大叫，叫声凄惨，严重影响居民的正常休息，小区内有刚出生的幼儿，儿童，老年人居多，这样疯狂的叫声，对于白天上班晚上回去休息的我们实在是受不了，在小区业委会也反应过，无任何反应，不知道是不是狗主人直接忽视掉了，我个人感觉这严重影响了居民的正常休息时间，也算得上扰民了吧！希望松江区领导前来给大家协调一下，找到狗主人解决一下资格问题！谢谢你们！,,,
   住户私自开设麻将馆小区谁来管 ,待回复,环保 投诉,火***,2019-07-0814:03,乐都西路1629弄29号楼102室住户私自开设麻将馆我们小区是居民住宅小区娱乐场所违规开设。2.该麻将馆无营业执照。3.噪音污染，噪音扰民。并通过多种渠道进行投诉，至今一年多没得到解决，我是一名恪守国家法律法规的好公民，同样我也应该争取自己的权利，建议加大整治力度，对照现行的法律法规给予处理，谢谢！,,,
楼门口成建筑垃圾堆放场，夏天臭烘烘,待回复,环保 投诉,W***,2019-06-2914:38,泗凯路415弄钟秀苑6号楼门前长期堆放大量建筑垃圾和生活垃圾，一到楼门口散发着臭味，严重影响了6号楼居民的生活环境，多次向物业和居委会反应，以没有地方堆放建筑垃圾为由长期得不到解决，一回家就像回到垃圾场一样，这样的做法严重违反政府提倡的环保政策，希望可以尽快解决该问题，谢谢！,,,
车墩镇达丰附近乐尚天地的快递公司乱收费,待回复,城建 投诉,不***,2019-06-2818:29,书记您好，车墩镇达丰电脑附近的乐尚天地的快递公司，每次去那里取快递，都要交1块钱，而且并没有提供什么便民服务，排队久，还要收1块钱，中通，圆通，申通，韵达，都要收这1块钱，明明卖家已经包邮了，还要给消费者要钱，我一年光收快递都要一百多块钱。请您体察，别的地方快递也都这样乱收费吗？,,,
小区资金缺失,待回复,城建 建言,匿***,2019-06-2510:25,我是沪松公路1991号大和别墅业主，曾经于2015年成为小区业委会主任，在任3年内通过业主大会委托，向开发商（大和房产开发公司）起诉追讨其应缴的房屋维修金，得到的结果是对方在所谓的第一届业委会大力配合下“合法”的把维修资金用在了不存在的维修项目上。好不容易在2014年得到的9号线工程赔款约90多万，又被当时业委会成员莫名其妙的消化一空，几年来我受业主大会委托开展维权工作也是举步艰难，投诉无门。因维修基金长期缺损，导致小区与历届物业公司矛盾不断，再加上历届业委会的不作为和乱作为，大和别墅问题比比皆是，我只能求助区政府相关部门对小区物业相关事宜进行彻查。##,,,
老私房30年，修缮翻新申请无门,待回复,城建 求助,朱***,2019-06-2408:36,尊敬的领导，我家是乡下自建房屋，二底二层。始建于上世纪80年代未，至今已30年，历经风吹雨打，而且靠近九新公路，一直受到大型车辆驶过时产生的震动影响，老房已多处漏水，水电也老化，外墙甚至多处有裂缝，因此多次向村委居委申请老房修缮或者翻新，但是只说帮我家反映给相关部门，但是至今无明确回复。每次都是说职能部门在协商。打过12345市民热线，最终也是回到九亭镇的部门对接，可还是踢皮球，无人无部门出面给明确答复。没办法在人民网上反映此情况，望领导看到，给予关注、督促。帮我们老百姓解决迫切的问题，因为上海已进入梅雨季，大风大雨，甚至台风都可能临近上海，家里人住在这样的老房内，真心感到不安全。再次感谢领导。,,,
小区麻将室,待回复,治安 投诉,Y***,2019-06-1817:34,"本人住在松江区九亭镇沪亭路242,246-266号美丽星城37号楼的!本栋楼101室是 一个麻将馆，天天有陌生人进出对我们这栋楼的业主安全有危害，而且麻将的噪音极大.日夜不休！无法正常休息，严重影响生活质量，请领导安排相关人员去阻止该麻将馆的营业。",,,
千新公路噪声扰民严重,待回复,交通 投诉,W***,2019-06-1610:01,1.我住在松江区佘山镇绿地海珀佘山小区19号楼，紧邻千新公路.2.该路段车辆繁忙，噪音极大.日夜不休！无法正常休息，严重影响生活质量.3.市政无任何措施来防治会降低噪声对小区业主的影响。4.请采取有效措施来保障居民的合法权益！,,,
飞机噪音扰民求助,待回复,环保 咨询,苏***,2019-06-1420:04,九亭黎星苑上空最近飞机航线挪动，飞机噪音严重，两分钟一班，轰炸的让人无法睡觉，飞机飞过接电话都无法听清，这样的情况政府能否给予解决一下呢？,,,
垃圾场灰尘噪声严重,待回复,环保 建言,匿***,2019-05-3017:45,位于松江区洞泾镇振业路189号厂房隔壁的一家垃圾场，吊机一天不间断使用，周围灰尘满天飞，吊机噪音比较大，另外还有一些不知名的气味，每天都能闻到刺鼻的气体，严重影响其他厂区，希望有关部门调查一下，给居民一个健康的环境，感激不尽!#安全生产#,,,
我要投诉松江区委党校底楼大厅保安,待回复,教育 投诉,姚***,2019-05-1616:21,    松江区委党校底楼大厅保安，对待前来办事的人民群众，态度蛮横，语言压迫口中谩骂污言秽语。5月16日下午1点45分在大厅的当值保安，对前来讨要《松江史志》的人民群众大耍官威，口中蹦出好多难听的话语，请问现在我党基层党校的底层工作人员都有这么浓重的四风问题？,,,
投诉长溇村村委会工作人员,待回复,政务 投诉,一***,2019-04-2608:55,我是外地人，因为在本地工作，在工作之余考虑考个驾照，由于本市必须要提供暂住证，我找到房东给予所以资料去长溇村村委会管吴家桥的工作人员办理暂住证，第一次去他告诉我我到这里未住满一个月办不了，我等了一个月，一个月以后我又去，提供了资料他告诉我要等一个星期，一个星期以后我又去，我的资料还在他抽屉里，根本没有上交，他告诉我，办理暂住证至少要一个月，让我下个月又来。我知道他们收集了资料也要拿到派出去去办理，我查过，办理暂住证最快三天，最迟一个星期，我就想让您们上级反应一下，能不能让他们办事有一点效率，总是拖拖拉拉好像不知道在等什么（长溇村村委会管理吴家桥暂住证的工作人员，什么名字不清楚）,,,
黑中介同联商业，敲诈 钱 恐吓我们,待回复,治安 求助,敬***,2019-03-1516:01,尊敬得领导：：求求您帮帮我……原因：我媳妇准备找店面在松江  ，就在网上找了一个地产中介。他就带我媳妇去看，看完了以后 他就让我媳妇签了一个看房协议，我媳妇问签得什么 他说签了这个是应付上面老板 怕认为他跑出玩了。结果呢 ？ 我自己跟他看得这个店面是同一个，然后我第二天就带媳妇过来找这个店铺老板谈价格 。签了合同跟老板，现在中介认为我媳妇 跳板？ 然后让我们给他双倍的钱。还打电话恐吓我们 ，说不给钱就天天带人过来闹，让你们做不了 还打电话来说，我们是外地得人 什么都不怕。  现在每天都是不同的人给我媳妇打电话  下他说什么你们多注意一点 你们的食品 跟老鼠  还发信息和食品恐吓我媳妇  我媳妇现在都快疯了 。,,,
反应松江区佘北家园丽雅苑物业停车收费不合理,待回复,城建 求助,丽***,2019-03-1114:02,书记您好，松江区佘山镇佘北家园丽雅物业停车收费不合理，同样是拆迁与经适房新家园二期每月只收100元，松和苑收每月150元，丽雅苑却要300一个月，150元的地面停车位不给办，逼你去租300元一个月地下停车位，本来此小区是政府为低收入市民建造的经适房，而该小区物业收取的费用高于同地区费用，还望您这边帮我们关注一下,,,
买了过期药，为什么处理不了？,待回复,医疗 投诉,W***,2019-02-1322:08,年前1月31号，回家之前，给老妈买了一批保健药品，其中有一盒盐酸氨基葡萄糖胶囊，在家中让老人服用时，看了一下有效期，一看竟是过期药。图下，于是也没敢让老人服用，年后就带回上海去药店交涉，交涉未果，投诉到药监局，派人过来取证后，查出该生产批次早已卖完，药监局也没法处罚，该药品还在我手上，我也不知该不该等下去，如果就这样没事了，那以后这样的事还会不会出，会不会有人比我马虎一点，不看日期就吃药的，出现问题就糟了。我问一下，为什么会有药品和单子上对不上号，这是一种多么严重的情况！下图是我未交涉之前拍的照片。,,,
程书记您好，,待回复,企业 求助,王***,2019-01-2416:54,我在12月19号向商家预付购车定金。最后价格没谈成，商家不退还了，,,,
程书记你好，我要请求你的帮助,待回复,交通 求助,等***,2019-01-2312:55,松江区墩峰路二手车交易市场，办事情拖拖拉拉，我车量转籍一个月了还没有出来，我也等了一个月了，因为马上过年了车不出来我就回不去，一个资料其实一般工作日就一个星期也差不多了，为什么我要等这么久，耽误了我一个月时间现在也没有一个回复，我真的不知道怎么办了，我现在只想他们给我办出来，上次打12345投诉也没用，他们是一天又说一天又说下个星期的，后面又说把我牌子丢了，把我折腾来折腾去，真的现在的不知道怎么办，因为我家不是上海人，几千里之外，回去一趟不容易希望你能帮帮我，,,,
市场监督部门怎么能这样,待回复,环保 投诉,朱***,2019-01-1209:37,松江岳阳街道中山二路8号，现在再申请办理餐饮执照。市场监督明明说过居民楼下不能办理拉面馆的餐饮执照。现在居然申请也能通过。我们楼上居民打电话去投诉。市场监督部门居然有人给面馆打电话告知。现在还威胁我们楼上居明。再打电话投诉就要报复我们。,,,
违法建筑房何时才能拆除,待回复,城建 投诉,y***,2019-01-0408:09,"松江区委书记程向民，你好：   反映上海市松江区九亭镇茂联路100号一厂区内，有一黄色的房为无证违章建筑房，有关部门在12345市民热线回复我说今年十一月份拆除这违章建筑。但为何此违建房至今拆不了啊？希望松江区政府要求九亭镇政府相关部门按照""五违四必""精神，对上处违章建筑依法予以拆除,让城市市容秩序更加规范，城市环境更加整齐。",,,
古楼路米兰诺贵都27号楼居民饱受噪声困扰,待回复,治安 求助,乐***,2018-12-0407:32,程书记您好，我是松江区泗泾镇古楼路米兰诺贵都27号楼的一位居民。目前27号楼的居民正在饱受噪声困扰，27号楼1601室住户每天都采取大声播放音乐、敲击物品乃至使用震楼器等方式，恶意制造噪声，尤其从夜间直至凌晨噪声不息，严重干扰了周围邻居的正常生活。在直接沟通无效的情况下，我们多位邻居投诉至物业、居委会，甚至多次报警，都无法制止1601住户的行为。该住户的做法严重影响他人正常休息，严重侵害他人的正常权益，已有多位邻居和1601住户发生口角冲突，成为影响邻里关系、社区和谐的重要因素。我们认为，该住户的行为不仅有违社会公德，也明显违法《中华人民共和国治安管理处罚法》和《上海市社会生活噪声污染防治办法》的有关规定。但其依然无行无素，与所在向阳桥社区调解不利，所在城中路派出所执法不严有很大关系，我们万不得已采取网上留言的方式反映我们遇到的难题。习近平总书记在《心无百姓莫为“官”》的文章指出：“‘群众利益无小事’。对老百姓来说，他们身边每一件琐碎的小事，都是实实在在的大事，有的甚至还是急事、难事。如果这些‘小事’得不到及时有效的解决，就会影响他们的思想情绪，影响他们的生产生活”。目前，米兰诺贵都27号楼居民面临的就是饱受噪声困扰的小事，希望程书记能够关注我们的问题，帮助我们恢复安静和谐的生活环境。,,,
松江区是否属于上海市机动车限噪范围,待回复,交通 建言,匿***,2018-12-0215:03,书记您好，12月1日，上海市公安局、上海市生态环境局《关于进一步加强机动车噪声污染治理工作的通告》已正式施行。通告中规定上海全天禁止噪声超过80分贝的九座以下客车在本市道路（高速公路除外）行驶；每天晚上9时至次日7时禁止噪声超过80分贝的摩托车在本市道路行驶。我的疑问是松江区是否属于此次限噪的范围？以及如果属于，为什么在道路上没有实质性的管控措施？机动车噪声情况依然很严重，谷阳北路靠近梅家浜的区段，晚上12点之后依然存在机动车改装引擎轰鸣的声音。,,,
我因工作原因摔伤公司应该负什么责任,待回复,企业 求助,发***,2018-11-1615:49,我在泗砖公路777号科大智能机器人产业园上班，是上海永乾机电有限公司的员工，在公司工作十四年了，今年9月1号公司安排加班，我加班到晚上八点半骑电瓶车下班途中摔伤，造成右腿韧带撕裂，由于我是自己摔倒受伤的没有能鉴定为工伤，所有公司不给我任何工伤待遇和补偿，可是我毕竟是为了公司加班而摔伤，与工作存在因果关系，请问这种情况公司应该承担什么样的责任？我应该怎样维权？,,,
66岁老人在工地上受伤骨折2天了公司里无人处理,待回复,治安 求助,x***,2018-11-0316:31,程书记您好，2018年11月1日66岁老人在上海市松江区第四社会福利院工地上被打骨折，到现在上海绿地建设（集团）有限公司项目上都无人处理，也不给老人看。家属11月2日到工地找工地上负责人，但负责人不但不解决问题，还扬言要弄死家属，之后家属报警了，才平安过了一夜。11月3日，因今天程书记您要去第四社会福利院视察工作，早上工地上负责人怕家属找您反应情况，工地负责人想尽一切办法（威胁、拖延、安抚）不让家属见您，并保证给老人看病到好为止，安排人照顾。但就在下午14点左右工地负责人告知家属，让其自行看病、自行照顾，程书记您说让家属怎么办啊！,,,
莘闵地区沪杭高铁经过密集居民区未设置隔音屏,待回复,城建 投诉,L***,2018-10-2016:09,沪杭高铁线路，以高架形式经过莘闵区的新桥镇整个区域都未设置隔音屏，这几年随着新桥的发展，高铁沿线已经大面积由开发商造了商品房，特别是金地、象屿上海年华小区沿高铁旁而造，高铁的高频率噪音已经完全影响我们的休息，松江马上又要开始改造沪昆铁路线为高铁，那么这片区域将有4条高铁轨道，噪音将更加频繁，再次请松江区的领导能关注民生民愿。谢谢！,,,
医保卡被盗刷3508.43元,待回复,医疗 投诉,W***,2018-09-2009:40,2018年9月17日，本人在上海市闵行医疗保险事务中心查了消费记录，个人交易明细单上显示2016年12月至2018年7月，非本人多次在上海华氏大药房有限公司春申路药店，上海好药师庆云药店，上海药房连锁有限公司报春店这几处消费，总计被盗刷金额为3508.43元。最近一笔是2018年7月29日在上海药房连锁有限公司报春店发生。本人联系药店要求查监控，被药店告知时间太久没有录像了，以及无法提供收款签字单。,,,
土地长时间空置很可惜,待回复,城建 建言,W***,2018-09-1709:25,松江区荣乐东路1085号对面，有一幢未完工大楼最少空置了有六七年了。中间好像建设了一段时间，又停了。这么多年土地空置，既不能给国家带来税收。又浪费稀缺的土地资源实在可惜。望领导可以关注下。,,,
小区机动车占用消防通道车子乱停车子车子出不去,待回复,政务 建言,C***,2018-09-1408:52,松江区乐都西路1155弄三星苑物业不做为，物业费停车费还没有到期就开始问你要，提醒你快点交钱，只知道收物业费不管事，多次向物业反应车子乱停，车子开不出来，消防通道也停满车俩的情况   无果，还有停车位车子开出来一个路口被1到3辆车堵着、另一边路口的机动车停在中间，开出来差点撞到，这是早上，打电话110报警人警察说不关我们的事，你找物业，不要找我们，打挪车电话也没有用，我就想问问物业只知道收物业费停车费不管事我到底找谁管，还有晚上更为严重车辆乱停现象，消防车开进去都事问题，因为消防通道都停车，救护车还好点，有的楼道可以开，这要是晚上出点事找谁，各位领导吗？命都可能没了，找谁谁还有用吗？所以建议各位领导要是不相信的话，可以晚上亲自来看看每个楼道的情况，是否是事实、情况是否属实。照片我就不上传了，毕竟实地去看才知道我说的不夸张，当然要是要照片的话可以发消息我可以上传给你们看,,,
交警处罚过重,待回复,交通 求助,法***,2018-08-3010:51,尊敬的领导您好，事情是这样的，交警因为情绪惩罚我过重，7.25日我在小区倒车不小心蹭了一下别人车，当时我没发现，就走了，之后对方报警，7.31号交警给我老婆打电话，说你老公撞车跑了，我老婆以为是骗子诈骗电话，就把他骂了一顿，因为我都不知道此事，我老婆在老家，但我们天天视频的。我的什么事他都知道的。所以说了一顿直接挂了，8.4号交警过来敲我门说我撞别人车跑了，把我车直接扣走了，当时也没开扣车单，说8.6号星期一过去和对方处理此事，8.6号我过去和对方协商好，把车子修好，稍微挂蹭花了400元就好了，对方也表示不再追究此事，要求撤案处理，可交警死活要给我定肇事逃逸，当时我没签字，去公安局复议，公安局直接说不管你知道不知道都属于逃逸，没必要复议直接不接受我复议，可能是因为我老婆说了那个交警，，他心里不舒服，故所以才给我判这么重，好多人对此事都不理解，小区挂蹭很正常，怎么成逃逸了，而且是不知情的情况下。直到今天我车还在他们哪里扣着，希望这个平台真的能为老百姓伸张正义，也希望在法律面前领导们能公平对待,,,
有资质教育机构聘18岁高中生教室里暴力学生,待回复,教育 求助,糯***,2018-08-1812:14,松江区涞亭南路888号颐景园会所，新华教育，(上海闵行区新华业余学校)，暑托班雇佣一批暑期兼职高中生来教专业的幼小衔接的课程。没有备课，随便乱教，拼音，笔画各种错。没有办法整理课堂秩序，就开始暴力了。一个18岁成年人高中生，摸到白板擦使劲丢到天花板，砸下来，打到六岁孩子身上。摸到白板笔，再砸。摸到书籍各种，一直砸向孩子。数次砸向孩子……孩子非常委屈伤心，当时就跑出了教室。我们花了很久很久才找到孩子。之后孩子拒绝进这家机构。无人监管，无人来管。家长希望退费，没有人管。电话了松江教育局的3来头的电话，一位男性工作人员接听，教育机构依然不退费，还在克扣学费，不补偿，不道歉。这个就是披着合法的外衣，形同地痞流氓的垃圾机构。请问如何追诉，当真无人监管么,,,
泗泾敲毁承重墙，违章搭建，私挖地下室,待回复,城建 投诉,W***,2018-08-0311:38,泗泾敲毁承重墙，违章搭建，私挖地下室在松江区泗泾镇古楼公路348弄170号有一套联排别墅，私自敲毁承重墙7处，一到三层现浇混凝土违法搭建扩大房间和阳台面积(目前仍在加班加点赶工中)业主刘虎经常工作日在别墅监工，圈地占用公共马路建造私家花园。这与我市创建无违建居村不符，按政策规定敲毁承重墙可罚20万元，限制交易，均被城管拒绝，而该业主两三次试图用石膏板粉刷水泥水冒充假的承重墙，至今日夜赶工违法搭建，企图变成存量。到底谁在充当违法搭建的保护伞?明明有法可依去执行，为什么通过12345举报近8个月，泗泾城管还不拆除170违章建筑?12345与今年四月答复会罚170号款，至今泗泾城管没处罚。明明我们是去年11月他们刚刚搭建时候举报，按照国家政策，在建违建可以一周内快速拆除，泗泾城管迟迟不处理，余2018年2月28日才开具责令拆除通知书，企图把在建违建改成存量违建，而事实170号今年五六月还在搭建外墙违章建筑（视频和图片都提供给区城管大队凌文元）2018年7月11日泗泾城管队长戚斌到达现场察看，对方家承重墙敲毁镂空，中间用镂空木质屏风隔断，当众答应大家尽快让170号找第三方重新检测承重墙，至今没有兑现，请区长调查答复，还百姓一个公道，谢谢,,,
车墩镇环保问题严重,待回复,环保 投诉,q***,2018-08-0211:33,车墩镇李高路285号4号楼一楼翔发印刷，环保不达标，偷排废气，散乱污企业，更存在重大安全隐患，没授权生产恒源祥知名企业商标，尽快查处,,,
关于松江力铖健身欺骗消费者的投诉,待回复,企业 投诉,W***,2018-07-2411:03,"您好，首先很高兴您在百忙之中看到我这条消息。于2017年7月底,本人及朋友在谷阳北路166号大江商厦3楼上海松江力铖健身办理个人两年卡各一张，后期十月左右因为工作原因主要搬至杨浦区，与健身房当时的店长自己教练沟通退卡转卡事宜。以下称为刘某(店长)姜某(教练)，两人一致答应，表示自己能做主，并承诺搬家前找他们退钱。没多久两人纷纷离职，对此事也不负责了。本人和朋友又联系方式的一位主管,暂称熊某，熊某一边说之前教练店长的不负责，一边拍着胸脯和我们保证，还签下协议，同意转卡或退卡，方式一:转卡并扣除500手续费;方式二:退卡并扣除百分之30-百分之35手续费。并告知我们上月肯定能转，直到今年三月，再联系时候熊某每每都说别急，忽悠人，要么直接不做回复。后期打电话联系态度也特别差，总是以你还想让我这么办，我实在没办法，这样的话搪塞，再到后来干脆将我电话拉黑了，用朋友的打入也是接听后拉黑。和我讲没办法转和退，白白等了这么大半年不说，自己的利益也受损。在网站上查询，并不知我和朋友两人被这家健身房骗，希望有关部门能帮助我们挽回一些损失。谢谢！最后祝您身体安康。",,,
小区内打牌场所问题,待回复,文娱 求助,z***,2018-07-2408:28,程书记，你好，本人居住在松江长兴路98弄海欣城，小区居委会办公楼内有一个棋牌室，设置不合理，里面全是打牌赌博的，无人管理。1.存在赌博现象。2.有带小孩进入的，影响未成年人身心健康。3.开放时间不合理，有人打牌上瘾，中午不回家吃饭，因长时间做姿家人担心健康而经常有吵架，影响家庭和睦。找居委会反馈，没有任何临时解决或改善措施，推脱要多久多久进行改善解决，不予改善解决、不作为。请问这样的不健康活动成立是否合理？是否应有批准程序？该有谁解决或改善。强烈建议取缔该打牌活动，建立更加健康的活动方式，或改善开放时间，加强监管赌博行为，禁止未成年人入内。,,,
泗泾敲毁承重墙，违章搭建，私挖地下室至今没有,待回复,城建 投诉,W***,2018-07-2008:03,在松江区泗泾镇古楼公路348弄170号有一套联排别墅，私自敲毁承重墙7处，一到三层现浇混凝土违法搭建扩大房间和阳台面积(目前仍在加班加点赶工中)业主刘虎经常工作日在别墅监工，圈地占用公共马路建造私家花园。这与我市创建无违建居村不符，按政策规定敲毁承重墙可罚20万元，限制交易，均被城管拒绝，而该业主两三次试图用石膏板粉刷水泥水冒充假的承重墙，至今日夜赶工违法搭建，企图变成存量。到底谁在充当违法搭建的保护伞?明明有法可依去执行，为什么通过12345举报近8个月，泗泾城管还不拆除170违章建筑?请区长调查答复！,,,
何时起用德悦路绿地东西二个公厕,待回复,城建 求助,匿***,2018-07-2007:53,该绿地东西二个公厕，分别于2017年4、5月底峻工。至今已一年时间过去，为何不见开放使用，责问松江新城投资有限公司。①是峻工后，公厕内设备安装欠缺？②使用公厕服务资金沒到位，无法招聘服务管理人员？③无法正常使用公厕？         目前，绿地附近周边德宁苑、德悦苑、登云苑、仁育苑、泗滨苑近五仟多人在早晚锻炼无法使用公厕，广大居民迫切希望，尽快开放二个公厕，解决如厕难实际问题。,,,
程书记您好，位于涞亭北路与涞坊路的这些待拆的,待回复,环保 投诉,W***,2018-07-1722:24,房子里藏着几家卖活禽的，整天在这里卖那些没有经过检疫的鸡鸭，死的，有病的都有。搞得地上污水乱流。并且他们卖出的鸡鸭缺斤短两，一斤能给你6两算是不错的，特别是有个姓马的公开缺份俩，态度相当恶劣，说什么政府他都搞得定的。经常对一些顾客大打出手，群众也只能看在眼里，不敢说什么。望程书记派人实地察看一下，还这里一片干净。谢谢,,,
投资联璧金融公司共有几百个亿,待回复,金融 求助,W***,2018-06-2215:54,投资联璧金融公司，血本无归，至今没有说法，几百万人的所有家产都在里边。希望领导能给做主。谢谢,,,
求程书记主持公道,待回复,其他 求助,中***,2018-06-1712:03,我叫蒋小辉，来自四川广安，父母是农民，而且家中爷爷常年患病，家庭条件还是比较拮据，我目前在金山区从事印刷包装的工作，收入勉强能维持我跟我爱人的生活。我是今年三月份来的上海，也是人生第一次来上海，当时暂住于松江区环城东路。来上海之前我一直在内地西安工作，但是觉得人年轻应该有番作为，恰逢朋友介绍上海这个充满机遇和挑战的魔都。遂年后，我跟我爱人怀揣着激情昂扬的斗志来到这片热土，可不曾想刚来这里不久就遭遇困难。希望党和政府能为我们主持公道。我们是今年3月10号通过房产中介在松江区环城东路450弄东外苑26号楼502室租的一间厅卧暂住。当时身上所剩的两千多块钱也几乎用来交付房费，押金跟中介费。当时是中介的人代表房东跟我们签订的租房合同，因为当时过来考虑到还要找工作，所以我们很明确的跟中介提出我们估计只租三个月左右，如果有合适的工作还要找个离工作地近点的房子，中介也承诺我们不住的时候提前通知他们，他们会把押金退给我们。并在合同里补充了这一点。之后迫于生计做了一段时间临时工，才找到现在在金山工业区的这个工作。原本我们所交的房屋租金到6月10号到期，因为我们要搬到金山工业区来，所以我们提前了20天给房东和中介说了我们要搬走的事。房东和中介也承诺说把押金退给我们，在6月6号房东把我们租的房子转租给了别人，我们被迫提前搬出。房东当时承诺6月10号把押金退给我们，可是现在几天过去了，房东并没有这么做，而且我们跟房东一直微信联系，昨晚向他问及此事，微信也被他删了。现在我们也正为此事而感到苦恼。但我们相信人做天看，也相信党和政府对这种事也不会置之不理。所以我们恳请领导能为我们做主，帮帮我们。,,,
废水污水粪水直送保利西子湾千家万户,待回复,环保 投诉,匿***,2018-06-1415:05,#松江保利西子湾居民用水污染# 5月13号早晨至发稿5月14号晚上19:20，上海松江保利西子湾小区遭受重大饮用水污染，3300多户，上万名业主生活饮用水遭污染！几千户家庭的净水器，洗衣机，衣物受到大面积损坏！还有很多不知情的业主使用了污染水体！事发已经过去两天了，至今饮用生活用水还没恢复！！且不说事故追责的问题，光水务集团公司处理速度和方式让上万名居民难以接受！还不断谎称自来水已经恢复正常，居民家中放出的水还是浑浊，不但不能饮用连生活用水都不行，还有职能部门可以管管吗！@上海发布 @上海事体 @逛松江 @宣克炯 @124上海市水务局 @上海松江水务 @上海松江发布 @上海松江论坛 @上海城事资讯 @上海头条播报 @东方卫视,,,
举报别墅敲毁承重墙和搭建大半年，泗泾城管不作,待回复,城建 投诉,W***,2018-05-3107:27,在松江区泗泾镇古楼公路348弄170号有一套联排别墅，私自敲毁承重墙7处，一到三层现浇混凝土违法搭建扩大房间和阳台面积（目前仍在加班加点赶工中）业主刘虎经常工作日在别墅监工，圈地占用公共马路建造私家花园。这与我市创建无违建居村不符，按政策规定敲毁承重墙可罚20万元，限制交易，均被城管拒绝，而该业主两三次试图用石膏板粉刷水泥水冒充假的承重墙，至今日夜赶工违法搭建，企图变成存量。到底谁在充当违法搭建的保护伞？明明有法可依去执行，为什么通过12345举报近7个月，泗泾城管还不拆除170违章建筑？请区长调查答复！,,,
关于危房,待回复,城建 求助,想***,2018-05-2307:40,尊敬的领导，您好！我是松江区佘山镇刘家山村730号的村名，我今天给你留言是因为我家房子的问题，我家房子建于90年代初，当时我家条件是村里最穷的一户，但是我跟我弟弟都快到婚假年龄，于是我爸妈决定借钱造房子，由于家里穷借的钱也是很有限的，所以就决定单壁砌上去，质量是根据钱决定的，所以经过二十几年风雨的洗礼，现在房子在下榻了，墙壁上从顶到底都裂开了，上下两层接口的地方都有很宽的裂缝了，每年的夏季刮风下雨我们住在里面都担惊受怕的，怕哪一天会倒，而且新闻里也有报道哪里哪里房子倒塌什么的，我们也跟村里反应了好几年，但是也一直没有解决，村里领导也一直再说马上要拆迁了，忍忍，但是都那么多年了，实在害怕，现在条件总体来说都好了，都希望生活质量过的更好，但是在这样的情况下实在没办法，而且我家人口有多，七口人，望尊敬的领导能解决一下我们老百姓的民生问题，如果不是没办法了也不会打扰领导的宝贵时间，谢谢！,,,
上海筱钻实业有限公司,待回复,企业 投诉,W***,2018-04-2008:46,程书记您好！上海筱钻实业有限公司在互联网上阿里里发布打孔串珠手工加工外发产品回收的虚假广告，诱骗客户与共其签订生产加工合同协议书，然后诈骗加工客户机器设备保金证，该公司称免费提供工具材料技术指导回收成品批交批结，运费公司负责，每串手链4元价格回收，首次合次需交12000的机器押金满2000串返还，发货由加工客户要求，等交了钱后他们说要做100串学习练手样品，做好后便以各不合格理由拒付加工费，运费我自己付，其后又发100串还是一样的说法，他们又说发100串，他们公司以不合格非法占有保证金，我找工商局说不归他们管,,,
依法拆除茂联路100号违章建筑房,待回复,城建 投诉,y***,2018-04-1909:21, 松江区九亭镇茂联路100号一厂区内，有一黄色的房为无证违章建筑房。希望松江区九里亭街道办事处执法部门依照《五违四必》精神，对茂联路100号违章建筑房依法予以拆除。让城市市容秩序更加规范安全，家园更加整齐规矩。 ​​​​,,,
房子漏水严重，维修一直在拖时间,待回复,其他 投诉,k***,2018-04-1708:39,房子漏水，3月报修一直没人到房内看情况。一个半月后的今天修的人来了，确以没有看到水只看到水印为由，拒绝维修。把漏水照片给修的看了，说看不懂。物业也以没见水不能强制叫人修回了我，问题是有水的日子里叫物业来看没人来的。现在确说没水，不好说话。故意拖延时间，一点都不负责任。同样是看不到水的卫生间顶上管子修了。因为投诉他们长时间不修有漏电风险。只挑漏电的地方修其它地方漏不管不顾。连照片有没有水都看不懂，还修什么。房子里都是霉的。,,,
环保,待回复,环保 投诉,x***,2018-04-0315:18,位于松江区九亭镇寅青路2号甲厂房内的车间由多家小作坊组合而成，里面东西摆放杂乱存在安全问题。接到环保部门检查通知后，而为了逃避环保部门检查要求所以工作人员晚上上班。里面所以工作人员还没有保险，因该工厂存在无证经营。,,,
广场舞噪音至今未解决,待回复,治安 投诉,匿***,2018-03-2816:14,书记您好，我们这里存在广场舞噪音，已经严重影响身心健康，自晚上6点~8点，声音巨大，本人已从医院检查，坚定为精神衰弱，地点，松江区城置路257弄，请问领导能否维护居民的合法权益？,,,
拆除违章建筑房,待回复,城建 投诉,y***,2018-03-2416:27,反映松江区新桥镇茂联路100号一厂区内，有一黄色的房为无证违章建筑房。希望松江区新桥镇政府按照《实施》精神，以“五违四必”治理工作为重点，坚决依法拆除这一市民反映强烈的茂联路100号违章建筑房。,,,
拆除违章建筑房,待回复,城建 投诉,y***,2018-03-1920:36,反映松江区九亭镇茂联路100号一厂区内，有一黄色的房为无证违章建筑房。希望松江区九亭镇政府执法部门调取茂联路100号房屋资料，确认违建面积，找房主做工作配合拆除，如房主不同意配合政府拆除违法建筑，那依照《实施》精神，对茂联路100号违章建筑房依法予以拆除。让城市市容秩序更加规范安全，家园更加整齐规矩。,,,
上班了，没拿到工资,待回复,就业 求助,匿***,2017-12-2208:53,尊敬的程书记，你好，我是一名异地农民工，赵泽斌，在上海求职，在松江区车墩镇申港路3636号，日沛上班，目前为止，十月份的工资还没有拿到，到劳动局求助过，他们推荐找驻厂人员调解，最终无果，走投无路之际，就想到了这个平台，希望能够通过这个平台，要回我的工资,,,
望领导关注我们打工者饮食,待回复,其他 投诉,还***,2017-11-2809:42,敬爱的领导，在华加路华松物流旁，路边有很多大大小小的饭店，我跟我朋友们在那吃饭，有好几个拉肚子的，我们是打工的，不敢吭声，里面卫生条件差的很，也没有工商许可证，也没有卫生许可证。我真心的不知道了，为什么他们还能继续营业，难道我们打工者就不是人了嘛，活该拉肚子吗，这个世界好不公平，，心好累。。望你们体谅民情，下来看看吧，,,,
办理居住证时遇到的办理房屋租赁备案问题,待回复,其他 投诉,匿***,2017-11-1014:38,我在去永丰街道社区事务受理服务中心办理房屋租赁备案，工作人员要我提供房屋出租交税税单，房屋出租要交税，这是上海这里的法律规定，并且是税务局要负责的事情，税跟社区事务受理服务中心没有任何关系，这是两个不同的部门，职能不同。而《上海市居住房屋租赁管理办法》2014年3月修正的关于租赁备案（第十三条）条款及其他条款并没有要求办理房屋租赁备案登记的相关部门要要求前来办理备案的相关人员提供税单，才可以办理备案。而作为办理房屋租赁备案登记的相关部门--永丰街道社区事务受理服务中心却要求必须提供税单才可以办理，如果松江区政府或者永丰街道有相关要求，并且明示出来，那我们只好依法办事，但永丰街道社区事务受理服务中心的工作人员并没有明示也拿不出任何书面文档可以证明-需要提供税单的上级要求，相关工作人员称是上级下发的口头通知，不予以公告，也无法提供给前来办理房屋租赁备案的人员。我更想问，纳税是税务部门的事情，为什么永丰街道社区事务受理服务中心在没有相关法律条文允许的情况下，要求办事人员提供税单？如果有相关法律条文，请问在哪里？为什么不肯公示？,,,
居民楼一楼使用升降机扰民,待回复,环保 投诉,匿***,2017-11-0317:21,书记:您好!松江区辰花露839弄莱顿小城69号楼一楼使用升降机扰民。从2016年底至今不分时间使用，严重时半夜三更使用，严重影响我的家人正常生活和休息。从2016年底至今，无一天完成休息日，每天晚上被吵醒，严重影响家人身体健康。此前投诉12345，至今无果。望领导及相关部门能重视，我和我的家人只想能有个可以正常休息和睡眠的生活环境。望领导能积极协调处理，望早日能得到解决。谢谢!,,,
居民楼一楼使用升降机噪音扰民,待回复,环保 投诉,匿***,2017-11-0315:24,程书记，您好!我是松江区辰花公路839弄莱顿小城69号楼业主。一楼阳光便利店使用升降机扰民，从2016年底开始不分时间使用，严重影响我们家人正常生活和休息。从17年4月30日投诉12345至今（11月2日），从最初职能部门上门协调9点半不使用，又10点不使用，10点半不使用……从未遵守承诺。半夜一两点甚至3，4点使用，现在没有任何部门管理人员公平公道的处理过这个问题。已受此升降机噪音有11个月，投诉半年无任何结果。现在严重影响我和我的家人正常生活和休息。我的诉求只想有个正常生活和休息的环境。从2016年底纸巾，从未睡过好觉，每天都被升降机噪音吵醒，导致我严重失眠。因为长期受严重噪音影响，孩子经常哭闹，影响孩子健康成长。望程书记及相关部门领导能够重视我们的生活环境，让我们能有个保证基本生活休息的环境。望及时协调解决。谢谢!  使用升降机的店:阳光便利店  地址:松江区茸盛路644号,,,
松江区委领导、交通委领导：,待回复,交通 感谢,蒋***,2017-11-0208:42,感谢你们为我们老百姓做了一件实实在在且深感收益的大好事：10月30日松江新城到松江工业区增设了潮汐式车道，让我们上班、下班不再堵心，原来上下班路上的时间大大缩减。,,,
佘山欢乐谷华侨城酒店工地拖欠克扣我们工资,待回复,城建 投诉,x***,2017-10-1216:59,我们在佘山欢乐谷工地做装修水电的做了两个多月活，当初讲好工资月清，老板现在活又不让我们做，工资又不给，还要无故克扣我们工资。一拖再拖快有半个月了，我们希望能早点拿到我们的血汗钱,,,
新桥镇一小区有多家棋牌室天天扰民，经常有斗殴,待回复,环保 投诉,w***,2017-10-0914:46,"尊敬的程书记: 您好，我举报的小区内的棋牌室场所位于上海市松江区新桥镇申港路50号（春申公寓）2号楼后面一排房子一楼有多家棋牌室，该房屋属居民住宅，但非法开设棋牌室，内设多台麻将机。 该棋牌室天天营业到深夜，经常会发生大声喧哗，斗殴事件，严重扰民。周围邻居无法休息好，影响到白天工作。 对此，我找过物业，最终也没有效果，打过110举报电话，民警有时过来劝说，但民警一离开，棋牌室继续赌博扰民，其中有一次举报并没出警。在此，我希望按照上海市地方条例规定及相关法律，对该棋牌室进行管制和取缔，不能任由发展。请市各位领导、书记关注并解决,谢谢!",,,
关于新桥镇交通,待回复,交通 建言,宁***,2017-09-1409:39,尊敬的书记     关于松江区新桥镇交通实在是非常的拥堵，已经拥堵了10年，但目前仍然没有得到解决，松江漕河泾开发区的发展是值得肯定，但交通问题阻碍到整个片区的发展；希望市委领导可以规划开辟新的交通道路及新的交通工具；比如12号线可以延伸到松江漕河泾；松江漕河泾南部综合体规划不错，蛮有发展的前景；是否可以考虑地铁引到该区域，或者增加该区域的交通！增加到9号线，莘庄地铁站的短驳公交..........     以上希望市政府领导可以给予重视！！     这里的百姓很希望您们的介入调解闵行和松江区域的断头路！可解决疏散汽车拥堵问题,,,
荣盛名邸113号402及501室群租扰民,待回复,治安 投诉,匿***,2017-08-1709:05,尊敬的区委书记:位于新桥镇莘松路1500弄的荣盛名邸小区113号楼的402室及501室群租扰民严重，安全隐患非常巨大。近两年来我们多次向12345及新桥镇反映，但问题没有丝毫解决。希望书记能帮我们解决此事，给我们一个和谐安宁的居住环境。,,,
暴雨返水,待回复,城建 求助,让***,2017-08-0410:42,尊敬的程书记您好！    请为民办事，维罗纳贵都小区物业只收取物业会，不解决居民反馈的居民家中漏水，小区雨水管通堵塞造成我家三楼返水两次，多次找物业解决，包括房窝内的木地板，门框都是泡水变形，小区物业迟迟不来解决，这样物业我们必须出来曝光，小区内只要下暴雨就会多家居民受到返水困扰，投诉物业解决至今未见到整改，恳请市长为民做主，解决我家里受暴雨返水困扰，包括两次返水受损的家居损失。,,,
希望得到帮助 希望松江更好！,待回复,企业 求助,小***,2017-07-0309:20,尊敬的书记 你好\'我是一个外来务工人员  来上海已经四年了 非常喜欢松江  只是进的厂一直不给员工交社保  而且正规的合同应该是至少两份 双方各一份 可厂里只让写一份交上去 说是没什么用 只是用来应付上面检查的  希望上级领导可以来重视一下 让我们外来务工人员可以得到正规《社保和合同》的保障 ！厂址《上海市松江区申港路238号 重海自动化科技有限公司》   在此感谢您的能认真的看完我的求助！希望松江可以越来越好！谢谢！,,,
何时能办理产证,待回复,城建 投诉,匿***,2017-06-0114:55,程书记你好，我是松江区石湖荡镇的合法动迁户，从第一批动迁户2003年至今不能办理产证，请问是违章还是什么情况，至今未果，安置办领导就说反正不能办，希望程书记给我们小区居民一个答复，我们到底属于什类型,,,
沿街商铺音响扰民，影响居民休息学子学习,待回复,环保 投诉,匿***,2017-05-1916:21,领导您好！我是家住中山东路方塔路附近的居民，中山东路沿街是商铺，楼上是居民楼，商铺经常不分昼夜的开着大功率的音响大肆宣传，有次音响一直到晚上9点25分才停止，十字路口分别开着四家水果店，其中两家（中山东路方塔路东面的两家）经常像较劲似的开大音量对着干。其他都可以忍耐，但是家里有上学的孩子，每天要做回家作业，这么吵闹的环境，实在影响很大，天气冷的时候还可以关了门窗缓解一点，但是这天气一天天的热了，天天关门关窗的也不利身体健康啊！居民区连汽车喇叭都不让按，这样的噪音难道不能管一管么？希望领导督促相关部门给予管理，谢谢!,,,
为何三湘四季花城小区的公共收益丢了？,待回复,其他 投诉,匿***,2017-05-0122:24,2017年3月5日，三湘四季花城小区业主与业委会，物业公司召开会议，澄清业主们针对2016年动用物业维修基金的维修工程，在过程中从物业公司人员口中得知:小区多年的公共收益被三湘物业公司竟然做到其他小区的账面里！至此本小区的业委会成立已经超过一年半的时间了！请问:物业公司和业委会是怎么想的？至今没有给业主们一个合理合法的解释！,,,
无证网吧蔓延遍地开花,待回复,文娱 投诉,匿***,2017-04-2510:35,上海市松江区联阳路12弄联阳小区95栋无证网吧，天天偷偷摸摸的开着，保安也不管，我儿子天天泡在里面，有人来就开门，用微信联系，进去后立马关门，我几次寻找儿子都进不了，危害性极大，希望有关部门给予严惩，谢谢！,,,
工资,待回复,就业 投诉,匿***,2017-04-1923:06,瑞地物流园的心怡物流公司天猫仓库员工工资，底薪远低于上海最低工资标准，只有2020元，请领导给予关注，谢谢,,,
松江区动漫城都有赌博机,待回复,就业 求助,匿***,2017-03-1308:38,他跟他老婆来到了大海上工作一个月工资两个人也有差不多一万大几，本来生活过的还可以。现如今被动漫城里面的赌博机害的现在也都快家破人亡了。就在今天又输了一万多，他本身身体就不怎么好有精神上的问题，家里还有俩个小孩，不幸2014年还出了交通意外事故坐了一年劳并且赔了五十多万，现如今还欠了几十万。望请各领导重视,,,
涞亭南路888弄一些业主将车库改建成出租房,待回复,城建 投诉,c***,2017-03-1116:15,此小区名为三盛颐景园，属松江九亭大型社区，出租房内违章拉线、使用灌装煤气等现象给居民造成严重安全隐患,,,
被拆迁地店招砸伤的群众，谁向谁求助？,待回复,城建 投诉,匿***,2017-03-1114:33,书记您好，车墩镇华阳社区华阳街，当地政府几年前就动员在该地搞拆迁，却又迟迟未组织拆迁，该街道原来是一条商业街，后因政府即将组织拆迁，导致沿街店铺都无人经营，沿街也未设置任何安全警示标志。！2017年3月4日中午，我岳母吃过午饭回厂上班，路经该街道，我岳母路过一家关门的店面前，被一块掉落的店招砸成重伤。事发后，第一时间报警，当地公安部门反应迟缓，到达现场后既没有拍照取证，也没有询问做笔录，之后以找不到掉落招牌的店铺房东为由，推诿责任。事后，本人一直通过多种途径与车墩镇政府取得联系，毕竟此事，当地政府拆迁部门和安全生产部门都要承担责任，拆迁部门组织拆迁导致沿街店铺无人看管，店铺店招无人维护维修，同时拆迁部门也未设置安全警示标志，另外安全生产部门隐患排查不力，也没有及时消除隐患。但当地政府，以多种理由推诿、推脱，至今仍未与我岳母取得联系核查情况，如果这次受伤的不是我岳母一人，而是砸死了一群人呢？政府是否依旧不作为？是否依旧麻木不仁？目前为止，该地仍有群众行走，下一个受伤、受害的又会是谁？弱势群体受伤害，谁来买单？,,,
小区门不让租客通行,待回复,交通 投诉,匿***,2017-01-2214:57,上海松江区古楼公路佘山东郡小区不让租客走近地铁的大门，还冠冕堂皇的以业委会投票表决，业委会无权做此决定，此决定严重侵犯了租客的权利，请区委有关领导给予重视解决,,,
车墩雅居乐房产开发商虚高房价坑害百姓,待回复,城建 求助,z***,2017-01-1722:47,我在上海松江车墩买了套商铺，开发商报我总价是285万，我首付款付了175万，购房合同是236万元，还有48万是房产开发商的服务咨询推广费，难道在售房备案时房产开发商没有将所有开发成本例入售房单价中吗？类似跟我一样的购房者多家，之前有几家经房管局出面协调已经解决了，但这种违规操作、虚高房价的开商发，房管局为什么不查处呢，还让其在害人呢，我是2016年10月份买的，为什么政府不查处这家开发商呢，我们只是百姓，我希望政府有关部门能出来调解此事。,,,
松江拆违章,待回复,城建 投诉,匿***,2017-01-1314:33,在申港路519号边上有个停车场，里边有个新的违法建筑群，地上放了好多集装箱房，住着收垃圾的和农民工，是违章房新动向，希望书记加以监管,,,
小区门口乱设摊,待回复,环保 投诉,匿***,2017-01-0114:49,您好程书记 我是荣乐西路新理想花园居民 不知从什么时候开始小区门口来了几家乱设摊的夜排档  刚开始的时候每天晚上九点多就出来了 烧烤油烟 炒菜声 喝酒聊天喧哗声 弄的我们每天都休息不好 最后我们几家邻居向城管部门反应他们来了以后也只是劝离 等城管走了以后他们还会出来 最后打12319前几天每天有城管人员看到10点多 他们收敛了很多 但好景不长 今天我晚上11点回来看见一家烧烤先是在小区的里面靠近大门口  快到12点的时候又摆在小区门口售楼处了 油烟熏的我们都不敢开窗户 真的不知道该向谁反馈了 这件事情虽小 不是说好的群众的事无小事吗 真的希望您们能替我们做主  长期取缔小区门口的这种不和谐现象 还我们一个安静的人居环境,,,
举报新桥老虎机,待回复,治安 投诉,匿***,2017-01-0108:43,尊敬的程书记你好，新桥新南路和明兴路路口有个盛世豪华游戏厅涉赌，赌资很大，里面赌博机很多，希望领导管管，不要让它在害人了,,,
砖桥贸易城拆迁事,待回复,城建 求助,匿***,2016-12-2415:12,我们是砖桥贸易城的商户，在这里经商多年，对这里的充满感情，此次拆迁很是不舍，但是听说影响到上海的大局了，我们人民百姓还是要以大局为重，服从政府安排，搬迁出去另谋生路。但是我们家目前是以贸易城为家的，我们的商户也就是我们家，店面房在去年政府官员已经出售给我们了，已经是我们人民百姓买下来的私人房子了，这拆迁事楼顶的喇叭整天不间断的播了好长时间了，但就是没有负责人到我们商户这边来谈拆迁赔偿事宜的。请问我们全国最文明的，经济发展最快速的上海市相关政府，在全面建设发展的过程中，在喜迎党的十九大的推进建设中，能否考虑考虑我们人民百姓的实际困难和利益呢？我们很想有幸福获得感，但是这又在哪里呢？？？,,,
松江东华大学保安工作,待回复,就业 求助,匿***,2016-12-2114:37,你好，书记，我是松江东华大学保安，我们是科瑞公司员工，12月9日通知我们到12月31日物业结束了，现在学校包给外地人物业了。我想问一下，我们都是松江人，当初学校造的时候土地都是松江人免费用的，现在我们松江人都要失业了，我想问一下是不是应该优先考虑松江人呢，学校有这样回报我们松江人吗？你哪怕包给本地物业都行，望书记能给予我们帮助，谢谢！,,,
不法中介,待回复,治安 建言,匿***,2016-12-0914:13,上海这边中介太多，不免有些不法中介浑水摸鱼，从中某取私立，说是招跟单员，弄进厂后做普工，说好多少工资，进去之就完全变了，顺便问了一下公司以前的老员工，说公司根本不找跟单员，这什么情况？？？？一个字，骗！！！！可问题是进去之前让做体检？体检费198元，进厂之后还得体检？还教100元，之什么情况？？大写的骗啊？？？填写入职报告还交100元。体检在松江安贞医院。离安胜路那边不远。简直是个大写的骗啊，得查，严打，太可恶了，这些人。还有忘说了，问题去面试过体检的时候，叫司机带路，这下好了，一座上去还让交100车费，这什么情况？？上海这么知名的城市，居然还有这种状况，太过分了，必须严惩。出去望眼一看全是介绍所。还有，我经历的这些都在58同城上看的。太过分了。,,,
关于民益路和新车公路路口每天拥堵问题反馈,待回复,交通 投诉,匿***,2016-11-1708:36,程书记：    您好！作为晨星小区的一名居民。再次向松江区领导反馈下目前普通市民的出行之苦。我是14年在晨星小区入住的。当时人、车还没有那么多，进城到徐汇上海坐公交快的时候只需要45分钟，即使在市区堵车，1个小时是完全没问题的。但从15年开始就越来越慢了，目前上下班时间需要花费3.5-4小时。即使是现在购买家庭用车，上海还是需花费3个多小时。每天一出门不管是从闵申路还是书林路到G60.都逃不过民益路与新车公路路口。从早上一直堵到晚上。在那个路口每天至少需要堵20分钟到半小时，下雨天那就更不好说了。 由于该路口是新桥到松江、金山方向到市区的唯一通道。加上铁路线多、断头路多，随着人口众多，这个地方每天都堵得不成样子了，而且当前此地正在修有轨电车，本身不宽通行能力不好的环境以后更加严峻了。请领导考虑是否有改善此路口拥堵的计划（每天看着那么多的交警不分严寒酷暑的指挥交通，为他们感到心酸但没有解决根本问题，拥堵还是天天上演）。如修建高架引路、打通闵申路和新桥镇那边的断头路通行机动车，减少此路口的拥堵的计划，急切寻求答复，谢谢！,,,
住宅“居改非”影响他人及学校门口按摩院泛滥,待回复,治安 投诉,匿***,2016-11-1616:56,    北九亭涞坊路333弄（知雅汇小区）118号某居民将住宅改为理发店，为方便其客人进出，置全楼居民利益不顾，故意破坏楼道门禁，使楼下大门长期敞开，外来人员随意进出，走道到处都是广告，偷盗事件多有发生，物业对此长期不闻不问，门禁亦从不进行修理，多次投诉均无门。    另小区北九亭（知雅汇）涞坊路北门一侧，有多家色情按摩店长期营业，边上就是幼儿园及小学，每天家长接送小孩都经过门口，影响极坏，多位家长多次对次进行投诉，亦未得到解决，不知地方领导对学校门口出现这种情况是何感受？    希望有关部门及领导能体察民情，解决实际问题，还广大群众良好的生活环境。,,,
交通问题,待回复,交通 求助,匿***,2016-10-3110:45,南青路上有幼儿园，又有中学，每天早晚交通拥堵，学校幼儿园路段又没有公交站点，为啥公交车还安排在此路段通行，岂不是添堵？公交能否安排在北翠路上通行？,,,
举报泗泾有赌博机,待回复,治安 投诉,匿***,2016-10-2513:57,尊敬的市领导：我举报松江区开江东路205号麻辣烫旁边的门面房里面都赌博机害的很多无辜老百姓的血汗钱，在我所了解的真实情况是这样的，这个老板在这个店里每天可以赚取10W到50W之间有5台赌博机，因为我看到哪里玩赌博机人玩一天输了30万，报110警察上来看一下就走，随后立马又营业很是嚣张。所赚取赌客的钱就有1000万还不止，买豪车买豪房，希望市领导重视这个赌博机场所，还上海一个稳定的治安坏境别让这些违法赌博机在继续蔓延下去。,,,
违法停我们水电,待回复,城建 投诉,匿***,2016-10-2016:18,程书记您好！松江砖桥长浜路活禽批发市场昨天停水停电让我们经营户无法正常营业。到目前还没水电。据说还要三天。这不把我们搞死了。我们经营户的损失谁来补偿。望程书记实地考察一下。尽快恢复水电。谢谢!！！,,,
小区棋牌室深夜聚赌扰民,待回复,治安 投诉,匿***,2016-09-2809:11,九泾路茵芳小区157号住宅房屋私自改建棋牌室，深夜聚赌吵闹，严重扰民，治安很差，小区道路经常被堵，物业不管，请问谁能出面处理一下？,,,
投诉松江城管及环卫部门管理不力不作为,待回复,城建 投诉,匿***,2016-09-2715:23,"书记您好。本人代表住在松江古楼公路1858弄新凯家园一期小区141_151号住户向您反映:住在这里7,8年了，对面佘山生活广场管理混乱，临河餐饮街污水横流，违建帐篷，晚上烧烤烟雾腾腾，居民无法开窗，不得不捂鼻而过;同时，生活广场违章使用规划外土地设立收费停车场，给市民通行造成不变。最严重的是旁边的垃圾站，每天晚上10:30到11:00,早上5:30_6:00,大型垃圾车轰鸣，特别是倒车请注意的声音扰民严重，小孩老人无法入睡，换了双层玻璃窗也无济于事。",,,
绵阳新时代传销,待回复,其他 求助,匿***,2016-08-1816:59,我是河南周口的，我的好几个亲戚在绵阳被新时代公司骗去搞传销，看着是合法投资，以入股的形式缴费，被骗去以后换着地方上课，希望这里的领导能重视这一事件。,,,
居民区开设赌场,待回复,治安 投诉,匿***,2016-07-2721:03,松江区联阳小区:八十弄附近有数个赌博窝点，有大量看场人员，每个营业性质的超市和饭店都有赌博机器，大量附近的工人进行赌博，造成小区治安很差！经常有偷到现象！！对人民生活环境影响很厉害！赌博场地在检查时都会提前有消息关门！等检查人员一走又大张旗鼓营业！！大量看场和赌博人员深夜吵闹影响周围人员休息。希望领导能够根治这种不正之风，斩断这种恶性生存环境的根源！！！！,,,
茸峰燃气安装公司,待回复,其他 投诉,匿***,2016-07-1609:44,"松江泗泾镇 新凯家园  附近燃气安装,   装表公司只有\""茸峰燃气安装\""一家公司,    独家经营,服务态度极其恶略,     只能我们客户等他们,他们就不能能等上几分钟,   打好几个电话给师傅好好说,  三两分钟就到家了,  死活不停,非要走,  打电话给茸峰燃气公司,  结果客服也是很牛的样子,   您自己跟师傅沟通,  这是什么态度,  平时工作日都不在家上班,好不容易,约到师傅周六过来,结果一大早弄个这,气死个人,  希望领导体察民心,真心的希望整治一下,   独家经营迟早出问题,还有就是很多公民,都找不到一个可以诉苦的地方,  投诉电话,希望可以大力宣传,谢谢,",,,
车间关停失业员工如何获得合理的赔偿,待回复,企业 投诉,匿***,2016-07-0716:53,我是上嘉华金融制品有限公司员工厂方因经营不善将要关停制管车间造成近三十名员工失业，今日制管车间负责找员工谈话制管车间将要搬迁到江苏吴江虽说是搬迁但实质到那面是换老板了。跟制管车间走的有失业补偿款赔偿标准是基本工资加补贴作为平均工资才二千多元，假偌不去厂里另有按置但始终不提赔偿款问题！我们合同书上明确写的是嘉华制管车间既然制管车间将要不在了就理应痛快赔偿我们！既使另用安排那不符合合同书也说明我们合同到此终止厂方应给我们合理的补偿！,,,
从九亭镇政府购买的厂房变成了违章,待回复,城建 投诉,匿***,2016-07-0511:48,您好，我公司2004年响应上海市松江区九亭镇政府的招商引资项目号召向久富经济开发区购买了一栋厂房并签订合同，政府承诺2006年给厂房颁发全国统一蓝证。合同上有镇长签字并盖有久富经济开发区公章。 现在已经是2016年，不但没有领到蓝证，政府还告知我当时购买的厂房是违章建筑要立即拆除。上海市九亭镇一共31栋厂房面临同样的问题，被当地政府合同诈骗，造成极为严重的后果。请有关部门彻查此事。,,,
我是洞泾批发市场的商户,待回复,城建 咨询,匿***,2016-06-2310:07,尊敬的陈书记你好，我在砖桥批发市场，经营水产生意十几年了，一直文明诚信经营，这几年刚刚好一点，，我们听从政府规划，期望政府出面安排规划新，批发市场，,,,
泗泾国际食品城菜市场,待回复,三农 投诉,匿***,2016-06-2210:52,你好书记，我想举报，上海市松江区泗泾镇沪松公路2101弄，国际食品城内的一个小菜市场，里面卫生很差，还有买活鸡的，一点点大的地方搞得臭的不得了，而且消防也不到位，一旦发生火灾是不得了的事，老板是混事我不敢多说，老板在那边黑白都搞的定。,,,
为什么上海市在整治拆违过程中还在违建,待回复,城建 投诉,匿***,2016-06-2208:53,"上海市在整治拆违过程中还在违建，松江区新桥镇申港路519号里边就新造一处违建筑，望区政府要拆除,体现公平公正。",,,
泗陈公路近赵非公路经常大面积积水,待回复,交通 投诉,匿***,2016-06-1220:09,  程书记好！ 泗泾镇泗陈公路近赵非公路双向机动车道非机动车道每次下雨都会有大面积积水，积水深度超过路肩，长度大于50米。积水路段距离泗泾镇政府200米左右，此问题近几年以来一直存在。无部门给予处理解决。盼书记能够关注一下，谢谢！,,,
环境污染,待回复,治安 咨询,匿***,2016-06-1115:33,松江区九享镇朱金路8号家具喷漆让我们的生活受不了,,,
蔷薇九里别墅区违章搭建,待回复,城建 投诉,匿***,2016-05-2617:27,广富林路，蔷薇九里别墅区，阳光房上普遍增层搭建，影响后排房屋采光，同时带来安全隐患,,,
马路边临时餐饮摊点的食品安全及环境脏乱差,待回复,其他 投诉,匿***,2016-05-1720:32,我是一名共产党员，也是雷丁小城的居民。松江莘砖公路399弄小区门口的公交站旁，每到下午4、5点，大量的临时饮食摊点及烧烤摊点一字排开，规模有越来越大的趋势，存在严重的食品安全问题，并严重影响到周边环境，本来两边是美丽的漕河泾开发区和雷丁小城，现在地上的绿化被踩踏，且遍地垃圾，每天到这时间烟雾缭绕。且也伤害着周遍的合法经营者，践踏了社会的公平。要请相关部门及时干预，否则，等形成大规模的时候，整治会很难。,,,
不锈钢市场里面的菜市场,待回复,其他 建言,匿***,2016-05-1709:24,位于上海市松江区新桥镇的金都不锈钢总汇，里面有菜市场，有好多无证无照的餐饮店，小吃店 ，小超市等等，,,,
松江交警乱开罚单,待回复,交通 投诉,匿***,2016-05-1209:58,本人是外来沪打工人员。最近松江整治，昨日一交警在一个没有非机动道的下桥口拦截开罚单，上桥口也没有执勤人员提示不能上桥，交警理由违法行驶机动车道，叫绕行，可绕行又是逆行。请问是否为我们考虑一下。地点:沪杭高铁下的松卫北路高架桥,,,
动漫城害人,待回复,文娱 投诉,匿***,2016-05-0509:19,现在的动漫城越来越多，希望您们好好严打一下，我就一个打工的，一个月工资也就3500左右，就一天跟朋友去动漫城玩看他赢了好几千我就开始玩了，3个月输的我想跳楼，其实也怪自己控制不住，这个东西真的害人，现在搞得我欠一屁股的债。真心希望您们管一下。,,,
举报星辰园158号严重违章建筑,待回复,城建 投诉,匿***,2016-05-0417:01,举报松江区梅家浜路1505弄星辰园158号严重违章建筑，房屋肆意拆除，重建、扩建严重，性质极其恶劣，之前举报了却依然拆建、重建、扩建严重，而且该业主还扬言当地政府能搞定，此举严重影响城市形象，望能及时处理！,,,
举报星辰园158号严重违章建筑,待回复,城建 投诉,匿***,2016-04-2210:09,举报松江区梅家浜路1505弄星辰园158号严重违章建筑，房屋肆意拆除，重建、扩建严重，性质极其恶劣，此举严重影响城市形象，望能及时处理！,,,
九亭大街交警乱罚款,待回复,交通 咨询,匿***,2016-04-2018:36,您好，程书记，4月9日中午12点39分，我带小孩去上海儿童医院看病，经过九亭大街九亭镇政府对面小孩不舒服，我打开双闪靠边让我老婆看一下小孩什么问题。车辆没有熄火也没有人员下车，一分钟的样子，交警就把我车拦下来扣三分罚200元，并说停下30秒就要处罚，处罚单编号:1817746086，执法机关代码310117，小孩要赶去医院,,,
我的问题,待回复,环保 咨询,匿***,2016-03-2314:55,百合苑22号东面铁门口有烧烤，垃圾，空气污染严重，，还有，就是三级伤残的，有的补助到了，有的没有补助到，是怎么回事？？请求领导给予答复，谢谢！！！！,,,
松江九亭交通乱象,已办理,交通 建言,匿***,2016-03-1713:33,程书记您好，九亭大街车子乱停乱放，道路拥挤不堪。北九亭涞演路，车子乱停乱放。九亭镇上好多修理汽车的店铺，卖电动车的店铺等等，占道经营。希望能去整理一下。,上海市松江区,网民你好！你反映给领导的情况已转至我区交警支队。区交警支队回复如下：你反映的情况支队早已关注。主要是附近居住区密集，车流量高度集中，而停车点（场、库）严重缺乏。目前，北九亭涞寅路已有两处违停“电子警察”抓拍系统。针对辖区交通实际，已形成也日常巡查整治工作机制，对违停现象不间断开展整治，针对反映情况，责成辖区中队进一步关注，一方面，继续加强上述路段的巡查力度，提高违停整治灵活性和覆盖面，确保上述路段通告秩序良好；另一方面，积极会同镇相关部门开展联合整治，形成长效常态高压态势，有效遏制各类车辆违法停放问题。,回复时间：2016-03-25 10:21
违法建筑,已办理,其他 投诉,匿***,2016-03-1114:45,尊敬的松江区委程书记：百忙中打扰了，座落于车墩镇汇桥村原机电厂不足2千平方米的厂房，现已建成近万平方米的外来人员居住小区，违法建筑已超过百分之80，村民反映强烈，万望程书记于百忙中派人核实。谢谢。,上海市松江区,网民你好！你给程书记的反映的情况已收悉。现把我区车墩镇回复情况告知如下：汇桥村原机电厂属于村级企业，座落于车墩镇北松公路4186号，占地面积7亩，为工业用地性质，建筑面积1800平方米。为壮大村级集体资产，增加村级经济收入，在原有租赁合同到期的情况下，车墩镇汇桥村委会于2006年8月以上海汇侨实业公司（汇桥村集体公司）的名义与张福民签订了租赁协议，租赁原机电厂1800平方米，租赁期从2006年9月1日至2024年8月31日。年租金25万元，平均每三年递增8%。同时双方达成协议，租赁合同到期后，所有资产归村民委员会所有。承租协议签订后，经营户张福民于2006年、2007年期间逐步改建扩建了房屋5400平方米，并成立了外来人口居住小区，注册企业为上海张谢贸易商行。2016年初，镇村开展安全生产检查，对该小区存在的安全隐患问题提出了整改意见，企业也落实了相应的安全措施。根据今年镇区域生态环境综合治理的工作要求，此处已列入北松公路沿线镇级整治的重点区块，目前已进入违法建筑整治拆除程序，下一步将对该区域内存在的 “五违”现象进行集中整治。,回复时间：2016-03-15 14:49
希望政府能制赌,待回复,其他 求助,匿***,2016-03-0913:36,        书记您好！我是一名外来媳，妹妹也和我一样嫁到这里，可妹妹嫁到夫家三年到现在都没看到过她男人的工资，老人说卡他们收了，到去年下半年才知道妹夫赌博，到现在房子卖了还不够还赌债，他家三天两头有人来讨债，真是无底洞。他家老头子也经常让说妹妹不拿钱还债，妹妹上班两年孩子吃奶粉要用钱，老公也在他身上拿钱，每个月才那点工资，我们劝她离婚，她又怕孩子吃苦，她说我已经毁了，不想让孩子也毁了。            可怜的妹妹才知道真相三个月，人也变的沉默不语了，瘦了一大圈，头发也白了好多，我真怕她那天挺不住疯掉了。我也每天都活在自责中，妹妹是爸妈让她留在这陪我才嫁到我附近的。我也不知道怎么办，赌博真是害死人。去赌的人都是懒惰，不太喜欢干活，希望政府能管制那些魔鬼。,,,
绿地凯旋宫小区G60高速隔音墙,待回复,城建 求助,匿***,2016-02-2910:18,书记您好，本人是仓华路999弄绿地凯旋宫业主。来信反映，本小区因紧邻G60沪昆高速南侧，由于紧邻小区路段尚未安装高速公路隔音墙，小区距离高速公路最近处约80米，因高速过往车辆较多，噪音很大，且车辆日夜通行，噪音及时在夜间也是持续不断。小区于2015年6月底交房，至今已有近三分之一业主入住，噪音对大家的日常生活影响较大。还请区长同志了解，帮忙协调有关部门关注此问题，以便尽早安装隔音墙减少噪音对附近居民的困扰。感谢。,,,
赌博机泛滥成灾,待回复,其他 投诉,匿***,2016-02-1014:38,我是一外来务工人员，业务时间被朋友带去电玩城，所谓电玩城，其实都是挂羊头卖狗肉――里面赤裸裸的赌博机。我看到里面好多本地人玩的比较大，输赢都在数万上下，我虽然小打小闹但总的来说也扔进去一两万了。我感到好害怕，因为听到不断有传闻别人输光了家底弄得家破人亡，妻离子散的结局，我怕有天会在我身上发生，我也想过戒了，可不是那么容易的，我现在啥也不想做，每天只想着去赢点小钱，但我更希望有关部门能够严厉打击这种非法行业，因为这本就是消耗人们经济，精力的负能量行业。,,,
治理老虎机要治根,待回复,治安 建言,匿***,2016-01-1410:11,盛书记你好，我有个治理老虎机的方法，向你建议下，希望你百忙之中看一下，投放老虎机在商店，饭店，理发店等场所的投放者，都是很有经验的老油条，对这方面的处罚都了如指掌，只有抓住了他们才能除患，单抓放老虎机的店家对他们没有一点用处的，也影响不到他们，最多他们不在这里放，还可以到其他地方投放。投放者都有给店家留的电话，机器坏了，没有硬币了都会给他们联系的。如果派出所利用这一点，把投放者引出来，把他们绳之以法这样更有威慑力。投放老虎机不是一个人能做的，都是集团化管理，要深挖。抓到最大的头目。,,,
民航从业者楼上邻居养狗扰民，严重影响业主休息,待回复,治安 投诉,匿***,2016-01-0514:21,你好，我是一名民航飞行员，近期我所居住的自购住房楼上来了一位租客，租客搬进楼上的出租房没多久便买了一条边境牧羊犬，此类犬种生性好动精力旺盛，每天都有吠叫，以及在屋内奔跑，玩啥，活动时间持续较长，让人难以忍受，偶尔半夜会活动，每天早成五点多六点左右开始活动，因为我的工作特殊偶尔日夜颠倒，晚出早归，白天的时间有时需要补充睡眠，但是自从楼上的租客养狗之后很大程度的影响了我和我家人的正常休息，也从侧面影响到了民航的公共交通安全，之前和楼上租客以及物业居委沟通多次，并无明显的改善，也曾和警方与公安求助未果，希望能得到相关的帮助，十分感谢,,,
上海松江达丰电子厂坑老百姓钱,待回复,就业 投诉,匿***,2015-12-2609:26,我是在百姓网看见的  12月24号去应聘  应聘完交了140元体检费  80元车费  又让交了35元临时住宿费  第二天他又让交什么费用   男的交300元  女的200 元  不是说只交体检费么  交了钱还没看见厂地  为什么都要钱  我就想问问这些钱哪去了？不交钱的直接给身份证让回家  那之前的呢？我们都是老百姓  我们都想挣点钱回家  你们是人我们不是人么？请你们能还个公道,,,
九亭青年城三楼赌博机,待回复,文娱 投诉,匿***,2015-09-1609:17,九亭青年城三楼的赌博机太猖狂，老板还都跟黑社会挂钩，动不动就威胁恐吓别人，还叫嚣敢报警就会进行报复，并称派出所都是他们的人，本人亲眼看见别人输了钱报警，民警来了看了一下居然又走了，事后那人在青年城附近还遭陌生人群殴，希望有关领导重视下。,,,
赌博机害死人我不能在沉默了,待回复,治安 投诉,匿***,2015-09-0813:45,我是一个松江人，现在失业，玩赌博机5年多，输掉每年的工资，现在妻离，总于也醒了，没有赢的可能，看到别人和我一样都是年轻人，我不知道该做什么，只好留言给你，地址：松江区华阳桥建材市场或动漫城,,,
私自占用国家土地，进行摊位出租,待回复,城建 投诉,匿***,2015-08-1616:05,松江区新桥镇，晨星小区西区后门，违章搭建，没得到政府审批，铺设水泥地，进行地块出租，3米长宽，收费三千到四千不等，可以划分20-30-个摊位左右，望有关部门查处！！,,,
安全防范求助,待回复,治安 求助,匿***,2015-08-0211:24,盛书记您好、我是一名外来打工者、来沪十多年了，看到上海的不断变化，可是佘山镇有一条宽大的沈砖公路至今还没有装上路灯，晚上车来车往对于上晚班的造成不变，请领导为了公民的人身安全而做好预防，谢谢,,,
乱停乱放,待回复,交通 投诉,匿***,2015-08-0211:10,书记你好、我想提个建议、关于松江区文翔路和通波路路口、车辆乱停乱放的问题、特别是晚上全部是大货车停在路边给我们进出造成很多不便、而且开车进出时有很多盲区、有时候货车停在那里连红绿灯都看不见、容易发生交通事故、希望有关部门能处理一下、,,,
关于有线电视突然关闭的事,待回复,其他 咨询,匿***,2015-07-2415:53,书记你好！我是一名外来打工者现住车墩高桥村263号，最近车墩广播站把我们看了十几年的有线给停了，听说要装什么GD合，以后每月还要交20元的费用。对于我们收入不高的家庭确实有点负担，本想租个农村房便宜些...是我们下班唯一能够放松的东西，希望书记能给我们重新开通谢谢！感谢!,,,
离婚三年，户口难迁,待回复,治安 咨询,匿***,2015-06-2816:11,尊敬的领导，我离婚三年了，至今户口无法回迁，娘家房子已被拆迁，我们是农村宅基地，村镇办又说他们不管，派出所又要房产证，才让迁，开发商又不给办，我该找谁去说？？？政府还给人民服务吗？,,,
要求九泾路茵芳小区门口设置红绿灯,待回复,交通 投诉,匿***,2015-06-1517:37,九泾路655号门口 茵芳小区门口只有斑马线没有红绿灯 周围办公人群较多 茵芳小区居民也多 九泾路两边又是公交站 每天上下班人群需要过马路 居民也要过马路 可是机动车 大车随意各种转弯 停放 遮挡视线 车速也很快 如果不设置红绿灯早晚会出严重交通事故 周围发展使得此处人群越来越密集 请尽快办理！,,,
公路维修有时间限制吗,待回复,交通 投诉,匿***,2015-06-0810:24,佘山镇千新公路修路已经有一年左右时间 这段时间没有路灯 半条路封锁 尘土飞扬 马路中间还时常有各种障碍物 给周围居民出行带来极大不便 但十分不解的是一条不太长的马路修了许久也未能修好 佘山镇还有佘山宾馆边上一条马路也是快两年还在维修这是什么原因 能不能在修路前考虑效率,,,
建议修建沪松公路两侧于九亭地铁站上的人行天桥,待回复,交通 建言,匿***,2015-06-0620:06,目前，沪松公路九亭地铁站出口处出入及通过涞亭路来往于沪松公路两侧的人流相当庞大，高峰时段人车夹杂，有产生人车交通事故的隐患。建议修建跨沪松公路联通九亭地铁站沪松公路两侧出口的人行天桥，以便实现沪松公路地面仅供车辆行驶，人车分离，疏通人流，降低事故隐患。,,,
上海外国语大学松江外国语学校初中老师私自在家,待回复,教育 投诉,匿***,2015-06-0616:59,尊敬的领导：    您好！我想反映上外6（7）班英语老师私自收自己的学生在家补课，内容就是一张试卷，做完讲解，这是非常不符责任的态度，很多家长敢怒不敢言，这种现象在上外松外很严重。我们知道公办教师是不准在外面私自授课的 学校知道是要被开除的。一般老师都知道，但这名老师还这样做，说明老师的心思是在赚钱上，没有把心思放在怎么教育学生身上。难怪上外松外的学生经常顶撞老师。老师也无所谓。希望贵校领导重视这样的事情，否则会败坏校风。,,,
投诉银建出租车绕路跳表,待回复,交通 投诉,匿***,2015-05-1915:34,银建出租车，车号970-70.781505证号261628我是早上七点十八分在沪松路上嘉闵高架入口处上的车，出租车上了高驾没一会就下来了，在下面等了一个红灯然后又上去了，以前坐车都是拉到南广厂才20几元钱，今天居然收了我50元钱，还有就是司机明知道南广厂最近为什么还要把我拉到北广场。最后不到一公里的时候价格显示器都跳了6块钱，请问这样的黑心出租车以后还有人敢坐麽，在网上查到的投诉电话全都无人接听，打电话查询的说不是银建的投诉电话。,,,
黑心,待回复,就业 投诉,匿***,2015-04-1916:54,尊敬的领导，我是一名民工，在赶集网上看到达丰电子厂招普工，不收介绍费，也说厂里不收任何费用，可是去到了招募中心：中介要收100元介绍费，又要收200元管理费，60体检费(体检费我还能接受）！不给钱就不能去厂里面试，身上钱已光；懊恼、无助呀！这松江达丰电子厂简直比黑厂还黑！到这还没干活挣钱，却被达丰和中介联合把我们身上钱坑骗光了。达丰太无耻了。希望领导整理、制止这种坑骗民工恶劣行为，为农民讨个公道。谢谢你了。,,,
关于松江区无证经营赌博窝点的事项,待回复,文娱 投诉,海***,2015-03-3015:04,"领导，你好松江区岳阳街道管辖范围内的方舟园4村（靠近方舟休闲广场）旁边,方舟园四村8号供水站旁边，存在一个长期无证经营的赌博窝点，没有门牌也没用标识，房前屋后都安装了监控，里面摆放着数十台用来赌博的机器，有些人输了上百万，搞得一些家庭妻离子散、家破人亡，看着让人痛心啊，并且严重影响了周边居民的生活安全，经常听到里面打打杀杀，想问的是为什么这样的黑窝点在上海这个大城市一直存在？希望你们尽快将其取缔。还周边居民的一份安宁。",,,
上海松江电玩城赌博机,待回复,其他 咨询,匿***,2015-02-0910:34, 松江区茸江路片区，有许多电玩城。里面很多赌博机，快过年了可是我把打工的钱都输了里面还有很多打工的钱输了，没面子回家。辛辛苦苦打工一年。到头来全都输了，青春时间都输了。请求书记管下，着真的不是小事,,,
松江区政府有关部门歧视非编制人员,待回复,就业 投诉,匿***,2014-11-0614:33,我在松江区政府的一个部门单位工作（政府大院里），属于非编制人员，招聘时按照非编制人员录用的，也是与在编人员从事同样的专业技术工作，但薪酬远低于在编人员，现在每月的伙食费都是300元/月，直接冲入饭卡内，与在编人员没有区别，但明年要改革，要把在编人员与非编人员进行区分，吃饭用的饭卡颜色也要区分，以显示不同身份人群，伙食补助金额也要低于在编人员一半，在编人员按600元/月，非编人员300元/月，明显的要在政府大院里把人分成三六九等，倒退至以前的社会，歧视和不尊重非在编人员，大家做着同样的工作，上着同样时间的班，吃同一食堂的饭菜，为什么伙食补助是在编人员的一半，难道非编制的人员吃饭少就补贴少？在法制建设不断推进的今天，作为国家政策的执行者，政府机关单位理应起到模范带头作用，尊重非编人员的劳动价值，努力创造公平公正的用工环境。给我们广大非编制人员一个公平、公正的工作环境，望查实！谢谢！,,,
车墩镇李高路新南姚人口计生温馨服务站态度恶劣,待回复,其他 投诉,匿***,2014-09-2410:47,我是车墩新南姚小区的居民。今天在人口计生温馨服务站办理暂住证；什么资料都齐全。因为说了一句急用，那个工作人员资料已丢，说一个月之后才可以办！说了半天好话，她理都不理1跑出去跟对面保安聊天去了。我想问下国家工作人员就是这种态度吗？门口还好意思挂个温馨服务站的牌子吗？,,,
上海赌博游戏厅害人不浅,待回复,文娱 建言,匿***,2014-09-1514:12,上海赌博游戏厅害人不浅，很多外地打工者，在上海娱乐活动不多，到处都是游戏厅，老虎机，水果机，沉迷赌博中，无心工作，严重影响了企业发展，带来一些社会问题。,,,
城管“买”活鸡要不要脸,待回复,政务 求助,匿***,2014-07-2409:24,盛书记你好，地址，松江区，中山二路，杜家滩。那里卖活禽宰杀臭气熏天！晚上下班回来门窗都不干开！附近居民投诉无门，听说他们和工商，城管，都有关系的！以前那个地方有几留动车上卖的，2014.4多不得了了，升级了，全有点了！每次来检查他们都做好了准备好了。松江区可以随便找个地方去卖家禽类宰杀吗？,,,
求帮助,待回复,治安 咨询,匿***,2014-07-2216:12,你好:我是松江区车墩镇汇桥村13组556号的居民我家的房子在一个月前被一个租房子的人在家使用煤气爆炸、我们找镇政府没有人管找安职办叫我找大队、他们提皮球我想问一下我们应找谁、现在房子都成了危房,,,
房屋短间距，不适合开餐饮,待回复,城建 求助,匿***,2014-07-0815:50,盛书记，您好。我是您辖区下泗泾镇的一名普通镇民。现居住于沪松公路2818弄中京苑（房屋属性为原址拆迁入住），02年入住，直到今天都不知道，开发商为什么至今没有开启地下车库，为什么将门面房与居民住宅楼靠的是如此之企业近。入住以来，屡屡受到门面房中餐饮的噪音影响，使得个人在精神及身心都饱受折磨。今年，门面房又一次在招租（去年开的是茶舍），先期发现后，与物业及业主沟通，物业承诺知道小区的构造，不会让门面开餐饮类的。然发现近期门面已在装修，询问物业，说是开小餐馆。对于物业的失望，对于即将再次到来噪音，心中已有万分恐惧。然我镇现正大力拆违，社区报中，我镇镇长沈雪峰也说，要给全镇人民一个和谐，安静，的居住环境。希望领导给我等弱势群体，一个安静，和谐的居住环境。带来不便之处，还望领导见谅。,,,
松江工业区新界路小商小贩比较多造成道路拥堵,待回复,交通 建言,匿***,2014-06-1410:31,市长您好：    亲身感悟，松江工业区新界路小商小贩比较多造成道路拥堵，那条路特别是日腾厂门口小商小贩全天候营业，销售饮料，香烟，小吃还有夜宵，全是三无产品卫生很差，同事买几次都吃出了问题，恳请市长先生重视彻底清除这些小商小贩，但是清除这些小商小贩要一套可行的方法，因为这些小商小贩很会打游击的。,,,
求助信,待回复,企业 求助,匿***,2014-04-1709:42,尊敬的盛书记：你好！                                                 我们是上海万得凯实业有限公司一线员工，（公司法人代表：顾xx。地址：松江区石湖荡镇松蒸公路2100弄1—10号）目前只要一上夜班就是三个月才能倒白班，实在太太痛苦啦。此前与公司沟通过，但至今无结，全部一线员工这样上长夜班（实际上13小时）下来弄得身体内分泌失调，睡眠不足，精神紊乱不堪，头痛，贫血低血糖等严重症状出现。我们毫无办法只好恳请你从生命健康考虑，给予解决缩短倒班时间，谢谢！                                 一群受伤的安徽籍员工,,,
噪音扰民,待回复,环保 投诉,匿***,2014-03-2614:23,区长你好 我住在松江荣乐东路9弄80号，我家下面有一家天母蓝鸟咖啡的面包店在小区里有一根抽油烟的风道马达轴承坏了发出很大的噪音，严重影响了我的生活，跟物业交涉没有结果。无奈之下向政府部门求助，希望有关部门能帮忙处理解决一下。上周已经留言过了，至今还是没有解决，在此再次希望领导同志关心并及时处理解决！万分感谢！！！               2014年3月25日              ,,,
噪音扰民,待回复,环保 投诉,匿***,2014-03-1914:19,你好    我住在松江荣乐东路9弄80号，我家下面有一家天母蓝岛咖啡的面包房在小区里有一根抽油烟的风道马达轴承坏了发出很大的噪音，严重影响了我的生活，跟物业交涉没有结果。无奈之下向政府部门求助，希望有关部门能帮忙处理解决一下。                     谢谢！               2014年3月18日     ,,,
九亭沪亭北路G50上口路太窄，交通事故频出,待回复,治安 咨询,匿***,2014-03-1013:52,九亭沪亭北路G50上口路太窄，交通事故频出。经常晚上听到汽车撞上隔离带  ，太危险  ，希望有关部门关心一下   毕竟老百姓的生命安全最重要。,,,
上海治安太差,待回复,治安 投诉,匿***,2013-12-2014:18,松江区外来打工仔多。到处都是私人出租车。利用出租车诈骗。强行。诱骗打工年少的人。私营出租车那么多。到处停车。怎么就没有相关部门管理。海有好多人在。ATM机上能取得假币。想不通是什么原因。还有出租车司机使用假币更是猖狂。乘车的只要给百元他们就会以没有零钱为由掉包。好肯人的地方。,,,
