享骑押金一直不退,待回复,企业 投诉,W***,2019-11-3011:09,从2018年10月，申请的押金一直到现在都没退款，希望有关部门和领导帮帮忙。,,,
小区物业不管不问,待回复,城建 投诉,W***,2019-11-2808:37,2019年新买小区上海市闵行区华宁路1399弄88号，一家人除了使用中国移动号码还有中国电信号。中国移动全屋无信号！打电话需要跑出去。半夜打也一样。就此事向小区物业反应多次，不管不问，向10086，12345都打过电话投诉都不解决！中国移动说我们小区房子构造有问题，那么中国电信完全是正常的，为何就偏偏中国移动不行呢？一拖再拖，影响居民正常生活。,,,
上海市闵行区东兰路段氏龙虾实验小学对面消防，,待回复,环保 投诉,W***,2019-11-2109:28,两天前去该店就餐。油烟不能有效排出，消防设备不到位，厨房过于拥挤，安全隐患明显，望领导可以督促有关部门处理整改一下，规范下该餐饮环境。,,,
吴中路476号珠江建设工地拖欠农民工工资,待回复,就业 咨询,好***,2019-11-1916:06,朱书记您好，我一行三人10月11日从四川到闵行区吴中路476号珠江建设工地干点工，来之前就讲好9个小时一个工，做一天记一天的工，随时走随时结清账，但现在活儿干完了，公司也跟我们核对了工时，就只给了一张工时单，说公司现在没有钱，具体给钱时间也不确定，我们总共也就两万多块钱，这么大的工地两万块都没有吗？我们已经等了几天了，问公司就相互推诿，一会儿叫我们找这个人，一会儿又让找那个人，踢皮球，我们实在是等不起啊，马上都快过年了，我们还要去南京工地，恳请朱书记帮帮我们。,,,
移动集团太牛了，没有人能管得了他,待回复,企业 投诉,W***,2019-11-1915:57,朱书记，您好，10月份办了移动手机卡，并有一根100兆的宽带，现在说无法安装，移动公司浦江镇的主管王**说了无法安装，让我爱怎么投诉怎么投诉，投诉到移动10086，10080说让我耐心等待一直未处理，接着投诉到12345然后，移动就走形式主义，给我又派王可聪下边的安装师傅问我什么问题，老是搞这些形式主义，就装个宽带怎么这么费劲，希望书记重视能帮忙督促处理，还有这种形式主义太严重，处理问题就做做样子,,,
三石犀健身房虹梅店,待回复,文娱 求助,W***,2019-11-1614:50,尊敬的朱区长你好：我老婆原为澳力龙健身房挑战卡会员（一年打卡一百五十次即可退回年卡费用），后被三石犀健身房接手，现三石犀健身房拒不履行原本的健身挑战卡协议，说我们只有使用权，不是他们三石犀真正的会员。希望镇府还我们一个公道！,,,
一兆韦德阳明会所存在虚假销售行为,待回复,企业 投诉,W***,2019-11-1215:47,上海市闵行区报春路555号1/3楼(阳明国际会所) 诉求：请领导大人帮忙，换我们一个公道。现在母亲急需用钱，只希望把钱全额返还，我当时贷款办的，利息愿意自己承担。情况：去年七月，一兆韦德销售李**打电话告知我说因为他们内部员工违记用了我们的权限，使我们的原卡（当时剩余一年多有效期）不能退，转了（可证实此为虚假），现在给我们优惠续卡（两万零伍佰元）可以办十年卡了，当时我们有犹豫，他便并且告知我们在开卡前可以免费转让一次并且可以帮我们找到下家。现在新卡还未开卡，我们去门店，被门店告知，不能免费转让，也不能替我们找下家。,,,
机构跑路，恳请领导帮忙追回学费,待回复,教育 求助,s***,2019-10-2614:57,韦伯开心豆莘庄龙之梦店突然跑路，还有万余元学费血汗钱在他们手里，能否恳请领导帮忙追回？,,,
拖欠工资,待回复,就业 求助,y***,2019-10-2411:57,申述人母亲经某某在2019.7.1，经家政介绍到上海某文化传播有限公司工作，连续工作2个月（2019.7~2019.8），其中7月份的工资到账，8月份的工资（合计1625元）一直未收到。个人联系公司负责人未果。,,,
吴泾镇X鱼网吧抽烟人员过多,待回复,治安 投诉,W***,2019-10-2410:35,X鱼网咖龙吴路店每天里面抽烟人数超过十人以上，很大的安全隐患，且服务人员不管，无视禁烟标志，请随时监督，尤其晚上七点到十点最为严重。烟头随地乱扔，沙发都被烫到不在少数，极易引发火灾。,,,
求求领导管管宝宝每天惊醒,待回复,环保 求助,任***,2019-10-2013:56,您好，我这里是闵行区罗秀路1651弄，罗秀路龙里路十字路口。我家住在罗秀路上.边上的工地老是深夜施工或者早上施工，一开始是清晨4点多开始，到晚上8.9点，后来我报警了，但是还是6点多开始，晚上8点偶尔有，打擦边球，我刚生宝宝，晚上睡不好，早上天天被她们榔头敲醒，宝宝昨天感冒生病了，又被她们早上敲醒，现在宝宝6个月了本来醒来应该微笑的，但是每天早上要被他们敲醒是哭闹的，我报警很多次了，没用，求求你们领导管管好不好，我没有钱换房子啊，真的是没办法了啊,,,
小区停车问题,待回复,城建 投诉,W***,2019-10-1314:06,小区停车问题：业主委员会，居委会，物业。都无视小区停车问题，业主都说自己有固定停车位，保安还经常打电话让我挪车位给这些所谓的有固定停车位的业主，还出言恐吓，不挪车位不让进小区，完全没有管理的小区停车，也严重影响了我的个人生活，望能解决小区的停车问题上海市闵行区航东路255弄嘉丰新苑,,,
小区附近施工单位昼夜施工严重扰民,待回复,城建 投诉,W***,2019-10-0416:53,1.碧江路280弄附近工地，存在24小时施工现象，声音很大，严重影响居民休息。2.施工单位有夜间施工许可证，但办理施工许可证之间没有提前告知居民，居委会在居民谅解协议盖章，然后获得夜间施工许可证。3.请求施工单位在连续施工期间，妥善安排好附近居民。,,,
员工讨薪,待回复,就业 求助,加***,2019-09-1815:56,我是上海心本商贸的一名基层员工。 公司克扣18年19年的加班费不给。答应的13薪也没给。请书记帮忙解决。谢谢,,,
为什么投诉无回复呢？,待回复,交通 投诉,杨***,2019-09-1719:44,前面投诉哈喽顺丰车注册地在上海闵行区，投诉了这么长时间了，也不见回复，不知是什么原因？,,,
克扣加班费、不履行十三薪的发放,待回复,就业 咨询,X***,2019-09-1718:50,上海XX商贸有限公司工资不按时发放，强制制定一些制度，加班费未按劳动法依法发放，18年十三薪不履行发放,,,
员工讨薪,待回复,就业 求助,王***,2019-09-1618:58,书记您好：我是上海心本商贸有限公司的一名基层员工，公司克扣18年和19年的加班费不给，答应的十三薪也没兑现，请书记帮忙解决。谢谢,,,
小区到处乱收停车费,待回复,企业 投诉,W***,2019-09-1512:04,闵行区许经村老式小区出入口现在全部设置停车杆收费，包年两千块钱而且发票是小区物业开具的发票，最过分的是小区旁边的厂区还要收取停车费厂区员工车子必须要从小区出入口进出而且没有占用小区停车位，只是停在厂区门口,,,
鲁南路—浦星公路至汇舒段,待回复,城建 求助,单***,2019-09-0713:44,鲁南路上夜间车流声特大，特别是大型车夜间经过都会轰隆隆响，严重扰民！曾12345市民热线，给到的回复就是发个信息，让我自己去找业委会查看相关噪音符合标准的文件，我们也不懂，事实就是夜间大型车声音特大，希望得到领导重视，且回复，还有处理意见，欢迎实地考察,,,
投诉一个哈喽顺风车的问题怎就这么难呢？,待回复,交通 投诉,杨***,2019-08-3014:02,我大概在七月份左右坐了一次哈罗顺风车出行，然后平台有一个预付费是按没有拼车成功的费用收取，如果说拼车成功了，会返还给个人，但是我当天明明拼车成功，问这边平台打电话咨询说没有拼车的，后来投诉了很多，这边平台得多余的钱成功，我把这个问题反应给了上海12315，等了一个月之久还是没有回复，到今天也就是9月29号，我再次打12315回复说叫我打12319，可是打进去之后这个接线员工号是2309态度非常的不友好，后面又说要我报什么车牌号，从什么地方上车，什么地方下车等信息，我这么久了哪里记得住，接线员说没车牌号就不登记，领导这样的做法正确吗？希望有你们电话回复,,,
色情按摩店涉黄,待回复,治安 投诉,大***,2019-08-2322:26,"沁春路**号，**楼盘的2楼有个隐蔽的按摩店，已有2,3年了，涉及裸体按摩，甚至有卖淫嫖娼的活动，多次110举报，楼下有门禁，摄像头，每次当地派出所警车出警就在门口停留，楼上马上熄灯，下面入口的门也推不开了，警察拍两张照就走了，关两天门，就又开了，周边居民反应很大，希望区里能重视，公安队伍能尽到自己的职责，尽快整治，还市民一个良好良好的环境。希望无将举报人详细信息告知当地派出所，他们和涉黄经营者有联系，会把信息告诉经营者，骚扰举报人，切记。",,,
小区棋牌室！噪音污染！让人难以忍受,待回复,环保 投诉,蓝***,2019-08-1715:50,你好尊敬的书记位于闵行区浦江镇江文路201弄32号10*，天天喧闹嘈杂，人员络绎不绝，周围居民苦不堪言，该房屋属于居民住宅，但非法开设棋牌室，室内多台麻将机，该棋牌室以麻将形式进行赌博活动，参与赌博人员的交通工具停满门口道路，门厅，电梯口走道。环境非常恶劣，从棋牌室内传出来的麻将声、电话声、喧哗声以及浓烈的香烟味！严重影响到周围邻居的身心健康！上海市地方条列明确规定，居民住宅不可开设棋牌室等经营性场所，请书记关注并解决！谢谢,,,
丧事扰民 安全隐患,待回复,治安 求助,灯***,2019-08-0415:06,2019年7月27日 沪松公路565号水清年华臻景苑139单元门口 该单元住户私自在露天车位搭设灵堂治丧，起早贪黑吹拉弹唱哭丧也罢了，大家也理解包容了. 竟然在高温天气，在人来车往的车道上烧纸钱，旁边全是车辆植被居民楼，不能接受！文明现代城市应该文明规范化安全治丧，2019年8月4日早上11点 快递员送货时说楼里是不是起火了，整个楼道烟雾迷漫 呛的眼泪直流喘不过气，烟雾弥漫到室内 然后是有人由于雨天不能外出，在楼内烧纸钱. 这简直是将安全隐患大大增加，不顾别人的生活和生命. 与物业管理联系了 效果不佳 至少应该明令禁止社区内烧纸钱的高危行为！,,,
天喜嘉福璞缇客酒店不给发工资,待回复,就业 求助,(***,2019-07-2009:55,天喜嘉福璞缇客酒店不给发工资，从学校开宣讲会，中间有个第三方。也没签合同什么的，也不算试用期，没资格规定实习时间，凭什么离职不发工资，也不给办离职手续。酒店说签了合同？？？也不知道跟谁？反正不是跟学生签的，大家都没签。而且没有人有权利替我们学生签合同。从办公室听到中介每介绍一个实习生给酒店，都会给中介600块，提前离职就要从我们身上出还是干嘛的？？？我同学，我们一起来到上海的酒店实习，同一天离开，不是同一家酒店，凭什么人家酒店爽快的发了工资？？？？我是4.25离开的，到现在怎么处理也不知道，也不给办离职,,,
关于西湖苑小区部分业主私自占用公用道路停车位,待回复,城建 投诉,y***,2019-07-1414:12,尊敬的区委书记您好：    我是居住在闵行区西环路777弄小区业主，由于小区为老式小区，道路资源和停车资源有限，可以理解，但是小区内道路车位长期被部分业主私自占用，产生划地圈位情况，比如道路两次公共区域可以停放机动车，但是每一段路都有固定业主进行停放，导致其他车辆进入后无法停放，一旦停放部分业主就会告知此车位为私有车位不让停放。但是按照物权法，小区道路属于公共区域，道路可停放车辆位置为公共区域，应该遵守先来先停原则。不应放置“将军帽“。“破椅子”等障碍物阻扰别的业主停放车辆，该小区已经长期产生这种情况，希望物业，居委和业委会加强宣传贯彻，并及时制止这种行为的产生，还小区公共空间，谢谢,,,
闵行区沧源路（东川路-江川东路段）残破不堪,待回复,交通 建言,匿***,2019-06-2516:49,朱书记你好，我是闵行区沧源路588弄当代万国府小区业委会主任，也是一名航天人。我们小区门口的沧源路（东川路-江川东路段），经过周边广大业主的努力，及政府相关部门的执行，已经禁止通行大车。但是被碾压多年的道路早已残破不堪，啃啃洼洼。虽然通过市民热线表达述求后，同意今年11月开始大修道路。但是残破的路面严重影响居民的通行，业主都戏称这条马路被导弹轰炸过了。但是与之形成鲜明对比的是沧源路（剑川路-东川路），路面破损两周就立马进行了维修。我们希望政府也重视一下我们的交通环境。还有江川东路横泾桥，从17年入住开始，广大业主就反馈，超载大车肆无忌惮通行限重20吨桥梁。，夜晚震动声不能入眠。终于在不断的摧残下，大桥也扛不住了。19年5月，横泾桥被路政部门改为限重15吨，危桥E级。但是30-80吨超重的大车依旧肆无忌惮的通行于桥梁，修补一周的路面，即残破。,,,
关于居民楼下空气及噪音污染,待回复,环保 求助,单***,2019-06-1916:24,尊敬的领导：     您好！     对于江汉路200弄居民楼下噪音及空气污染简述如下：     起源：一村居委会为了给居民提供较好的场所，在小区内安置了休息座椅，将一楼的架空层非机动车库部分改建成了居民活动室（原本这小区的活动室现变更为滨浦三村物业）     过程：整个小区里面有四个这样的活动室，其中三个活动室是只做了一个小道进入活动室入口，小道两侧均为绿化（这样居民直接进入活动室不会在活动室门口休闲），而我家是将南边阳台及窗台下的绿化都改建成了平地，但是自从这后建的道路旁边加了休息座椅（卧室窗斜下方安置了休息座椅后）导致居民都在室外休息，将自己家凳椅搬到这边休息，晚上将凳椅搬到这活动室，导致目前的状况是室内放桌凳椅，室外休息聊天，抽烟，嗑瓜子等休闲娱乐，特别是冬天坐在阳台下的人会更多，每天的声音像菜市场一样。最主要的是居民经常性在楼下吸烟。家里衣服在阳台上晒，晚上回来收衣服发现衣服上都是烟味，而且居民不把烟头扔垃圾桶，随处扔，每天阳台下方都有很多烟头。     求助原因：以前家里就是夫妻两人，现家里有两位老人还有三岁宝宝来上海，本人又因为怀孕，身体状况不是非常好，就求助居委和三村物业帮助，经过多次交流居委及物业给的答案为（1、这个活动室及休息座椅是居委会、物业及业主三家定的，是随机抽的位置，不是想放哪里就放哪里的，定好的位置就不能再变 2、唯一给与帮助就是我们经常去劝居民声音小点，不要在那抽烟，但是人家在那抽烟我们也没办法 3、居民比较散不能每天都能说得到的，所以就多担待担待，我们给给与你及家人最好的安抚）经过多次交流还是没什么效果，有一次楼上小朋友扔下了塑料软管，我就跟居委会说一下子高空坠物就很容易伤到下面人，没人承认大家都要负责，居委会回答说这个我们一定很好的宣传高空抛物，但是责任我们是不负的，因为我们已经极力宣传和提醒了。我希望居委会和物业跟我们尽量协调一下，我希望的协调：是活动室和休息座椅都可以布置，但是要提前规划的一下位置1、休息座椅避开卧室窗台下，或不在居民楼下。 2、活动室尽量避免南边开门，因为南边为住宅的主要客厅及卧室功能房间，其实其他三个活动室布置还挺好的（一个北边，一个东面开小道做入口，一个南边开小道且两侧坐绿化），而我家从南边开小道也建议小道两侧做绿化，这样南边就不会很多人在外面休息，但是被拒绝了，遇到这样的情况我希望尽量领导给与我帮助,,,
江川街道东苑佳和园小区房产证办理,待回复,城建 求助,X***,2019-06-1219:32,尊敬的朱书记，您好！本人原房产于2010年由于煤卫合并，分得东苑佳和园小区房产一套。然而截止目前仍无法办理房产证。不知之后如何解决此事。还望书记能够指出解决方案。在此感谢！,,,
小区私开棋牌室电瓶车乱停扰民又堵路，无人管理,待回复,城建 求助,W***,2019-05-3013:40,位于闵行区七宝镇华夏茗苑小区内，由于居民楼内开了一家棋牌室，导致楼下电瓶车乱停乱放现象天天发生，业主回来的车被堵路中间，被剐蹭过几次。这个问题和物业反应，物业说管不了，还说我自己开车技术不到位，跟保安说，保安说他不是我这一家的保安，不管我这的电瓶车问题。跟居委反应，居委态度不明朗不作为。不知该向谁求助。,,,
七旬老人动迁安置于闵行6年后说房子不是老人的,待回复,城建 投诉,f***,2019-05-2414:43,事情缘由是开发商贴错门牌发错钥匙而起 老人13年由开放商委托物业带领进房的 现在开发商推卸责任不予解决时间长达6年 老人苦不堪言 望区政府领导帮助解决名生问题 万分感谢 地址：上海市闵行区汇延路199弄,,,
投靠类户籍迁移,待回复,政务 求助,P***,2019-05-0908:06,朱书记您好：很高兴能看到一个这样的平台，希望您能帮帮我。我老公是上海人，我是河南省平顶山市的，到今年，我已满足户口迁移条件，但在办理过程中，有一些问题比较疑惑。首先，关于失业证，上海莘庄派出所说必须要，我们家那边认为，工作在上海，而且交金，不算失业，这里感觉有点矛盾，为此，我近半月已经跑了好几次，都没办成，我该怎么办？其次，关于户籍地交金证明，2005年到2009年我是在平顶山交金的，在2013年办理养老金转移到上海，户籍地已无我的账号，故不能直接提供资料给我，我在闵行区社会保险中心调取了当时的资料，盖了上海章印，因为复印的，我户籍地章印不清楚，为什么不能用呢，这点我也比较疑惑，如果户籍地东西有问题，上海这边也不会盖章给我吧。因为两户籍地处理问题方式不同，我也不知道该怎么处理，请帮帮忙，我只是想转户口给自己保障啊……,,,
上海东桂职介绍所欺骗消费者,待回复,就业 投诉,上***,2019-04-2610:49,上海东桂职介绍所欺骗消费者，我们都是外来人口，来上海找工作，在闵行区这里的东桂职业介绍所里找工作，打算进英华达公司，职介所说进英华达要交钱，说进公司一个人要交一百体检费，三百管理费，他们说是公司要求这样收费。我们当时也没有多想就跟过去了，然后跟里面的人去体检了，然后去公司面试，到公司外面的时候，职介所的人说要在加二百八，说公司零时加的，我们也考虑了一下，想到过来找工作就都交了钱。没过半小时，说厂里今天招人招满了，让我们先回去，明天中午在去哪里，我们就回到上海东桂职介绍所旁边的宾馆休息。到晚上打电话说要在等两天，我们也都同意了，结果到那个时候又到电话说还要等两三天，我们外来人口没得地方住   天天住宾馆   住一个一两天还可以 让我们住上个一个礼拜 我们哪里住得起？  想请领导帮忙解决一下,,,
举报   上海成蹊信息科技,待回复,文娱 投诉,戒***,2019-04-2314:30,他们的公司地址在上海市闵行区漕宝路开发了一款类似街边的赌博机游戏，让人不停的充钱，几百元钱十几分钟就木有了，并且他们还打着幌子说不退钱，你去哪里举报都木有用，我同事充钱冲到名字都改成~再充钱就剁手，可见这样的游戏很坑人，希望相关领导指定相关负责人处理，谢谢,,,
拖欠我工钱，请求政府帮助，维权难,待回复,就业 求助,未***,2019-04-2216:16,尊敬的领导，我是一个安徽籍务工人员，在上海美好城市打工了七八年，去年十二月在纪王的一家工厂拿服装裁片回去加工，说好压一月结一月，对方收货后迟迟不给工钱至今，以有质量问题借口不给工钱，一件衣服26块钱的工钱，说有23件次品要扣我2300块，返工扣8百多，160件的工钱恶意克扣的都没了，还一直不给，希望能通过正规渠道维权，但是不知道如何是好，,,,
外地无房有积分居住证的小孩怎么上幼儿园,待回复,教育 咨询,B***,2019-04-1809:56,我有一对双胞胎，上海出生，两岁半了。今天才发现闵行区上幼儿园，外地户籍小孩除了居住证和父母积分外必须要有房子才能上公立幼儿园。并且只有闵行区这样要求，请问孩子只能上私立了吗？还是觉得我们没房的孩子只能搬离闵行区？这门槛一级一级的，但我们也是一样交税，并没有因为没房少交啊？,,,
关于小区超高额收取停车费问题投诉,待回复,交通 投诉,H***,2019-04-1516:46,您好，青山路中康公寓（属龙柏三村居委会物业管理）针对租客要求收取40元一天，即每月1200元的停车费！这个超上海市停车收费标准的收费请求政治。对于各个小区停车困难，区别于业主针对租户收多一点的停车费都能了解，哪怕三倍四倍，也无意义，但是对业主收100， 租户1200元，12倍！！！试问，上海哪个小区这样做的？连小区后们的一条小马路，此物业也做了闸口，以同样标准对租户收费，有听说过停马路边也要付1200元高昂停车费的吗？？？ 受各种单身限购外地限购政策，外来户口想在上海成为业主也难，我们也想买房成为业主啊，试问上海这么大个国际化都市，这么多外地人外国人汇集的大都市，就是通过过这种过分条款来排外吗？ 请领导对此小区停车收费标准给予整顿！,,,
闵行区光中路违章处理点反馈,待回复,交通 建言,Z***,2019-04-1014:27,闵行区光中路交通违章处理中心每天人满为患，处理交通违章要跑几次，而且要排一天队。是流程有问题还是人员配备太少呢？,,,
共享纸巾公司违约诈骗,待回复,金融 投诉,活***,2019-03-2713:34,上海禹木科技公司的初纸共享纸巾项目，我为陕西省合阳县加盟代理，从18年9月加盟后，10月份开始，公司便不能正常提现，公司开始以系统更新，市场问题等各种借口违反合同内容条款，导致项目无法进行，以至项目搁置流产，全国代理商利益受到极大损害，希望领导能关注此事，给全国受到损失的代理一个说法和处理结果！！！,,,
押金,待回复,企业 建言,海***,2019-03-2713:23,领导您好，我没有太多文化，只能简单叙述一下。二月的时候，我在网上找了一份工作。新桥绿地铂骊酒店二楼柏丽KTV，经过反复询问吃住押金等问题。三月份我来了上海，来上海应聘的时候，他让我交360块钱的押金，交完押金之后又以，你上班没有工作服，再买两套工作服，又让我交了1000块钱。等到上班了，我才知道这里是不包吃的，我身上没钱吃了将近五天馒头。我不知道该找谁帮助，法律又在哪里？,,,
金平路重复收停车费,待回复,交通 投诉,小***,2019-03-0211:01,金平路步行街停车收费，商家每年已经缴纳3600元年停车费，停车管理人员还每次都收客人的钱，实行重复收费提成的制度。诉求，严查非法收费。,,,
货车挂靠乱像谁来整治，百姓忍气被黑无人管。,待回复,企业 投诉,W***,2019-02-2217:31,货车挂靠高价收费，谁来管，一担挂靠其公司，乱收费不给还不行，一切费用都是他们说了算，货车车主没有发言权，因为车挂靠进去，说白了车就成他的了，所有证件都在他们手里，最坑的是卖车也卖不掉，最后只能低价卖给他们，苦了我们有的赌气直接当废铁卖了！到哪讲理，挂靠车辆公司真一本万利坑了太多人，我们出高价费用得不到高价的保障，挂靠公司为啥不查一下，太多无知的人被宰割，为啥车辆要挂靠，百姓挣容易吗，太无奈了。政府该管管一下了。,,,
享骑押金不退,待回复,企业 求助,H***,2019-02-1715:47,享骑押金不退，退了四个月也没退出来，请问政府，还管不管？还老百姓的血汗钱。,,,
享骑电单车押金不退还,待回复,企业 投诉,W***,2019-02-1616:21,本人于2018年10在闵行区宜山路租用享骑电单车，在享骑APP交了299元诚信金，由于路边的十几辆电单车都无法使用，就开始开始申请退还押金（享骑称其为诚信金），至今已3月有余，享骑方面客服联系不上，网络上有也很多网友反应此事，出来打工不易，但凡有钱也不会选择此交通方式，恳请书记帮忙，讨回属于我的诚信金，不枉该笔钱款的名称-诚信金。,,,
交通执法局可以在城市道路上随意拦截过往车辆吗,待回复,交通 咨询,吴***,2019-02-1215:06,朱书记你好！我是一名来自农村的孩子，在上海打拼多年后有了自己的第一辆汽车，在平常工作之余用来跑网约车贴补家用，后来交通执法人员联合交警部门进行查处说不合法我也就没有再跑了，最近我的一个老乡说现在的交通执法车在城市道路上随意对过往车辆进行截停且没有设置任何警示标志，我想问下领导这样的算是依法行政吗？还有就是我们的城市执法局执法时怎样是依法行政？希望领导给与解答谢谢！,,,
享骑押金,待回复,金融 投诉,执***,2019-02-1113:45,享骑押金维权能退吗？没人管吗？12315/12345都没用？,,,
享骑出行恶意克扣押金 无法退换,待回复,交通 求助,D***,2019-02-0310:49,享骑出行恶意克扣押金 我2018年11月6日申请退款至今未退还且客服态度冷漠一直在踢皮球 电话打不通恶意扣下押金,,,
享骑299押金恶意不退回,待回复,交通 求助,你***,2019-01-2913:35,于2018年12月5号申请退换享骑诚信金，至今未退还，客服电话一直打不通，一月六号咨询过上海市民服务热线，说是帮我问下，到现在也是没有结果，还望领导帮帮我，只是一个刚出门的实习生，299元对我而言还是挺多的,,,
讨工资,待回复,金融 咨询,W***,2019-01-2617:47,闵行区泥巴公社装饰今年突然倒闭，我们的人工工资及缴的一万元现金保证金至今没下落，恳请各位领导解决，梅陇派出所都有记录,,,
泥巴公社装饰设计有限公司一夜间跑路,待回复,就业 求助,W***,2019-01-2617:33,2018.5.17突然跑路，导致农民工工资无处可要，上有老下有小，这年可怎么过啊，师傅整天做在家里讨债，请领导帮忙做主。,,,
服务太差,待回复,政务 投诉,乐***,2019-01-2417:08,2019.年1.23日我带着孩子已刷卡进站，（在北桥地铁站，准备坐地铁）穿制服的高个子让我身上背的包检查，检查，检查就检查，她给我拿过去后，就不给我拿回来了，再怎么叫，都置之不理，一个坐在在那里，一个站着，连头也不回，我叫了不下5遍，最后还是我孩子过去拿的，我想大上海的服务态度就是这样的么！！！太差劲了，和人家日本，香港比比真是差的太远……这样的服务态度也能在窗口么？,,,
享骑不退押金,待回复,交通 投诉,1***,2019-01-1814:46,享骑已经4个月不退押金了，为何上海政府不管，如果上海政府不管，我就找北京各地区政府。帐号13657226780,,,
享骑共享车押金问题,待回复,金融 投诉,E***,2019-01-1609:02,领导 你好 我申请退押金已经四个月了 目前客服联系不上 还指望领导帮我们要回押金,,,
享骑软件迟迟不退诚信金,待回复,政务 投诉,1***,2019-01-1122:04,本人农村来到城市打拼，为了上下班方便，便注册了2个享骑出行软件的账户，并且各缴纳299诚信金，两个账号共598诚信金，于9月17号申请退回诚信金，官方表示最迟15日，但至今快80天了，还没有退回，账号分别为:王xx:1395662xxxx，朱xx:1865575xxxx，还望上海管辖内的领导能给予帮助，在此表示感谢！,,,
享骑电单车押金难退,待回复,交通 求助,邦***,2019-01-0916:50,     领导，您好，我是陕西省西安市一个普通市民，18年7月使用上海享骑电单车后，现在押金一直无法退回。18年7月3日我通过享骑APP软件转帐299元押金，使用该共享单车，9月23日申请退还押金，直至今天19年1月8日，一直在审核中，无法退回，中途我和享骑热线联系过很多次，每次都是正在退款，但迟迟收不到。和上海市闵行区12315也联系过，他们让我在上海消保网上反映，我照做了，但还是得不到结果。在网上查了一下，像我这样无法拿到押金的大有人在，希望领导能关注此事，希望广大用户能早日收到退款。谢谢！,,,
安全隐患重重的小区“沁春路1122弄”,待回复,城建 投诉,小***,2019-01-0908:34,沁春路1122弄小区内基建、违建隐患重重，那个极易发生火灾等安全隐患，具体情况如下：1、小区内没有停车位，导致大量私家车停在路边，甚至路中央，影响安全通道。建议有关部门严格督促拆除违规占地设施，规划规范停车区，保障安全通道。2、小区内、楼道内堆放大量无用废品，尤其单元楼一层，甚至飞线充电，电动车，新能源汽车，一旦发生火灾全楼居民将无法安全撤离。建立有关部门敦促清理楼道内堆积杂物，恢复安全、整洁楼道。3、小区内部当年开发商建造的“临时围墙”，时隔十几年，临时围墙仍未拆除，墙面粉刷开裂，局部脱落，建议拆除或后移围墙。 4、小区大门：无门禁，无道闸，无安保；单元门锁基本毁坏；建议及时处理，确保小区安全问题。5、小区内探头损坏，无任何监控设备。建议及时修理。还有很多很多，例如：二次饮水，安保问题，楼道内墙，扶手老化；地面开裂；无绿化、无公共服务设施等等。,,,
享骑非法集资，押金三个多月未还,待回复,金融 投诉,享***,2019-01-0716:20,尊敬的领导我要投诉享骑出行app，客服电话难打通，偶尔打通了客服每次只会告诉你在继续等三到七个工作日，日复一日拖拖拉拉已经过去三个多月了 ,,,
享骑不退押金，并且不处理,待回复,交通 投诉,橘***,2019-01-0615:04,享骑恶意不退押金，客服联系不上，公众号留言并没有用,,,
享骑电单车不退押金！！！,待回复,企业 投诉,W***,2019-01-0411:12,享骑电单车明确写明退押金在7-15个工作日内退还，可是已经过了将近一个月了，押金依然迟迟未退还，客服电话永远在忙，公众号也形同虚设，每天都早上九点开始填表，依然无用。投诉12315受理，工作人员也无奈表示，目前享骑电单车退押金未果投诉的人实在太多，处理不过来了。连市场监督管理局都拿他们没有办法了！,,,
享骑长时间扣押金/余额，拒不退还,待回复,金融 投诉,W***,2018-12-2716:15,请书记为我们老百姓做主，上海享骑电动车服务有限公司通过app收取我诚信金299，但在我不需要使用时，诱导我将诚信押金转入余额，而后一直不予退还，目前该公司app 微信公众号 客服电话都联系不到该公司，我投诉无门，感觉押金取回无望，希望书记能帮忙解决！,,,
上海享骑电单车退押金难！,待回复,企业 投诉,W***,2018-12-2315:33,11月到现在押金迟迟不退，客服电话也打不通,,,
享骑不给退押金,待回复,企业 投诉,W***,2018-12-2315:33,朱书记，您好，我还是一名学生，像我这种脱产户，本就没什么经济来源，299元对我来说很重要，但享骑押金我是于11月18日进行的退押金申请，时至今日，已有一个多月，尚未给退，后来了解到，还有很多像我这样没给退押金的用户，希望您能帮我们讨回公道，监督享骑退还押金，谢谢。,,,
上海享骑退押金，退了两个月,待回复,企业 投诉,W***,2018-12-2314:48,上海享骑电单车。299的押金，我从10月中旬开始退押金。app上写的是7-15个工作日内退押金。但是到现在也没有成功，app一直显示的审核中。其中我11月给客服打了一次电话，打了10几分钟才成功。只说尽快。哎。这299虽然不多，但对我们很重要。关键这个企业太没诚信。把我们用户当猴耍。总是告诉我们尽快尽快，然而并没有什么实际行动。太可恨了。现在，客服也没人接了。完全联系不上享骑了。我并不知道要怎么退回我的钱。我只能求助你们了。真心希望你们能帮帮我，我们。帮我们这些用户讨回这笔钱。真的谢谢了。,,,
享骑电单车不退还押金,待回复,交通 投诉,W***,2018-12-2310:45,我两个享骑账号13618693112/17612156282，共计600元，押金退款申请了两个多月，客服电话始终打不通，总部去了三次，第三次去也人走楼空，目前和我这样的受害人还有很多，我们有一个微信群，100多人，实在是走投无路，急寻求政府帮助。为盼！感谢！,,,
上海享骑电动车服务有限公司押金拖延不退，,待回复,企业 投诉,b***,2018-12-2309:05,上海享骑电动车服务有限公司拖欠押金，一直未退，多次拨打公司电话，从来没有接通过。多次联系在线客服，客服刚开始回复说一周之后退款。到期未退，再次联系客服，又说一周之后退款。就这样一拖再拖，从11月拖到12月毫无诚信可言。希望政府能够介入，敦促企业退回诚信金.,,,
享骑押金故意拖延不退,待回复,企业 投诉,哈***,2018-12-1808:32,尊敬的领导你好！本人在使用享骑单车期间发现停站点少，损坏车辆多，很多时间影响到我正常使用！固不想继续使用，11月8日申请退还押金299元，客服回复最多15个工作日退还，可至今没收到押金，打电话一直不通，我觉得此公司得做法非常不诚信，故意的拖延！试问这样的企业何以存在至今日？请求诉求！,,,
关于享骑电单车退押金难的问题,待回复,交通 求助,D***,2018-12-1210:39,尊敬的朱书记：您好，我于2018年9月份充值押金和费用，使用注册在闵行区内的享骑电单车公司的电单车，并于2018年10月发起退押金业务，直到2018年12月11日还未退还到账，已经严重超出享骑公司的七日内退押金到账的承诺，在投诉未果的情况下，向您发起诉求，请您关注影响上海市企业形象的这种行为，谢谢。,,,
上海享骑电动车服务有限公司   共享单车不退押,待回复,企业 求助,1***,2018-12-1112:42,在享骑电单车充值了押金  十几天前提交退押金的流程   一直没退   期间多次在他微信公众号上登记   始终不退  人工服务和微信号都没有人接待   现在公司也跑路了  退押金成大难题  望领导重视一下,,,
上海享骑电单车迟迟不退押金。求助,待回复,企业 求助,A***,2018-12-0613:54,您好：我是一名四川的小女孩。今年9月30号中午陪朋友去上海看病。无意间看到一个叫享骑电单车的车子。我便交了押金299。交了过后看见有提示退还车辆必须停放在指定停车点。我心想我们要去的地方万一没有指定停车点怎么办。我就没有骑。当天下午我就申请退还押金。说的七个工作日退还。中途该公司的电话和客服电话都打不通。至今都未退还押金。现在已经过去两个多月了。希望您能帮帮我！,,,
享骑电单车退押金难,待回复,交通 投诉,朱***,2018-12-0410:36,我7月初使用享骑电单车，交了押金299元，app上说明退押金在7-15个工作日。11月初申请退押金，现在仍然没有动静，客服电话打一个多小时都打不通。该公司总部在闵行区，请管理一下相关情况！,,,
上海理优利用教育做诱饵进行诈骗,待回复,教育 求助,W***,2018-12-0314:26,我是甘肃兰州的一名高三学生家长，为了更好的迎接高考，2018年五月在腾讯搜索引擎上看到上海理优教育评价不错，且有上海当地教育部门领导和老师亲临理优现场，上海市是国内外大都市，让我增加了可信度。在2018年6月1日凑够了理优教育网课费用（三万五千二百元整）通过微信支付平台缴纳给了理优教育。到2018年10月26日理优跑了。课也上不了了，法人变更了，突然就找不到了。据了解像我们一样在理优受骗的家庭全国估计要6000多户，我们到处打电话，到处咨询，现在事情没有人过问没有人管，真是叫天不应  叫地不灵啊！我们地处落后地区，我和孩子妈妈又都是下岗职工，钱可以慢慢还，可孩子眼看着就要高考了……         希望   不管是哪位领导您看到后，给我们一线希望，我们一定会感谢！          ,,,
享骑电动车不退押金,待回复,金融 求助,W***,2018-11-2917:39,享骑共享电动车以各种理由不退押金，要求非上海地区的用户持本人身份证赴上海总部才能退押金。,,,
上海享骑电动车服务有限公司,待回复,交通 投诉,W***,2018-11-2908:56,本人于10月12日发起退款申请，该公司规定于七至十五个工作日受理并退还押金。期间多次联系客服表示会尽快处理，但却到现在都未收到押金退款。本人已不在相信该公司的说辞，请求工商管理能帮助我拿到押金退款。谢谢！,,,
享骑单车不退还诚信金，求助。,待回复,企业 投诉,W***,2018-11-2908:15,享骑单车已经超过1个月不退还客户诚信金，按合同应该在15个工作日内完成。客服一直推诿。在当前建立诚信社会，严肃执行法治的情况下，还有这种随意骗取老百姓钱财的企业，请领导们关注，帮助我们取回诚信金。谢谢。,,,
享骑出行退押金超时,待回复,交通 投诉,W***,2018-11-2907:20,说好的七到十五天退押金的 到现在都没退回来  已经二十多天了。。,,,
享骑电动车不退还押金,待回复,交通 投诉,W***,2018-11-2716:14,共享本是好事，可是享骑电动车公司不退还消费者押金，还没有人管理？,,,
享骑单车押金申请退款后超过20天仍未退还,待回复,企业 求助,W***,2018-11-2713:56,我于2018年11月2日向享骑电单车交押金299，于当天申请退押金，至今已24天，远超于承诺的7-15天，很多人说押金退不回来了，但是对于学生来说299不算小数目，特此求助。,,,
上海享骑出行公司恶意拖扣诚信金不退,待回复,企业 投诉,W***,2018-11-2609:48,上海享骑出行公司恶意拖扣诚信金299元，已经退诚信金两个多月了，一直拖扣不处理，望处理,,,
享骑单车不退押金,待回复,企业 投诉,W***,2018-11-2316:51,申请退享骑电单车押金299元，一个多月了一直拖延不退，客服投诉一直敷衍不处理，在12315投诉显示已受理但仍未收到押金退款，麻烦书记支持老百姓维护自己权益，协助有关部门解决，谢谢,,,
上海享骑电动车服务有限公司不退用户诚信金,待回复,交通 求助,我***,2018-11-2308:33,您好朱书记！        上海地区享骑电单车不退诚信金，拖延时间已快长达两个月了，本来平台是说诚信金退款时间为7天之内，现在以长达两个月之久，每一次时间到了问客服，客服就每次忽悠我说在等七天，说已经向财务那边反馈了，然而两个月过去了，等待的是一次又一次的七天，迫于无奈只能借此平台求助，希望能为我们这些没有退还诚信金的人追回诚信金，谢谢！,,,
共享车App逾期不退还押金,待回复,交通 投诉,W***,2018-11-2307:42,朱书记您好，我使用上海享骑电动车服务有限公司旗下的App(享骑电动车)，2018年10月20号我申请的退押金，至今为止1个月了没有人给我处理，电话接不通人工服务，在线客服也找不到。299元押金对于我们来说不是小数目。希望您能百忙之中抽出时间来帮助一下我,,,
位于七宝的长城宽带欺骗消费,待回复,文娱 求助,s***,2018-11-2216:09,长城宽带在9月底打电话来询问续费是否续费，且说明现在续费免费将网速由50兆升级至100兆，并且赠送一台价值300元且能使网速达到100的路由器。9月30日上门办理续费。但是赠送的路由器实际只能达到50兆和原来销售时说的不符。在路由器配送前还特地打电话问过客服，他们明确的说肯定可以达到！为此我多次打过长城宽带的客服投诉电话，结果就是帮你去问，说好24小时候肯定给答复，可后面永远不了了之！这种情况已反复出现过很多次，每次再次投诉都是这样的回复！而且很明确不能换路由器，不能退费，最多只能送2个月的网时。如果当初销售时不承诺那我就不会续费，现在客服反过来说赠送的东西不能换，那如果我不花钱续费他们会送赠品吗？？如果他们不承诺可以达到，我也不会续费！既然免费升级到100兆且送了路由器，那两个东西不配套送过来干嘛呢？？我去过门店他们的意思就是自认倒霉！,,,
恳请国企兑现承诺,待回复,企业 求助,随***,2018-10-1711:23,尊敬的领导您好！      我叫任建国，2011年4月进入光明乳业股份有限公司公司，负责宿州、淮北市场业务，当时隶属于光明乳业股份有限公司常温事业部苏皖商超大区合肥办事处，2012年2月蚌埠办事处成立（宿州淮北划归蚌埠办事处），2013年7月升职主管并转为正式编制依然负责宿州、淮北市场，2014年10月根据公司安排筹备成立阜阳办事处，任阜阳办事处城市经理（负责宿州、淮北、阜阳、亳州市场），2016年3月因个人原因离职。我为曾经是光明人感到骄傲！在光明五年时间一直严格要求自己，尽心尽力并较好的完成公司交付的各项任务，但是任职阜阳办事处经理期间超额完成任务奖金至今尚有50000元未兑现，当时离职的时候曾经向大区反映此事，但是大区解释所有超额奖金都还没有兑现，并让我放心一旦可以兑现公司绝对会如实发放给我，毕竟在光明工作5年，对光明还是相当信任并有着很深感情的，我相信公司一定会兑现承诺！现在知道光明乳业股份有限公司总部正在统计发放2015年未兑现的超额奖，据我了解至今已经兑付了在职员工的还有退休及其他几个离职人员均已经兑付。我于2018.8.14找到负责此事的光明乳业股份有限公司工会书记吴帮来能予以核实并得以解决，之间打电话不接，发短信很多次才回复还没有核实直到现在已经二个月时间，万般无奈只好求助国资委领导，光明乳业股份有限公司毕竟是国企，应该负责任有担当，而不是如此慵懒推托不作为！还望领导能予以核实并解决为盼，万分感谢！！！（备注：资料核实只需调阅光明乳业股份有限公司2014年-2015年关于超额奖金设置文件及期间各个办事处每个月任务完成情况报表邮件，可是在各城市经理邮箱已经查阅不到2014年-2015年的邮件，应该是公司总部屏蔽或者删除了！）                                                                                                                                                                                                                                                      任建国                                                                                2018年10月16日                                                                                                                                          ,,,
小区旁边道路噪音污染问题严重,待回复,交通 投诉,匿***,2018-09-2916:42,您好，闵行区上海交通大学和交大新村小区之间的沧源路，每天不分白天夜晚都有重型货车，卡车，垃圾车，罐车，大挂车等通过，因为小区住宅离道路十分靠近，所以这些车来往造成的噪音严重扰民。之前投诉到相关部门，但是一直没有方法解决。部门的答复是没有相关政策禁止大货车通行，会加强治理。但是根据上海市噪音条例，这部分道路噪音污染已经严重超过要求，相关部门也并未有效的治理，轰鸣声不分早晚严重影响了我们市民的生活，甚至我们不敢开窗户，是否可以请相关部门来测量一下噪音分贝，然后进行治理？而不是问题出现了不了了之？,,,
祖国少年“吃”不好，如何强国，筑中国梦？,待回复,教育 投诉,W***,2018-09-2709:40,书记，您好！现在中学生的伙食实在不堪，由于学生人多，学校食堂硬件设施有限，所以一般小学，中学（特别是公办）的食堂做的伙食实在无法让孩子吃饱，更别说吃好了。你们可以去小学，中学的午餐时间随机看看，在没有老师威严的情况下，孩子们要不要吃这样的午餐？有多少孩子们拿着餐盘偷偷倒掉，作为老师肯定说孩子挑食偏食，不知粒粒皆辛苦的道理，那试问让你们坐办公室的去尝尝，成人就没一个“挑食”的？就如教育一样，教育家常说，没有教不会的学生，只有不会教的老师。那作为民以食为天的学生食堂，我们要说没有不好吃的食物，只有烧不好的厨子。       面对学校这常态的伙食差，我们作为家长没有过多的要求过什么，我们只有自己想办法来缓解和解决自己孩子的用餐问题。有的孩子自己带一瓶老干妈辣酱，有的孩子带萝卜干酱菜，有的孩子自己带一点家里的菜，都是为了减轻学校的负担。我孩子在七宝二中预备班，因为吃的不好，带了一点菜后被老师说是在搞特殊化。那难道要孩子饿一天才算是以人为本的教育吗？现在什么年代了？我们教育的本真是人，并不是那些高举旗帜说大话和摆出高姿态的行为才是被推崇的教育。落地式的教育，做一个孩子们喜欢的校园，需要教育者们更用心地去倾听孩子的心声，而并非每次师德讲座时夸夸其谈的冠冕堂皇。少年强，则国强，如果少年现在学业负担那么大的情况下，连一顿可吃的饭菜都没有，还怎么谈强国？身体是革命的本钱，连身体都没有的未来如何建设中国梦？,,,
浦江镇大治河南建设,待回复,城建 建言,小***,2018-09-1908:27,这几年的浦江镇发展迅速，郊野公园和浦江线的建造很成功。但是大治河南边却一点动静都没有，房子破烂。和河北边的繁荣相比简直一个天一个地。希望领导能关注一下浦江镇大治河南边的发展。希望上海越来越好，闵行区的大浦江越来越漂亮。,,,
家里屋顶下小雨，一直未解决,待回复,政务 求助,W***,2018-08-2713:47,家住罗锦路915弄罗阳七村，小区建筑质量差，常年渗水，今年起外面大雨家里小雨，报修一直不给予解决，说维修基金被前一家物业亏空，现在小区共28家房屋漏水，2月前报送相关部门，但一直未予以解决，现在家里无法生活，希望能得到相关部门重视,,,
违背承诺，迪信通手机卖场无道德可言,待回复,企业 投诉,清***,2018-08-2216:13,我于2018年6月13日在闵行迪信通手机大卖场（沪闵路7388号南方商城4楼）购买手机，当时店里工作人员又向我介绍另一款产品：斐讯体脂秤0元购，声称只需支付599元就可以带回家，满59天后，这个钱会自动退还。我同意并按照工作人员的要求支付了599元。时至今日，两个多月都过去了，钱并未退还，近日咨询商家解释说，斐讯后台出问题，账号被冻结，这个钱退不了。这难道就是一个全国连锁一个负责任企业的合理解释？!通过这种卑鄙营销手段欺骗消费者!请政府为广大消费者主持公道!我相信还会有和我有同样遭遇的人。,,,
上海闵行鼎夕金融公司(快点理财)软件,待回复,金融 求助,三***,2018-08-1509:08,朱书记你好:我在快点理财软件里投资了十九万左右款，责任人(宋学东)讲经侦那要交5000万保证金，是真实的吗？现我们投友题款又困难，请求各及部门帮忙解决一下吧！,,,
村庄出路变成停车场,待回复,交通 求助,W***,2018-08-0608:50,朱书记好！我是浦江镇张行村四组村民，求助书记管我们出路，经常停了很多车，成停车场了，本来村路就小边上停车后更是很难出行，找村里也不管！谢谢书记给我们百姓一个答复，该找谁？！,,,
十五局欠款十年未解决,待回复,交通 求助,W***,2018-07-2815:47,尊敬的领导您好；我叫张积堂，今年45岁，家住陕西省眉县汤峪镇讲渠村四组。我于2006年带老家数十人在西汉高速十四标中铁十五局西安办事处所辖标段干活，(具体为桥梁施工）。其间因为安全防护和工地电路问题出了安全事故，致一死（一人触电身亡）两伤（两人三条腿粉碎性骨折），共花销三十万余元。当时领导让我自行解决并答应后期适当补偿，工程结束后经过协商同意给我十万作为人道资助，我因活难找容忍！所欠7.5万余款未办。后于2009年在青海省班多水电站干了砌石和机电库项目，时年又欠款二十二万七千元成为久债。尔后每年万儿八千，俱未彻底。此致债务缠身，日子异常艰难！2012年公司合并，西安办事处归于西南办事处（现在为中铁十五局三公司），债务同属！此后点滴给付但仍有二十万出头没结，今年去讨，领导以账务不清为由拒绝（十五局内部账务不清），致无着落！,,,
虹桥机场噪声改造生活区停水停电,待回复,城建 投诉,小***,2018-07-2614:19,书记你好！我是虹桥机场华漕新村噪声改造工地上的一名普通的女工人，我只想说生活区没有男女厕所，男女浴室之分不说！现在大热天的回到生活区会时不时的电压不稳！，水供应不足！！工人晚上下班回去！洗个澡都还得排队！男的还好！女的经常是等到十点钟以后才去都不一定可以洗到！想着说去总包的办公楼洗一下！还不让！说什么工地上没有女的！凭什么人家的都是热水器浴霸！我们工人连冷水都没得用！一直得不到解决！希望书记能帮我们工人想想办法,,,
请解决莘潭路（西环路到外环路段）安全问题,待回复,交通 求助,T***,2018-07-2112:54,  莘潭路（西环路到外环路段）有西环一、二村，三、四村，有人民保险，有派出所。二车道的路还有91路、20路公交车进出。因路边有派出所的停车场。只留出一个半车道，天天像考试，天天堵车，险象环生。很容易发生交通事故。这路给四个村的市民车辆进出带来非常的不方便。  建议把派出所的停车场向西移二百米，最好移到外环路上。（这停车场原是为上派出所办事而设置的，但是现在有很多车停了几个月了，跟本不是上派出所办事的）。希望还市民一个安全、安静的出行道路。  给区书记增添麻烦深表歉意。,,,
华漕陶东七号有人涉嫌卖淫,待回复,治安 投诉,s***,2018-07-0709:54,华漕陶东七号有人以夫妻名义长期卖淫嫖娼，总是半夜有不明人员出入，而且还老是丢东西，希望有关部门给予大家一个绿色安静的环境！在此拜托,,,
微积金诈骗全国用户2亿多,待回复,金融 投诉,W***,2018-07-0317:00,微积金互联网金融服务（上海）有限公司位于上海市闵行区顾戴路2337号丰树城B栋2楼D座，近日微积金平台出现不能回款，高管全部失联，公司人去楼空的恶劣行径！给广大投资人造成巨大的经济损失和精神伤害。 微积金涉案金额26亿，涉及投资人达数万人，市金融办不可能不知道。现在在全国范围内造成了恶劣影响。希望上海方面领导能够以实际行动给全国投资用户一个回音，查找要害问题，避免类似现象大规模发生，更好的稳定金融服务市场，形成良性的发展局面！希望能够尽快破获此案，给全国人民一个交代！,,,
居转户,待回复,政务 求助,洪***,2018-06-1309:05,在贵区，融昊投资管理有限公司-投资人薛xx，积分和年限己达标。由于其先有小孩子后拿结婚证（计生办己处理，小孩己上户口）但是，居转户平台不能受理。投诉无果！特请书记指教。既纳人才就应该受理。谢谢你,,,
交通事故“防”比“罚”更有生命价值,待回复,交通 投诉,W***,2018-05-3108:52,朱书记，您好，5月29日晚6:40左右我开车在七莘路七宝巴黎春天附近被一辆沪c3BK87车撞了后，该车立马逃逸，本来要去追的，但后来报警后警察让我们原地等。第二天来到事故处理中心，警察打电话给该车主，却始终没人接听。后警察就淡淡地说挂号信方式联系。没有任何积极或更有效的处理办法。这种情况明显故意逃避，那就无法追责了吗？交通安全和处理条例成摆设了吗？只要不露面就无法解决，那法律有何约束作用？烦请百忙中的朱书记能看看我的留言。这种情况一旦得到助长，那今后这样的车主就更加嚣张跋扈，马路杀手就是在我们警力和法律的懈怠中滋长的，今后的交通安全和诚信如何帮助城市发展？我觉得，不是只有酿成了悲剧，有了人员伤亡后我们再去追责亡羊补牢，而是应该将法律的威严摆在每个市民的身上，让大家有安全感，同时也要有约束力。交通事故谁也不想看到，但就是有那么多马路上的狂妄之徒肆意践踏法律法规，得自己一时的愉快而不顾其他人的生命安全。对这样不负责任的人如果没有治理，那他有可能会告诉更多的人，原来马路上不负责任的行为是可以逃避不被追究的。这样的事才是更可怕的。感谢给我留言！,,,
莱尔德强逼技术工人干操作工的活,待回复,就业 投诉,W***,2018-05-2610:13,莱尔德强逼技术工人干一线操作工的活，强行降低技术工人工资取消技术津贴，以加班要挟技术人员去产线干活不然就不让加班，，今年国家政策一直对技术工人比较重视，莱尔德这样做是和国家做对吗？希望有关部门做调查，还这些员工一个公道，,,,
企业不景气，减掉员工技术津贴合法吗？,待回复,就业 咨询,W***,2018-04-2812:01,你好，上海莱尔德因为订单量减少，克扣技术员的技术津贴（由于底薪是拿上海市最低标准，干技术员只有一点津贴，）这样做算是减薪吗？合法吗？干技术活的让降成操作工，公司放假强制员工请年休假顶，由于老员工很多公司想裁员有不想给予赔偿，最近在找各种理由让自己走，希望有关部门能给予法律支持给这些默默付出无数年的人一个合法的生存空间。具体情况欢迎到公司了解。谢谢,,,
书记你好,待回复,企业 咨询,W***,2018-04-2811:11,我就是想了解一下，我在外企上班。我已经工作了五年，今天六月份我的合同将要到期！我之前的合同是现在的地址，六月份要签合同的话，又加了一个新的地址，这样就两个地址在里面了！我就是想问问，这样违法劳动合同法吗？,,,
工商局态度恶劣,待回复,政务 咨询,W***,2018-04-2421:22,12315投诉了上海亓揽商贸等公司。闵行区工商局打电话说查不到。还公司是盗用的。我问他是不是监管不力造成的。上海闵行区的工作人员态度恶劣。一直再说我后续也没有任何解释说明。不知道这是怎么回事？。,,,
上海虹桥机场T2航站楼里太乱,待回复,交通 投诉,唯***,2018-04-1307:54,有工作人员站在自动取票机口帮助取票，把旅客的身份证和顾客领到事先摆好的桌子前。说需要填个表（特别是外地人）签字，后来才知道不是机场的工作人员而是兴业银行揽办信用卡的人！请问不是机场的工作人员为什么能进入售票大厅骗外地人办理信用卡！机场大厅非常混乱，无秩序！！望严加管理，清除无关人员！！也提醒广大的外地人员，来到上海机场一定要注意！！！！,,,
难办理的失业证,待回复,其他 求助,马***,2018-03-2708:29,你好，我实在是没有办法了，深感无助的我半夜还睡不着，我需要办理投靠类迁移户口到上海，现在我们老家四川的户口本打印出来显示的全部都是家庭户口，没有农村与城镇户口之分了，可上海闵行这边派出所认定我不是农村户口，要我办理失业证，我到老家去办理，我们镇上和县城电脑系统里都显示我是农村户口，县城就业局给我说你农村户口说办理不了这个，上海这边又一定要这个证件，老家却办不出来，我也不知道该怎么办了。我觉得这个制度规定有冲突，矛盾，试问上海这边派出所查不到我是农村户口吗？我的户口本地址是山沟沟里几寸几社的人，可能是城镇户口吗？我四川老家派出所告诉我说，可以出个证明我是农村户口，今天又去上海派出所咨询，说我老家派出所出证明没有用，说办不了的话叫老家就业局出一个证明，证明就业局给我办不了这个证件的证明，我电话打回去一问，这个人家从来没有办理过，也不知道怎么办理，要我先回老家问一下领导看看。这么远的路，我过年已经跑了一趟了，这次回去肯定也办不了，现在不知道如何是好了，望领导能给我个方向。万分感谢！,,,
转弯道上设公交车站影响车辆转弯 ,待回复,城建 建言,y***,2017-08-1816:30, 闵行区七宝镇新镇路1262号，173路、路753公交（新镇路漕宝路）车站，站点离前面路口太近，公交车停靠后，占去了大半个车道，行驶在后面的车辆，要么在后面等，要么绕过公交车。到了上下班高峰时，公交车停靠后上下客，而后面的车辆就排起了队。 这公交车站车道又是小转弯车道，当公交车停靠站时严重地影响后面车辆的正常通行，公交车停靠后需要变线回到直行车道，高峰拥堵时段会对右转弯车道车造成一影响，也给附近小区居住户车辆进出带来了不便，小区居民反映强烈。 在十字路口的公交车站应该设在那里比较好？根据相关要求，对于近交叉口停靠站而言，公交车辆在公交站车台停靠的活动不应对邻近的交叉口运行造成不良影响，同时交叉口排队也应要避免影响到邻近站点的公交车停靠。因此，公交车站一般设置在交叉路口的出口道一般车站牌都在过了十字的前方一百米左右处。 希望相关部门能考虑到这些情况，对新镇路（漕宝路）公交车站进行微调，能否把公交车站点设置得更合理。是否把公交车站往前挪一段距离。,,,
关于延长10号线至七莘路,待回复,交通 求助,匿***,2017-07-3115:50,是否可延长10号线终点站至七莘路，方便七宝地区的居民出行，也能使12/9/1/2号地铁站在七莘路联成一线，方便闵行居民出行,,,
交通,待回复,交通 求助,匿***,2017-07-3115:44,10号终点站的公交车没有一辆是开往七莘路虹桥机场方向的，也就是往西方向的只有左转的车没有右转的车，不知道为什么，居民出行非常不便,,,
违建堵塞交通,待回复,交通 建言,雨***,2017-07-2718:58,闵行区三鲁公路由南向北2400号（叶家桥路至谈中路段）有一处低矮违建房屋，挡住了整个非机动车道与人行道，迫使非机动车道向隔离绿化带延伸，而且又窄，大约只有一米左右，只能过一辆电动车，又与人行道混行，又较转两处急弯，非常危险，望有关部门重视，调查取证，予以解决通行安全隐患！以至敬礼…………,,,
先锋街每日尘土飞扬,待回复,城建 投诉,远***,2017-07-2517:27,过往行人每天喝尘土，心里倍感苦。这与上海大都市的形象不相符。,,,
劳动纠纷,待回复,就业 投诉,王***,2017-07-1315:46,尊敬的领导你好，自毕业后我就在上海工作，我要举报上海盺臻广告有限公司。上过个月因为有事辞工很急，老板尽然不发我剩下半月工资。时间也过了一个月了。因为工资都是辛苦加班得来的，所以我决定把工资要回来，去劳动仲裁局他们叫我去找劳动争议调解，然后有叫我复印公司的工商资料，我完全不知道怎么办了，身上的钱也花完了。,,,
浦江镇交通瘫痪,待回复,交通 投诉,l***,2017-06-2307:29,尊敬的闵行区领导，我是家住三鲁公路浦连路附近的上班族，需要乘坐一站（2.5公里）公交车才能到沈杜公路地铁站，一共有3路公交车（浦江11路，183路，江五路），每天7点开始过来的车全部非常拥挤（主要依靠浦江11路和183，江五路基本没车），目前三鲁公路正在施工，有时候要等上超过20分钟到30分钟，一到下雨天时间更长，非常不方便。浦江镇常住人口很多，各种基础资源也不是很完善，今天早上因为下雨我等了50分钟才强行挤上车，下面还滞留超过20人以上。以上情况均属实，并无夸张之言辞，奔着政府为我们解决问题的态度提出意见。1，加快三鲁公路施工进度；2，增加停靠班次或车辆改进出行；3，建议浦江11路换成大车，目前车辆太小；4，下雨天合理安排多派车或者有针对性处理车站客流。愿我大浦江越来越好！谢谢！,,,
堵住楼梯两边的消防通道,待回复,其他 投诉,G***,2017-06-1516:34,"朱书记 您好,位于 闵行区华漕幸乐路392号 三楼屋顶上有个 非法办学早教机构这家非法办学早教机构 大辣辣的装招牌 上下课时车子乱停乱放 更可恶的是... 堵住楼梯两边的消防通道 将屋顶公共区域私设为小孩子的游戏区 不让其他商家上去维修空调等...我们商家几次和 房东及这家非法办学早教机构 沟通和反应都未得到 改善和回应. 为了公共安全 ... 只好烦请有关单位能尽快处理该家非法办学早教机构 谢谢！",,,
居民住所麻将赌博扰民,待回复,治安 投诉,匿***,2017-06-1417:11,闵行区广南路，每日聚众赌博，烟味弥漫，严重影响居民生活，日常扰乱秩序，每日赌博至半夜，向居委反映多次无果，请政府协调处理！,,,
小区居民住宅开设棋牌室扰民！！！,待回复,其他 投诉,g***,2017-06-0510:14,尊敬的朱书记，您好！我举报的棋牌室赌博场所位于上海闵行市灯辉路601弄89号3铺门面房，该户主非法开设棋牌室内设多台麻将机，聚众赌博。该棋牌室违法聚众赌博，通常营业至凌晨2~3点，麻将声、吵闹声、桌椅拖动声等极其嘈杂，严重扰民。该棋牌室营业时间长期大开房门，参与赌博人员素质低下，严重影响居民楼卫生与安全。每天赌博人员络绎不绝，车辆随意停放，人员进出复杂，安全隐患尤为突出。每天棋牌麻将声，吵闹声，桌椅声~每天营业到半夜，附近居民根本无法安静休息睡眠，甚至影响白天的工作！周边居民曾多次联系物业、社区居委会及110，均沟通无果，影响极其恶劣。该棋牌室也已经营业了一年多。当地派出所也表明无法取缔，现在闵行区正式“五违”中，小区无证经营场所应当关闭，望书记解决，谢谢！！恳请书记关注并解决，谢谢！,,,
虹桥机场飞机航线影响附近居民生活求助,待回复,交通 求助,匿***,2017-05-3010:02,您好，我家住在七宝万兆家园，头顶上空经常有飞机飞过，差不多10分钟一次，非常吵，严重影响居民生活。七宝人口密度较大，希望政府领导可以帮助解决这一问题，谢谢。,,,
请关心下外来务工子女的教育问题,待回复,教育 求助,s***,2017-05-1710:15,我是一名在上海生活了10多年的外地人。在这期间在上海结婚生女，期间一直都是幸福生活的。我的女儿目前就读于闵行区君莲幼儿园春都分院，现在面临上小学了，我是一直满心期待我的女儿能顺利的进入君莲小学的。可是登记的时候才发现，我们一直没有办理那个外来人员流动就业证明。现在我们每天就在想，把女儿送回老家去当留守儿童的种种后果。我希望韩书记能给予我帮助，让我的女儿能在上海读书，能和我一起一直生活在一起。希望,,,
闵行马桥附近企业夜里偷排毒气,待回复,环保 投诉,匿***,2017-05-1107:00,我是上海闵行马桥镇银春路小区居民，这里夜里经常有附近的企业偷排工业废气（刺鼻，恶臭，有硫化物等气味），晚上会被刺鼻的毒气熏醒几次，早上起来呼吸道非常不舒服，严重影响身体健康和工作，投诉无门，请上级领导就民于水火。,,,
投诉没有及时解决。,待回复,其他 投诉,匿***,2017-05-0814:39,2017年3月27号上海虹桥火车站到七宝。我在七宝住了五年。坐了好多次。不知道司机给我绕路行驶。平常车费都是20多元。这一次40多元。我那时候跟他讲了。态度还是那么恶劣，我都打了好几个电话。他们说15个工作日之后处理，现在都一个月了。5月8我又打了一个电话，我打了投诉电话，他们还没给我处理。不是说我舍不得这一点钱，心里就是想着就不爽。希望你们好好的处理一下。,,,
浦江镇交通问题，蓝色巴士,待回复,交通 建言,匿***,2017-05-0209:57,尊敬的闵行区领导，您们好，闵行区浦江镇昨日发生蓝色公交车燃烧事件，回想不禁心有余顾。浦江镇几路蓝色公交车一直存在交通安全隐患，尤其是闵行12路，车体破碎，跑起来几乎每个零件都在飞，从司机着装年纪看，很像临时职员，在浦锦路上经常超速闯红灯，车子颠簸非常厉害，相信有很多人和我一样需要过徐浦大桥到对面办事，在桥面上的安全问题也更值得担忧。夏天的时候，闵行12路甚至只能开着后备机箱跑路。乘坐闵行12路已经两年了，这个情况越来越严重，我也为每次满载的乘客深表忧心啊。除此以外，浦江镇还有几部蓝色的车子，177，163，浦江5路，经常倾斜车身开，有几辆遇到拐弯处甚至整个车身都要倒了，非常危险。恳请各位领导视察浦江镇交通情况，并进行有力的监管和整顿，以保证镇民安全出行。抱歉打扰您们百忙中抽出时间，再次感谢！,,,
学生的外卖食品卫生,待回复,城建 投诉,匿***,2017-04-1808:22,书记您好！经小孩多次反应在上海东海职业技术学院附近的的虹梅路有几家小吃店无照无证的非法营业送外卖望您处理,,,
颛兴路两旁手机店音响放外面扰民,待回复,治安 投诉,匿***,2017-04-1014:11,颛兴路上有很多手机店，几乎每家手机店都会在外面放个大音响，或是将音响装在门店外面，每天循环播放手机广告，贷款广告和各种歌曲，并将音量开到最大声，有些手机店的上面就是居民楼，严重扰乱了居民的正常生活，哪怕关上窗户，低音炮和叫卖声还是非常清晰，住在这样的楼上非常痛苦，从早上八点多到晚上十点，没有一天是消停的，没有一天是能好好睡个午觉的，希望政府能督促商家文明开店，文明经营，不要扰乱周围居民的正常生活！,,,
建议公共卫生间应派专人管理,待回复,环保 建言,匿***,2017-04-0917:27,马桥镇万科城6号楼旁边的公共卫生间（公厕），虽方便了业主，但因没有专人管理，里面的卫生状况令人担忧：1.自来水不力，蹲位上残留的大便不能及时冲洗，天气转暖，臭气难闻；2.由于没有专人打扫，进出人多，地面和蹲位上卫生状况很脏；3.由于没有专人管理，有不少入厕的人在里面抽烟，烟味刺鼻，在公共场所抽烟无人过问，这也没有执行上海的禁烟令。万科城应该说是马桥镇文明创建的一个窗口，书记您虽日理万机，群众利益无小事，敬请您能否建议万科城物业对这个公共卫生间能派专人管理。,,,
江川路680弄25号1202装修扰民,待回复,治安 求助,匿***,2017-03-1719:00,书记您好，今有装修户江川路680弄25号1202室装修不按规定时间作业，经劝阻无效，造成严重扰民，我们晚上22点才下班，早上10点上班，装修户7点就开始敲，锯，钻等噪音作业，严重影响他人休息，希望能得到书记的帮助,,,
伦敦城位置,待回复,城建 咨询,匿***,2017-03-1713:33,请问一下，书记我们闵行区伦敦城什么时候造呀，具体位置在哪？什么时候开业,,,
航华断头路,待回复,交通 建言,匿***,2017-03-1014:50,尊敬的赵书记您好，我是航华一村的居民。在航华生活了两年多，深感航华地区断头路之苦。目前航华人民进入外环仅有吴中路一天通道，且吴中路常年拥堵，其实航北路与青杉路完全具备打通条件，无需动迁房屋，下穿外环即可，请领导关注航华人民的出行苦恼。,,,
红绿灯设置极其不合理,待回复,交通 投诉,匿***,2017-03-0709:35,闵浦大桥，吴泾往浦江镇方向，下桥时的鲁陈路的路口红绿灯。左转的灯时间太短，每天这里左转道太堵了。希望能够实地考察改进。早晚高峰都是如此～,,,
户口问题,待回复,其他 咨询,匿***,2017-02-2416:17,我妈妈是支边到新疆的，上海有政策妈妈和弟弟的户口回到上海了，我父母也因此离婚了，现在我已经结婚在新疆有儿女了，可是我母亲身体不好，我弟弟也得了肺结核病，也照顾不了我母亲，我想回到上海照顾母亲不知道户口能不能回去，母亲还带着弟弟离婚的孩子在生活非常辛苦，不知道我能不能户口回去照顾母亲？谢谢,,,
厂里用童工好多,待回复,就业 投诉,匿***,2017-02-1715:34,闵行区英华达厂里劳务坑人16岁17岁的有好多.天天都是上15个小时.天天上班要累死人啦,,,
农民工受工伤，无良老板不理睬。,待回复,其他 求助,匿***,2017-01-2113:52,2016年1月8日下午14许，重庆籍农民工曾坤明在位于上海市闵行区龙吴路3010号长桥搅拌站正常工作，在工作的过程中被输送黄沙的皮带机绞伤，导致曾坤明右手手臂齐肩部截肢，发生此事后，曾坤明家属从重庆赶到上海照顾曾坤明，后曾坤明所在单位的（未给工人买保险，未和农民工签劳动合同）老板找到曾坤明的家属进行协商，协商赔偿的事宜，结果，曾坤明单位的老板言语对曾坤明的家属进行恐吓，扬言自己在上海有人撑腰，有钱也不会赔偿，后面曾坤明的家属找到曾坤明所在单位，结果单位老板逃避不见面，现曾坤明还躺在病床上，家属在上海无依无靠，不知所措，现在恳求政府领导关注一下，帮助一下曾坤明这个家庭，向无良老板讨一个说法，以免发生更为严重的后果，再次恳求上海市政府领导帮帮我们，感谢！感谢！感谢！,,,
老板讲 有本事去劳动局告,待回复,就业 求助,匿***,2017-01-1223:25,  尊敬的领导你好 我是一名外来务工人员 2014年8月1号进入上海汉大市政工程有限公司上班 从2015年4月开始工资就不发了 因生活所需于2016年9月底离职 共计拖欠本人18个月工资整 曾多次找老板沟通 总是逃避 电话不接 信息不回 年关将至 恳请领导能够帮帮我 ,,,
闵行区春申路1717弄楼上违建问题？,待回复,城建 投诉,匿***,2016-12-1109:34,闵行都在拆违只有 在闵行区只有 春申路1717弄楼上违建还在有人包着,,,
欺诈,待回复,其他 求助,匿***,2016-12-0810:28,书记您好，我是甘肃的一个农民，今年看到了上海通路快建公司的订阅号老林带你做生意，怀着满心的热情加入了通路快建公司的城市运营商。没想到辛辛苦苦挣的钱陪光了，倒欠一堆债务，通路快建公司利用大量的宣传使得我们对他的信任，签署了不公平合同，我们几十号人已求助无门，对人生感到绝望，我们憧憬的未来失去了，我们恳求书记能够帮帮我们这些有梦想而被破坏的人，肃清整个商业环境，让更多的有梦想的人不再被骗，谢谢书记,,,
山重水复疑无路 ,待回复,就业 求助,匿***,2016-12-0616:27,尊敬的书记：您好！我是来自甘肃的一名务工者，在所在公司上班十六个月，与公司发生了劳动纠纷，在辛庄劳动局投诉，经过调解无效，于是我申请闵行区劳动争议仲裁委员会仲裁，仲裁委员会通知我十月十一号上午九点开庭，我提交了举证材料和委托书，因为我家里有事回家。到了开庭时间，我的委托人准时到庭，但是仲裁员突然要我家的户口本原件，因为没有提前通知，户口本在老家快递也要几天，被申请人没有到庭，我怀疑仲裁员玩突职守，没能做好工作范围的事，以致于我家的生活没有保障，一家人的生活全靠打工维持。望尊敬的书记能在百忙之中给个公道为盼。,,,
莘庄镇政府旁油烟污染长期投诉没人管,待回复,环保 求助,喜***,2016-12-0213:37,闵行区赵奇书记：您好！富林苑三期小区前排居民楼仅仅10米不到位置就是20多家重餐饮店，在顶楼排风管长期排放未过滤油烟，直排油烟，顶楼风机排放油烟时产生非常大的噪音，远超上海市噪音标准。情况一、楼顶直排油烟，具体位置：乐中乐、天天牛肉、古法传统牛肉汤、蜀地冒菜、千里香混沌这5家店楼顶每天中午、晚上都会有滚滚浓烟从空中飘出。走在人行道上的行人都咳嗽不止，更不要说离我们10米不到的居民楼了，我家是6层的高层，餐饮店排烟的位置大致在3楼左右，油烟正好飘进我家，一年365天都没法法开窗，晒的衣服都是油烟味，晾衣架上也是厚厚一层油，屋内新鲜空气没法进入，室内空气污染非常严重，老是缺氧，头晕，咳嗽，家里有老人，小孩，老婆今年也刚刚怀孕，也经常出现咳嗽现象，我家在这里是唯一住房，没有其他去处。情况二、餐饮店后面向我们直排油烟，在蜀地冒菜、千里香混后面经常有直排油烟现场，新客来等餐饮店后面的排风扇也对这小区居民楼直排，每家餐饮店后面都有一个排风扇。重庆烤鱼店和阿杰烧烤后面更是污水、油水横流，走过会溅到身上。情况三、顶楼风机排放油烟时产生非常大的噪音，远超上海市噪音标准，晚上10点后也照样响个不停，具体位置：乐中乐、天天牛肉、古法传统牛肉汤、蜀地冒菜、千里香混沌这5家店楼顶安装了大大小小非常多的排风机，只要餐厅是营业的，风机就会开启，噪音在室内可达80分贝，室外就更厉害的不得了了，餐饮店老板说修修，后面就没声音了，环保部门也没有执法权，现在闵行区在创全国文明城区，在莘庄镇人民政府同一条路的疏影路，离政府大楼仅仅百米，就在政府的眼皮底下，我们的日子过得很苦很苦，完全没有小康的感觉，每天生活非常压抑，找谁也没有用，餐饮店关了又开餐饮店，我们希望开一些卖衣服和首饰的，这是我们老百姓的希望，也从环保部了解，这些餐饮店都是环评没有通过的，现在国家为了办营业执照的方便，先让餐饮店拿出营业执照，但是在经营范围内写了要取得餐饮许可证和通过环评，但是后面的事情他们就逃避了.情况四、根据上海市餐饮业油烟排放标准2014 ，重餐饮店不能开在离小区居民楼30米内位置，而我们小区居民楼离餐饮店才10米不到，而且一开就是7年，相关的职能部门为什么不取缔他们非法经营，希望政府能够加大力度，为我们老百姓做点实事，希望这条街多开点非餐饮店，少污染，罚款对他们营业收入好的餐饮店是没有任何影响，时间一长又是老样子，关键问题仍旧没有解决。,,,
虹桥火车站接人很不方便,待回复,交通 建言,匿***,2016-11-1818:47,你好，我昨天下午去虹桥火车站接家人。中午12:50下了高架，但是直到下午两点15分都还没能进停车库。工作人员说车库已满，所以不能进，但是火车站出发层又不让接人，停车库又进不去，造成了很大的不方便。期间看见有很多赶火车的人，等不了就直接下车步行至地库，也有人从地库直接走出来，这样也会有安全隐患。为什么不能直接出发层接人，要求车辆即停即走不就好了，本来五分钟就可以接人出发的，但是耗费一个多小时都解决不了。,,,
闵行区老沪闵路1351弄蔷薇二村屋顶漏水问题,待回复,城建 求助,匿***,2016-11-0716:57,尊敬的赵书记，您好！我是蔷薇二村的居民，我家住在六楼，前几天下大雨，屋顶有大片的漏水痕迹，找物业，物业说这是政府平改坡后造成的，跟物业没有关系。作为普通居民，无法得知其中真伪，请问这个是不是政府平改坡后造成的，如果是请问有什么解决办法？这个问题已经严重影响到了我们的居住环境。,,,
虹桥机场飞机扰民,待回复,其他 求助,匿***,2016-10-2914:21,现在已经是零点三十分，虹桥机场的飞机还在不停地起飞，实在让人无法入睡！,,,
卖淫嫖娼,待回复,治安 投诉,匿***,2016-10-1414:47,上海市闵行区莲花南路银都路海友酒店F1楼有人卖淫，中午一点营业到晚上凌晨两点，请公安部门调查,,,
还居民和谐稳定环境！！！,待回复,治安 投诉,匿***,2016-10-0913:20,您好！在颛桥南街有大量非法卖淫人员，对路过的行人甚至未成年人强拉硬扯，如果反抗就会遭到殴打辱骂！严重影响周围居民和谐稳定的环境，多次报警都无效果，请务必铲除这个社会毒瘤！,,,
举报开闵行区开设赌场,待回复,文娱 投诉,匿***,2016-10-0309:26,韩书记:            关于闵行区浦江镇聚浦商场2楼动漫城放置游戏机，打鱼机，翻牌机，熊猫机，每天输赢上万，输得家破人亡，有关布门就没有查时吗，没有暗访吗，这是严重的开设赌场罪，就没有人管，希忘有关布门查时，静候佳音,,,
关爱流浪动物，共建和谐社会,待回复,其他 建言,匿***,2016-09-2310:50,赵书记您好：        我是一个住在闵行区70后的普通老百姓，我是一个喜爱动物的人，曾经养过猫，现在家里养着一条流浪狗，每天早晚会带着出去遛狗大小便，我按照规定给它办狗证，打疫苗和狂犬。并且为它做了绝育手术        我是一名在职人员，业余时间会组织一些针对猫狗的公益活动。在我的周围有些居民养狗人并不是合格的养狗人，比如不办狗证，不打狂犬针，遛狗时，大便也不及时处理等等不文明的行为。         我希望区政府能给我的公益团队一些机会，能在部分社区搞文明养犬的基层宣传，科学的专业的管理流浪猫狗，一定程度的杜绝不文明养狗行为。希望能够为区政府做点力所能及的事情。         ,,,
无证经营,待回复,其他 投诉,匿***,2016-09-0514:24,您好！赵书记，向你反映闵行区华宁路景谷路菜场对面一排商铺，无证无照经营，只拆掉门牌广告，还是在营业，望领导视察重视。,,,
金大地悦府延期交房,待回复,城建 投诉,匿***,2016-08-3020:15,书记你好：     我是寿县金大地业主，2013年10月购买房，交房时间为2014-12-31，后说不能如期交房，到2015年6月底交房，之后多次改期说不能交房，我们寿县信访局，副县长都见过多次，可认何问题都不能解决，现在也没有人能说清，到底什么时候能交房，只是说积极赶进度，都延期快两年了， 我们都是贫苦老百姓工薪阶级，买套房容易吗？为了孩子上学，现在孩子入不了学，没有房，没有水电煤证明，有的是买的结婚用，房子几年都交不了，婚也结不了；现在花光了积蓄还要归还银行贷款。,,,
强迫增加学生家长负担(强迫够买校服),待回复,教育 投诉,匿***,2016-08-3013:33,今天是2016年学年报名的日子。作为一名小学生，上学应该穿着校服是理所当然的，但是小学阶段的孩子正是发育成长的阶段，己有4套校服了，够穿换洗就行了。可今天去闵行区七宝镇的振兴小学去报名却强制要学生订2套校服共计360元，老师说不定不行！不然就报不了名上学了！对我们农民工来说衣服够穿就行了，为什么每学期都让我们花那么多钱来买校服呢！希望闵行区教育部门给个说法!,,,
违建拆除是扰民还是文明,待回复,其他 投诉,匿***,2016-08-2313:56,闵行亦园别墅近20年房龄，早期结构违建，其一并无安全问题反而强化了结构，其二并无占用公共土地，其三曾经政策法规是买卖时拆除违建，自住不会强拆，并且2006年有法规规定，以此时间为期限，之后强行拆除，之前不会强拆。现在民怨沸腾，强拆有有法律支持吗？房屋的损害谁来买单？强拆有底线有针对吗？请人性对待老实的百姓，摸着良心为百姓做实事，老百姓很可怜也很可爱，请父母官好好对待。,,,
关于2016大学生创业就业补贴发放,待回复,就业 咨询,匿***,2016-08-2219:06,书记您好，上海闵行2016届大学生创业就业1000元补贴何时发放？当初文件下来时说5月份发放，而今都八月中旬了，什么消息都没有，望解答，O(∩_∩)O谢谢。,,,
书记你好,待回复,治安 投诉,匿***,2016-08-2113:31,闵行区北吴路，浦宁路口小厂房里开设游戏机，赌博机真的害死，一个小时不到万把块钱就输掉，赌博机真的害死人，让人妻离子散，求求赵奇书记下命令给它查封吧？为农民做做主吧，,,,
你好，闵行区唐湾派出所，所管的地方还在开游戏,待回复,治安 咨询,匿***,2016-08-2010:30,各位领导你们好，我想问下，闵行区唐湾派出所不到二千米，游戏机或赌博机在开，真的害人，一个小时不到九千多就输，有哪位好心领导管管吧,,,
龙柏七村小区内垃圾扔进绿化带里,待回复,其他 投诉,匿***,2016-08-1816:56,闵行区龙柏七村小区内的幼儿园旁边的绿化带内每天都有人扔垃圾，也不见有人来管，每天如此。,,,
黑摩的,待回复,治安 投诉,匿***,2016-08-0816:23,"闵行区七宝镇地铁9号线中春路站2号出口处,长期盘据着一帮成帮结派的黑摩的!停在人行道上严重阻碍进出地铁的行人!阻碍人行道的人行走;与其理论还他们人多还要打人!严重威胁百姓的人身生命安全!希望区长书记大人能为百姓做点事!还百姓一个安全的出行环境!",,,
游戏房开进小区,待回复,其他 求助,匿***,2016-07-2916:48,我是莘谭路莘松一村的住户， 游戏房都开到小区里来了，实在是太吵，尤其是晚上里面不是打架就好大声音，根本就无法睡个好觉，多次报警 还是没人管 游戏房地址295号莘松一村 是走后门进去的 也就是小区里,,,
赌博太严重,待回复,治安 建言,匿***,2016-07-2714:05,闵行区浦江镇这周边大小赌场20多，都是二八扛场子，害了多少人家破人亡啊。给两个具体位置，万芳路园区4路河边天天下午到夜里都二场，涉案金额100来万，有望风的。还有万芳路陈行路河边。书记去查查吧。天天都有。,,,
举报小区赌博游戏房,待回复,其他 投诉,匿***,2016-07-2514:49,我是莘谭路莘松一村的住户，  游戏房都开到小区里来了，实在是太吵，尤其是晚上里面不是打架就好大声音，根本就无法睡个好觉，多次报警 还是没人管  游戏房地址295号莘松一村 是走后门进去的 也就是小区里面,,,
被诈骗团伙诈骗五万元，无可奈何,待回复,治安 求助,匿***,2016-07-1521:39,赵书记您好，我是广东人，在7月份本人在网上看到闵行区吴泾镇吴泾工业园228号所谓的二手挖掘机销售，然后我跟我哥凑了钱，先电话微信跟对方联系了，说了价钱，然后就上去试了挖机，由于自己的疏忽大意，也有当时现场的情况使然，签了合同，付了五万块钱定金，那天是7月8号，当时挖机有点小问题说好了对方维修好在给我发货，货到我家在付尾款，总价钱是十万，当时由于太相信对方，感觉那么大的一个挖机市场，又是大城市，觉得没问题，就先行回家了，没想到回到家，对方就以各种理由推脱，不发货，还要求打尾款才发货，我们发觉不对劲了，立马在12号又赶去上海，准备去报案，但是到了塘湾派出所一问，他们都知道这个所谓的二手挖掘机销售根本就是诈骗，他们说我们可以做笔录他们受理，但是又说我们属于经济纠纷，没有多大效果，钱不一定能追回来，他们也无法作出裁决，当时在派出所的时候还有另一帮人也是上当受骗的来报案，一听他们这样说就都没报案，况且我们也拖不起，又是外地人，他们那里都是团伙，一大帮安徽人，后来我们又去找对方谈，谈不好，此时我们都心灰意冷了，连出租车司机都知道，那里是一帮团伙诈骗，我们承认是自己不小心被骗，真要走法律途径我们耗不起，老家还得上班干活，还得养家，只能打碎牙齿往肚子里吞，又怕人身受到伤害，我此刻给您发这信息，只是希望有关部门能重视这些事情，被骗的人好多了，听当地人说好几年了，经常有人被骗，但是最终都无可奈何，耗不起，希望您关注，帮老百姓把这个坑填上，我们已经被骗了无可奈何了，希望后面不要有更多的受害者，搞得家破人亡。那个地方是闵行区吴泾镇北吴路228号,,,
中国人寿罗阳路电销中心严侵害职工权益,待回复,企业 投诉,匿***,2016-07-1519:11,中国人寿保险股份有限公司上海市分公司电话销售中心位于上海闵行区罗阳路388号1、该营业网点不和员工签订劳务合同2、该网点以管培生的名义大肆招工，实际从事的工作是假借电销名义的电信诈骗（之前有编造大病医保报销诱骗客户的记录）3、该公司许诺虚假的薪资标准（承诺入司前三个月3800），实际上每个月的薪资只有1000元多一点，远远低于上海市的最低工资标准，并且从来不打印工资条。4、该公司假借宿舍管理费的名义随意克扣员工的工资 以及强制收缴损耗费用（招聘网站上面承诺的是免费提供住宿）5、该公司招聘网站上面标明的是做五休二，朝九晚六，但实际工作 时长每天早九点到晚上七点半，周六强制上班并且没有加班工资。6、该公司到现在还不停以招收内勤和讲师的名义坑害毕业生，在招聘网站上面发布不负责任的虚假招聘信息，流毒深远，7、离职不结算工资，不出具离职证明，从来不为员工缴纳社保，导致社保断缴,,,
开设赌场、严重影响生活,待回复,治安 求助,匿***,2016-07-0218:32,赵书记你好、位于闵行区华漕镇西街一处棋牌市内、开设赌场、参赌人数众多、已有一年多时间、多次报警无效、警察敷衍了事、每天8点钟到第二天早上、严重影响了我们的生活、每天都很吵闹、周边群众都是感怒不敢言赌场老板及其嚣张、对外宣说在诸翟所有关系、每月都交钱、什么都不怕还有一个村连防队长给他撑腰、在当地严重影响了治安望有关领导做主真正做到为人民服务、,,,
我们租的厂房马上要拆了可是评估报告没有给我们,待回复,城建 求助,匿***,2016-07-0111:56,书记您好 我们租的厂房马上要拆了5月份村里来人评估的，现在 我们去村里要评估补偿报告村里说已经给我们房东了，不能给我们看，找我们的房东要，但是房东不给这让我们很被动而且房东给我们的补偿费很少，根本不够，一直没有一个补偿标准公示出来，让补偿很模糊，我们想要我们的补偿标准和评估报告。我们厂房租在浦江镇鲁汇汇红村老工业区2000弄105号 。（我们是绝对配好政府拆迁，支持和配合的）谢谢领导能在百忙之中能帮忙办理。,,,
民工的生活成本谁来关心,待回复,就业 投诉,匿***,2016-06-2517:55,为什么我们考的焊工，电工操作证复证要收费那么高，复个焊工证现在收300元，七月一日后就要收400元。 ,,,
春申路虹梅南路至普乐路人行道破损严重,待回复,交通 投诉,匿***,2016-06-2415:54,春申路虹梅南路至普乐路行道树下的石板拱起，严重影响行人安全,,,
朱行二村关于违建拆除请求,待回复,城建 求助,匿***,2016-06-2010:54,2016年6月12日，收到朱行二村居委会通知书告知我已居住的房子将面临违章拆迁的情况，本套房产为2015年时候二手房购置，面积只有30个平方，房子结构直通式老公房，建筑是80年代的，非常陈旧，在更早期的时候政府为居住在一楼的居民修建了顶篷，因为室内面积较小的原因，一楼的居民会把厨房迁移到这个顶篷里面，缓解室内居住困难的情况，我们买来这套房子的时候，顶篷是按照每户的情况全部封闭好的，每家卫生及安全都还是很规范的，这个区域成了一楼居民们的厨房和吃饭的地方，望请有关部门可以实地勘察，没有任何不好的地方，现突然提出要拆除此区域，在没有办法解决厨房困难的情况下，如果拆除，我们的烧饭吃饭就会受到很大的影响，不能每天露天吃饭，所以恳请政府相关部门关爱百姓的实际情况，能否保留建筑，方便居民缓解居住困难的问题。,,,
物业不作为，小区内猖狂开赌博场所,待回复,治安 投诉,匿***,2016-06-1412:32,赵书记，您好。我是上海市闵行区北翟路2000弄51支弄金色西郊城三期的业主，在我们小区33号楼101室住户内开了一家棋牌室赌博场所，每天大门敞开，有专人在门口放哨。来来往往龙蛇混杂，给其他住户带来很大安全隐患，每天一帮人聚集在大楼门口，车辆随意停放，给其他住户的出行造成非常大不便，多次像警察举报，警察只是匆匆而来，匆匆而去，赌博场所仍旧猖狂营业，每晚吵闹至深夜，严重影响其他住户的休息。物业不作为，居委会不作为，我们自己向闵行区房改办提出成立业委会需求，多次遭刁难拒绝，希望政府能重视我们小市民的利益，在上海城乡结合部区域，我们希望能改变我们小区物业管理混乱，保安外包像流氓，小区没群居混乱，龙上菜场菜贩子把小区当做分菜场所霸占车位的混乱现象，还我们一个安全整洁的生活环境。,,,
电动车办牌照的地方能不能多设几个点，我们上牌,待回复,治安 求助,匿***,2016-06-1310:10,赵书记，您好 ！ 我是一名 外来人员，七宝交通很赌拥堵，我们只能选择电动车作为交通工具，这样经济实惠，环保利国利民！最近，交警路上查电动车违章，查牌照，由于离得很远，我们岁数也50多岁了，只对七宝熟悉，所以我们一直没有去办理，今天早上被交警罚款了，我就问了一句为什么办牌照的那样远，七宝为什么没有，交警回答我：（办牌照点） 总不能开到你家门口吧！你看人民公仆这回答，为人民服务，我们遵守交通法律法规，要求也不高，为啥不能在七宝派出所设一个点办证呢，这样很放便了老百姓，警察工作量也减少了！我们有很多老乡电动车都没有办牌照，原因基本都是：嫌办牌照的地方很远！希望七宝能设个办牌照点，方便我们办证！谢谢了赵书记,,,
"就春申路彤星4S销售店乱停车,",待回复,交通 投诉,匿***,2016-06-0408:28,就上次人行道上乱停车问题再次向书记要求整治春申路人行道，彤星4s店把路都堵死了警察难道没看见,,,
塘湾村有地方不让却不让停车,待回复,其他 投诉,匿***,2016-06-0308:40,书记你好，我是闵行区塘湾村五组沈家的一位村民，因为我所住的地方是农村，没有专门的停车场，我们只有停在巷子通道边上，今年年出拆违章，修下水道，空了好多地方，离我家最近的塘湾村五组沈家前面浦宁路边上，大概有1000平米的空地，里面现在没有做任何的施工，但是却是铁将军把门，我们周围的村民都是看着这块地方闹心，明明有地方却不让我们停，都要挤在近村庄的通道上，有人说这块地是塘中村的，不可以给塘湾村用，那么请问，国家拆了这块地有何用处？为什么还没有用？能给村民暂时解决停车问题吗？,,,
浦江赌场盛行？,待回复,政务 投诉,匿***,2016-05-3014:01,您好书记！浦江网吧游戏厅赌场盛行为什么屡禁不止？危害社会安定？还有是不是有地方保护。,,,
噪音扰民,待回复,环保 投诉,匿***,2016-05-2810:50,闵行区莘浜路莘中路，秦国面馆，大烟囱对着莘中新村居民区，油烟和噪音严重扰民，从早上五点到晚上12点，不得安宁！,,,
拖欠农民工工资,待回复,企业 求助,匿***,2016-05-2411:13,赵书记您好：我是农民工因佳信物业拖欠我们保洁人员工资想请赵书记能在百忙当中过问一下谢谢！将近三个月没有发了。,,,
无证棋牌室，游戏机房,待回复,其他 投诉,匿***,2016-05-2109:00,您好领导！我们这是是出租房，去年外面门面房不许开店，有些棋牌室，游戏机房，就躲进出租房里继续开，很多人怕惹麻烦，不敢举报外来人口吗？没人管，房东是只管拿房租，如果举报一家很明显就这么几家人被吵，这几家人都得倒霉。怎么办真的没办法才找到这里，不许开店外面好看了可内部更烂了，在这里希望各位领导，在保护我们外地人口安全的同时，把这些扰民的游戏机房，棋牌室赶走。我们这里现在的情况，就象别人说的人身上长疮，外面看不见里面，在慢慢的烂，,,,
外地子女义务教育,待回复,教育 求助,匿***,2016-05-1217:47,领导大人您好，我和我先生来上海20几年了，现在经营一个小小理发店。省吃减用，因为小孩要读书了，拼了所有积蓄加上银行的商业贷款，买了一居室，想让小孩在上海上公立学校，读书，我们也是拼劲所有了，证件也办全了。就是不想小孩做留守儿童，。因为我们在上海的时间比在老家还要长，对上海很有感情的，其实向我们这样的子女有很多，希望您能让我们的娃在上海接受义务教育吧！非常谢谢,,,
支持合理合法于春申塘兴建机场联络线,待回复,交通 建言,匿***,2016-05-0815:08,春申塘为机场联络线全市最佳走向，若采用地下化对环境影响已经非常小了，且铁路地下化技术已经十分成熟，于国内外的深圳台北北京等均有先例，支持合理合法建设机场联络线，为全市市民谋福,,,
反对春申塘沿岸建造机场快速连线,待回复,其他 投诉,匿***,2016-05-0508:48,希望国家发展不是建立在破坏生态环境，影响公民权益的基础上发展的。,,,
春申塘沿岸居民对机场联络线诉求,待回复,交通 投诉,匿***,2016-05-0508:43,要求机场联络线改道，反对走春申塘居民密集区,,,
请问领导闵行在大整治交通为什么还有这现象。,待回复,交通 求助,匿***,2016-04-3009:46,每天走过春申路总被路南的违章停车堵在路上不能走.路希望书记不要忘记这一路的违章停車，彤心售車门口，莲花路春申路东段，望大整治违法停车，还路权给民众,,,
赌博机,待回复,治安 求助,匿***,2016-04-2409:48,尊敬的赵书记，在闵行区莘东路25号海星综合市场的二楼！有个叫富华动漫城里有好多赌博机！我昨天输了钱，去找他们退点钱！他们不给反而把我给打了！还威胁我不准报警！希望您能好好过问下！,,,
南方新村136号102室开设棋牌室,待回复,治安 投诉,匿***,2016-04-2314:06,"尊敬的赵书记：您好    我举报闵行区南方新村136号102室居民住宅非法开设棋牌室，内设多台麻将机，  该棋牌室以麻将进行赌博活动，下午的时候交通工具停满136号门口 。该棋牌室麻将声，吵闹声，讲电话声严重扰民，棋牌室一般经营到凌晨3,4点才结束。周围邻居无法休息好，影响到白天工作。我打过市民服务热线2次，1次110，根本不解决问题，无奈之下，我请求政府为我做主",,,
航东路上海申阿婆、,待回复,环保 投诉,匿***,2016-04-2215:32,航东路490号上海申阿婆厨房正对我家卧室、厨房窗户，油烟、噪声、异味扰民，航东路500号名作美发店每天晚上排废水废气到新明星花园居民区。以上两个问题环保部、居委、物业都找各种理由说无法解决，请问这到底能否解决？,,,
整治后还有的洗车店-,待回复,治安 投诉,匿***,2016-04-2008:19,书记：    您好！春申路梅富路口新奇特洗车店将洗车装置设置在人行道旁边，洗车时经常把水雾喷洒到人行道上，严重影响市民通行，我几个月前已向他们工作人员交涉过，至今未有改善。请求整治！附近也有几个个体户的洗车点，无任何遮挡和污水收集设施，请求整治！,,,
百姓难处,待回复,城建 求助,匿***,2016-04-1315:22,"我是颛桥镇黄一村南张村村民，我们村民宅都是70,80年代的老房子，近几年外来人口众多，环境太差了河水发臭，道路窄小一但发生火灾，后果不堪想象。年年说动拆，希望区长多关注一下紫竹园区边上被遗忘的村庄，谢谢。",,,
小区爆炸生活补贴发放不到位,待回复,其他 投诉,匿***,2016-04-0516:13,你好赵区书，我是闵行区浦江镇盐铁塘路435弄20号楼1102室房屋的借租客，去年12月本栋的17层楼发生爆炸，我们在外住了1周多，让我们回楼后一个月电梯才维修好，之前一直是爬楼或在外面住的。在2月初居委会电话我去领生活补贴，当时已回老家过春节，说今年来了再去领取，但今年来后去领取居委会却说现在没钱，让我等，直到至今，也没有消息，他们就说上面没拔发下来，请问书记，这个款应早就到位了，为何我现在领不到呢，请帮关注具体是怎么回事，谢谢。,,,
维护工人权益，依法治国。,待回复,其他 求助,匿***,2016-03-0619:32,尊敬的赵书记您好：我是一名在双钱轮胎有限公司工作的工人，我们公司要关闭在闵行区的公司，这个属于公司正常业务。但是公司在对待工人特别是劳务派遣工的方式方法上，不尽人意。本人在公司一线岗位工作14年，公司解除劳动合同时不给我们交，正式工享受的有毒有害待遇。跟劳务派遣公司互相推诿，法律部门说公司没有在卫生部门报备，现在正式工，工作满8.5年多享受有毒有害工种。而劳务派遣工有的已经工作20年以上，也没有享受有毒有害待遇。有的工人劳务派遣工5-6年合同工5-6年加起来10多年，公司也不给这个待遇。请赵书记帮帮我们，督促公司依造法律法规办事。,,,
闵行区莘庄镇黎安一村107号202室违法搭建,待回复,城建 求助,匿***,2016-02-2416:39,该户将楼道左半部全部装上铁栅栏，并用纸板遮挡，公用照用灯也一并封入，只留下一人宽左右的走道，若对面201室大门打开时则楼上人员无法通过，并且造成楼道内光线非常昏暗，家中老人上下经过2楼时特别容易绊倒，望有关部门帮助，督促其拆除违法建筑，不胜感激。,,,
诚恳领导者的拯救,待回复,治安 投诉,匿***,2016-02-2310:57,闵行区华漕镇纪王村74路189路公交车站对面三楼上有一老虎机房，里面什么样的赌博机都有，已经很久了。严重危害社会，很多打工一族在里输掉几年的辛苦钱，有家不能归。更有甚者倾家当产妻离子散。受害者甚多。请求领导重视这一现象，铲除这一社会毒瘤，还社会一片安宁。很多人打过110地方派出所监管无力。真诚希望各界领导重视这一现象！,,,
闵行北桥新苗路新苗台球室开设游戏厅赌博多年无,待回复,治安 投诉,匿***,2016-02-2008:49,位于闵行区北桥新苗路，新苗台球室已经开设游戏厅多年，大门虽然常年关闭，只要有赌博人员就会有人开门。对家庭造成了很不好的影响，希望有关部门能净化社会环境。,,,
关于求职与介绍费的问题,待回复,就业 投诉,匿***,2016-02-1811:06,尊敬的领导您好:我是一名外来的务工人员，现在大多企业招工都是通过劳务派遣公司招，今年的工作不好找，哪些黑中介，劳务公司趁机收去高昂的介绍费，我问了好多劳务所最少的介绍费也要1000块，加上什么资料费体检费要一千多，在厂里做普工每月也就三四千块，这对于我们外来求职普工的人来说实在是太坑了，但我们也是没办法，为了能尽快找到工作所以就交了。希望领导能对此类事留意一下。,,,
关于闵行区拆违后租赁房租猛涨事宜,待回复,城建 投诉,匿***,2016-02-0417:04,尊敬的闵行区领导，我来自安徽，在闵行区华漕镇工作整整十多年了，这十多年见证了城市的发展，社会的变化，日新月异，目前闵行区正在实施拆违工作，拆掉小房子，政府拆违必然好，让城市更美好，我们非常赞同，可是政府在拆违的过程中有没有考虑到无数的农民工住哪里，政府有没有提前着手准备，让我们这些外来务工人员住哪？现在我住在华漕镇纪王这边，因为拆违，这里的租赁房价猛涨，没拆违之前十几平米才500左右一间，现在涨到八九百，听说3月份还的涨，要超过一千，这对我们打工族来说无疑是难以沉受的，一个月工资才三四千，房租要个千把块，尊重的区领导，政府是不是有责任对拆违后无数外来务工人员住处给予安置？谢谢。,,,
举报老虎机（赌博机）,待回复,其他 投诉,匿***,2016-01-2618:07,领导您好：        我举报上海闵行区虹梅南路澄江路路口小卖铺（及附加很多小卖铺店）内有老虎机，严重威胁附近上班族的钱包。,,,
纪王交通,待回复,交通 咨询,匿***,2016-01-2416:35,纪王现在无论去莘庄还是淞虹路还是虹桥火车站都非常堵，这个地方的已经连青浦的华新都要摔纪王几条街，闵行是否可以考虑一条南北方向的一条大动脉，还有就是是否可以争取一下13号线西延伸！,,,
地下赌场,待回复,文娱 投诉,匿***,2016-01-2416:12,闵行区梅陇镇向阳路尚优玛特超市对面蓝色铁皮房内，每天晚上凌晨以后开始赌博，不知道有多少倾家荡产的和自杀妻离子散的民工，不知道幕后老板什么背景，希望能查一查杜绝黄赌毒，来挽救很多百姓，,,,
七宝老街上五十几家商户的代表,待回复,旅游 求助,匿***,2016-01-2116:39,请问一下七宝古镇管委会是否有权干涉我们合法经营的业态（我们不按要求更改项目就不续签经营了十几年的店铺）是否可以打着拆违和取缔无证经营商的大旗对合法的商户野蛮并且违法的进行冲击，七宝老街每个合法商户的背后都是一个中产阶级，在毫无理由的前提下取消合同，是对一个家庭的打击,,,
上了3年中学学籍办不了,待回复,教育 求助,匿***,2016-01-1814:20,我们是云南普洱市人，小孩13年从宝山小学毕业有学籍号，进入闵行华漕学校上中学一直没有学籍。教导处让家长去原录取学校办，老师说没在她们那报过名，所以没有学籍号。就这样家长二头跑，也没有结果，学校一拖就三年了。马上要中考了，没学籍小孩是不是以后都不能上学了？耽误了小孩的一生，求求领导帮帮忙处理，感谢感谢。请急复。。,,,
农民工到闵行区打工遭欠薪水,待回复,就业 求助,匿***,2016-01-1209:23,尊敬的书记，您好！我是安徽农民工14年经朋友介绍到航新路一家新开的4S店修车厂里做室内涂料，9月底做结束了，当时拿点生活费，4个工友还欠3万多，约定年前结给我。经常去讨说公司没给，一直拖到现在又要过年了。请帮帮我们讨回工钱，谢谢您，祝您身体健康！,,,
工伤工司为什么不报销医药费,待回复,企业 投诉,匿***,2016-01-0816:43,书记你好，我是一名外来打工妹，在闵行区浦星公路英业达二厂上班，在公司上班中被箱子砸到头部，当时箱子里装满东西，到医院去检查，有医药费，到公司给领导报销，都半个多月了，但公司迟迟不给报销医药费，领导也不管了，，我们打工一点都不容易，上班一天十多个小时辛辛苦苦赚点钱多不容易，希望书记为我们这些打工妹做主，,,,
餐饮卫生许可证营业执照,待回复,其他 咨询,匿***,2015-12-3016:08,您好书记，我想问一下华漕镇潘更浪潘钱大道能办餐饮卫生许可证，和营业执照吗？,,,
闵行区鲁汇镇赌博机害人钱输了还被打,待回复,治安 投诉,匿***,2015-12-2409:22,上海市闵行区鲁汇镇三鲁公路199号二楼零度网吧打着游戏厅幌子开设聚众赌博，里面赌博机赌资很大，每天24小时营业，楼下有人放风，楼上多道暗门，是有组织的聚众赌博场所，很多人输的倾家荡产，害死很多家庭，他们有恃无恐扬言后台有保护伞，多次举报110没有任何处理结果，还会遭到报复，太猖狂了，请给予打击。,,,
浦江镇北江燕路92号车美乐占道经营,待回复,城建 投诉,匿***,2015-12-1115:52,现投诉浦江镇北江燕路92号车美乐洗车店 占道经营 已有老人在此店门口摔倒报警后处理未果 天天洗车污水横流 修车 美容车更是噪音频频 浦江镇是一个美好的环境 已被破坏 也向城市管理反应过 但是也没有任何措施 不知道这种现象何时才能停止 对于居民何时能还已一个美好的和谐的环境。,,,
咨询再婚夫妇生育政策及准生证办理,待回复,其他 咨询,S***,2015-12-0914:22,尊敬的书记：您好！    我想咨询一下再婚夫妇再生育相关政策及准生证办理流程，请相关部门帮忙解答一下，谢谢！    我（女方）是四川省户口，我配偶是上海市闵行区户口，双方均为独生子女，系再婚，婚前各有一个小孩（夫妇共计2个）。    我在网上查阅了2014年修订的《上海市人口与计划生育条例》，其中第二十五条规定：    婚前一方或者双方生育过子女的夫妻，符合下列条件之一的，可以要求安排再生育一个子女：   （一）一方婚前未生育过子女，另一方婚前生育过一个或者两个子女的；   （二）双方婚前各生育过一个子女，且一方为独生子女的；    这样的话，我们夫妇二人是否具有再生育资格呢？    如果有资格，准生证应该如何办理，需要哪些资料，流程是怎样的？    麻烦告知一下，非常感谢！    如果可以，请电话联系我本人，在此感谢！,,,
为什么刷居住证一定要房产证？,待回复,其他 投诉,匿***,2015-11-2012:36,尊敬的赵书记您好！我是一名来上海已有10多年的打工人员，我们夫妻在上海的企业上班，交税，交保险，我们遵守上海的法律法规，为什么刷个居住证还要房东的房产证？？？有些拆迁房之类的根本没有房产证，有房产证的房租又太高！我们租不起呀！现在小孩上学不刷居住证又不行！请您帮我们想想办法，哭求解决一下这个问题。,,,
上海莘庄地铁站南广场附近小偷猖獗,待回复,治安 建言,匿***,2015-10-2517:18,莘朱路与宝城路交叉口地方夜间建议有警察执勤，有一伙盗窃团伙经常在此区域作案,,,
上海居住证办理需要证明亲属关系,待回复,其他 咨询,匿***,2015-10-1615:59,我弟弟和弟媳妇在我购买的房子居住，他们现在想申请居住证，居委会要求有户口本或则公安机关盖章的亲属关系证明。但是我户口十多年前已经迁出原籍，并我原籍公安机关按照公安部规定不再提供此类证明。这个如何解决？难道非要按照租赁房租处理？,,,
小区物业管理,待回复,其他 求助,匿***,2015-10-1112:34,人民网网友 说： #小区绿地建设#上海闵行区碧江街道电四小区为创收将原有的仅有一是一个老小区，绿地面积少的可怜，不足5%而点点的绿地改建成汽车停放地，居委，物业为创收将仅有的绿地有砍去一半，搞汽车停放点扩建。是严重不符市政府小区绿地建设精神的。其次汽车停放点就建在居民居住不足2米处，严重影响了居民的正常生活，严重影响老人的正常睡眠。木已成舟后又搞什么名义测定，简直是强奸民意。小区建设是以创收是不是可可以影响干扰居民的正常休息睡眠。第三楼上有腿脚不便的老人却迟迟不建方便通道却热衷于车位停放创收。以上意见是否妥当，请书记核实明示。  上海市闵行区电四居委居民沈余标,,,
小区绿地建设,待回复,征集 群众路线,匿***,2015-10-0916:25,上海闵行区碧江街道电四小区为创收将原有的仅有一是一个老小区，绿地面积少的可怜，不足5%而点点的绿地改建成汽车停放地，居委，物业为创收将仅有的绿地有砍去一半，搞汽车停放点扩建。是严重不符市政府小区绿地建设精神的。其次汽车停放点就建在居民居住不足2米处，严重影响了居民的正常生活，严重影响老人的正常睡眠。木已成舟后又搞什么名义测定，简直是强奸民意。小区建设是以创收是不是可可以影响干扰居民的正常休息睡眠。为此本人对小区物业，居委做法表示强烈抗议。,,,
珠海购物被骗,待回复,旅游 投诉,匿***,2015-09-0717:13,你好:我们是港澳旅游回珠海，一行17人，导游将我们一行带到一个叫七彩云南的珠宝店，一名自称叫阿坤的男人给我们讲解，说他爷爷病重，为给老人祈福，今天只要购买玉镯等物品，全部折扣。我们一行人看那男人很有孝心，全买了他的东西，多的3万，少的3000。回家后发现被骗了，要求退款，我消费10000万.要求全额退款.请相关部门测查这些非法经营的店。,,,
请求相关部门领导重视下！,待回复,城建 投诉,匿***,2015-07-1513:52,领导您好：我是颛桥镇向阳村的村民，有事请求相关部门处理一下，我们向阳路与都会路路口有一个民生超市，原来只是一个超市也没什么，但是现在他们在违法改造房屋在沿街开造新商铺，门口的盲人道被直接弄掉了，这样以后造成之后会直接影响人行道的交通要道，我们也打过投诉电话，可是没一点效果，我们也向附近的人解过，他们说这老板有钱，有政府关系举报和投诉根本没用的，我不知道我们当地政府是不是这样子的，希望领导能重视一下！,,,
我关心的事,待回复,三农 咨询,渔***,2015-03-0416:02,1上海房价高的太吓人了，什么时候能让老百接受价住自己的房子。谢谢2慢性病给点政策。,,,
赌博机横行3年多,待回复,其他 求助,匿***,2015-01-1215:15,您好领导，位于闵行区梅陇镇龙联路116号楼上有所谓的动漫城。楼梯往上左边是柜台，旁边有个门是老板的办公室设有在监控机旁有台对讲机，大厅里是网吧。楼梯右边是一条走廊，由木板隔的房间右手边一推就是房门，房间门一般是看不出来，它和墙是一样样的。里面摆了好多机子，这里有扇门可以穿入另一间房子，里面还有摆了赌博机。在那间房子里还有一个出口。这个地方少说也有开了3年，让多少外地打工的人把时间，金钱都交进去了。看着真是想拉一把，希望有关部门能够打击这些违法乱纪的不法行为。,,,
上海赌博机害了多少人家破人亡，妻离子散。有没,待回复,治安 咨询,匿***,2015-01-0414:17, 我就是一个被赌博机残害的人，那些开赌博机的不紧打人，还找小混混，还放高利贷，有多少人因为赌博机输的倾家荡产，妻离子散，只看到输钱，从来没有赢过钱。还有那些赌博机的老板放言上面有人没人敢查，我想问问到底有没有人管，像上海这么发达的城市都会有这个残害社会的毒瘤，到底有没有没有人出来管一管。那些赌博没钱赌了就去偷，去抢，去犯罪。我希望有关部门能出来管一管。,,,
上海最壮观的赌场,待回复,治安 投诉,匿***,2014-10-2009:29,上海市，闵行区，七宝来天华后面三楼有大量赌博机有三四百人涉嫌赌博，规模相当庞大，组织相当严密，对社会危害相当严重，如果不及时查封后患无穷，希望上海闵行去的相关部门能够严查，还一方净土，造福百姓。,,,
物业对小区居民财产安全有没有保护的义务,待回复,治安 咨询,匿***,2014-09-2515:16,赵书记您好！在您帮忙当中打扰您了，我们是住在浦江镇江航路60弄40号的居民，我们小区连续被小偷入室盗窃6家，我们小区居民一致要求物业公司在小区主要部位安装摄像头，多次交谈无果，我们居住在里面整天人心惶惶，总怕被小偷光顾，想请求您能派人过问一下，跪谢！！！,,,
小孩需要学校上学,待回复,教育 求助,匿***,2014-09-0416:00,活泼可爱的7岁小女孩没有地方上学，着急求助！教育局去了好几回了，还是不行,,,
我们的居住环境太差了！,待回复,城建 求助,m***,2014-08-3113:55,我家在黄一村谢家，这里年年说要动迁年年不动迁，现在我们住的房子都是上世纪80年代的，很破旧了，下雨天很多人家都漏雨，而且因为外来人口多，水电都跟不上，卫生状况又很差，河道发臭，我不知道上海的新农村是这样的吗？,,,
华漕中华美路那块在盖房子，阻塞路不说臭死了,待回复,环保 投诉,匿***,2014-06-2513:12,华漕镇靠近派局所后面，那块在盖房子，阻塞路不说臭死了，没人管吗，破房子拆了做出租屋，有的别墅也拆了做出租屋，现在弄得环境差，到了晚上脏乱臭，正希望有关政府人员去免费住，,,,
故意加重企业负担，存在违规违法行为！,待回复,征集 群众路线,匿***,2014-05-3109:19,我是一家上海的小企业主，上海税务局不让我们自已开发票，要到指定地点集中开发票，这样我们不仅要给指定地点交服务费，我们每次开发票要跑很远的地方，不仅浪费时间，还要花许多费用在交通上和人力上，有时服务点的人员素质差，开发票还得跑几次！现在说要减负担，能不能先把这些基本功能还给我们，我们不希望被服务呀！上海税务局为了让特定单位或个人收很少一点服务费，可让小企业花在开票上的成本是服务费的几倍到几拾倍！这也是一种人为的对社会财富的极大的浪费！,,,
闵行区华江路,待回复,交通 咨询,匿***,2014-05-1215:36,区领导您好， 我是闵行区华漕新村的居民。小区门口的华江路每天都非常拥堵而且灰尘满天飞！这样的情况从世博会开始之前就已经非常严重了。面对日益增长的交通流量，华江路已经很明显达到了它的承受极限，灰尘每天都严重影响着小区居民的生活！自行车道早已被机动车占据。我们真诚希望华江路能早日得到拓宽，环境能得到改善。 我们之前也了解到华江路会得到拓宽，嘉定区段的华江路已经于去年就拓宽了，那请问闵行区的这段华江路到底何时能拓宽呢？能否给个具体时间的答复？小区居民都非常希望门口的这条路能早日得到改善。我们想知道还要继续等多长时间？ 非常期待您能给华漕新村小区居民一个满意的答复！我们的要求并不过分，只是希望周围的生活环境能好一些，因为华江路已经严重影响了居民的日常生活！,,,
要动真格,待回复,征集 群众路线,w***,2014-05-0809:06,上海市闵行区许多做法脱离群众，比如组织部每年组织处级干部体检，表面上是关心处级干部。事实上，各单位每年都应该组织体检，而组织部还要给处级干部体检。一些基层干部几年都轮不上体检尤其是一些老同志，而有些处级干部才30多岁，组织部还要安排每2年体检一次。比如闵行区的车改补贴正处级领导干部每月3000元，而科办员每月才600元，真正用车最多的往往是科办员。还有闵行区的改革性系数处级干部与科以下干部差距非常大，他们拿钱的时候总说责任大，但出了问题总是让下面担责任！还巧立名目设什么“创新创效奖“实际上是变相的给处级干部发钱，局级40000员，处级20000元至30000元。事实上处级干部年收入大多在250000元左右，最多在300000元以上。但他们统计口径与事实不符，统计口径是组织部自己定的。去年闵行区团委书记酒驾，只是辞职了事，摇身一变到其他单位任职去了。按法律规定，酒驾应该如何处理？难道闵行区不知到吗？,,,
要从既得利益群体开始,待回复,征集 群众路线,w***,2014-04-1709:42,上海市闵行区2013年度巧立名目设创新创效奖。局级干部4万，处级从2.1万到3万。这明显的是变相发钱，而且差距很大。还有车改以后领导干部与非领导干部交通补贴差距也很大。正处领导3000元，正处非领导2200元。而且处级与科级以下差别更大。建议取消创新创效奖，缩小交通补贴差距。,,,
工厂噪音,待回复,治安 投诉,匿***,2014-03-2615:50,尊敬的领导你好： 我是个普通市民我有个问题请你们解决  在我住的地方有家工厂天天晚上加班到11点-12点非常影响居们的休息    上夜班的白天就不用休息了！希望区领导给予解决！！！谢谢！！  ,,,
求学,待回复,教育 求助,匿***,2014-03-0213:43,我是江苏来上海打工的。我老婆孩子都在这大上海拼搏十几年了，我女儿在上海出生，户口已经报了，今年大班了，老师说要让我们办社保，我们没工作单位没法办？孩子和我们的暂住证有，户口簿有，又没有房产证。我们的孩子有办法上学吗？民办或公办都可以。,,,
反映,待回复,其他 投诉,匿***,2014-01-1516:09,"闵行区楼顶搭建非常普遍，还有楼道乱堆物品，美丽小区到处是狗屎，99%出租司机在马路边,小区小便......",,,
浦江镇芦恒路道路严重破坏己经四年了，每天堵车严重，扬尘严重至今没人过问,待回复,治安 咨询,匿***,2013-12-0714:52,浦江镇芦恒路道路严重破坏己经四年了，每天堵车严重，扬尘严重至今没人过问。,,,
开在政府大门正对面的赌场太牛了请查处打倒后台,待回复,治安 建言,匿***,2013-12-0117:08,在闵行区吴中路的1169号 有个叫万源宫的赌场 开在我们虹桥镇镇政府的对面 这个赌场的招牌比我们政府的招牌都要大好多 开了好多年了 里面有100多台位的赌机 每次都有人在这路上打架等 多次有人打了110 结果人来了 不管事 直接到哪里面看一看 坐一坐 便走了 如果多次打电话 警察都不会来的 派出所绝对不会管这事的 分局的治安大队也来过多次 都不敢查处 没收 赌机  请问我们的书记这里面的后台到底有多大呀 如果有人打了报警电话的话 里面的人不过20秒中之后便会接到通知 公安内部人员报信的速度也太快了吧 开在我们政府大门的正对面 太影响政府形象了吧 难道有哪么硬的后台吗 真的是没有部门能管理吗 吴中路1169号全个地下室  大家记好了 如果不相信的管理领导可以到这来考察考察 政府大门面对面 好找的 一下车便能看到的 吴中路上的赌场有好多好多家了 希望公安部门查处一下了 还我们一个好的工作 生活环境吧 ,,,
上海办理居住证梅陇莘朱路办理点什么更新好,待回复,治安 咨询,匿***,2013-09-2614:07,我小女在闵行梅陇莘朱路办理点办理了居住证一个多月至今没办理好，说是电脑没更新，无法办理要我们再等到10月中旬来看看。在信息发达的上海，电脑更新要这么久吗？我们急要这张居住证办事。请早日更新好。急,,,
