万高汽车质保险不退,待回复,金融 投诉,华***,2019-11-2209:05,领导你好，我之前在万高买了一份平行进口车保险，汽车三大件的保险。现在我车卖了，不需要这份保险了，我给他们客服打了电话，他们客服反馈不退，烦请领导处理一些退险的事情，谢谢。陈诉如下：1. 当初买的保险是3年的，现在只用了1年多点，车子不到2万公里。2. 买保险按照3年买的，,,,
虹口区居民楼开设赌博房扰民,待回复,治安 投诉,j***,2019-11-1217:06,尊敬的领导您好：我举报的赌博场所位于上海市虹口区海伦路88弄2号**室，该房屋属于居民住宅，但户主非法开设赌博房/麻将室并以此为盈利手段。此赌博房导致2号楼深夜出入人员繁杂，为居民小区住户安全增加风险。另外，每天晚上麻将吵闹声音严重打扰居民晚上睡眠和休息，居民多次报警，民警劝说后继续扰民，我请求可以予以彻底的取缔。恳请相关领导关注并解决。,,,
高顿不要变相延长员工工作时间,待回复,其他 建言,匿***,2019-11-1210:49,上海高顿教育企业管理咨询有限公司，员工天天超长工作时间，让员工变相加班。早八点半晚八点半。请领导从根本上治理。不要搞形式主义，说早走的员工都是玩手机不好好工作的。#基层减负年#,,,
公司不给我办理离职手续,已办理,就业 求助,I***,2019-10-1610:13,我从2015年12月份开始在虎扑(上海)文化传播股份有限公司工作，于2019年8月底提出离职，已经超过一个月，公司始终以各种理由推脱不给我办理离职手续，我希望可以尽快办理离职手续，重新有个新工作，因为家里父母基本已经没有劳动能力，拖下去一天我的家庭就多承受一天压力。我的精神在一天天耗下去的过程中也几度濒临崩溃。,上海市虹口区人力资源和社会保障局,亲爱的网友，您好！    您的来信收悉，经区劳动保障监察大队与虎扑（上海）文化传播股份有限公司沟通协调，公司已于2019年10月29日向您寄出离职证明。区监察大队与您电话确认，您已收到离职证明，对相关协调处理结果无异议。    感谢您的留言，祝您生活愉快！,回复时间：2019-11-15 09:01
以罚代管,待回复,治安 投诉,r***,2019-10-1218:57,虹口嘉兴街道派出所2019年9月3日下午对我公司进行了消防检查，在前期未对公司进行培训、指导，明确消防标准和要求的情况下，就对我公司作出罚款1万元的处理，1、我们在此大楼办公4年多，前期从未接到任何消防指导、培训。2、没有任何整改机会及验收，直接进行处罚，目的就是为了罚款。3、罚款动辄1万，企业负担不起。4、我们要申相行政复议但还是要先把罚款交了，不交还有滞纳金。,,,
尊敬的区委书记，投诉棋牌室扰民！求助解决！,已办理,治安 求助,魏***,2019-08-1308:48,尊敬的区位书记，您好！我想投诉我所居住的小区赤一小区（密云路471弄）11号101室开设棋牌室，相当扰民。每天麻将要开到凌晨2点多，抽烟的人也很多，二手烟的烟雾相当浓，来棋牌室的人员也很杂，我们觉得很不安全，另外，我们因为是老公房，隔音相当差，第二天还要上班、上学，他们每天都经营到凌晨，对楼上和左右的居民造成了相当大的影响。请您帮帮我们！谢谢您了！,上海市公安分局虹口分局,网友，您好！    您反映的问题我局收悉。我局曲阳路派出所已对该址进行了治安检查，未发现涉赌违法行为，民警已会同居委会干部对该户住户进行教育，告知其注意噪音、二手烟扰民问题，一旦发现涉赌违法行为将予以取缔。上述情况我局曲阳路派出所已通过电话向您进行了反馈。    感谢您对公安工作的支持与信任！,回复时间：2019-09-03 10:28
东宝兴路地铁办公楼24小时空调噪音扰民,已办理,环保 投诉,白***,2019-07-1219:25,多次投诉治理没有效果，尤其是晚上噪音巨大。我们这里是居民住宅区，强烈要求该物业晚上把空调关闭或者调低频率。,上海市虹口区生态环境局,网民：    您好！收到您的留言后区委书记吴信保针对此事做出批示：要求妥善处理好噪音扰民问题。    我局曾在今年1月收到过相关投诉，执法人员赴现场踏看，确认噪声派为地铁站五楼楼顶平台24小时运行的中央空调机组，用来保障地铁三、四号线控制中心机房环境的恒温恒湿。我局多次与上海地铁维护保障有限公司相关部门沟通，希望落实降噪整改工作。7月初地铁维保公司完成了中央空调机组周边隔声屏安装工作。14日，我局对整改后的空调机组噪声进行监测，结果显示该设备昼间（6:00-22:00）噪音排放达标。居民反映噪声已有明显改善，但夜间噪声仍有一定影响。经我局再次与地铁维保公司沟通后，地铁维保公司夜间21:00至次日7:00关停楼顶空调机组，同时增建一组分组式空调机以满足控制中心设备在夜间对恒温的要求。    为确保该单位整改措施落实到位，我局自7月14日起每周两次对空调机组夜间停用情况进行跟踪抽查。因未能联系到您，7月26日，我局工作人员对前期投诉该处噪声的部分居民进行了回访，对方表示楼顶空调机组夜间确已停止运行，对处理结果表示满意。    感谢您的留言，祝您生活愉快！,回复时间：2019-08-08 09:56
上海维信荟智金融科技公司强制发放贷款无法结清,已办理,金融 投诉,遗***,2019-06-2919:51,我6月26号从上海维信金科公司旗下的卡卡贷平台申请一笔2万元代还信用卡，签约协议时被告知是一个月要还2000多一点，共计12期，我也认可该费用就签了字，申请完后他们很快就放款了，然后发过来帐单是一个月要2200多，还要强制买一份1500元的人身意外保险，我马上联系客服要取消该笔贷款，被告知已放款无法取消，除非一次结清，我马上操作该办法，页面却提示不支持提前结清该笔贷款，我又打客服电话申请查询我签约的合同，然后发过来三份合同，但发过来的合同我全部没有签过，我说没见过此合同，被告知是申请款项时签的套件合同，一份合同是担保合同，一个月218元，另外一份是咨询合同，一个月250元，还有一份是贷款合同，还要额外买一份永安保险公司1499元的保险，签字时发的全是套件，现在想结清也不行，我算了一下，贷2万元把各种手续费加起来一年要多还9000多，费用高的离谱，请各相关部门解决为盼。,虹口公安分局、虹口区金融工作局,网友：    您好！    经了解您反映的情况为因您误勾操作项目导致，经积极协调，该公司已与您达成一致，以贷款本金清贷并协助您向保险公司退保。感谢您的留言，祝您生活愉快！,回复时间：2019-07-23 09:14
小区棋牌室扰民,已办理,治安 投诉,M***,2019-06-0216:05,区委书记您好，我是虹口区水电路191弄，小区楼下28号楼有大量闲杂人员长期设立棋牌室，几乎每天从中午到凌晨1点一群人大声喧哗。之前也有很多居民反馈给居委会，居委会表示这个问题长期存在，他们只能尽力但是没法完全解决，现在实在是不胜其扰，每天窗户也不敢开，因为音量实在太大，晚上11点到1点尤其明显，让人没法正常睡眠休息，影响第二天上班。希望能派管理人员解决根除此问题，还给小区居民一个正常的休息环境，不胜感激。谢谢！,虹口公安分局,网民，您好！    收到您反映的问题我局广中路派出所即对该址进行了治安检查，当日发现该址内有六名男子正准备打扑克牌，民警即将该六人及房主口头传唤到所接受调查。因该六人系准备打扑克而尚未开始实施赌博行为，且事后悔过态度较好，房主也表示不再组织人员到该址进行赌博，民警在对该七人进行批评教育后放行。上述情况我局广中路派出所已通过电话向您进行了反馈。    感谢您对公安工作的支持与信任！祝您生活愉快！,回复时间：2019-06-21 11:08
有关虹口区非机动车交通执法的问题,已办理,交通 建言,对***,2019-05-1613:28,作为一个国际大都市，我觉得上海应该是一个多元，包容的代名词。而虹口区的普法工作明显存在纰漏，本人今天在人行道上骑行，被交警拦下。经过教育后，认识到了自己的违章行为，并缴纳了罚款。但罚款是走交警个人支付宝账户，执法记录仪似乎已成了交警的万能法宝。交警：不支持网络支付，没带现金你转我个人账户，由我代缴。我：可以。交警：记录仪都是有记录的。这件小事是否引人深思？,上海市公安局虹口分局,网友，您好！    因您提供的信息有限，缺少具体时间、地点及民警姓名/警号等内容，希望您及时与虹口公安分局警务督察支队联系（联系方式：23032068），便于我们进一步核实情况。感谢您对虹口公安工作的关心与支持。祝您生活愉快！,回复时间：2019-05-22 15:11
感谢虹口工商所,已办理,旅游 感谢,W***,2019-05-1016:19,        尊敬的虹口区领导，我是4月27日在此留言板反映与途牛网消费纠纷的赵xx。        我在此平台反映后又在12315平台上反映上述事情。这起投诉由上海市虹口区市场监管局四川北所的黄老师处理，通过黄老师的调解，途牛补偿给我人民币500元。黄老师态度和气非常热心，并及时跟进退款进度。        我在5月9日收到了补偿款，事情得到了较好的解决，我在此对虹口区市场局表示感谢！,上海市虹口区市场监督管理局,网友，您好！    感谢您对我们工作的肯定，祝您生活愉快！,回复时间：2019-05-15 14:46
新华医院看病问题,已办理,医疗 投诉,c***,2019-04-3010:05,网上预约挂号儿童神经科，到这边来医生相互之间推脱，儿童神经科医生给推到儿童心内科医生，结果莫名其妙挂了两个专家号，问题还没给解决，服务态度很不好，应该是医生亲切询问病人，家长还没说病人情况，医生都显得不耐烦，开检查单子重复病人向医生反应，结果却说谁说的开重复找谁勾出来，我们想问一句，多开检查单子是我们患者的问题吗？患者诉说病情多次打断，很不耐烦，说好的解决看病难就是这样解决的吗？,虹口区卫生健康委员会,网友，您好！    您的留言收悉，相关工作人员已与您取得联系，并告知您新华医院位于杨浦区非我区管辖，请您向有权处理的机关反映，您表示知晓。感谢您的留言，祝您身体健康、生活愉快！,回复时间：2019-05-05 10:09
投诉途牛网,已办理,旅游 投诉,W***,2019-04-2710:12,我在途牛网上预订了一个编号1191520453太原7天4晚的旅游行程，4月26号是行程第一天也是坐火车，我如约去了上海市上海站，我到达上海站进站口是14点30分，我给途牛送票的工作人员打电话，工作人员确说他在售票站，我去了，没看见他，再次致电，他说他在人工售票口，上海站，人工售票口离进站检票口步行距离来回15分钟，我给他说我来不及上车了能不能不拿票直接进站，他说不行，完全不顾我赶不上火车坚持让我去找他，我第一次去上海站由于也不熟悉他具体在哪里，好不容易找到了人工售票厅我在电话里语气已经很焦虑了，他还让我进去11号口找他，我已经强调3-4遍我快来不及麻烦他往我这边走点，最后在电话里也浪费了几分钟，我怀里抱着个孩子，手上拎个箱子，好不容易见到他，我飞奔往进站口，没想到最后还是差2分钟，我赶不上这班火车，我致电途牛旅行社他们给我的解决方案，是让我改签下一班，我经过几次协商，我也请了年假很想去太原于是我就同意改签，没想到他们让我改签的那班Z196火车是无座，晚上6点26开到第二天1点36左右到达，中间有20个小时站着，如果我一个人我愿意站，我还怀抱一个2岁的婴儿，我实在没办法站20个小时，途牛确说，让我退团，让我承担60%损失，在这件事上面，我也是受害者，希望相关领导关注此事！,上海市虹口区市场监督管理局,网友，您好！    经调解，您与途牛公司已达成调解协议，该公司已于5月9日退款，您表示满意。感谢您对我们工作的支持与理解，祝您生活愉快！,回复时间：2019-05-15 14:43
虹口区政府网站从昨天开始一直无法登录，请指导,已办理,政务 求助,l***,2019-02-1710:54,虹口区政府网站从昨天开始一直无法登录，今天也多次登录，都无法正常登录，页面显示叫我隔8分钟再试，试过好多次都不成功，请求指点,上海市虹口区人民政府信访办公室,网民，您好！      您反映的问题已解决，感谢您对我们工作的支持与理解。,回复时间：2019-03-28 11:16
虹口区公证处工作不作为公证办理四年无结果,已办理,政务 投诉,W***,2019-01-1810:11,本人因丈夫2005年急症病故。由于事发突然。由于家庭财务都由丈夫管理，在2015年我办理丈夫股票帐户变更手续时被要求办公证。当年四月份起共三次公证处要求带着家族相关亲属，包括行动不便高龄婆婆。三进三出虹口公证处，并且拍照留影。在15年4月18日受理付费，公证员张持真说等电话通知再来。办理后一直无音讯，一年后我打电话问张手续办理如何？(我有二个婆婆)说需要我另一个婆婆的死亡证明，婆婆去世9年，很不容易才拜托亲戚从南京寄来了证明立即给了张后又是漫长的等待，又一年后我电话联系张持真，她说因上次缺死亡证明再等通知。再过约一年我去电话张说有一次讨论机会后再说。我说这么长时间了如果还需要什么我可以提供，对方挂电话了。今年元月再打电话张说我在病假，你的事就这样了，可以找办公室，可以去法院，没有多余解释很冷漠又挂电话。我感觉云里雾里。次日去公证处询问，就说了一句话不能公证，无任何解释或说明。苦等四年，由于虹口公证处的工作不作为白等了四年。我的知情权就这样被无情的剥夺了。虹口区公证处这种严重缺乏职业道德，没有人性的工作态度及行为我决不接受。向吴书记讨个说法。,虹口区司法局,网民同志：您好！您办理的公证书已于2019年1月31日由您本人签收，对后续办理情况您表示满意。感谢您的支持与理解，祝您生活愉快！,回复时间：2019-03-12 10:53
上海博丹环境工程技术有限公司失信,待回复,环保 求助,W***,2019-01-1715:20,尊敬的吴书记您好，打扰您了。2017年12月20日我带了16个老乡给上海博丹环境工程有限公司做（江苏溧阳市乔森塑料有限公司）的水处理施工。一开始公司说材料已经到位让我带16个人一个半月就能干完活，共26.4万含税费3%共计1.2万合同也是这样签的，等我人都到了工地因材料不到位，干干停停足足干了半年总算是干完了，本来做三个月的时候已经是亏损工友们都不愿意干了，我觉得既然是答应做完就不能失信于人，我又劝住工友干了两月，到2018年5月底终于是干完了，找公司结帐，公司说又要扣6%的税，本来我们就辛苦了半年没挣到钱，还多扣我们5000块血汗钱钱，这公司也太不讲信用了，跟公司多次沟通也没有结果，现在又快过年了，我实在是没办法等了，您是当地父母官我希望您能帮忙沟通一下，我们按原劳动合同付款，我也能给工友们有个交待。我先谢谢您了吴书记！！！感谢,,,
小区里有人在住房内私设棋牌室，违法行为要捣毁,待回复,治安 投诉,周***,2018-12-0117:25,尊敬的领导您好，我反映虹口区天宝西路祥东小区242弄31号103室住户在家中设棋牌室，严重影响其周边邻居，天天从早上9点左右到晚上12点有时到凌晨，噪声烟味给我们的生活带来影响，影响生活休息，此住户以前有过前科，后经反映被有关部门取缔，现在又死灰复燃，给小区周围带来恶劣环境，目前小区没有人像他这样，望领导能尽快解决问题，还我们安静和谐的生活环境谢谢,,,
关于虹口区企业员工个税起征点上调情况，反馈！,待回复,企业 咨询,枞***,2018-10-1107:41,你好    吴书记，关于个税起征点从3500上调到5000，不管工资是发的9月份还是10月份，都是从10月份开始都是按照新的进行计算，为什么虹口区的企业还是按照原来9月份的计算，我们这边财务说保税软件无法调整，咨询了12366，说虹口区都是这样的，能否告诉一下为什么上海不按照最新的规定走,,,
投诉虹口区工商局办事效率及其低，不为民办事,待回复,政务 投诉,w***,2018-09-1316:25,尊敬的吴书记您好，本人在虹口区西江湾路自己创业 在7.25号左右提交了营业执照办证的相关资料，并询问需要多少时间的办证时间，说是一个多月 ，在8.22号虹口区相关的人来店巡视说是通过了，营业执照会很快下来，结果等到9.13号了依然没有下来。给我们造成了太大的困扰，两个月的房租白白没了。询问他们他们只会说快了快了。现在的公务员单位就这样办事的么，公务员顾名思义就是为人民服务，可是这点我们群众并没有感受到，写这封信给您希望您可以像相关的地方反应 是否应该好好整治一下这所谓的公务员。,,,
上海多融财富骗走血汗钱,待回复,金融 投诉,对***,2018-07-3111:30,上海多融财富号称国资委下属银行存管平台，说跑就跑啦？上海的经济金融中心这是要怎么混下去？这个社会存点血汗钱容易吗？望领导能出来帮忙解决一下。,,,
多融财富跑路,待回复,金融 求助,W***,2018-07-1308:43,投资多融这是我们的血汗钱，老百姓不容易，这么大的公司不是一天两天成长的，怎么说走就没人了，不是有控股集团和公司吗？希望政府帮帮我们,,,
市政好事儿，变了味,待回复,城建 投诉,普***,2018-05-3108:52,我是同心城的居民。由于小区开发商卷款潜逃，物业经费常年为负数。所以国家政策的平改坡计划始终搁浅。好不容易今年这个工程动工了，可是从头至尾没有和业主进行沟通。外墙主体颜色被定做大便色，遭到大量业主抗议，但施工方始终坚持施工。并且在今天5月30日又开会确认，仍然使用该颜色。所有工程安排，全都被私下操作决定，业主没有任何权益可言。但是，我小区是有产权的商品房！！！不是使用权房。我们需要找回我们应有的权益。忘书记为老百姓找回公道。,,,
五角场沃尔玛门口共享单车乱停现象,待回复,交通 求助,匿***,2017-10-1511:57,五角场沃尔玛店门前停放大量共享单车，而且基本无人使用，占用大量空间，妨碍来往行人，极为不便,,,
请领导重视这个事情。一定要重视啊！,待回复,教育 求助,谢***,2017-05-2618:57,大学生翡翠培训机构 高利贷款与就业问题尊敬的市委书记您好：感谢你在百忙之中看我的留言，我是一位去年刚毕业的大学生，去年8月底，上海卓饶科技有限公司以面试名义让我们上门，并提出岗前培训，承诺培训三个月转正，并且开出高额薪资，不提贷款，而是说怕我们培训完走人，要从工资里扣款，前九个月每个月扣款159.6元，后十五个月每个月扣款1679.6元。让我们合作的APP上申请高利贷，APP上整个操作过程我们并不知情，并称这些钱是放在银行里的，实际上面试者钱也没过户，就莫名背上了高利贷，事后才发现签的的是他们合作的培训机构（上海翡翠职业技能培训学校）的合同，上面是霸王条款。事后并没有转正，而是随意在一些招聘网投一些我们的简历，薪资低于之前承诺的，就是想把我们弄出去，像我们这些大学生没挣到钱反而背负了高利贷，心里承受不了很容易走上歧途，做出一些危害社会的事情。期望政府可以整改一番，我们这些受害者相信党，相信中央政府的领导。希望因为“培训贷”的高额利息曾经想要轻生的人一个安慰和交代。,,,
小谈上海一些地区偷自行车的现象,待回复,治安 建言,匿***,2017-04-1414:28,吴书记您好：       不知道您能否看到这个留言，我想说一说上海一些地区偷自行车的现象。       我是复旦大学的大一学生，来自重庆。2017年三月份时我买的第一辆自行车由于上课时没有锁不见了，为了上课方便，我又买了一辆自行车。这次我买了一辆比较好的自行车，花了两千元，当然，我也做好了防盗准备，每次都会锁两把锁，而且会停在寝室门口，因为我想骑得更久一些。       可是，新车骑了不到一个月，就又被偷了。我照常锁了两把锁，也停在了寝室门口，可就是不见了，车和锁都不见了。我通过在保卫处看监控，确定是日落以后光线很暗的晚上，但由于离这个寝室门口的监控器只有一个，而且距离很远，属于监控盲区，光线一暗就看不见了。所以，我也无法看出是什么人偷走了我的车。       保卫处给我的回复就是自己看监控，看到了是谁就帮我找，或者引导我报案 。我看了整整一个下午，真的看不出来。难道这个车说丢就丢了吗？毕竟对于学生来说，这是一个很大的损失啊。       保卫处能让我看监控我很感激，至少他们尊重了我一定的权利，我理解保卫们也想不出什么办法，最终这个让我很伤心、很失望的结果，也让我很质疑上海的治安，质疑上海相关部门、学校保卫处保护居民、学生财产的能力，或者说，存在着不作为，导致偷车贼如此蛮横。至少，会让人对这个地方多多少少有些失望。       这是我出来上海遇到的一件最不开心的事，里面或许有诸多抱怨之词，请您谅解。我知道找回车已经是不可能了，但我希望政府和学校能够采取一些积极的措施，毕竟每年学生丢车造成的经济损失想当巨大。谢谢！       ,,,
强生出租车司机开车走高速一边开车一边发微信,待回复,交通 投诉,匿***,2017-04-0416:26,我是大连的游客2017年4月30号早晨四点钟由上海宏泉丽升笙酒店(西站附近)服务人员通过服务台给我订了一辆强生出租车公司的出租车车号为9363。出发时间为凌晨4:11分走高速公路到达时间为凌晨4:55，共收取我们费用338元费用相当的高！在这44分钟车程当中司机不停的边开车边发微信还打电话。我的朋友因为害怕多次提醒司机，但未改善。一次华东五市旅游本来是很开心的事情。那最后在上海旅游却让我们担惊受怕，对上海强生出租车司机非常失望，以后决不乘坐强生出租车了。而且一定要记住，打车系要发票。,,,
关于大连西路二二一弄居民区内开商铺投诉,待回复,城建 投诉,匿***,2017-02-1817:16,吴书记您好！       我是大连西路二二一弄居民，想向您反映我们小区内靠近大连西路马路这一排一楼住宅有多家住宅在经营商铺，有理发店，保姆中介和包子铺！我们这个小区又不是商住两用的小区，这些店铺严重影响到居民们的日常生活，居民区用来经营，人流增多，噪音大经常会“骚扰”到小区住户，商铺的卫生环境、安全隐患都让居民担忧，因此也有居民向居委会及物业投诉，但似乎没有任何效果，他们说他们也没有办法，所以只能试试看给您留言，希望您在百忙之中能看到这份留言并让相关进行执法，还回居民一个安静整洁的小区环境，谢谢！,,,
广中三村小区路灯,待回复,治安 投诉,匿***,2017-01-1408:52,广中三村小区路灯凌晨关太早，有关部门可能忘了现在是什么季节了！这也给不法分子提供了方便，望尽快解决！,,,
上海市虹镇老街有严重的卖淫现象,待回复,治安 投诉,匿***,2016-12-3114:52,书记您好：   我要举报虹口区虹镇老街拆迁区有严重的卖淫现象。晚上有大量的人员出没在拆迁区进行卖淫等行为，同时，还经常观察到有站街女出没，这影响到虹口区的形象，请严肃处理！,,,
工资,待回复,就业 求助,匿***,2016-12-1614:12,领导您好，我是来自四川大山深处的外来务工人员，就职于虹口区逸仙路428号汉通海鲜酒店做面点师工资4400+400奖金。8月份入职以来酒店不但没有给我买社保，而且高温费也克扣，4个月才给100元。更可恶的是恶意拖欠工资。我己辞职到现在工资还没有发。请领导帮我讨回血汗钱,,,
解决后顾之忧,待回复,其他 求助,匿***,2016-11-2318:21,尊敬的吴书记：我是回沪知青和失独家庭，现已人老夫妻俩多病在身，无住房，申请廉租房至今未解决，望吴书记在百忙中关心我们一下解决后顾之忧。,,,
拯救四川北路,待回复,城建 建言,匿***,2016-10-3115:36,"尊敬的吴书记:您好!现在四川北路彻底衰落，想要复兴很难，必须拿出壮士断腕的精神来改造才可以复兴。现在就是建设多少商城也不会带来多大改观，我建议四川北路加快旧城改造，规划成四川北路CBD，仿照深圳福田CBD，大手笔，大规模规划，建设摩天大楼(建观景台，吸引外地游客),才能留住人，吸引更多人来四川北路上班，从而提高人气，自然而然四川北路就复兴了，好好研究研究深圳CBD吧。四川北路CBD最好楼于楼直接都是步行，不走汽车，规划一定要超越陆家嘴，和福田CBD同步。",,,
北外滩规划,待回复,城建 建言,匿***,2016-10-1709:11,尊敬的吴书记:您好!关于北外滩规划建设，我有一些建议希望您能参考，北外滩以后方向是国际航运服务业，但是为了聚集人气，尤其是外地人来北外滩参观旅游，可以规划一幢超高层摩天大楼，最好超过500米以上。为什么陆家嘴人气足，外地人来参观多，就是由于陆家嘴有四栋摩天大楼，要不然谁去那里参观。北外滩现在还没有彻底建设，希望书记能高标准，高起点规划建设，要有超前意识，彻底扭转虹口区北外滩的形象。,,,
四川北路复兴问题,待回复,城建 建言,匿***,2016-10-1309:30,尊敬的吴书记。虹口区这些年发展缓慢了，尤其是四川北路彻底衰落了，希望书记力挽狂澜，拯救虹口，拯救四川北路。我希望四川北路要彻底大改造，把附近棚户区改造完。把四川北路规划成CBD，相当于静安寺CBD，现在浦西没有超高层，希望四川北路规划一座500米以上摩天大楼，和多座200米以上摩天大楼，彻底扭转人们对虹口区偏见的看法。,,,
治理噪声是堵还是疏,待回复,文娱 建言,匿***,2016-09-1809:21,近曰鲁迅公园在进行噪声治理，通知中一律不许用扩音或音响设备。本人认为减少噪声对大众是有利的，但要知道鲁迅公园作为市里的一面旗帜大都是冲着星期曰娱乐来的，周末活动对上海人民和老年朋友都是有意义的，反之失之民心！管理者应有理有利有节！,,,
光明牌冷饮高分贝喇叭叫卖,待回复,环保 投诉,匿***,2016-09-0914:07,光明牌冷饮隔三差五车子开到上海市虹口区广中路广中三村小区里面 开启喇叭高分贝模式叫卖产品 着实影响居民正常休息 望政府严加打击力度 还居民一个良好的居住环境,,,
请吴书记发函给房管局，同意安置彩虹湾房给我家,待回复,城建 求助,l***,2016-09-0500:12,我昨天到区政府信访办，接待员龚宇对我说，他已经跟下面沟通过了，下面回复他，我们地块没有就近安置房源，如果要安置我家外环线彩虹湾的房子，不是他们的权力范围，必须要区政府领导的书面批准，他们不能随便作决定。所以，我恳请你老百姓的父母官发函给房管局，同意给我一家三口安置一套彩虹湾房子，我癌症患者，4级残疾人为了看病方便，只能磕头求你了，给我女儿安置一套外环线外的浦东曹路中虹家苑的房子。让你的部下执行你的指示，尽快解决我癌症患者无家可归的艰难困境。尽早结束我家悲惨落魄的流浪在外26个半月的艰辛生活。,,,
运光路98号，路边洗车问题。,待回复,城建 投诉,匿***,2016-08-2322:19,尊敬的吴书记，您好。我是住在运光新村附近的居民。我向您反映一个城市建设管理的问题。运光路98号，店铺名叫 汽车与轮胎 。每天都在路边进行洗车营业。水枪喷射出来的水，严重影响到过路的行人。而且，马路也是公共基础设施，怎么能够据为己有呢。虹口区作为上海的主城区，这种行为也有损市容。,,,
办理居住证难题,待回复,就业 建言,匿***,2016-08-0416:17,吴书记您好！作为一名毕业三年来沪就业的外地大学毕业生，我现在租住在虹口区所属欧阳路街道。考虑到日后就业问题，近日去所属街道办理长期上海居住证。我在网上查询到，办理居住证要先去虹口区房地产交易中心办理房屋租赁登记备案登记证明，结果到达后被告知要去街道社区服务中心办理，街道服务中心的工作人员告知办理房屋登记备案证明要先去街道核实是否真实居住和缴税。其中还需要社区民警盖章，好不容易拿到房屋登记备案证明后，又三次被街道办事处阿姨以材料不齐全所拒绝。前前后后跑了五六趟才把材料交齐全。真是劳心又劳力。我想请吴书记是否可以将办理居住证涉及的街道办事阿姨还有社区服务中心集中在一起办公，并将办理居住证的流程和注意点一并公示，方便我们办理。国家机构要求一步步简政放权，但是落实到办理居住证这一件小事上，我觉得流程非常繁琐，非常无奈。,,,
我恳请执法部门尽快处理此事，不要拖,待回复,城建 投诉,匿***,2016-05-1617:19,吴书记好，我家一楼违章搭建阳台院子，搭的是水泥平顶，在天井厨房间外扩，将厨房间擅自扩大，严重影响到我二楼的居住安全，给我的生活带来极大的安全隐患，我找过相关的部门，物业不管，居委不管，城管不管，12319投诉至今也未见回音。难道老百姓办事就这么难吗？这还是大上海吗？,,,
外地小孩上公办幼儿园怎么这么难?,待回复,教育 求助,匿***,2016-05-1514:46,书记您好!本人一家外安微户口‘在上海七浦路个体经营了服装店10岁了，2016年5月14.5日报名日，太难了，所有证件齐全大人居住证未满积分标准，就不让小孩报名了，上海的这政策太不人性化了.您知道吗有关系的全都走后门进去了:中国人为何为难中国人。,,,
公司拖欠工资一年至今不给,待回复,其他 求助,匿***,2016-02-0613:49,我是上海市虹口区逸仙路158号宝隆一方大厦上海嘉垣眼镜有限公司前员工，公司拖欠我和其他同事工资一万多元，说好尽快发放结果都快半年了，至今没给，多次到公司讨薪，公司老板凌灰，却一直推脱，我们都是外地人，连回家过年的钱都是找朋友借的，希望相关部门帮我解决，都过年了！,,,
还我房子,待回复,城建 投诉,匿***,2016-02-0610:50,已经要过年了，我癌症患者唯一的房子被强拆了，所有生活必需品被一扫而光的抢去了，我什么也没有，怎么过年，申请补助至今，街道不理不睬，还好居委会过年一次性大病补助了我三百元救急，我们老百姓的生存困境，街道不闻不问，望关注！,,,
北外滩舟山路390号危房,待回复,城建 咨询,匿***,2016-01-2615:29,吴区长 你好！我想问一下虹口区北外滩舟山路390号2016年是否在旧改范围内！2016年还拎着马桶生活  小康生活水平都没有。在一个上海市不是一个大笑话吗？希望2016年不想在拎着马桶生活啦。谢谢,,,
北外滩舟山路390号危房,待回复,城建 咨询,匿***,2015-12-2709:57,区长你好！我是住在北外滩舟山路390号  113街坊的居民  2016年了还拎马桶生活了36年。我们113街坊居民非常希望虹口区人民政府可以动迁我们113街坊的快百年的危房吧！2016年真的不想在拎着马桶生活,,,
多年来，楼上房客每天砸地板，怎么办。,待回复,其他 求助,匿***,2015-09-2316:36,我已步入老年，独居，多年来楼上房客砸地板，很瞎人，有时候象丢炸弹 一样，把我的人都震动，根本无法正常生活，活受罪，怎么办，谁来帮帮我。,,,
上海市虹口区网店老板拖欠工资,待回复,其他 投诉,匿***,2015-07-1315:54,您好 我是山东一名刚毕业的技校生，5，1的时候去上海打工 结果未成年许多地方都不要，通过一家中介到虹口区金宝大厦1号楼706一家淘宝店里做客服 ，当时老板说必须干到过年，但是我前段时间请家回家的时候腿摔骨折了，老板什么都没问，当时回家的时候只发了一个月的工资，欠了10天的工资说压着。结果就一直不给了。问她要她也不说工资的事，就这么拖着的，我该怎么办,,,
亲爱的领导  ,待回复,城建 咨询,匿***,2015-06-0514:52,  我夫人是明光市司巷乡汉塘村新农组87号的居民，这次是以灾区迁移的名义拆迁，每户人家只补贴3万多元。 我想确认下这件事是否属实，谢谢领导。,,,
广灵四路洗车摊点污染周边环境浪费水,待回复,城建 投诉,匿***,2015-05-2516:13,上海虹口区广灵四路826号至909号之间，大量路边洗车摊点存在，摊点使用各种劣质化学清洁精伴随污水随意乱排放污严重染环境，肆意浪费水资源致使上海一年耗费一个西湖水量来洗车，且被洗车辆占用大量人行道导致路面损坏严重，车辆随意停放在非机动路上严重影响和威胁周边居民出行安全，希望政府出手整治周边环境，还周边居民一个健康安全的出行环境。,,,
海伦路（海伦佳苑）门面房赌、黄严重问题！！！,待回复,政务 投诉,匿***,2015-04-2816:34,在虹口区海伦路（海伦佳苑门面）有几家专门经营赌博的场所，明天营业额几十万，打110电话举报，这边立马就关门，很明显的勾当，你懂得，110过来象征性的过来敲敲门，没有回应，立马走路，这个社会是怎么了，无语，希望政府有人管管了。,,,
半淞园街道违法在居民区强行开办养老院,待回复,治安 咨询,匿***,2015-01-1708:51,半淞园街道违法在居民区强行开办养老院，而已还开墙破洞，破坏建筑物结构，区政府也不作为。,,,
请问吴清书记，留言过了回复时限为啥依然不回复,待回复,政务 投诉,s***,2015-01-0308:51,请问吴清书记，留言过了回复时限为啥依然不回复。尊敬的虹口区区委吴清书记：    今天是第230次向你反映，根据上海市委办公厅下发了《中共上海市委办公厅关于做好人民网网友给市委领导留言回复办理工作的通知》“对主要任务、工作责任、办理时限等问题作出说明。通知要求，凡是上海市委办公厅转交的网友留言件，有明确时间要求的要在规定时间内完成，没有明确时间要求的一般要在两个星期内完成，涉及工作情况比较复杂的要在两个月内完成。” 件件有回音。     2014年10月4日我在人民网留言《通过什么方式恳请才能获得你们区领导接待》，至今已经过了二个月，没有回复。那么请问吴清书记，为官不为，怎么办，难道市委下发的规定也是稻草人吗? 这算政令畅通吗？这是贯彻执行走群众路线教育实践活动的要求吗？请赐教。,,,
举报油烟扰民，无证经营食品加工、外卖，安全隐,待回复,环保 投诉,匿***,2014-12-0911:02,您好！我是住在老式居民楼塘沽路85弄3号的居民，我向政府举报，塘沽路85弄3号前面底楼，有外地人无证经营食品加工、外卖生意。此情况已经将近3-4个月，食品加工的油烟味、咖喱味严重影响楼上居民的正常生活，楼上的地板、窗户不断散发出油烟味和臭味，导致家中无法正常开窗透风，家中宝宝也无法居住。此情况也同时向12345举报过，食药局、环境局等相关部门有实地现场勘查，的确发现此事属实，但是此问题至今没有彻底取缔解决。无奈我向虹口区信访办进行举报，望政府部门能够帮助老百姓解决问题，我们的居住条件已经很差，但希望我们能够有个干净、清洁、无安全火灾隐患的居住环境。希望能够尽快解决。,,,
通过什么方式恳请才能获得你们区领导接待,待回复,政务 投诉,s***,2014-10-0509:13,通过什么方式恳请才能获得你们区领导接待尊敬的虹口区区委吴清书记：今天是第209次留言，因虹口区卫生局安排冒牌医生非法行医发生医疗纠纷十年未果，中共中央最高领导人专门作了批示，国家信访局数年督办，依然不予解决。主要由于当初虹口区卫生局责任人是现任区政法委书记杨莉的袒护，使得有关部门想处理解决也受到其的阻力久拖不决。提篮桥街道司法援助律师建议我，要解决问题，应该要寻找高于区政法委杨莉书记职位的区领导接待，才能排除其干扰，这也是符合信访条例要求有利害关系人应当回避的规定。同时区领导接待也是信访条例和中共中央办公厅、国务院办公厅印发《关于创新群众工作方法解决信访突出问题的意见》的规定，何况你们对外宣传承诺区领导每周保持二天接待，所以恳请你们领导接待也是于情于理于法的合法要求。然而，我的要求始终不能如愿，你们规定，求见区领导接待，要进行暗箱操作摇号；你们要说通宵排队，我在寒冷天通宵露缩街头排在第三个，本该能见到区领导，但是到接待时候，你们弄虚作假安排了10个民工说是排在我们前面，莫名其妙地剥夺了我们信访权利。为了坚持求见你们领导，结果我被你们抓去坐牢70天，也没有得到你们领导的接待。我在人民网给领导留言188次，也没有回应。所以在党中央推广的走群众路线教育实践活动中，试问吴清书记通过什么方式恳请，才能获得你们区领导接待。其次根据国务院办公厅最近发文，《关于进一步加强督促检查工作的意见》明确了督促检查工作的三个方面，分别是就“法律法规、规范性文件”、“政府会议决定事项”以及“政府领导同志批示和交办事项”的落实情况进行督促检查。要按规定时限报告重要工作进展、选配厅官任省政府督查机构负责人。《意见》强调，要建立健全政府督促检查工作制度。一是限期报告制度。要按规定时限报告重要工作进展情况。二是调查复核制度。对重大决策部署落实情况，开展实地调查复核。三是情况通报制度。要对政府重大决策部署落实情况进行通报。四是责任追究制度。对政府重大决策部署落实中存在的失职渎职、违纪违法等行为，要进行严肃追责。五是督查调研制度。我反映的问题，恰好是中共中央最高领导有专门的批示，也是国家信访局多次交办的事项，然而现在却被区政法委杨莉推诿扯皮、敷衍塞责，导致政令不畅，为此很有必请求你们领导来接待我，进行实地调查处理，贯彻落实党中央和国务院的指示。 ,,,
老虎机的害人,待回复,其他 投诉,匿***,2014-07-1510:09,上海区了三个月害我差点自杀 我刚回家   只想知道为啥老虎机店被封了  还可以开启  上海怎么没个安静地方可以给我过上日子    一家老虎机厅要害死多少人  真诚的希望你们政府能把老虎机  打鱼机给关了   ,,,
群众路线教育实践活动有用吗？,待回复,征集 群众路线,匿***,2014-06-1208:55,人事处长说：我又不拿你的钱，为什么要听你说。　　　这是同济大学人事处长吕XX在校领导信访接代会上，当着两位校领导的面，多次打断来访者说话，阻止来访者向领导反映情况是说得话。　　　他无视《信访条例》，无视校领导。不给他钱，他就不听你说。他是什么人，他是共产党员吗，他的价值管是什么，是金钱吗。　　　他不仅自己不要听来访者说，还要校领导也不要听来访者说。甚至还当这领导的面说要开除来访者。蛮横至极令人发指。这是什么作风，简直就是军阀作风。群众路线教育实践活动至今，他们依然如此。　　　                                ,,,
同一个住宅地在虹口区18号危改地块上先后两次行政违法拆迁至今仍无家可归！,待回复,征集 群众路线,匿***,2014-04-2809:13," 我家在上海市虹口区的同一个住宅基地（18号危改地块），先后经历过两次行政违法的违法拆迁,第一次在1969年由合法的私房抢迁到性质不明的过渡房子生活,第二次2000年10月再拆迁到现在至今仍无家可归！在同一个住宅基地（18号危改地块）两次拆迁过程至今都没有按政策和宪法进行房屋安置和补偿。到目前为止我都从未享受过国家的任何(房屋等)福利和政策。一直走，信访市,区府,目前仍然没有任何主管部门人为此问题---拿解决问题的方案和行动。",,,
福建人的赌博机王国,待回复,文娱 投诉,树***,2014-02-2015:52,我们这里虹口区四川北路，江西北路周围有十几家赌博游戏机房~有几家都开了十几年啦（在江西北路上）请问领导；警察会不知道吗？都是利益的勾结，你打110警察来是会来的，但是都是很明显的走场，做做戏，让群众看看我们是在管的，同时也能往上交差，可是群众并不是傻子，明眼人一看都知道是怎么回事！请求领导可以想一个权宜之计把这些害群之马给彻底的铲除。最好是跨区的联合整治。,,,
虹口区从不回复留言的做法已经代表管理层的态度,待回复,其他 投诉,匿***,2014-02-1313:15,我看了各个地区的网友留言和回复，虹口区现在城建搞得很差，对于网友提出的留言不回复的做法已经反映管理层的态度。都说公务员是人民的公仆，自己把自己当领导看，不回复任何留言的态度已经说明这个公仆连最起码的底层声音都不听，更不要指望为民做主了。希望市政府杨市长在选用区长时注重个人能力，虹口区不欢迎光养着不干活的领导，现在的虹口区是各个区县中管理能力和整体规划最差的了。,,,
动迁组杨红英等捏造事实伪造假证以达到强迁目的,待回复,城建 投诉,匿***,2013-12-1517:09,上海市虹口区瑞虹路368弄23号动迁户总代理人——陈志华，于2013年6月25日上午10时许（至11时许）主动去瑞虹新城旧区改造2号地块（二期）动迁组办公室，向杨红英递交全家族成员的《授权委托书》。杨红英趁机诱导性地向陈志华询问其所有家族成员的想法和要求等（请见《关于“6.25”和动迁组谈话录音整理》）。可万万没想到，动迁组杨红英、李金娣和嘉兴路街道干部黄建娜、李菊花等四人利用仅有的这一次接触和谈话，竟然弄虚作假、捏造事实、虚构情节、合谋伪造《“6.25”谈话笔录》（长达4页），进行诬陷动迁户总代理人——陈志华。更令人不可容忍的是，动迁组就以该虚假的材料作为申请裁决的理由，导致“虹口区住房保障和房屋管理局”就以该虚假的申请理由为前提，向我户发出《房屋拆迁裁决书》，并限15日内迁出。众所周知，动迁组是强者，动迁户是弱者。杨红英团伙坐在办公室只要动动脑子，做做手脚，编造各种虚假材料，动迁组只要申请，虹口房管局的裁决书马上下达，如动迁户收到裁决书后，既不申请行政复议，又不提起行政诉讼，时效一过，必遭司法强迁。这就是动迁组一小撮人的手段和伎俩。此次谈话，作为瑞虹路368弄23号动迁户总代理人——陈志华是单独一人和人多势众、权大位高的动迁组谈话，在通常情况下肯定“死定”了……！所庆幸之一：动迁户总代理人——陈志华于2013年6月25日上午，去动迁组杨红英办公室递交家族全体成员《授权委托书》时，对该《委托书》杨红英和李金娣还当场打了收条。所庆幸之二：陈志华在去动迁组杨红英办公室之前，经上过杨红英当的人提醒：和杨红英她们谈话时，必须要录音。否则，到时跳进黄河都洗不清。现事实证明杨红英一伙确实太狡诈，但事实胜于雄辩。试问：在同年、同月、同日、同时段、同地点、同一当事人，怎么可能出现两种截然不同的谈话结果？注：1、请见陈志华提供的《关于“6.25”和动迁组谈话录音整理》（该录音已交法院司法鉴定）。2、请见杨红英、李金娣和黄建娜、李菊花合谋伪造的《“6.25”谈话笔录》。3、弄虚作假的动迁组杨红英（工号：0007021）、李金娣（工号：0007010）4、合谋作伪证的嘉兴路街道干部——黄建娜、李菊花控诉人：邹玉英（户主）、陈志明、陈志鹏、陈志鸿、陈志荣、陈志芸、陈志坚、陈志华、姚金水（已故陈志芳之夫）、姚唯平（已故陈志芳之子）,,,
虹口区广灵四路广灵一路脏乱差的顽症何时了,待回复,治安 咨询,匿***,2013-11-2714:28,广灵四路广灵一路这二条马路乱设摊现象异常严重广灵一路车辆进出基本不行因为摊点已把马路全占了就连几个绿化带也被破坏掉开店了广灵四路人行道全被占了行人只能走机动车道城管搞突击整顿小摊位没了但广灵四路上一辆大卡车却能在城管眼皮下照常做生意而且占着非机动车道据观察好象这里的城管好象和那些摊贩处得很和谐上面来查了这二条马路就摊位少了风一过立马恢复原样真的看不懂现在的城管执法的装备好了但管理市场的能力却差了,,,
尊敬的孙书记，我已无法生存了,待回复,城建 求助,谁***,2013-09-2013:09,我住唐山路416弄20号三楼，由于我目前在北京工作，很少回上海，这次动迁我回了上海，去了动迁办，他们告诉我，市政府有文规定一切有户主作决定，包括签约和谈判，我对他们反应了我父亲有神经不正常现象。所以我们父子关系不是很好，我04年从监狱出来，没有给地方上找过麻烦，一心做个本分的人，10年来上当受骗多次，我还是相信好人会有机会。当听到动迁我高兴几天，也告诉了现女友，我将告别单身了，可是动迁组负责人对我父亲说；再不签协议就没有房可分了，我父亲签下二套一室一厅，我父亲昨天打电话给我时，我流下了眼泪，女友走了，留下我一个人过中秋节，我53岁啦，孙书记啊！我不想犯罪，更不想伤害到别人，人的生命只有一次，下半辈子的幸福也只有一次机会......求求您帮帮我。,,,
领导搞官僚群众吃苦头,待回复,医疗 求助,f***,2013-09-0316:37,尊敬的孙书记:         你好！我是虹口一家公立医院的财务人员，去年新来一位财务科长，年轻气盛，工作态度很恶劣，我实在难以忍受，就向医院领导提了意见。没想到今年这位科长无故将我调离工作岗位，现在国家提倡要倾听民意，我们这位领导却背道而行，利用职权，打击报复，听不得一丁点的反对意见。希望您能为民作主，别让群众再失望寒心了！,,,
"历史文化名里景云里门口,脏乱差,!",待回复,交通 建言,匿***,2013-09-0310:47,"    上海多伦路景云里建造于1924年，是上海很普通的石库门，二、三十年代鲁迅、陈望道、茅盾、等一大批名人居住在此，从事领导和组织革命文学活动，有历史文化名里之称,可如今景云里门口,脏乱差,乱设摊,交通难行~居民还在用马桶~~~请政府关心一下~~",,,
