公司辞退员工但不按照劳动法进行补偿,待回复,就业 求助,W***,2019-10-2917:19,领导好！我要求助！我是上海优医家健康管理咨询有限公司员工，公司因经营原因，单方面要与我解除劳动合同，劳动合同并没有到期。1.公司以负债为由，让我签辞职申请表！还不按劳动法进行补偿。我在公司工作1年零5个月，公司没有提前一个月通知让我离职，本应该补偿(1.5+1)个月，共2.5个月工资，但公司发给我的赔偿协议上，只写赔偿1个月工资。2.公司从10月初开始，不提供我们工作，让我们在家等通知，直到月底才通知我，要辞退我，在家等公司通知这段时间的工资，公司不想按照劳动法规定发给我！恳请领导帮助，希望能给我们劳动者做主，帮助我们拿到劳动法规定的经济补偿金！感谢！,,,
街道公共场所私用,待回复,政务 投诉,W***,2019-10-1812:09,1.杨浦区长白街道协邻中心，私自把公共活动场地租借给私人教学并收取教学费用。2.教学期间，也就是所谓的不对外开放时间，锁门。不允许其他小朋友进入使用活动场地。付费读书的小朋友可以进入。3.要求街道把公共活动场所还给街道居民，不要私用租赁给私人教学。4.反应给12345后，活动场所负责人杜女士，威胁要找我领导和街道。,,,
深夜施工严重扰民,待回复,城建 投诉,白***,2019-10-1712:42,尊敬的李书记，您好:周家嘴路源泉路十字路口最近一周每晚十点到早上六点都进行道路施工，挖掘机突突钻地的声音严重影响了小区临街居民的睡眠质量。盼予以解决，谢谢！,,,
半夜12点回不去，110打电话才肯解决问题,待回复,城建 投诉,W***,2019-10-0918:24,9/23晚上9点小区防盗门坏了，104住户帮忙开门才回去。9/24早上防盗门修好了。9/27晚上12点防盗门又坏了，打物业维修电话态度恶劣不予处理太晚没人修，还说去投诉也不怕你投诉也没用。于是去酒店，房费618元。直到凌晨3点家里人夜班回来打110物业才找人了解决。直到10/9防盗门未修好，物业在10/9才来电，并说酒店房费不能报销。试问如果12点防盗门开了可以回去还用去开酒店嘛？期间在小区门口等了一小时物业没有电话回复解决情况,,,
请求给居民呼吸新鲜空气的机会,待回复,环保 求助,W***,2019-09-1116:44,上海市杨浦区军工路3701～3703号垃圾中转站、湿垃圾资源化处置中心，距离居民小区（城市名园，城市庭园，城市方园，中原一村等）仅30米左右，垃圾中转站自2004年建设后偶然有异味，尚可接受，湿垃圾资源化处置中心于2008年11月在原中转站基础上增设，对湿垃圾及餐厨垃圾进行压缩减重，好氧菌发酵等处理。2019年上半年，此中转站及湿垃圾处置中心处理垃圾量又由原100多吨/日，猛增至450吨/日，最终拟处理600吨/日，因原中转站设备陈旧，主要设施均为地面露天设置，湿垃圾处置中心又离居民小区过近（按国家推荐标准应为500米），同时又不停业进行改造建设，至今连续3个多月不时发出严重恶臭，致使临近的小区居民终日不敢开窗，多人发病，见肺炎、鼻炎出血、呕吐、发烧等症状，经多方投诉沟通仍未改善，已无法继续忍受，恳请相关部门督办。,,,
军工路垃圾站恶臭弥漫，严重影响周边小区居民生,待回复,环保 投诉,W***,2019-09-1114:51,杨浦区军工路3701号垃圾中转站、湿垃圾资源化处置中心，距离居民小区仅30米左右，因设备陈旧，主要设施均为地面露天设置，湿垃圾处置中心又离居民小区如此之近，同时又不停业进行改造建设，至今连续3个多月不时发出严重恶臭，致使临近的小区居民终日不敢开窗，多人发病，见肺炎、鼻炎出血、呕吐、发烧等症状，经多方投诉沟通仍未改善，已无法继续忍受，恳请相关部门督办。,,,
关于海外留学生在杨浦区五角场派出所落户,待回复,政务 咨询,W***,2019-08-2320:18,书记，您好！我是18年来上海就业的海外留学生，现在已经拿到人社局的批复，公司的HR业务熟练，帮我们走的是今年2月份新开的网上户口申办系统，因此只有批复，没有老系统所需要的别的例如流动人员登记表等材料。且我们有同事用相同的材料在黄浦区派出所已成功完成落户，但我致电杨浦区五角场派出所及现场咨询均被要求一定要提供“流动人员登记表”，想请问这样的情况我应该找哪些相关部门去和杨浦区派出所户籍民警沟通？同时，在这两天打电话咨询的过程遇到了种种困难，我也想投诉一下：1.从网上查询五角场派出所户籍科的电话号码都是021-22171120，但是打过去之后工作人员告诉我他们不管户籍，让我打另外一个电话021-22171127，但是这个电话是语音电话并不是人工电话，没有人接听，试问其他派出所都有人工接听的户籍处理电话，为什么五角场派出所没有？2.还是上面这个语音电话，虽然有人工留言的功能，但是人工留言的反馈很慢，总共留言两次，第一次给了反馈，第二次尝试沟通新材料问题的时候，接电话的民警态度非常差，让我把所有有的东西都带上，对我大喊大叫，然后挂了我的电话，不知道这是不是民警的基本素养？以上就是我需要求助解决的问题以及在这个过程遇到的一些问题，非常紧急，盼望能够尽快答复，不胜感激！,,,
举报阳光城集团楼盘安全爆炸隐患,待回复,企业 投诉,W***,2019-08-0809:43,尊敬的领导，我是阳光城檀悦101的70平业主，开发商将锅炉安放于我们室内存在重大安全隐患，我们一共15户业主与之协商未果，锅炉是博世品牌，已咨询过，严禁安放在开放式厨房，如果漏气会死人的，也极易发生爆炸，开发商置业主生命于不顾，强词夺理胡搅蛮缠，仅仅是嫌移机工程量大，工作量大不是难度大，肯请领导重视，帮帮我们。阳光城檀悦101，地址位于太平报恩寺西南一公里。,,,
延吉西路和凤城路三岔路口每晚露天烧烤炒粉摊扰,待回复,环保 投诉,泰***,2019-08-0514:10,您好，尊敬的书记和领导们，每晚延吉西路和凤城路交叉路口总是露天有烧烤和炒粉摊，晚上九点多出来，一直摆摊到凌晨四点，每天烧烤油烟味都往家里钻，支付宝，炒菜，顾客和老板说话各种噪音和喧嚣声很大，严重影响了我家人的睡眠，这种情况已经持续五个月了，我曾经投诉到环保局，第二天晚上自称城管部门的人给我电话，说已经到了现场在观察，之后这些宵夜摊仍然像之前正常营业了大约十天，然后大概第十一二天停止了两个晚上，后来又依然不间断地出来摆摊，只是出摊时间变得有些不规律，有时候是晚上九点多，有时候是晚上十二点。家里有老人小孩，实在是不堪其扰，严重影响了休息和健康，希望领导能督促相关部门加大整治夜宵摊的力度，给我们一个清净的睡眠。感谢感恩！,,,
汇元坊业委主任乱作为,待回复,城建 投诉,C***,2019-07-2209:12,尊敬的书记，上海市杨浦区国顺路900弄汇元坊小区，未经业主大会讨论，业委会竟然私自决定铲除绿化，砍掉树根，增加停车位。7月1日，经过居民再三投诉，城管责令停止，等待处理。通知15日内处理。但至今已经20天了，无任何消息。小区内12号楼前一塌糊涂，请领导尽快处理，还居民一个美好家园。,,,
小区时常有一股浓烈的异味,待回复,城建 投诉,y***,2019-07-1215:27,杨浦区委书记李跃旗，你好：      反映杨浦区国伟路100弄《城市方园》小区，距小区很远就闻到异味，进入小区味道更是刺鼻，小区北侧围墙外，目测距离不足一百米，（在军工路3701上）是一个垃圾处理地方“杨浦区生活垃圾（湿垃圾）资源化减量处置中心”，几年来每到夏天，一股浓烈的异味充满小区角南落落，居民们朝北的窗户都不敢开，即使如此，房间里也隐约有异味。       希望杨浦区政府关注，排摸臭味来源，并积极采取应对措施，督促相关企业落实整改(中转站运营单位设备升级改造)，尽快使军工路3701号区域内异味问题得到有效解决。,,,
五角场街道文化花园一期维修基金不能用,待回复,城建 建言,匿***,2019-07-0912:56,武川路75弄文化花园一期，交付已近20年，但始终未进行大修，造成路面坑洼凹陷，不断有业主跌倒甚至骨折；外墙水泥线条脱落，业主活动、行路不得不小心翼翼。更为严重的是，由于上一届(3届)业委会主任长期霸占近2000万的维修基金不移交，致使新一届业委会无钱可用，所有建设停滞。目前整个小区没有监控，入室盗窃案长期居于上海市之首。更为蹊跷的是，五角场街道和文化花园居委会虽然一次次劝说上一届业委会主任移交维修基金，但手霸占着上千万维修基金的上一届主任却无动于衷。而街道始终没有采取任何行政手段！#业委会#,,,
上届业委会把持着维修基金迟迟不肯移交,待回复,城建 建言,匿***,2019-06-2818:29,杨浦区五角场街道文化花园一期(武川路75弄)由于维修基金未移交，新一届无钱可用，造成所有建设停止，小区一片乱象#业委会#,,,
纪念路289弄三湘世纪花城长期建筑垃圾堆积,待回复,城建 建言,匿***,2019-06-2715:20,纪念路289弄三湘世纪花城长期建筑垃圾堆积，一年超过300天装修垃圾堆放在临时堆放处，清理垃圾无定期时间，对周边居民生活造成长期环镜健康影响。#业委会#,,,
小区旁垃圾站臭气熏天，严重影响居民正常生活 ,待回复,环保 投诉,城***,2019-06-1116:41,尊敬的书记先生，我是杨浦区包头路1150弄城市名园的业主，小区旁边50米内有个垃圾中转站，每天臭气轰天，污水横流，严重影响我们居民的正常生活，威胁到我们的健康。尤其是夏天到来，臭味加剧，正常呼吸都感困难，不用吃饭都想吐。校区居民多次通过电话、书信等方式反馈问题、还望书记先生能够体恤百姓，为民撑腰！城市名园校区楼下是铁道，噪声污染严重，两百米开外是水产中心，半夜货车汽笛长鸣，生活环境已是恶略到了极致！！再加上垃圾场臭气污染，真的无法忍受了，我们只想生存下去，别无奢求！希望书记重视，予以解决！！为盼！！！,,,
五角场街道文化花园维修基金被扣，小区险象环生,待回复,城建 投诉,z***,2019-05-2715:30,我是五角场街道下属文化花园一期业主，小区建成至今没有进行过大修，外墙水泥线条脱落，道路坑洼不平，没有监控，偷盗成常态。由于维修基金被上一届业委会长期扣留，新一届业委会成立二年多，有心无力做不了任何事。恳请政府出面为我们老百姓伸张正义，铲除毒瘤！！！,,,
宁国路地铁站2号口黄兴路上，通宵施工严重扰民,待回复,治安 投诉,求***,2019-04-2201:35,宁国路地铁站2号口黄兴路上，通宵施工严重扰民，不管白天黑夜的干。真的伤不起，现在凌晨3点半，机器钻击地面的声音仿佛就在床跟前施工一样。考虑到施工人员也不容易的，通宵干活，已经忍了好久了。但是声音越来越大，越来越吵，无法入睡，求放过好么？附近小区公寓的也不少，天天半夜这么施工太恶心了。,,,
凤城三村旁黄兴路高架半夜施工严重扰民！,待回复,治安 投诉,卡***,2019-04-1417:17,书记您好，凤城三村紧邻黄兴路高架，而高架维修人员经常性半夜施工，想来工作人员也不容易，已经忍受好几次了！今天又是凌晨三点开始到现在还在维修中。严重打扰到老百姓的休息！况家中有刚重病出院的老人还有襁褓中的婴儿，实在是深厚其害！望领导能够给予帮助！希望能有完善的解决办法。,,,
李书记您好！,待回复,城建 投诉,小***,2019-04-1114:41,杨浦区国定路601弄美丽家园工程，导致小区内无法停车，本打算在旁边小区国定路555弄和505弄小区交停车费暂时停一下，但是这个小区内的保安态度非常恶劣，说小区内都是固定车位，如果要停放就要刮花我们车子或者加锁让我们不能出去。请问，我们这种情况是否可以安排暂时的车辆停放的点，等美丽家园工程结束再回去。谢谢，请处理！,,,
回复,待回复,文娱 感谢,我***,2019-03-1913:58,对于之前投诉卧凤亭办卡事宜，工作人员现已联系且已得到圆满解决，感谢领导关心,,,
被按摩会所诱骗办卡,待回复,文娱 求助,我***,2019-03-1609:02,我经人介绍到上海卧凤亭昆明路馆按摩，说好第一次体验1080元，但到体验一半时间时，店方表示必须办一张3万元会员卡才能结账，我表示没钱，对方采用多种方式诱骗，最终通过微信转账2万元办了会员卡支付离开。1.要求退钱被拒绝。2.消费项目无详细说明，价格昂贵。3.服务后出现身体不适，腰痛，全身发热，失眠。要求全额退款，通过微信转账。（办卡时想电话求助，发现店里没信号，私下与店方沟通要求退钱，对方没同意，而是要求到店内解决，担心人身安全的不到保障）,,,
绘画兴趣,待回复,教育 咨询,W***,2019-03-0713:22,李书记，您好，针对绘画兴趣培养（主要是成年人)，在教育资质要求这一块，教育局到目前为止都有些模棱两可的，没有明确说明学生或者成人绘画需不需要教育资质，希望在针对学校课外文化补习和艺术教育这两块，别政策“一刀切'式的管理，,,,
上海高校往届生到云南基就业是否能申请学费代偿,待回复,教育 咨询,鲽***,2019-03-0616:10,尊敬的李书记：您好，我于2015年上海理工大学本科毕业，并于当年通过统一招考考取云南省文山州马关县大栗树乡大腻科村委会大学生村官。现已工作超3年，云南生大学生村官政策中提及大学生村官满足学费代偿条件可以申请学费代偿。因毕业时不知道有学费代偿相关政策，所以在离校时没有向学校提交申请，近期政策宣传才得悉有此政策，基层待遇比较低，如果能享受这一政策，可以减免还在偿还的生源地贷款压力。不知现在我还能不能申报？具体申报方法如何？谢谢！,,,
缴金 疑似贪污腐败！,待回复,企业 求助,逆***,2019-02-1821:26,我是上海柴油机股份有限公司正新发动机厂的职员！我们单位在2016年签署合同的时候，单位帮我们漏交了1个月的金！但是金的钱已经扣了并没有退还！多次和单位交涉，单位一再强调不能补缴，但是并没有说明清楚资金的去向，并声称在我们退休的时候再补缴！但是退休了还怎么补缴？（我去了解过，单位出面是可以补缴的）！这个问题半年我们就去和单位交流一次至今拖沓无果！希望书记能查一下中间有无贪腐行为！望领导能够看到，并给予解决谢谢！,,,
ofo共享单车不退押金,待回复,交通 投诉,W***,2018-11-2307:45,李书记您好，在ofo共享单车app，我于2018年10月20日提交申请退押金，至今已经1个月了，我打他们电话无法打通，在线客服找不到，微博公众号客服也找不到。希望您在百忙之中抽出时间来帮帮我,,,
共享单车不退押金,待回复,交通 投诉,W***,2018-11-2307:42,李书记您好，我使用上海享骑电动车服务有限公司旗下的App(享骑电动车)，2018年10月20号我申请的退押金，至今为止1个月了没有人给我处理，电话接不通人工服务，在线客服也找不到。99元押金对于我们来说不是小数目。希望您能百忙之中抽出时间来帮助一下我,,,
违法建筑房何时才能拆除,待回复,城建 投诉,y***,2018-11-0323:10,杨浦区委书记李跃旗，你好：    反映杨浦区四平路1777号四平科技公园里有一排无证违章建筑。具体位置在在公园的最深处，走到铁桥附近，右手边铁门处有一排违章建筑。违章建筑旁存在脏乱差现象，还有违规种菜现象。国际博览会即将在上海举办， 希望有关部门整治这一脏乱差现象，拆除影响城市形象的一排无证违章建筑。 ​​​​,,,
反映杨浦区城市名园附近垃圾臭味长期扰民问题,待回复,环保 投诉,a***,2018-10-1415:50,       我是居住于杨浦区包头路城市名园小区的居民。自今年夏天起，以我们小区为首的周边地区饱受恶臭困扰。小区中老年和儿童众多，今年夏天恶臭严重影响生活，即便是最热的天气也基本不敢打开门窗通风。周边地区有多所学校，也可以闻到恶臭气垃圾味。经我们居民自发反复查勘，初步判断臭味系上海杨浦环境发展有限公司第三分公司（军工路3701-1号）发出。       有居民代表向绿化环卫管理部门（021962348）反应过情况，他们给予的回复，“说已经到这里来调查过了，确实是我们附近那个垃圾站的问题，他们给了二个措施：1、对现在的垃圾喷洒除臭剂。2、整治垃圾站，但是时间估计要1年左右。”居民代表提出建议：“希望他们跟街道居委会和物业沟通此事，把整治工作列入日程加紧执行，并且让物业出通知让大家知晓并让监督执行。”对此建议他们工作人员不置可否。时间推移，恶臭持续弥漫。        另有居民向绿化市容局（02125032288）反应情况，答复“说他们原来的排放标准是符合1994年的标准，2007年新标准出来了，不符合了，还说什么当初建这个垃圾站是因为选的很偏的地方，谁知道现在周边这么所小区。”居民追问“为何不重新选址”开始敷衍了事。      居民们已陆续向12345，12369等多条市民热线反映情况，但效果不佳，小区周边直至现在依然持续恶臭。      环卫公司离小区如此之近，气味如此浓烈，是否有解决方案让大家满意。真诚希望……能帮助我们小区居民解决这一燃眉之急。谢谢,,,
拆除影响城市形象的一排无证违章建筑,待回复,城建 投诉,y***,2018-10-0714:08,杨浦区委书记李跃旗，你好：    反映杨浦区四平路1777号四平科技公园里有一排无证违章建筑。具体位置在在公园的最深处，走到铁桥附近，右手边铁门处有一排违章建筑。违章建筑旁存在脏乱差现象，还有违规种菜现象。国际博览会即将在上海举办， 希望有关部门整治这一脏乱差现象，拆除影响城市形象的一排无证违章建筑。,,,
我家的房子快100年了？,待回复,城建 求助,c***,2018-08-1609:11,您好，区长同志，我家住杨树浦路1693弄6号，这这一片的老城区都快100年的历史了，没有卫生设施，生活很不方便，国家给我们的租赁房是不是也应该有年限啊，我们的房子是不是属于危房啊，我真担心哪天突然倒掉，这可是人命关天的事情啊。,,,
动迁事宜,待回复,城建 咨询,拎***,2018-07-1910:00,"您好！杨浦区方子桥113/115地块动迁自2002年起列入动迁，陆续拆除极少量住户后在2011年就成了一块三不管地带。这里危房林立、电线私拉乱接、液化气罐使用无人管理、因无家庭卫生设施电热水器随意安装，至今使用的还是马桶公厕；因地段紧靠昆明路菜市场外来人员三无人员鱼龙混杂比比皆是，因为道路狭窄救护车 警车都无法进入更别说救火车了！曾发生因为吸毒人员吸食毒品不慎引起火灾，救火车无法及时开入救援，最后致使家中行动不变老人逝世的案例。这里的房屋很多都是违章私建的，质量绝对堪忧，加上很多房东将搭建的房间低价租借给外来务工或证件不全人员，群居等情况很多。曾经被拆住户的地块又被边上住户重新违章搭建使用。在这里居住安全系数极低，很多人为了孩子的教育生活的质量宁可租房在外一住多年；没有条件的住户只能在不安中年复一年的等候，十多年了盼着住新房的老人走了一批又一批，危房越来越多，电线钢瓶越来越多，无证棋牌室越来越多，三无闲杂人员越来越多，谁人能来管一管？！住房是百姓一生盼望的大事，政府不能说我曾经规划过了就算做好了，动迁组来过了就算办成了，敬请领导实地查看！自从昆明路拆了以后,早饭都没地方买了。九谭路菜场又关了,买菜都只能跑欧尚!  每天早晨起来的第一件事是倒马桶,倒痰盂罐.附近公用厕所都没有24小时的了！请领导重视如近期没有动迁计划，是否可以改建？拎马桶的时代什么时候才是尽头",,,
网贷之家诈骗,待回复,金融 投诉,W***,2018-07-1610:40,我是一位上海的普通投资者 被投之家诈骗案骗取金额高达14万多 ，投之家交易金额几百亿 代收金额29亿 .像我这样的投资者非常之多 .投之家背后涉及网贷之家 伽伟股份 软银 以及创东方等利益集团。请求马省长关注此案件的进展 目前利益集团均甩锅 刑侦速度很慢 恐怕等刑侦结果出来 赃款早转移了 应尽快对相关股东控制 查明资金去向 追回救命钱,,,
世和园小区停车位私有化,待回复,交通 投诉,x***,2018-07-1014:38,李书记，您好！    我想向您反应的是位于世界路国和路的 世和园 小区停车位的事宜，目前小区停车位被私人占用情况严重，停车位不仅被装了地锁，很多地面还被私人写上车号占为己有！真的是有车位不共享，有车没地方停。很多时候，没有地方停车的车主就会随意停放，阻碍出行！小区原本规划的篮球场，现在也都变成了停车场，很多花坛也被车主私自改造成了停车位……   对于我们的物业，也很是失望！只顾收钱而不作为，针对这个停车位私有化的现象，也和物业反应过，物业曾许诺在2018年的5月会整顿，拆除所以的地锁，以达到车位共享的目的！但是5月过了都不见动静……后来又去反应，物业又承诺7月肯定会处理了！现在已经是7月了，可仍然不见物业有任何的动作！   我们也去询问过周边的小区是怎么管理的，例如市光四村，他们是统一画线，清除车牌号和障碍物，先到先停，完全车位共享！这样也避免了邻里间的争吵和打斗，可以让社会更和谐更美好！   这个问题不止我们小区，也是现在很多小区都面临的问题，望领导可以针对小区停车位私有化的问题出一些对策，加强一下执行力，让大家居住的小区可以越来越美！                               在此先感谢领导！,,,
 封门后没有营业执照还在销售,待回复,其他 投诉,华***,2018-06-1614:09,  在杨浦区辽源西路上（多少号被封掉看不到了）张家浜小区北门对面小区非门面房。已经封掉的非门面房， 没有营业执照还在继续营业销售，有的留个窗户有的留个门，现在防盗窗都装上了。 有个别极其嚣张租客把防盗窗给卸掉窗户卸掉继续营业销售。这样嚣张跋扈的人你们是在纵容么？还是另有隐情。,,,
一个“缺失”党的领导的大型社区,待回复,政务 建言,d***,2018-04-1210:38,【小区简介：杨浦区武川路75弄文化花园一期（301街坊），是一个拥有约八百多户计三千多居民的大中型社区。物业收缴率达到95%以上，财务状况在上海同类小区属于中等及以上水平。】在小区的微信群里，我们经常听到这样的消息：谁家又遭窃了，损失惨重；小区大门又坏了，门洞大开；居民下班回家没地方停车，同时发现非本小区机动车占着车位。我们还经常看到这样的景象：在各楼栋口与武川路武东路大马路之间这一段小区内部道路上，遍地坑坑哇哇，无论是汽车还是行人，都要格外小心翼翼.....；下雨天，整个小区充斥着污泥，有一种无处下脚的无奈；汽车直接停进绿化带，开走的时候，留下了深深的车辙，还带出了一大块一大块的污泥；儿童游乐设施年久失修；唯一的体育设施网球场路面爆裂；小区垃圾堆放无序。这一桩桩、一件件，是因为小区居民素质不高吗？非也，这个小区常年保持95%以上的物业费收缴率，在上海也算名列前茅；是因为小区没钱吗？非也，物业说了，小区账户还有1000多万元的资金一直没有启用；是小区没有人才吗？非也，小区内政府处级以上干部、大学教授、企业高管扎堆。那么造成这一切小区乱象的根源又在哪里呢？三千多位善良的小区人民一直在寻找答案..去冬今春，党的十九大以及十三届一次全国人大的胜利召开，我们看到了党和政府在“社区治理”方面的一系列决心和重大举措。各级党和政府纷纷开展实践“大调研、大走访”活动，从电视上、从新闻里，从我们周边的小区，我们渐渐找到了答案。这个答案就是：在武川路文化花园一期社区，我们没有感受到党的领导；我们没有感受到党在小区治理“三驾马车”中的领导作用；我们没有感受到五角场街道党工委、以及五角场街道党工委在本小区派出机构【居委会】所作出的努力；没有人来找关心小区的积极分子和党员调研；没有人与小区任何一位楼组长、楼代表座谈；小区业委会与小区物业更像无头苍蝇乱飞乱撞，情况频发。我们认为：这就是武川路文化花园一期持续五、六年混乱局面的根本原因。为此，我们强烈呼吁：杨浦区委、区政府责成五角场街道党工委，以及街道派出机构【居委会】，切实响应党的十九大号召、坚持把人民群众的小事当作自己的大事，从人民群众关心的事情做起，从让人民群众满意的事情做起，成立以具有丰富社区治理经验的处级及以上干部带头的联合工作组，紧紧依靠广大小区群众，楼代表，深入调查研究、分析问题、解决问题，切实解决武川路文化花园一期社区多年的乱象。,,,
生存与死亡,待回复,医疗 求助,葛***,2018-02-2609:26,尊敬的李书记您好 我是本区居民葛庆 现居住本区茭白园路159 弄65号后门居民 患有高血压（高危）。 冠状动脉粥样硬化（心梗）。乙丙肝炎 肝硬化。 胆嚷炎有结实  肾结石 支气管扩张。颈椎弯曲。本人71年出生 离异 无业 有一女儿刚工作收入只能勉强养活她自己，父亲去世 母亲也患高血压脑梗 心脏病 等多种内科病痛 。我靠低保勉强的维持基本生活，昂贵的医疗费用及生活费用本人实在无法承担，徘徊在生死存亡的边缘 真的连自杀的念头都有！恳请李书记给我及我的家庭指引一条能够生存下去的道路 在此万分感谢 跪谢李书记能帮我摆脱困境 麻烦您李书记了！希望您百忙之中能救救我这生命边缘的弱势群众 。    再次叩谢您李书记了！一条,,,
2016年12月到2017年2月未发工资,待回复,其他 求助,匿***,2018-01-3017:45,上海市蓝天宾馆2016年12月到2017年2月三个月的工资还有说好的年终奖都未发  忘有关领导查询下原因希望今年过春节前把欠的工资发齐 谢谢领导 打工的在外不容易  ,,,
半夜修路很吵偶尔楼都在晃很害怕,待回复,城建 求助,s***,2017-11-2821:46,上海理工大学这边修路 我们小区就在旁边我住的楼就在路边上 很吵就都能忍 但是这个楼动不动就晃一下很害怕 希望能帮帮忙,,,
违法建筑房何时才能拆除？？？,待回复,城建 投诉,高***,2017-09-0815:15,李书记你好！杨浦区闸殷路195弄1号是一家多年汽车修理店，他们擅自改造房屋建筑，违法违规搭建彩钢棚和彩钢房面积达200多平方，每天车辆来来往往，汽车修理店的门口有一个铁门在铁门后方房间可以看到是他们车辆喷漆的地方，每天都有车辆喷漆作业，我们居民白天都不敢开窗户，这家汽车修理店已经影响我们居民生活很多年了，李书记今年以来以“五违四必”治理工作为重点，重点有力拆除违法违规搭建。我们居民请李书记对于上海市杨浦区殷行街道闸殷路195弄1号违法违建违规搭建彩钢棚和彩钢房拆除。,,,
杨浦区  老旧小区  动迁规划,待回复,城建 求助,匿***,2017-08-2406:49,控江路隆昌路口  4层楼的老房子  有拆迁或改建的规划么  60年代的老房  房内漏水  无法处理  ,,,
云汝网络科技(上海)有限公司恶意欠薪问题,待回复,就业 投诉,声***,2017-08-0214:27,云汝网络科技（上海）有限公司，拖欠我3个月的工资，迟迟不给，严重影响了我及家人的生活。从3月份开始到现在已经5个月了，期间宋xx一直口头答应归还，却屡屡食言。希望有关部门进行督查帮助解决欠薪问题，不能让这类公司逍遥法外。谢谢！,,,
上海户口，外地小学毕业后，能否回上海读初中。,待回复,教育 咨询,公***,2017-06-1215:33,尊敬的书记，我和孩子都是上海市户口。工作原因，孩子随我在武汉读六年制小学。请问领导，孩子外地小学毕业后，想回上海继续学业，上海市的教育部门对这种情况是怎样的政策安排。外地九年义务教育是小学六年初中三年，上海市是小学五年初中四年，我的情况怎么衔接？感谢领导。,,,
国和二村停车位私占严重,待回复,交通 建言,匿***,2017-05-2714:53,李书记你好，国和二村目前小区停车位被私人占用情况严重，停车位都被私人写上车号，放上障碍物，不能共享，矛盾吵架，报警现象挺多。隔壁市光四村就很好，统一画线，清除车牌号和障碍物，先到先停，让小区群众都达成统一的认识，租车位非私人所有！望附近老小区物业和居委都能学习，加强执行力。居民定好声一片。,,,
小区附近变电站噪音扰民,待回复,环保 投诉,匿***,2017-05-1908:40,尊敬的书记：       您好，我是杨浦区周家嘴路3109弄六达苑小区的业主，我居住的小区东面是源泉路，源泉路和周家嘴路的交界处有一处变电站，该变电站是半露天的，一天24小时一直不停发出嗡嗡声，噪音太大，我们住户离得近，深受其扰，白天晚上不能开窗，严重影响休息，影响工作，每逢夏天更加难过。我们居民希望变电站管理部门能够把变电站改装成封闭式，或者安装隔音设备。恳请领导重视！,,,
尊敬的区领导你们好：,待回复,城建 投诉,匿***,2017-03-1515:14,我是控江五村117号居民 今天反映的是有关我家住房楼下原本为某公司的仓库.现如今被分割成一个个小型的营业点。经营范围五花八门，因为该商铺位置在于小区内部 故对我们原居民的生活其实已经带来很大的不方便！早上 晚上 时不时有发生些争吵！每家店门口的小区公共地区现已变成店铺独享!小区居民无法正常使用！因为我新村的房子为老房 本来排污设施陈旧 原本20户人家的排放已经很紧张 现在又增加了这么多的人使用，造成了一周马桶要堵塞几次，无法正常工作。反映过好几次12345 事后均有相关部门告知 他们的行为属于合法范围 但本人和邻居们认为 这不合理！！ 希望区领导能够为我们做主！,,,
蓝天宾馆拖欠员工将近4个月工资,待回复,就业 求助,d***,2017-03-0807:49,蓝天宾馆是15号发工资  可是从2016年12月15号到现在已经4个月工资没发了 更别提年终奖了  我们是外地的因为没钱所以就没老家 我上有老下有小  因为没有投诉途径 又害怕投诉了宾馆更不发工资  我们只要工资 希望得到领导的帮助 希望宾馆尽快发工资  我父母亲身体不好全指望我啊领导,,,
辽源新村什么时候能拆,待回复,就业 求助,匿***,2017-03-0610:45,上海市杨浦区辽源新区，都快到70年的产权了。4代人在这边结婚生子，地方小脏乱差。周边的广场建的到处是。为什么就留这块块鸟不拉死的地方？天天提着马桶去倒,,,
遭遇诈骗,待回复,治安 求助,匿***,2017-01-1414:35,尊敬的李书记：您好！去年11月份上海市杻和文化传播有限（以收购古钱币为幌子）骗取检测费7500元，至今没要回，在此希望得到您的帮助。,,,
长白三村,待回复,城建 咨询,匿***,2017-01-0507:48,李书记你好。我想问一下这次十三五期间。长白三村有没有被列入旧改计划？,,,
私人公司未签劳动合同未交社保离职后拖欠工资,待回复,就业 求助,匿***,2016-12-2715:20,私人拍卖公司上海君石文化传播有限公司，地址在五角场万达广场A座6楼，我是今年刚毕业，六月份进公司试用期未签劳动合同，未交社保，八月份转正，公司开始以资金运转不开为由拖欠工资，九月底提出离职，公司以离职为由拖欠八月九月工资，后一直和老板协商说会发让我等，可每次协商完都无果，我该怎么办，求助,,,
五角场赌博机猖狂 祸害多少家庭,待回复,政务 求助,匿***,2016-12-1510:38,李书记您好！   本人在五角场几个游戏厅输光了几年的积蓄，报警后环岛派出所民警也只是过过场子根本不管。   我目睹过很多人输的身无分文，金额从几万到几十万甚至几百万的都有。五角场作为杨浦区标志性的地段为什么会有这种祸害他人的场所存在。作为维护辖区治安的派出所又都做了些什么？,,,
东源名都西北地块如何利用,待回复,城建 咨询,匿***,2016-12-1413:27,东源名都开发10多年，西北角地块的开发一直拖着，周围这么多的居民，没有一个休闲场地，这块地皮上堆放许多垃圾，外面还用广告牌挡着，院墙向外倾斜，有倒的危险，按理这么长时间，这块地皮开发商应该没有权利开发了。,,,
危房必须拆,待回复,城建 投诉,匿***,2016-12-0708:53,辽源二村 是危房，房与房间隔距离太近，没有卫生设施，，木头房结构，很容易着火，一旦着火根本没法逃生，望领导重视这快地域！尽快解决！盼！,,,
请问济宁路477弄何时能拆迁？,待回复,城建 求助,匿***,2016-11-0413:52,私房已建得四五层楼高了，摇摇欲坠的很危险，而且到现在连抽水马桶都没有办法安装。,,,
外面下雨，屋内下雪…………,待回复,其他 求助,匿***,2016-10-2215:52,我们是殷行路310弄居民。由于房屋老旧，这二年一直大雨不断，屋面渗水严重，屋内涂料一直不断在飘洒，每次吃饭只能站着吃。物业和居委都无能为力，看着人家屋面平改坡。很感叹！我们只能求救区委李书记了。知道你是从金山区过来当书记，特别亲切，我每天上下班，奔波于杨浦和金山之间，但看到家里这样…………。希望领导早日还我们一个安宁的家。谢谢书记！,,,
强行把洗衣机排水管接到几十年破旧的雨水管里,待回复,其他 求助,匿***,2016-10-1710:56,我们是杨浦区殷行二村3号的三位近70岁的老人，向您反映有关青年邻居蛮不讲理强行把洗衣机排水管接到几十年破旧的雨水管里，扰得我们三户老人无法正常生活一事的汇报和求助，不知您是否收到了？请帮帮我们，万分感谢！                                                                              2016 10 17日,,,
医院急诊之现状,待回复,医疗 建言,匿***,2016-10-0414:34,本人很少上医院，今日有病上医院，中午十二点到新华医院挂号得到结论为：今日已挂满明日再来！晚上五点十五到医院挂急诊到现在还需再等一个小时。医生只有一个病人一百多号！这个现状何时改变！书记有否知道！！！,,,
辽源二村动迁,待回复,城建 投诉,匿***,2016-09-0913:01,书记您好，整个杨浦区都在发展，但辽源二村的居民还是生活在水生火热的环境中。夏天各种鼠蚁活动猖獗，环境真是脏乱差。希望为我们老百姓解决居住问题，早日动迁，为我们提供舒适整洁的环境。,,,
杨浦区本溪路鞍山路口人行道何时能畅通？,待回复,交通 投诉,匿***,2016-09-0703:54,杨浦区本溪路鞍山路口西南角，有一座移动式公厕把人行道完全挡住，本来行人也可以从内侧绕过去，可是这里又是一片停车场，很多车辆把这个区域完全占据，有的都停到人行道了。行人路过这里，经常不得不从非机动车道穿过，非机动车道本身也不宽，算是机非混行的一段道路。给行人带来很大不便和安全隐患。,,,
杨浦区长阳路503弄能拆迁吗？,待回复,城建 求助,匿***,2016-08-0209:43,小区脏乱差，我们年纪己大，天天还要倒马桶，天热热死，生活环境脏乱差，想请问杨浦区长阳路503弄能拆迁吗？,,,
杨浦区老虎机泛滥,待回复,其他 投诉,匿***,2016-07-1809:10,杨浦区老虎机房随处可见，光殷行路就五六家，多次报警投诉，老虎机房都是提前收到消息，警察来就关门，走了继续营业，这种官护非法赌博应该严查，而且要连根拔，不能查了之后又死灰复燃,,,
蒋家浜棚户区何时动迁？,待回复,城建 咨询,匿***,2016-07-0712:04,我出生在此地，70后的中年人，记得初中时就听邻居们说要动迁了，到现在我小孩也已成年，此区域的生活环境已与周边1公里内的环境格格不入，一家3代同居一处，没有厕所，洗澡也不方便；现在发展迅速的魔都、大都市这种状况也在逐渐消失，请问区长同志此处有动迁计划吗？,,,
隆昌路541弄西白林寺,待回复,城建 投诉,匿***,2016-05-1710:00,  书记你好，隆昌路541弄西白林寺自从2005年开始动迁拆了3分之一左右，自2006年开始停滞至今没有任何音讯，请问书记何时可以继续动迁，本弄环境非常差，外来口人较多居民强烈要求继续动迁希望领导重视停滞基地，动迁11年了应该是要重新启动还我们居民健康的生活环境,,,
希望书记能多关心关心我们小市民,待回复,城建 求助,匿***,2016-05-1217:26,你好书记、我是住在控江五村、51号406居民、顶层、只要外面下大雨、我们屋里就下小雨、去叫物业来修、涂了一次沥青、就再也没有来过、还说我那房子本来就漏雨、2014年就说加盖个屋顶、直到现在都没有动静、无奈自己又掏钱找外面的人来修、还是不行、希望书记大人能帮帮我们、夏天来了、下大雨、房子里又漏雨、多谢多谢,,,
停车太难了，每个街道建一个二千车级的公停车场,待回复,城建 建言,匿***,2016-05-0715:18,停车难，下班晚一点就没停车位了。晚上不敢出去，生怕回来没有停车位。每个小区到了晚上，只要可以停车的地方，都停满了车。要是有消防车，救护车进来，恐怕都难以通过。这日子也太悲催了。区政府能不能建停车库？一个街道一个，可以停3000部车的，只给杨浦有房，身份证，驾驶证，行驶证地址都是杨浦的车主有偿使用，停咱杨浦的车。可不可以呢？还有，小区周边的马路要划蓝色的夜间停车位才行！,,,
居民呼声,待回复,其他 求助,匿***,2016-04-2910:14,诸葛书记：您好！我是定海街道十七（二）居委会居民，我要反映的是我们居委会的党支部书记倪X俊同志的优秀事迹。倪书记是经大家选举产生的书记，自任职以来，尽心尽职，任劳任怨。维护党的利益，为居民服务、让居民满意是其工作准则，慰问老党员老同志，关心孤寡老人、残障人员的日常生活，组织开展居民喜闻乐见的娱乐活动。他每天七点多就来小区巡视，开始一天的工作，在他的辛勤工作下，居民活动室开张了；小区环境绿化整洁了；邻里间关系和谐了。通粪坑排积水有他；装探头修车棚有他；特别是今年冬天的寒潮给居民生活带来严重影响，他带领居委会一班人员逐户走访了解情况，对受灾户给予帮助，受到小区居民的一致好评！居民们亲切地称他为“实事书记”、“为民书记”，从他身上我们看到了“正能量”。恳求诸葛书记体察民情，让倪士俊书记继续留任在定海十七（二）居委会工作。盼复！,,,
黄浦区规划,待回复,城建 建言,匿***,2016-04-2617:03,尊敬的诸葛书记：您好!这几年杨浦发展非常快，城区建设日新月异，但是有一些发展不够快，上海中心城市都建造规划摩天大楼，但是杨浦没有一栋摩天大楼，希望杨浦规划一幢500，400。实在太多规划300多米摩天大楼，现在连破烂的虹口区都有320米摩天大楼，难道杨浦比不过虹口区吗,,,
7层楼老公房顶漏潮湿发霉，无电梯,待回复,其他 求助,匿***,2016-04-1416:41,尊敬的诸葛书记：您好       我们是住杨浦区营口路浣纱六村的居民。我们小区是96年的老公房，我和我先生都是已经年过7旬的老人，我们住在7层，也就是顶楼，我们家的房顶常年渗水发霉，物业也多次来过，但是始终不能根除问题。长期的潮湿发霉的环境对身体健康是极为不好的。另一个问题是这样的老公房7楼都没有安装电梯，这对于小区里的老人真的是个大问题。而且小区楼道，扶梯，窗户老旧，有些窗户甚至破损。尊敬的书记，我们想问问不知道区政府是否对象我们这样的老旧小区有改造，或者大修的计划？如果有着将是对我们这些老人最大的福音。谢谢您。      ,,,
辽源二村何时动迁？,待回复,城建 求助,匿***,2016-03-3021:10,辽源二村居住条件恶劣，早就盼动迁，一直没有消息，请政府为老百姓解决实际困难！,,,
假期做暑假工，面临开学老板不预支工资返校。,待回复,其他 求助,小***,2016-02-1309:11,尊敬的葛市长您好，我是上月23号在这里工作。我们一行三人，在这边做小时工。现在面临马上开学，眼看车票都要预售完了，向老板支钱可是他每次总是等明天敷衍了事。一直拖到现在，最近听寝室的人说工资结起来有特别麻烦。5号的时候就有前科有有人因为老板不结工资而报警，派出所有说这不关他们的事而让去找劳动局，然而我们这边合同什么都没有。这有这边老板和餐厅老板的合作关系。至此不知如何是好。我们只想顺顺利利拿回自己一个假期舍弃和家人一起过年的时间赚的的一点血汗钱。,,,
盼望安居,待回复,城建 求助,匿***,2016-01-3109:58,您好:我是杨浦区隆昌路541弄15号居民，在2005年区里来动迁，当时政策是拿钱38万，我小青年刚刚开始工作38万买不起房，选择要房，动迁组的人说要房可以，你的房屋征收后折价23万，自己补齐差价，我算算更买不起，且无商量余地，所以放弃协商，想看看最后会如何解决，从此安居生活不再，动迁停滞后再无消息。结果一拖十一年，今年已经2016年了，这期间的酸甜苦辣一言难尽，请求还我安居环境。,,,
杨浦区齐齐哈尔路第一小学周围环境脏 乱 差,待回复,城建 投诉,匿***,2016-01-2715:41,杨浦区齐齐哈尔路，济宁路 霍山路 附近环境脏 乱 差，小摊小贩 占道经营。 知道你们领导忙，哪管小老百姓死活。讲起来一套一套，搞点其他政绩继续升官发财。不多说了，说多了都是泪。,,,
“没有选举权，只有募捐权”,待回复,其他 投诉,匿***,2016-01-1215:10,我们是杨浦区长白街道安图路二弄、六弄的居民，几乎没有收到过居委会干部选举票，但是每年的一日捐有权的，问过楼组长说：街道批下来的动迁户不属于选举范围何况我们又不是动迁户，如果街道领导真是这样做的，望你们上级领导彻底查处一下,,,
友谊新村的旧里动迁改造,待回复,城建 求助,匿***,2015-12-3016:03,诸葛书记好。友谊新村是上世纪50年代的自建公助旧里，至今无卫生和独立厨房，弄内常年违章搭建已道路狭窄，住房年久失修，几代同堂居住。上世纪80年代起就已列入旧区动迁改造，至今30多年过去环境已旧，已成旧里孤岛。再次恳请诸葛书记及区长能体察民情，急我等期盼动迁改造之百姓所急，尽快将此旧里孤岛动改提上议事日程，列入动改规划，召告明示，让百姓有个时间期盼，了却子女成家之困扰，尽快共享国家发展进步之成果！,,,
严查赌博场所，还社会一和谐。,待回复,其他 投诉,匿***,2015-12-2609:01,杨浦区民京路菜市场二楼名为动漫电玩，实际为赌博场所，我一个朋友短短几个月在里面输了50多万，给亲戚 朋友造成了无法弥补的伤害，希望你们彻底的打掉这些所谓电玩的赌博场所，尤其挖出后面的保护伞，还社会一个和谐的环境。,,,
赌博机害的人家破人亡,待回复,治安 投诉,匿***,2015-10-1715:43,"我住在杨浦区延吉西路凤城二村,我家旁边有一家用网吧的名义开电子赌博机延吉西路83号好德超市楼上天城棋牌网游，我家旁边有人钱输了都跳楼了！望有关部门管一管。非常感激不尽！不要让这样光明正大的赌博在这样维护下去了！最里面还有暗门",,,
楼上领居震击扰民多年望给予处理,待回复,治安 投诉,匿***,2015-08-1808:05,来自上海和全国的领导们，我是李哲远：我要反映事情。我住在长阳路1389弄13号的305室。我们楼上也就是13号405。住着一个老人和智障的儿子。老人自从退休以来十几年，没有给邻居一分安静过。这个人是个木匠，十几年来，他和他的智障儿子一起在家里打木匠，接私活，砸我楼的地板，吵得我没法睡觉，他在家接私活，每天敲打，钻，挖，打得地板震动，噪音不止，长年累月，耍无赖，做小活，叫也叫不停，自己打家具，等等。这样已经十几年了，叫来居委会，调解了以后照样耍无赖，叫来警察，警察来了5、6次，居委来了十次，还是耍无赖，今天早上又打我地板，和他智障儿子，不停的，在家开木匠铺。把老脸都丢光了。我请区委领导给他制裁，谢谢，这是犯罪行为，已经上升到了犯罪的级别！请地方领导人帮我做主。                      ,,,
关于下放工人子女的工龄计算,待回复,其他 咨询,匿***,2015-07-2415:57,尊敬的葛区长：您好！我是下放工人后代，当初刚解放不久，跟随父母到东北沈阳支援祖国建设，并在60年代父母支 援农村工作来到了，上海杨浦区（原上海宝山县）五角场公社浣纱大队第九生产队劳动，随着我们的长大，在69响应毛主席的号召回乡插队入户，我于1969年初中毕业在当地农村工作了，从农村到村办企业，直到1995年，农村征地参加了社会保险，26年的工作经历，没有得到认可。我不知道国家政策这种情况算不算工龄？,,,
关于新江湾城上空飞机扰民的问题,待回复,环保 投诉,w***,2015-07-2114:05,尊敬的诸葛书记：    您好！    我是住在上海杨浦区新江湾城的一名普通老百姓，为了安静、环境和学区，置换到新江湾城的某小区。当然也怀着对新江湾城打着第三代国际社区称号的敬仰，不惜售掉市区的房子，拼拼凑凑买了套自认为满意的房子。    可是，最近住了后发现，新江湾城上空每2分钟都有一班飞机呼啸而过（那噪音相对新江湾的安静来说，相当的大），晚上一直持续到凌晨，早上很早起来飞机噪音就有了，频率非常之高。就因为这扰民的飞机，让我感觉这新江湾城与所谓的第三代国际社区相差甚远。我不知道这些飞机是飞往哪里的，因为这里离浦东机场还有30km。经仔细观察，这些飞机都从西南方向飞往东北方向，此处已经靠近军工路、黄浦江，飞机航道为何不把新江湾城避开，先往北飞到外高桥化工区，再飞往目的地呢？况且机场离的这么远，为何飞机在新江湾的上空还会飞这么底呢？    恳请领导关注这些问题，或实体考察下民情？让有着“国际社区”称号的新江湾城区域再次恢复以往的宁静，让此处能与古北、联洋版块进行媲美，让我们老百姓反映的问题能够着实落地！感谢领导对此问题的关注！敬请回复为盼！    ,,,
上海市杨浦区长阳路503弄动迁 ,待回复,城建 投诉,匿***,2015-06-2914:45,周边都拆迁了就这里一块不拆迁，还是用的旧马桶。。小区脏乱差，何时给拆迁？,,,
有关动迁:杨浦区长白路敦化路221地块进度？,待回复,城建 咨询,匿***,2014-11-1415:50,长白路221地块何时(确切)能拆迁，十几年了，政府难道没有明确计划让我们知道？,,,
130何时能动仟,待回复,城建 咨询,匿***,2014-08-1113:56,请问有关领导中联村的这块脏乱差的地方，什么时候才能拆迁掉？杨浦区2014年有没有具体的旧区改造计划，会改造到哪些地方呢？,,,
上海杨浦区扬州路343弄（新康里）,待回复,城建 咨询,匿***,2014-08-0309:14,     扬州路343弄，是非常老式的石库门房子，已超百年。住在此处的居民在圆美丽中国梦的同时，还在每天过着拎着马桶、几代同堂群居的生活。 居民都没有管道煤气，都用液化气。违装搭建到处可见，安全隐患严重。请问区政府领导扬州路343弄何时会运迁？,,,
路上厕所被封店面全封,待回复,城建 咨询,匿***,2014-06-2816:04,尊敬的陈，很高兴能给您留言，杨浦区市光路本来商业气息很好很热闹，现在学校房子不给经营，市光路800多号这边路边门面全封了，这条路现在到了晚上冷冷清清，不但影响这边很多商户的去处，还影响周边居民的生活不便，更气人的是这路上唯一一个厕所被封了，现在上厕所成了难题，这边商场到下午就关门，没有厕所晚上很多人都在路边方便，请严重对待，谢谢您,,,
噪音扰民,待回复,环保 求助,匿***,2014-06-1913:48,"区政府领导好！本人居住辽源西路90号502室临街老式公房，对街开了间水果店（全而廉水果店）此店已从业6,7年了，每天不管几点开门（最早早上6点就开门了，一般是7点）一开门就几个营业员大声叫卖，一年365天，天天如此，天天在睡眠中被惊醒，我们向街道，房东也反映了情况甚至和店主营业员也都打过招呼，报警也不下几十次，但每次都是不了了之，情况依旧，今年4，5月份下楼也和他们吵了两架，我们希望早上8点前不要大声叫卖，不要影响他人的睡眠，110警察也出面进行调解，这样总算早晨可以睡个安稳觉，但是好景不长，不到一个多月，现在又开始了，实在不想去吵架，我想国家自有法律法规，只能求助政府出面干涉一下还我居民的清静，谢谢！（以上情况可向本楼全体居民核实）",,,
平凉街道旁不到20米开设赌场,待回复,治安 投诉,匿***,2014-04-0409:39,  陈书记您好，不好意思冒昧打扰您，我想反映个情况就是在平凉街道旁不到20米开设了一家赌博机房在平凉路307号生意兴隆有8太大型游戏赌博机，很多家庭因此而走向不归路，几次报警警察也就是走个场，老板号称给警察规费不怕警察来查，非常气愤，情况就是这样，麻烦陈书记查明事实,,,
何时拆迁,待回复,城建 咨询,匿***,2014-03-3008:21,你好，我想问下杨浦区临青路杭州路建设小学这里什么时候拆迁啊？,,,
方子桥,待回复,城建 咨询,匿***,2014-03-2615:32,方子桥113A块已经动迁的差不多了 居民们都很配合 并且还刷新了杨浦动迁的记录 这里的居民都等到10多年了 现在旁边的东方子桥很受影响 老鼠繁多 家里的墙壁都裂了越来越厉害 希望快点启动下一批！居民们都在期盼 早日有个新家！,,,
要求市长把5户合用的煤卫，改建成独用。,待回复,城建 求助,匿***,2014-02-2113:59,我是杨浦区江浦街道辽源二村1号的几十户住户之一，只有辽源二村1号的住户都几十年了，一直是5户合用一个灶间，一到烧饭就拥挤无比，且卫生状况糟透了。一间厕所也是5户合用，连洗澡的地方都没有，真乃其臭无比，环境脏乱差，东西失窃，影响团结。住户都愿意出资三分之一要求市长、书记帮助改建居住条件。谢谢您们了！！,,,
关于济宁路457弄拆迁,待回复,城建 咨询,匿***,2013-09-3009:54,"您好,陈书记!关于杨浦区济宁路457弄何时可以拆迁来改善居民的生活质量那里已经是房龄很久的棚户区,化粪池什么都没长期都有人自己建造违章建筑,真怕哪天会有坍塌事故.今年或明年内有动迁计划是否可以告知",,,
人均住房不到5平方的旧宅，何时能见阳光？,待回复,城建 咨询,匿***,2013-08-2610:07,"您好，我是居住在杨浦区平凉路定海路--军工路段老公房的居民，人均住房面积不到5平方米，无卫生设施，公用厨房。条件好的原居民都买房搬走了，剩下大半都被外来人口合租，使得卫生环境,治安环境一塌糊涂.老宅特色:冬冷夏热,临靠马路,随重型车经过,整幢楼都一起抖动.今年夏天房间内不开空调都无法待.太揪心了,我想问问旧区改造的步伐什么时候能到147街坊?80年代末搬迁进来至今,听闻动迁数回,失望了数回.父母年龄大了,身体一直不好,希望能早日享受阳光政策,搬进新宅,改善居住条件.达到本市人均住房标准的范畴.",,,
殷行街道市光一村68号生活用水污染问题,待回复,环保 求助,匿***,2013-08-2115:17,"    殷行街道市光一村68号居民楼2012年为配合政府为民造福工程进行二次水管改造。    但是事实并非为民的自来水带来水质的改善,三楼以上的居民吃水仍旧得从一楼公用水笼管中提取，相当不便。其中问题的实质是二次水管改造工程只是做了水管改道、水表外移，而重点的水库（有渗水问题）则不作任何修整。   目前居民反响较为激烈，认为所谓的为民造福工程到底是为改善水的质量，还是仅限防止居民偷水？    就此敬请区长能为民众的生活实际问题过问一下，我们的老百姓会感激您的。",,,
