小区内违章建筑，多年没人拆除,待回复,城建 投诉,省***,2019-11-2815:10,杨浦区双辽新村小区内违章建筑，几十年都没人来拆除，没人管，居委会放任不管，无人拆除，双辽新村小区16.17.18号楼楼下连着一排违章建筑已经几十年，小区车位紧张，人都不大好走，违章建筑就是不拆，是领导不知道，还是无人敢拆？谁提供的保护？希望领导拔出这一排的违章建筑,,,
民警不作为，未做到为民服务,待回复,治安 投诉,慧***,2019-09-0415:29,四平路1028弄公交新村为老小区，只有一条环形道，车主乱停车，打挪车电话没有回应，打110，民警说没有执法权这事找物业去反应，他们只能打电话让车主帮忙开走，民警不仅未对车主批评教育，还对报警人以车技差多次讽刺。领导，首先车主停在不该停的位置，民警还要我们用求的态度来让车主挪车，助长不良风气，乱停车的问题不但没有解决，反而越来越严重，作为民警就算没有执法权，起码应该有正义感，知道是非对错，但我们的民警连纠正错误，教育的义务也不存在了吗？其次，民警没有执法权，踢给物业，物业就有执法权吗，这样不负责，不作为的态度，实在愧对警服！希望领导能够关注一下，尽快让有关部门落实解决方案，对于民警这种不负责不作为的态度予以处理，感谢领导！,,,
杨浦区早教机构陆续关闭 导致家长损失惨重 ,待回复,教育 求助,L***,2019-07-2317:10,尊敬的领导：你好对于一个双职工的二胎家庭，相信能够有一个白天托付三岁以下宝宝的机构是我们也是很多其他家长的迫切需求。为了照顾好宝宝，在市政府公办托幼机构不足够的情况下，无奈我们也是报了私立的全日托机构培正逗点。但是报班没有多久，培正逗点就突然宣布关闭并停课，经过一段时间调整，号称是宝知成接收了培正逗点的学员，能继续在原来的地方上课家长们当然表示都很乐意。但是没过多久，杨浦区Z18广场的宝知成又宣布停课，最终的协调方案是转课至黄兴路九隆坊的宝知成，虽然交通比以前远一点，环境相对差一点，但是家长还是勉为其难的接受了，这才上没有一个月，故伎重演，又让学员转至国定东路的辛格儿托幼中心，并且该中心刚装修不久，中心内味道非常的强烈，家长已经非常不满了，但是还是有部分学员坚持上课，一个月没到，这下故伎重演*2希望区领导能够对此事进行严肃查处，这不但涉及无证经营，在关门前还是在促销吸引其他家长，个人觉得是否涉及商业诈骗？里面法人关系复杂，导致家长追责非常困难，经济损失是一方面，另一方面，有些孩子目前在家无法上课也影响到了家长的工作状态。望区领导能够给每个有孩子的家庭和无奈的家长一个解决方案。非常感谢！,,,
五角场街道擅自取消法规规定的业委会换届审计,待回复,政务 建言,匿***,2019-06-2719:41,区长你好，希望这封信你本人能看到并重视，而不是七年来30多封信直接转街道而无人过问一样走过场作秀。我们是纪念路289弄三湘世纪花城的业主，我们业委会2010年第一次换届，街道换届指导小组擅自取消法规规定的维修基金公益收入的审计，2015年第二次换届，街道又一次重蹈覆辙。2012年起，部分业主开始写信要求看到审计报告，但到今天也没有看到，街道和区房办互相推诿，说他们平级，不可指挥对方。区长：对你来说，他们都是你的属下，你对九年前街道乱作为擅自取消审计，九年来不作为倒浆糊怎么看？2016年，我们得到了审计工作底稿，底稿中看到，我们业委会二届十年中有321.6万维修基金和94万公益收入支出没有合法手续，区长：你对负有监督维修基金的区房办在十年中这么多的钱在他们的监督下出去了怎么想？还是再一次转街道让他们继续捣浆糊？#业委会#,,,
小区业委会主任应该要先培训后上岗。,待回复,政务 建言,匿***,2019-06-2510:25,小区业委会主任因没有培训过，不知道该做什么事，我认为第一根据合同规定的标准核查，第二管好业主的钱，第三最好是党员。现在有些主任好像当了小区领导，滥用职权谋私利。##,,,
长白三村小区124栋楼走廊窗户锈蚀严重,待回复,城建 建言,关***,2019-06-1310:54,长白三村小区124栋楼楼道里随便堆放杂物无人清理，墙面非常脏。还有一些住户把排油烟机的烟囱安在楼道里，造成空气污染。走廊钢窗锈蚀严重，存在极大安全隐患，楼梯扶手护栏底部锈蚀严重。望有关部门切实负起责任，给百姓营造一个安全整洁的居住环境。,,,
关于杨浦区新江湾房管局,待回复,治安 求助,W***,2019-05-3010:36,尊敬的谢区长你好:我们是杨浦区江湾城路1299弄橡树湾小区居民。我们小区坐落在美丽宁静的新江湾城。小区由央企华润投资建设，总共有1392户居民。小区第一期交付已经十年，物业公司至今仍是华润物业。在小区业主和物业公司的共同努力下，我们小区干净整洁，尤其以高绿化率称雄新江湾，是全体业主心仪的家园。由于历史原因，我们小区车位配比标准还是2005年土地出让时候的1:1。但是在广大业主和物业公司的共同努力下，在不开放全部地面车位的前提下，小区能保证每家第一辆车停进地下车库，以确保小区地面绿化、景观道路完好、确保老人小孩在小区内通行无忧。但是2018年以来，有个别业主为了让自己家里第二第三辆车停进小区，持续不断地前往新江湾街道和区政府纠缠，用尽各种方式，无视绝大部分业主人车人流的意愿，要求开放全部地面车位。新江湾街道和区房地局为了息事宁人，在没有深入小区对大多数业主进行摸底调研的前提下，采用处罚物业公司的粗暴办法，直接行政指令开放地面停车位。已经在小区引起了恐慌和愤怒！请问到底是几户业主的第二第三辆车重要还是1300多户绝大多数业主的安居乐业重要？小区地面车位属于全体业主共有，绝大多数业主不同意开放，有关部门于法于理凭哪一条可以违背绝大多数所有权人的意见下行政指令？我们强烈要求杨浦区政府有关部门认真听取橡树湾广大业主的意见；暂缓执行行政指令，还华润物业一个公道。同时敦请新江湾街道全力指导督促橡树湾小区召开业主大会、成立业委会；明确小区地面车位所有权属于全体业主，只有业主大会才能决定地面车位的使用管理办法。请杨浦区政府还我小区安定团结。杨浦区橡树湾小区绝大多数居民2019年5月30日,,,
滨江综合公交枢纽站点要合理规划及时有效使用,待回复,交通 建言,何***,2019-05-2519:23,区长你好！我是杨浦滨江带居民。近年来滨江建设发展给百姓带来实惠。现期待滨江综合公交枢纽站点要合理规划，更要及时有效使用。江浦路杨树浦路口正在建地铁和越江隧道，期望尽早规划和兴建一个综合公交枢纽站点，将丹东路轮渡站、渔人码头地铁站等，能与70路、80路、960路、37路公交车终点站集中规划在一起，形成换乘优势，方便群众。同时，也解决现有终点站长年来对居民区和学校的干扰及影响安全之苦。还有，秦皇岛路综合公交枢纽站早已建成，至今闲置，应尽早启用，方便市民。谢谢！,,,
老小区室内装修 六点就开始 噪声巨大严重扰民,待回复,环保 投诉,G***,2019-03-2014:27,区长您好: 我是一名普通的居民，由于近日生活受到了非常严重的噪声污染，实在无法忍受，特向您反应，还望得到帮助解决。事情是这样的杨浦区武川路222弄住宅小区13号丙楼501室内装修，砸墙钻地声音非常大，早上六点就开始，严重影响睡眠以及工作生活，已经住人的老小区本就禁止大规模的装修，况且砸墙钻地这种动静非常大，恐怕哪天家里的房顶都要掉下来了，希望对方能够降低噪声并在合理的时间装修，还给居民一个安静的居住环境。,,,
杨浦区拆迁规划,待回复,城建 咨询,猪***,2019-03-1316:51,谢区长您好，我是住在杨浦区贵阳路的老上海人，在贵阳路生活了42年，现在的贵阳路简直可以说是脏乱差的代表，有名的棚户区，没有煤卫设施，许多家庭还在用马桶痰盂罐，冬天只能去大众浴室洗澡，夏天就在路边洗，房屋年久失修，马路越来越窄，居民生活很不方便，上海做为国际性大都市，发展越来越快，但我们这些住在棚户区的老百姓居住条件很差，许多人盼拆迁已经好多年了，请问2019年贵阳路有动迁计划吗？希望政府不要忘了我们,,,
长白三村小区住宅楼内公共部位急需改造,待回复,城建 建言,关***,2019-03-1208:11,长白三村属于老旧小区，走廊内破旧不堪，希望政府能尽快给予改造，改善居民的居住环境，提升市民的生活质量,,,
长白三村改造,待回复,城建 求助,U***,2019-03-0909:18,领导好！长白三村房子顶楼的都在漏水，物业维修都是简单的处理，过段时间都不行了，家里都漏水很大，希望领导能重试，希望能大修一下或者加建房顶。谢谢领导！,,,
关于房子过户,待回复,政务 求助,W***,2019-03-0618:05,我妈爸原有一套房子，产证名字当时只写了我爸爸一个人，可我爸爸74岁的时候去世的，去世已有15年了，我妈妈年纪也大了，现在想把产证转到妈妈名下，可是去了房产交易所，他们要爸爸的父母死亡证，可是我们生出来都没有见到过爷爷奶奶，而且爸爸兄弟姐妹都去世了，我们去哪里开这个证明，妈妈为了这事也搞得精神不振，想不通，本来就是夫妻，转个产证这么难吗，请问有什么好的处理方式，谢谢,,,
上海市杨浦区开鲁路382弄,待回复,城建 投诉,逆***,2019-02-1310:56,上海市杨浦区开鲁路382弄47号601住户，长期饲养了几十只鸽子。在公共的楼道上堆满了鸽子饲料，味道非常难闻；鸽棚搭建在天台上，属于违规搭建。这些鸽子每天早上酒开始咕咕叫，吵的人睡不着觉，该男子经常往楼下乱扔垃圾烟头。每天，这些鸽子都是在小区里乱飞，弄的居民的阳台上、晾衣杆上等地方都是鸽子、鸽毛。窗户根本没法开，因为开了就是一股难闻的臭味，夏天更是臭气熏天。601的住户，只顾自己的兴趣爱好，根本不管别人的死活，太过分了。关于这个问题！希望领导能给予重视！,,,
违法建筑房何时才能拆除,待回复,城建 投诉,y***,2018-11-1107:45,杨浦区区长谢坚钢，你好：     反映杨浦区四平路1777号四平科技公园里有一排无证违章建筑。具体位置在在公园的最深处，走到铁桥附近，右手边铁门处有一排违章建筑。违章建筑旁存在脏乱差现象，还有违规种菜现象。国际博览会即将在上海举办， 希望有关部门整治这一脏乱差现象，拆除影响城市形象的一排无证违章建筑。 ​​​​,,,
违法建筑房何时才能拆除,待回复,城建 投诉,y***,2018-11-0508:00, 杨浦区区长谢坚钢，你好：    反映杨浦区四平路1777号四平科技公园里有一排无证违章建筑。具体位置在在公园的最深处，走到铁桥附近，右手边铁门处有一排违章建筑。违章建筑旁存在脏乱差现象，还有违规种菜现象。国际博览会即将在上海举办， 希望有关部门整治这一脏乱差现象，拆除影响城市形象的一排无证违章建筑。 ​​​​,,,
拆除影响城市形象的一排无证违章建筑。 ​​​,待回复,城建 投诉,y***,2018-10-2516:00,杨浦区区长谢坚钢，你好：     反映杨浦区四平路1777号四平科技公园里有一排无证违章建筑。具体位置在在公园的最深处，走到铁桥附近，右手边铁门处有一排违章建筑。违章建筑旁存在脏乱差现象，还有违规种菜现象。国际博览会即将在上海举办， 希望有关部门整治这一脏乱差现象，拆除影响城市形象的一排无证违章建筑。 ​​​​,,,
上海中谷小金冻结客户资金,待回复,金融 求助,p***,2018-09-1009:08,上海中谷小金强行占用客户资金，投诉无门，上海银监局说不归他们管。走投无路不知道怎样要回自己养命钱！！！,,,
8.23盛世御珑湾火灾有关部门至今没说法,待回复,政务 投诉,W***,2018-09-0709:27,8.23晚杨浦区五角场镇街道盛世御珑湾发生火灾，至今物业以及相关部门未给小区全体业主完整详细的情况说明，几次约的沟通会也一再取消，一个小小的电线短路就可以把200多年历史的巴西博物馆烧毁，哈尔滨酒店死亡惨重的大火还历历在目，但是我们的物业管理和相关部门，只是把这次火灾描写成轻微火灾，这种麻痹大意的态度，将来肯定还会酿成重灾，为防患于未然，我们业主有如下诉求:尽快召开关于8.23“盛世豪园二期11号火灾”沟通会参会人员：受灾楼宇所属居委会、警署代表；受灾楼宇开发商、物业代表；业委会筹备组代表、受灾楼宇业主代表、盛世豪园二期业委会筹备组代表、盛世豪园二期其他业主代表火情经过：2018年8月23日晚七点左右，闸殷路889弄11号1601室业主发现家中断电，呼叫物业十余分钟后未见有人到场处理，即前往位于消防通道的电表间查看，发现火情。由于火势较猛，在同当时已到场的物业工程部人员找寻灭火器材未果后，当即关闭防火门，通知同楼层邻居下楼避险并报119火警。同时，物业工程部员工通知保安，拿灭火器灭火。消防到达前，火灭。受灾楼宇业主诉求：事故楼宇在交房两年之后即发生这样的火灾事故，确实令广大业主感到惶恐。同时，事隔近一周，小区物业对于火灾原因公示、灾后居民的安置措施、受灾区域重建恢复、小区火情安全隐患排除举措等灾后工作推诿拖沓、毫无进展更令广大业主感到寒心与不安。时值上海市委书记李强同志下达“集中开展新一轮由‘属地主导、部门联动、媒体参与’的消防安全大排查大整治行动”指示精神之时，受灾业主无奈之下寻求居委会帮助，并综合整理相关诉求如下：关于火灾原因：强烈要求公示由消防机构出具的火灾责任认定书，明责定责。受灾居民损失赔偿：1、11号11楼以上受灾重点区域居民由于居住环境恶劣导致的直接费用支出；2、11号11楼以上受灾重点区域居民由于火灾引发的精神疏导及损失费用；3、重建、修复受灾区域所需的相关合理的直接、间接费用支出。由火灾显露出的小区消防安全措施缺失整改要求：小区所有电表箱的安全隐患排查，并公示进程及结果；按相关规定增补楼层灭火设备；设置消防通道安全出口指示灯；清理步行街违法停放车辆；制订并落实消防设施定期维护和专业检测等规章制度；制订小区灭火和应急疏散预案；制订用火用电安全管理制度。希望相关责任机构、监管组织能在此次灾情中看出问题，藉此展开全面深入、细致彻底的大排查。													2018年8月27日,,,
上海杨浦颐高数码,待回复,文娱 投诉,W***,2018-08-1422:45,您好，于2016年7月上旬到杨浦区颐高数码修电脑，一楼华硕电脑，店家有一个店员，让我先交钱，后再次让我交钱，我要离开，他们扣留电脑，并且对我安全威胁，我与他发生肢体冲突，后来经过协调，但是电脑拿到后被发展内存缺失，并且之前扣留的五百元人民币没有还给我，电脑没修。最后我看到杨浦颐高数码已经是恶名市场楼上就是工商局，一直没有得到整治。,,,
关于殷行街道国和二村停车位的问题，迫在眉睫！,待回复,交通 建言,国***,2018-07-0309:03,区长先生您好，我是殷行街道国和二村的一个市民，最近几年感受到了上海各方面快速的发展，也受到了惠及并添置了小车，可是小区车位占用严重，现在小区车辆保有量肯定大于车位数量，可是小区物业还实行一车一位，这显然无法满足新增车辆，并且每个车位几乎都放有阻碍物以示有主，这样一方面无法做到车位的最大利用率，一方面也存在安全隐患（老人绊倒、车辆撞上障碍物等），且还会影响邻里和睦，有时为了一个车位引起矛盾吵架时有发生，我建议可以效仿其他小区，实行先到先停，这样车位的利用率可以最大化，且撤销所有因占位的障碍物，还大家一个和睦安全的小区。以上是我个人的一些管孔之见，可能有些问题上考虑还不够成熟，请领导指示！夏安！,,,
正文花园一期停车问题,待回复,其他 投诉,W***,2018-06-2409:35,区长您好，该小区共有车位被长期非法独占，现在矛盾日益突出，由此产生各种乱象，我们小区取消所谓的固定车位为什么这么难？,,,
保护好——一座逾百年的排联式外廊式建筑,待回复,城建 投诉,y***,2018-05-0822:02,杨浦区区长谢坚钢，你好：    反映杨浦区优秀建筑福禄街199号-209号 （被列入“上海市第五批优秀历史建筑名单“，编号YP-J-015-V，建于建于1912年 ）已动迁，但房屋三年多经受了风吹雨打的，请救救和保护我们国家的遗产-优秀建筑，如再没有人去管理和实行保护，窗户大开着，有些已经脱落，任其风吹雨打损坏，到时候难以修复，恐怕这房子也保不住了。   希望杨浦区文物管理部门关注此问题，尽快建立完善其保护机制，将“优秀历史建筑”保护工作落到实处，从政策、资金等方面获得支持，落实保护责任和保护经费，有效保障“市级文物保护住宅”的相关“合法权益”。 ,,,
西方子桥地块何时动迁？,待回复,城建 求助,落***,2018-03-2416:15,区长您好！西方子桥地区动迁组来了又走，十几年下来老人走了一批又一批何时才能真正拆掉。这里普遍人多屋少为了避免家庭矛盾象我这样常年在外租房的也不在少数。在繁华的大都市下这种没有卫生设施，电线私拉乱接，液化气钢瓶随意使用，违章建筑林立，道路狭窄，流动人员混杂的“滚地龙”地块安全隐患让人胆战心惊。当孩子告诉我，他也不愿意住在这里的“家”时，您能体会我当时心中的感受吗？！希望“民生”的春风可以尽早惠及这个地块。而不是有动迁组来过了就算拆过了，走形式主意，希望做一项就要做实做好一项，等待春风……求关注。,,,
宠物店扰民。,待回复,环保 投诉,l***,2017-10-1914:05,本人在10月3号的时候。投诉过我们小区里有一家宠物店，名字叫做龙姐的宠物店。因为她店里面有一条狗，经常扰民。让人没有办法，正常。休息。每天晚上都会叫，而且凌晨也会叫。一叫就是半个小时以上因为我家里有老人高血压的，听到这样可怕的声音会睡不着的，它的叫声狼不象狼狗不象狗很怪的声音，最怪的事怎么会开宠物店开在小区里面，我敢肯定没有经营执照。所以才选择开在小区里面。按正常人逻辑来想。有这些执照的话。肯定会找一家大的门面。开在比较显眼的地方。但是他这家店现在一开。扰民到多人啊，我们家楼上就一直有人说这家店的狗怎么一直叫的，最可恨的是我们小区经常有狗乱拉屎乱小便。感觉很恶心。经常有人，带狗到他们店里面去洗澡。洗好澡出来的狗，都是在地上拉屎拉尿。狗拉好屎之后又没有人清理。我搞不懂，人也应该懂的吧！所以希望领导你，可以派抓狗队。把一些没有户口的狗都抓走。我经常，上晚班，回家，已经踩到过两次狗屎了。就感觉恶心。谢谢了地址是杨浦区，鞍山四村第三小区。龙姐宠物店。 ,,,
辽源新村何时动近,待回复,城建 求助,匿***,2017-05-2718:05,我是辽源新村的居民，我们小区，实在没办法住，天天倒马桶，下雨外面大雨，家里小雨，环境又差，房子又破又旧，老鼠满房跑，我希望市领导早日解决我们的住房问题,,,
动迁安置房,待回复,城建 求助,匿***,2017-05-2415:23,尊敬的区长您好： 我是杨树浦路409号的居民 在2014年底 已动迁  动迁安置在年吉路 美兰润苑  动迁安置的钱已全部付清 不知什么原因至今一直无能进户 动迁过渡费也才刚刚发放  现一直在外租房住 实属不便 （走了几个部门没有理会） 真的是很惶恐很担心很担心国家给予的动迁安置房会没有 已经走投无路  恳求区长在百忙之中能处理一下 谢谢！谢谢！！,,,
辽源新村何时动迁,待回复,城建 投诉,匿***,2017-05-2016:53,区长，你好，我是辽源新村的居民，我们小区又脏又乱，卫生设备没有，这个年代还倒马桶，夏天到了，苍蝇，蚊子多，房屋下雨就漏，我想请问区长，何时能解决我们的居住环境。,,,
小区车库违章改建成出租民居要求恢复原样,待回复,城建 投诉,匿***,2017-03-3008:18,领导您好：杨浦区铁岭路10弄14号底楼的车库、现在私自改建成多间民居用房，长期用来对外出租，还自编门牌号码。里面没有任何安全设施，严重影响楼上的居民的居住安全，并且还扰民。小区物业也不管。只能求助区委领导予以整治、这种利用车库改建的违章建筑。,,,
旧式小区，环境脏乱差,待回复,其他 投诉,匿***,2017-03-0415:01,邯郸路500.524弄是煤卫合用的老式小区，很多居民买房后搬出小区居住，将公租房屋出租，以至于小区内群租现象严重，环境脏乱差，公用厨房，卫生间，防火防盗措施差，毫无隐私可言，安全隐患众多，自来水表由于合用造成几年内一直拖欠，无人解决。希望政府和领导多加关注一下,,,
大规模，组织性强迫诱骗未成年女卖淫,待回复,文娱 投诉,匿***,2017-02-2216:41,上海市杨浦区黄兴路1888号华美达，好德便利店对面，小门进去，很隐蔽，大规模组织卖淫嫖娼，附近就是学校，居民严重影响了附近青少年儿童身心健康，和扰乱居民生活…,,,
良心,待回复,其他 咨询,匿***,2017-02-2110:57,我在杨浦区秦汉唐拍卖有限公司一枚铜钱说值百万，让我交前期费用两万 ，签合同一年，不成交返还19200，我想解除合同，请问能不能把前期费用要回来，不想被诈骗,,,
河间路宁武路口瑞意网吧内有赌博机,待回复,治安 投诉,匿***,2017-02-1310:44,河间路宁武路瑞意网吧内有大量赌博机。很多人在里面输了几十万，多次投诉无果。希望早日取缔。,,,
请问领导蒋家浜小街什么时候动迁,待回复,城建 求助,匿***,2017-01-2410:00,请问蒋家浜小街到底什么时候动迁呢，等着盼着30年了，父母人现在早已花白，环境极其艰苦（至今还用痰盂，老人每天去公共厕所，弄堂狭小，120救命车都开不进来，万一有火灾，119就更别想进来了），求领导能尽早把蒋家浜动迁，让父母一起享受改革开放的成果。,,,
上海变化真大，杨浦变化更的，我的家没有变,待回复,城建 求助,匿***,2017-01-1622:26,平凉路军工路沿马路边，路边电线象蜘蛛网一样，房子间距离很窄，十分危险，卫生条件差及了，马桶没有地方倒，居民生活苦不堪言，有些房子快要坍塌了，这里的居民也想感受改革红利，领导有空看一下,,,
上海市杨浦区,待回复,城建 咨询,匿***,2017-01-0113:57,杨浦区长阳路5O3弄何时拆迁。周边都拆了。就我们这里还倒马桶。一影响市容。二老百姓生活在这样破旧的房子。,,,
多次通过110报警电话举报赌博场所无效,待回复,治安 投诉,匿***,2016-12-1215:36,位于杨浦区平凉路1696号开设的动漫城有多台打鱼机、牌机经过多次110电话报警举报均无效果，报警后是有警察进去看过但都没任何结果，不知该场所是否和当地派出所有所关系,,,
控江路888弄1号,待回复,城建 咨询,匿***,2016-12-1213:57,尊敬的区长好：        我是控江路888弄1号的居民，五几年的房子，现在一家三口全部挤在狭小的空间里，一直说要拆迁，想请问区长，有没有规划进行拆迁，改善老百姓的居住条件，谢谢,,,
关于杨浦区长白三村小区停车难的问题,待回复,交通 咨询,匿***,2016-12-1210:44,杨浦区长白三村小区这种老式小区，停车问题很头疼，晚上6点左右回去，基本车位都没有。像这种旧小区是否能将一些绿化地带改造成停车位，增加一些停车位。解决居民的停车难的问题,,,
松花江路黄兴路口，人行横道线被侵占。,待回复,交通 求助,福***,2016-11-2120:17,尊敬的谢区长：    你好！我想反映一个情况，位于松花江路黄兴路口的人行横道线，在上下班早高峰时间段，经常被一些喜欢抢道的非机动车侵占，几乎无法行走，行人及接送小孩的老人，只能绕行，非常不便，希望能有所改善，谢谢！,,,
长白三村会动迁么？53年的旧小区了,待回复,城建 咨询,匿***,2016-11-1713:28,区长。您好。我是一个小老百姓。想咨询下您。长白三村有机会动迁么？5几年的房子93年翻建的。地基老的都不行了。有机会改善一下居住条件么,,,
居民居住地无证烧烤餐饮扰民投诉并求助,待回复,环保 投诉,匿***,2016-10-2810:43,敬爱的领导，您好！1、	我们是位于杨浦区辽源西路213号、215号、217号街面房楼上居民，这里沿街一楼，长期以来“居改非”现象严重，从去年10月份开始至今，陆续出现几家无证经营的餐饮店，如“无烟烧烤”、“串串香”，至今还在呈不断增加的趋势；2、	因为居改非，一楼房内的隔墙全部打通，二楼以上居民的居住安全受到严重影响；无证经营的烧烤、餐饮产生的油烟让我们下班回到家无法开窗通风，严重影响居民的正常生活；同时辽源西路上的道路畅通收到严重影响，交通隐患特多，110已经出动过多次。3、	近一年来我们分别向物业、城管、工商、环保、街道、12319、12345、杨浦区信访等投诉、求助，除了跨门营业情况得到暂时性的缓解之外，其他均无效果。因为经营餐饮租金高，在利益驱动下，街道各部门又表示无力取缔，从事无证餐饮的情况将越来越严重。4、	我们在多方投诉无效的情况下，只能求助市长：第一无证经营为什么不能依法取缔；第二居民集中居住地，烧烤餐饮扰民这个社会顽疾为什么越演越烈：第三外省市坚决取缔无证烧烤，取得很多成功经验，上海虹口区目前也加大了管制力度，而在上海这样一个国际大都市，尤其是杨浦区，面对无证经营就那么无能为力，束手无策呢？第四，难道真的就像某些执法工作人员所言，因为无证，我们无法也不敢动他，只能劝说，有没有效果不能确定吗？我们求助市长能帮帮我们，能够依法办事，坚决取缔这些违章的居改非和无证经营，还我们居民一个安全、健康、正常的生活环境。5、 有证经营的小餐馆好管，无证经营的反而无人管，对这种现象该如何解决，其实对无证经营餐饮的，工商、环保、食药监管部门都可以管，但大家都不肯管，这是造成目前无证经营餐饮且扰民的主要原因。,,,
旧房改造,待回复,城建 咨询,匿***,2016-10-2113:41,区长你好！我是杨浦区杨树浦路2843弄11号~23号居民我们的房子是解放前亚西亚公司建的都有1百年历史了破旧不堪很多处木头已烂老鼠泛滥房屋开裂这么陈旧的房子什么时候能拆,,,
清洁工每天半夜铲垃圾扰民,待回复,环保 求助,匿***,2016-10-1413:34,谢区长您好:我是百般无奈之下才来找您的，我是杨浦区凤城三村100号甲的居民，每天凌晨三点半清洁工用铁铲铲垃圾发出尖锐刺耳的巨大噪音，打扰附近居民睡眠，经向居委会与物业反应情况无果，望处理，谢谢!!!,,,
建于50年代的控江五村年久失修,待回复,城建 求助,匿***,2016-09-2713:55,控江五村建于上世纪50年代，我住在这里已经30年了，至今还没有独立的卫生间，是三户人家合用的，小区环境也是脏乱差，和现在锐意改革的现代化杨浦不符，希望能尽早改建，改善我们控江五村居民的生活条件。,,,
定海路449弄3代人挤在一起 求助,待回复,城建 求助,匿***,2016-09-2614:13,区长你好 我从小在449弄长大 现年27岁 我们这2000年初就开始说要拆迁 至今已有10多年 身边的小伙伴都因为住房原因 结不了婚 被别人嘲笑滚地龙 如今后悔当初没有咬咬牙 去外面 而相信年年所谓的拆迁消息 如今449弄用的还是马桶 好多外来务人员群众 乱搭建 偷盗 黄鱼车乱停放 开设酒店衣物桌布洗涤 到处挂着 环境不敢想象 家里老人也是行动不便 辛苦一辈子 还没能改善最基本的生活条件 希望您能关注我们 谢谢谢谢再谢谢 我们活的很苦很苦,,,
新江湾城往浦东方向交通出行问题,待回复,城建 建言,匿***,2016-09-2117:19,尊敬的区长：您好！作为科创中心重要承载区的杨浦，是我们居家置业的理想选择！新江湾城环境优雅，生态良好，是居家首选之地。可是困扰居民的一个难题就是交通出行问题。目前新江湾往浦东、杨浦南部方向大部分选择从五角场国和路上中环，或者从殷行路经军工路上中环，白城路市光路上中环等。现实问题就是几条道路都从居民聚集区经过，道路狭窄、两边商铺林立，缺乏隔离栏网，车道非机动车道混杂，商贩占道经营现象普遍存在。每天进出江湾城，都是几段道路成了瓶颈卡口，耗时将近上班行程时间的一半。所以建议呼吁区政府重视该地段道路优化和管理，疏通瓶颈。如新江湾东北区域，开通江湾城路到军工路通道，殷行路早晚高峰开通潮汐车道，车道和非机动车道加装隔离栏，交警加强值班等综合手段，化解交通矛盾，方便市民出行。,,,
非法游戏厅和网吧。影响未成年人希望管理一下。,待回复,治安 投诉,匿***,2016-09-0607:09,你好，我想举报控江路2234号旁边有一个网吧，里面有未成年人上网，里面还有堵机器，每天那边都聚集好多人，非常影响这边居民，那边玩的人非常多，有的离谱的都把房子钱输掉啦，还有把一年工资输掉啦。之前警察也去过，关几天门，过俩天又照常开。希望有关部门的解决一下。为上海解决一害。那个游戏厅牌匾写的是网吧台球，在二楼。,,,
杨树浦路1991弄到底如何安置,待回复,城建 咨询,匿***,2016-09-0522:56,你好，领导：我是杨浦区杨树浦路1991弄的居民，我想问这里到底是什么安排，有的说动迁有的说这片保护起来，能不能到底给个说法，大家都盼望着能得到一个好的安置！谢谢,,,
还百姓安宁,待回复,环保 投诉,匿***,2016-09-0317:18,控江四村沿松花江路的底楼违章破墙开店，加工吵声扰民很多年，请有关部门来查查,,,
军工路附近希望增强管制,待回复,交通 建言,匿***,2016-09-0213:16,由于是学校附近，行人流量大信号灯时间太短了，过马路必须小跑而且附近居民区也有很多老人，过马路得分2次信号才可以通过。希望有关部门可以改善一下，谢谢！,,,
关于阜新路284弄脏乱车和噪音问题,待回复,其他 求助,匿***,2016-08-3012:20,您好领导；  今年我小区业主多次反映阜新路284弄小区十几年脏乱车问题，虽然现在街道书记程X光再三的协调下，街道各部门象征性 的稍微动了一下，但是问题依然还是原样。造成小区脏乱差主要原因是隔壁小区的上海美城农贸市场二十多辆卸货汽车，在我小区用多辆废弃黄玉车肆意抢占车位，乱扔垃圾。更恶劣势在8月14号，小区有一个老人跌倒后打120救护车，被美城菜场车辆挡在小区外面进不去，“菜场卸货人员还理直气壮说我在卸货怎么啦，凭啥要让”现场群众很气愤，但是也无可奈何，小区盛传该菜场有黑社会背景。救护车抢救人员只得把救护车停在鞍山支路上跑步用担架进小区抢救病人。如果是小区着火的话后果不堪设想！！1小区居民已经多次反映到街道和区信访半年多，并也给区长谢坚钢写信希望能彻底解决困扰小区多年的问题。四平街道办是上海美城农贸市场菜场的房东，作为政府有责任很义务保护公民的义务和责任。更何况还是房东！备注；该小区属于鞍山路310弄居委会。新来的总支书记周X华亲力亲为，但是无奈居委会主任什么事也不做，在背后搞小动作，专门挑逗小区业主之间关系，我们有很多证据，有些证据已经涉及到违法行为了。另外我们和程X光书记沟通几次，书记也是大力支持我们合理诉求。但是到了街道各部门来实施整改，就在忽悠了。而且有一个奇怪的现象，一听老百姓说道美城农贸市场就噤如寒蝉，马上把话题转移，难怪老百姓盛传该菜场老板有黑的背景，黑白二道通吃，严重的影响了党和政府的形象。    ,,,
动迁,待回复,城建 咨询,匿***,2016-08-2622:52,区长 你好 我是周家牌路的居民 我们这里的居住环境可想而知了 天天倒马桶 外面大雨里面小雨 又窄有陡的楼梯年轻人走起来都很不方便 何况老年人呢 前段时间看到从宁武路到临青路动迁 觉得快到我们这里了 哪知现在又说要从西面往东拆 请问 我们这里何时才能拆到呢 让这里的老年人早日能住上不用倒马桶的日子 谢谢啦,,,
怀孕期间请病假不批，请事假还让自己掏社保,待回复,就业 求助,匿***,2016-08-2214:45,您好，谢区长，我老婆是从外地来上海工作的普通白领，在现在的单位签了三年工作协议，明年三月到期。去年12月份我老婆怀孕了，前几个月我老婆还经常加班，后来因为身体不适便按正常时间上班。七月份怀孕期间上火，我老婆毛囊炎发炎，在医院动了手术，医生告诫不能坐并且开了病假单，休息了15天左右，谁知刚上了不到一个月班，毛囊炎再次感染，又动了了一次手术，医生开15天病假单，但是公司说按照公司规定毛囊炎只能请五天假，于是另外十天按事假请掉，不发工资。后来因为我老婆身体不好，毛囊炎反复发作再加上贫血，孩子偏小等因素，我老婆想提前一个月请产假回家修养，公司开始说让我老婆办辞职，我老婆不同意，接着他们就说提前的一个月只能请事假，毛囊炎的假条不再批假，并且事假期间的个人和公司社保全部都要我们自己出，不同意就不能请事假，病假也不批，后来也实在是耗不起了，我老婆同意请事假。我想问一下公司的做法是否符合规定，如果不和规定我们该如何保障自己的权益，像这样的公司是否有人管，谢谢,,,
松花江路交通安全,待回复,交通 求助,匿***,2016-08-2113:28,我们家就住在松花江路黄兴路口这，每天早上高峰的时候马路上的车辆一直排到仓州路这，小区的车辆要是出门要排好长时间的队，所谓的人行道是非机动车和行人共用的，一不小心就会被车辆碰到，马路边上的居民，随口吐痰，垃圾往楼下随便扔，行人都会莫名的中奖，尤其是门朝马路的几户，开店，进出的，随便停车的，本来就很窄的马路，现在一塌糊涂。咨询:这条路会拓宽吗，交通会整治吗？中环下闸道的打通，地铁18号线的开通，势必还会照成交通的压力！,,,
控江四村那一排木头房,待回复,城建 求助,匿***,2016-08-1920:41,控四里就我们那一排房子无法改建也不拆迁，被白蚁啃噬的一塌糊涂的木质房屋，线路也是老化的无法形容，动不动就跳电，外面就是杨浦大桥，只要有大型车辆路过，整个房子的床，家具，甚至地板都在震动，要知道，那一排85%以上都是老年人，真出个什么事情，年轻人跑的快，老年人呢？小孩子呢？小区车也是乱停，就是因为不收车位费，导致别小区停不了的全跑我们小区来了，试问，整个控四，有多少车是真正控四住户的车？小区破旧不说，该有的摄像头什么都没有，亲爱的区长，您可以查查，控四丢了多少车？我们连个控诉的地方都没有。电瓶车停在楼下，对面改建的高层，可能居住的残疾人士，腿脚不方便，所以只能包着油水的垃圾从窗外一扔，轻松抛到我们的电瓶车上。我们的苦往哪里吐？特别是临挨着杨浦大桥这边的房子，不管白天还是晚上，根本不敢开窗，那肉眼都可见的灰尘，肆无忌惮的到处飞扬，床单上，家具上，任你一天打扫多少次，被单一天换多少次，那可恶的灰尘依然在那飘啊飘，试问，一直住在无法开窗的房间，那是什么滋味？,,,
楼下住户拆承重墙没人管,待回复,城建 求助,匿***,2016-08-0118:58,我住殷行一村19号603室楼下503室在6月下旬因装修将灶卫之间—堵厚28cm高2.2米宽至1、2米承重墙全部拆除…当时我即向物业、街道城管、区城管相关职能部门举报投诉要求恢复承重墙原状…可以上部门相互推诿至今没有人来管此事…无奈之下恳求区长给予帮助…给百姓有个安宁生活环境…,,,
定海路这里规划什么时间有可能动迁?,待回复,城建 咨询,匿***,2016-07-2219:38,定海路这里规划什么时间有可能动迁?希望能快一点规划,,,
关于露台搭建雨棚,待回复,城建 求助,匿***,2016-07-1818:57,谢区长，您好！     我是民府路1199弄银亿领墅的一名居民，现因为搭建雨棚的事情向您求助。我们小区自15年初入住以来，问题不断。尤其我们上叠住户，一下雨北房间就渗水发霉，北露台门框及墙纸贴了拆，拆了贴，一直没有解决根本问题，苦不堪言。而且随着小区楼盘渐渐售罄，房地产商已经基本不再理会住户的要求。万般无奈之下，我们上叠住户联合起来，设想了一个解决方案，搭建一个玻璃雨棚，这样既解决了北外立墙渗水问题，又可以提供防雨晒衣服的场所。我们都是守法公民，此举实属无奈，并非贪图所谓阳光房的一点面积，并且我们上叠住户为此统一式样，尽最大可能不破坏小区统一外观。我们就此事与物业，居委会沟通数次，前后已经近一年，无奈没有人有魄力作出明确答复。企盼区长能够将我们与那些违建住户区别开来，解决我们实际问题。      同时我也向您反映，我们政清路居委会（筹）所辖七个小区，除文化名邸没有条件搭建外，所有小区违建五花八门，不见居委会归主任管理，却针对我们小区上叠住户解决实际问题，这样选择性执法，是我们得罪了她吗？,,,
农民工讨薪,待回复,三农 求助,匿***,2016-07-0814:59,你好，我们去年在新江湾绿地中心大楼给上海宏誉建筑装潢有限公司做油漆，工地结束剩余工资拖欠至今，有六月份付款欠条可是包工头不出面，他说公司没钱给他，公司又说我和他们没直接关系，现在房子已交房，我该向谁讨回,,,
工地做完很久，多次承诺付款拒付,待回复,三农 求助,匿***,2016-07-0610:06,去年工资拖欠至今不解决，有欠条也拿他们没办法，要钱被保安多次抬出大门，他们说已经交房，和他们没有直接关系，警察叫找劳动仲裁，劳动仲裁让找城建委，现在公司负责人出国旅游，包工头不露面，实在没办法啊，,,,
关于定海街道中联村旧改,待回复,城建 咨询,匿***,2016-06-3009:51,谢区长：您好！你在百忙中我们还要麻烦您，真是不好意思了！请问杨浦区定海街道中联村也就是130地块何时能进入旧改。这地块本来在区长热线中提到在十二五就列入旧改，一晃又是数年过去了。现在已十三五，请区长告之，130地块在十三五能完成旧改吗?因你们的一拖再拖，你们的承诺不兑现。使我们寸步难行。即不敢造房也不敢精心装修。只能居住在与国际大都市格格不入的环境中。实在难以想象倒马桶到何时了。在这里请区长大人给个明确的回复，中联村130地块到底在几年中能解决旧改，好让居住在这里的居民有一个按排。,,,
辽源新村环境恶劣,待回复,城建 投诉,匿***,2016-06-2908:16,该小区是老小区，有58年的老房子，夏天来了，小区脏乱差。。。。。管理也差，这样的小区在环线以内，请问何时动迁？,,,
物业经理不作为，要求画停车线至今两年一直拖延,待回复,其他 投诉,匿***,2016-06-2216:32,小区物业不作为，多次向物业经理反映一直推脱说要按程序向业委会申报之类的，结果反映到现在2年都还没将停车线划上，小区的停车线是05年画的到现在已有十余年了，现在白天都不能看清出更别说晚上或雨天了，给小区一些车主带来了不便。望相关部门能出面督促小区物业将停车线画好，不要只知道敷衍居民，而不作为。,,,
家庭暴力,待回复,其他 求助,匿***,2016-06-1917:03,你好，我住在邯郸路50弄，这里属于哪个区？要去哪个警察局拿验伤单？然后怎么办？在线等，急用,,,
杨浦区隆昌路541弄何时再动迁,待回复,城建 咨询,匿***,2016-06-1519:41,上海市杨浦区隆昌路541弄西白林寺那地块动迁启动至今已有6年，走了1/3到现在没有一点动静，本来这房子没有卫生间，没有独立煤位，留下的空房都住进外地人，问何时能动迁。,,,
一楼住户破墙建门霸占公共通道,待回复,治安 求助,匿***,2016-06-0415:39,亲爱的谢区长您好，举报一起杨浦区白洋淀小区7号楼对面一楼住户擅自破墙建门占公共道路为己有事件，住户野蛮霸道号称！！！门口就是自己家！！！请问这种行为是否合理？请问这种现象是否应该得到治理？请问留言板是否能起到它应有的效果？感谢国家感谢当为我们老百姓创建的和谐社会，感谢政府愿意倾听老百姓的呼声，感谢高层领导们相应老百姓的呼声。,,,
位于开鲁路492号伟宇娱乐城扰民,待回复,其他 求助,匿***,2016-06-0210:58,尊敬的区长你好：我是住在开鲁四村13号的居民，边上就是伟宇KTV娱乐城，每天都会营业到凌晨，低音喇叭和KTV的歌声常困扰着我们，到了散场的时候，男男女女都会在马路上大声嚷嚷，我们经常被吵得无法入睡。还有我们楼旁边是小区的一扇小门，方便居民进出，由于靠近菜场，很多摊贩在此卖起了菜，一大早六点多就非常嘈杂了，特别是双休日，摊位摆得已经无法让汽车通行。所以请求区长大人能帮我们解决下这些问题，让我们居住在此地的居民有八小时的安静睡眠时间。此致敬礼！谢谢,,,
商铺占街营业导致夜间扰民,待回复,治安 投诉,无***,2016-06-0115:30,谢区长你好，本人家住杨浦区民星路548号（介于中原路、包头路之间），是临街住户。底楼商铺有一家烧烤店，夜间常常会在店铺前的行人走道上增加座位以招揽顾客，特别是临近夏季，一些购买烧烤的顾客坐下边吃边聊，个别不文明的甚至大声喧哗，特别是晚上21点以后，大部分居民已准备入睡，影响更加不好，有时凌晨1、2点还有这种情况。虽然不是每天都有这么晚，但一旦发生，对我们这些临街住户还是影响很大。还请领导及时安排相关辖区负责单位落实上述情况，及时教育或劝导商铺老板注意周围环境影响，谢谢。,,,
施工安全事故,待回复,其他 求助,五***,2016-05-3109:46,尊敬的区长：您好！我是一名外地来沪打工的民工，今天留言主要是谈一下我父亲发生在平凉路和齐齐哈尔路（纺织研究所）改建工程中发生的重大工伤事故：事件发生在2016年5月14号上午9.30左右在施工中从二楼摔倒一楼，当时拨打110和120，送到新华医院抢救，诊断颅内有大量出血，龙骨二节（第8节和第10节）骨折，医院给出的紧急治疗费十多万，我们农民工拿不出怎么多的治疗费，经多次找他们所有单位工程负责人全部躲起来不见我们，医生说不紧急治疗将造成终身瘫痪，咨询安检部门让我们找有关部门，我们走投无路，病情不等人，人命关天，医院给出的治疗时间是三周，剩余的治疗时间只有5天，医院在紧急催款，医院说过期就没有治疗的意义，在此恳请区长关心下我们农民工的安危，谢谢！,,,
施工安全事故,待回复,其他 求助,匿***,2016-05-2919:55,尊敬的区长：您好！我是一名外地来沪打工的民工，今天留言主要是谈一下我父亲发生在平凉路和齐齐哈尔路（纺织研究所）改建工程中发生的重大工伤事故：事件发生在2016年5月14号上午9.30左右在施工中从二楼摔倒一楼，当时拨打110和120，送到新华医院抢救，诊断颅内有大量出血，龙骨二节（第8节和第10节）骨折，医院给出的紧急治疗费十多万，我们农民工拿不出怎么多的治疗费，经多次找他们所有单位工程负责人全部躲起来不见我们，医生说不紧急治疗将造成终身瘫痪，咨询安检部门让我们找有关部门，我们走投无路，病情不等人，人命关天，医院给出的治疗时间是三周，剩余的治疗时间只有5天，医院在紧急催款，医院说过期就没有治疗的意义，在此恳请区长关心下我们农民工的安危，谢谢！,,,
你好，区长，2016年会有经济实用房吗,待回复,其他 咨询,匿***,2016-05-2716:43,杨浦区2016年会有经济实用房吗?我们是无房户,,,
杨浦区茭白园路棚户区拆迁,待回复,城建 建言,匿***,2016-05-1914:43,茭白园路居民的居住条件苦不堪言，而且房屋老旧，居住的大多数是老年人，如果出现房屋倒塌，后果不堪设想，从15年前就有拆迁的说法，但迟迟没有落实，现在居民都希望尽快动迁，希望领导能听到群众的呼声，落实我们的诉求。,,,
解决旧屋改造,待回复,城建 投诉,匿***,2016-05-1510:40,谢区长您好，        我是住在杭州路655弄的普通居民，我是位80后，当初嫁到这里时，我简直不改相信摩登的上海居然还有如此简陋、脏乱、安全隐患超多的地方。先不说这里会影响到上海的市容，就居民的居住条件和环境，这里就存在着太多的问题。在这里没有正规的排污排水系统，脏乱差，每当台风季梅雨季，这里就会水流成河，而所积的水就是阴沟里翻出的粪水脏水，甚至雨量过大时，这些水还会渗到居民家里，房屋里很多地方都发霉，我们苦不堪言。这里没有煤气，大家用的都是液化气罐，这里没有消防拴，没有消防安全通道，当然在这里都容不下两人并肩行走的弄堂里，怎么可能会有这些。但这里居住着很多的居民，有老人有小孩，一旦发生火灾等危险情况，这里连消防队员都进不来，他们进不来，我们出不去，想想真的太可怕了。        这里的问题实在是太多太多，还望领导们能够重视我们，早日为我们改善居住条件，避免隐患的发生，谢谢！,,,
停车交警乱贴罚单,待回复,交通 投诉,匿***,2016-05-0613:47,小区内停车位满了，没有位置停车了，小区大门外有一片空地，就是砖头地人行道旁边有一大片水泥空地，不是马路，以前可以停车的，而且在早上还和交警确认是可以停的，结果晚上停过去就贴罚单，这是什么意思呀！小区停车难请领导协调交警等部门解决，谢谢！,,,
渭南地块脏乱差，请拆迀,待回复,城建 建言,匿***,2016-05-0416:49,杨浦渭南地块实在是脏乱差，无法正常居住，希望领导尽快把他例入拆迀范围内，为老百姓办实事,,,
杨浦国顺东路近营口路段有拓宽规划吗,待回复,城建 咨询,匿***,2016-04-1111:56,尊敬的区长，您好！我们家住在杨浦区营口国顺东路附近。国顺东路在靠近营口路到沙岗路段道路狭窄，高峰时期交通非常赌，也比较混乱。国顺东路营口路附近，都只有小商店和比较小的超市，虽然属于五角场商业区辐射地，但是商业配套远远不足。不知道未来是否会有道路拓宽和商业规划？谢谢您,,,
方中圆建材市场大火后重建影响旁边小区,待回复,城建 求助,匿***,2016-03-2612:46,尊敬的区长，您好！我们家住邯郸路逸仙路交叉口，旁边就是原方中圆建材市场，去年冬天一场大火烧的惊心动魄！那晚我就带着6个月的宝宝紧张的看着窗外蹿天大火。非常感谢各部门领导同志们的紧急援助控制了火势！但是后来一个月空气都是怪味，宝宝一直不舒服。如今据说方中圆和粮油市场要拆了，这个地区就剩下我们一个老小区。我们的小区不拆迁我们就等着，但是旁边拆迁势必空气污染，小区内孩子多，都还是小宝宝，能帮助解决这个问题吗？非常感激！,,,
杨浦区鞍山路104号2楼游戏机房赌博机横行,待回复,政务 投诉,匿***,2016-03-2314:28,杨浦区鞍山路104号2楼游戏机房赌博机横行 2楼上去左边有暗房 里面又数台赌博机 鱼机 翻牌机 多次举报110无效 请上海市领导正视 不要在让赌博机害人了 ！,,,
盼望区委领导能解释一下,待回复,城建 咨询,匿***,2016-03-0816:23,区长您好！我是杨树浦路1963弄居民，我们住的房子是3O年代的老式里弄房屋，生活起居极其不方便，房屋就像72家房客，请区长能考虑一下实际，居民盼望早日动迁，不知区委有安排。,,,
2016年杨浦区拆迁区域,待回复,城建 咨询,匿***,2016-03-0718:15,您好，谢区长请问一下许昌路673号是属于平凉四块的吗？如果属于平凉四块那请问什么时候能拆，因为我父亲身体不好，一个人在外租房很长时间了，一直希望能够早日拆迁解决住房问题。,,,
杨浦区飞虹路720弄危房请求拆迁,待回复,城建 求助,匿***,2016-02-2319:45,你好区长，我居住杨浦区飞虹路720弄，这里是解放初期的自建私房，历经80多年，之前已经动迁了一半的居民，后因市政府班子更换，影响这里的继续发展，一拖就是几十年，为什么唯独这里只剩下30%上海户口居民所处地块没有反应，或者因为私拉私接引起大火？望区长重视一下，我是一个外来媳妇，住这里已经几年，一家4口居住18个平方，下雨天气长期潮湿。现在老龄化人口很多，且99%上海老人只能居住户口所在地养老，这样的房子安全么？您知不知道本来2层的私房已经加建到3层，有些人为了租房赚钱，更多人是祖孙三代居住这里，为了老人养老，为了小辈结婚生子。希望政府赶快解决拆迁问题。。。。。。。,,,
"控江五村年久失修,爆水管,百姓苦不堪言",待回复,城建 求助,匿***,2016-02-0314:48,谢市长您好，我是一名居住在杨浦区控江五村居民，我们小区年代久远为，每逢暴雨天气，冰冻天气，小区总是会积水，最近天气严寒，小区又爆水管，导致数日无法正常生活，可怜家中70岁的老年人每天要爬四楼抬水上楼，目前我所住的55号楼为上世纪50年代的房子，原来为土木结构，后80年代加层，楼房已经十分老旧，墙体开裂，顶楼水箱常年不洗，水质堪忧，无法饮用，老鼠蟑螂猖獗，现恳请领导关心百姓疾苦，能否对55号楼进行改建，或者平改坡，改变目前悲惨的居住状况。,,,
强烈要求动迁辽源新村私房,待回复,城建 求助,匿***,2016-01-2910:10,杨浦区区长大人：   上个世纪50年代，我们为减轻国家负担，在工厂的牵头下，自己筹款建造了辽源新村私房，没有淋浴房，没有抽水马桶，环境脏乱差，现在周围公房都已动迁，但是，当时我们为国挑重担的私房却被富裕了的国家给遗忘了，真是不能理解。不知道什么时候能还我们一个整洁的环境。,,,
居民家中停水五天，物业至今没有派人维修,待回复,城建 求助,匿***,2016-01-2813:59,杨树浦路2747弄24号405室，24号开始至今没有自来水使用，给生活带来极大的不便，物业公司至今未派人过来维修。与物业公司多次联系未有结果。,,,
敬老楼停水四天无人管,待回复,其他 求助,匿***,2016-01-2714:30,杨浦区民星二村，寒冷水管冻了，小区从1月23日大面积停水至今四天，包括29号敬老楼，居委会和物业说不管，要水的话可以到居委会拿桶去拎，可是29号敬老楼里都是年纪大的老人，也让他们跑上跑下的去提水啊。人浮于事：居委会，物业，自来水公司，不动不维修，不采取措施，好像自己家里都没有老人的，这水准备停到过年是吧？,,,
杨浦区营口路7号A201室碧轩会所涉黄,待回复,其他 投诉,匿***,2016-01-2016:43,杨浦区延吉新村街道营口路7号A201室一个叫碧轩会所的所谓养生按摩店涉黄，几次三番报警没有用。警察走了又开了，希望有关部门重视，并取缔。,,,
违建出租,待回复,城建 投诉,匿***,2016-01-0713:36,领导你好，民星路600弄靠马路的房子一楼住户全部将天井租借给了别人做生意，这房子本来就是居民住宅，而不是商业用房，这样既影响人行道的行人走路，也影响楼上的住户休息，而且人员复杂，相街道，居委反应根本不管,,,
关于杨浦区逸仙路公交停车场改建工程对周边影响,待回复,城建 咨询,匿***,2015-10-2116:16,谢区长，您好。我是杨浦区三湘花城的居民。目前，小区前100米，造了宝山公交公司的停车场（容纳300辆以上公交）、柴油加油站。面对后续可能导致的早上热车噪音、灰尘污染以及柴油污染，请问区政府对该宝山公司有何管控措施，对于隔音降噪、减少粉尘污染有何预防措施？我想，如果提前未做预防，后续将产生几年、甚至更长的群众矛盾。这也是很多业主共同的疑虑，本来我们安居乐业，突然地上拔地而起三百多辆公交车，整体进进出出，早上轰鸣，平时排长队加油，这个放在谁身上，都会大叹倒霉。谢谢。,,,
杨浦区19街坊何时才能动迁？,待回复,城建 咨询,匿***,2015-10-1715:18,亲爱的杨浦区区长，您好！我是平凉街道19街坊济宁路130弄三层阁的居民，我们街道从00年就帖告冻结户口了，当时心情特别激动，因为意味着可以告别马桶生涯了，就这样在阿Q的精神支持下等了11年，11年底我爸突发脑溢血救护车担架因为三层阁楼梯狭窄根本不能转弯只能用床单大家一起帮忙废了很大力总算台上救护车了，因为有后遗症生活不便出院后我们决定在外面借房子住，但借房时还要稍微带点欺骗因为房东都不愿借给生病的老人，现在房租日益见长还有长期医药费我已承受不了了，租不起房更买不起房，爸妈都七十多岁的人了总判着能在最后的时候住上自己的新房，我也实在太累了，希望能够告诉一下我们还要等多久？谢谢。,,,
有关平凉西块10街坊旧改动迁问题,待回复,城建 求助,匿***,2015-10-1613:53,请问谢区长：以前的对百姓承诺是否在哪一年能够兑现诺言，十二五末己到了，不知道区长大人，在十三五对该平凉10街坊的旧改动迁计划有否希望。我们老百姓希望实现李总理在10月10日电话会议上所讲的：我们必须给他们一个符合现代居住标准的条件。的保障性住房。不知道我还能在有生之年是否还能享受到社会主义党的阳光照跃到我家来。从此以后结束一家三口人吃喝拉撒的十二平方米的窝居生活。,,,
控江路假日百货对面嗓音扰民,待回复,治安 投诉,匿***,2015-10-1418:07,谢区长，您好! 我住在控江路许昌路口的小区，每天晚上就有人组织KTV式样的街头歌唱，有屏幕有喇叭，以前在假日百货门口，后经四平街道联合整治，对方只能到马路对面华氏大药房门口安营，江浦街道有点应对较弱，每天只能到十点报110，暂时太平，但小孩的最佳休息时间是8，9点，有时真想给他们点厉害，但为了和谐社会，我们定先礼后兵，希望领导视查一下。,,,
尊敬的谢区长，您好。,待回复,城建 咨询,匿***,2015-10-0416:59,我是蒋家浜小街的居民，我们那儿的房子又破，环境又差，不知道什么时候才能拆,,,
杨浦平凉拆迁问题,待回复,城建 咨询,匿***,2015-10-0308:44,您好，我想自信一下谢区长2016年平凉西块10街坊是否被纳入当年动拆迁计划，这个问题已经存在了20多年了，现在周边街坊都拆的差不多了，就10街坊没有动静，希望能给予明确的答复，告诉我们还需要熬多久，谢谢,,,
垃圾车长期扰民求助,待回复,环保 求助,匿***,2015-09-2409:49, 您好，我是杨浦区控江路121弄的一位业主，也是一位准妈妈，我住的旁边挨着一个垃圾房，每天早上五点钟左右，垃圾车准时收垃圾，噪声非常大，时间一般有十五分钟左右，每一天附近的人都会被吵醒，由于我怀孕月份比较大，尝尝晚上失眠，好不容易睡几个小时又被垃圾车吵醒，七点左右又要起来上班，十分痛苦！我们也理解环卫工人比较辛苦，但是是否可以把收垃圾的时间推迟，最好在八点以后，不要影响我们的正常休息时间呢？我们也和物业，居委会反应过，但是他们说管不了这事，九月十三号，我在环卫局网上投诉，其工作人员很快回复，其内容为“我们与投诉人取得联系，进行了沟通和解释。我们已告知投诉人早晨五点钟之后属于环卫正常作业时间，今后在情况允许下适当调整此处作业时间。同时，将加强对职工、民工的宣传教育，规范作业，避免扰民。上海市绿化和市容管理局”我没有查到其确切工作时间，其工作人员所说的调整时间也丝毫没有出现！每天清晨五点，垃圾车还是准时出现！噪声之大，周围居民都会被吵醒，我希望相关领导可以将心比心，出面协调一下，尽量把垃圾车工作时间退后！谢谢！,,,
请让我们和上海同行,待回复,城建 求助,匿***,2015-08-2815:15,区委书记，区长你们好，我记的你们前任说过一句有雄心，没决心的话，就是举债也要把杨浦大桥底下棚户区改造了，理想很丰满，现实很艰苦，几代人已过了，但杨树浦路1941弄到现在也无动静，希望你们这一屇，是焦裕录式好领导，为百姓谋福利，人民是不会忘记你们的，杨树浦路1941弄全体困难群众，在这里先给你们点个赞，望杨浦在你们带领下，蒸蒸日上，再创辉煌。,,,
一楼居住房居改非和无证经营且扰民,待回复,城建 求助,匿***,2015-07-2913:40,1、	位于杨浦区辽源西路213号、215号、217号街面房一楼，长期以来“居改非”现象严重，从去年10月份开始至今，陆续出现几家无证经营的餐饮店，如“无烟烧烤”、“串串香”，至今还在呈不断增加的趋势；2、	因为居改非，一楼房内的隔墙全部打通，二楼以上居民的居住安全受到严重影响；无证经营的烧烤、餐饮产生的油烟让我们下班回到家无法开窗通风，严重影响居民的正常生活；同时辽源西路上的道路畅通收到严重影响，交通隐患特多，110已经出动过多次。3、	近一年来我们分别向物业、城管、工商、环保、街道、12319、12345、杨浦区信访等投诉、求助，除了跨门营业情况得到暂时性的缓解之外，其他均无效果。4、	我们想求助区长能够依法取缔这些违章的居改非和无证经营，还我们居民一个安全、健康、正常的生活环境。,,,
济宁路457弄的居民没有地方倒马桶,待回复,环保 投诉,匿***,2015-07-2716:36,谢区长：您好！我是济宁路457弄的居民。原先济宁路齐齐哈尔路的路口有个化粪池，几年前拆掉了。现在倒马桶只能去兰州路霍山路路口的化粪池，来回一次要走十五分钟，太不方便了。由于不便，经常有人在马路上大小便，或者直接把大便倒在马路上，影响周围的环境。我们居民也没有什么太高的要求，只希望谢区长能在百忙之中抽出点宝贵的时间，解决济宁路457弄居民倒马桶的问题。希望谢区长能看到这封信，并给一个答复。万分感谢！,,,
还我整洁小区,待回复,其他 投诉,匿***,2015-07-2114:04,你好，我是中原地区殷行路718弄的居民，我想向您反映小区脏乱差的情况，我们小区坐落在新江湾城旁边，但是却另一番景象。小区杂草丛生，无人管理，群租情况严重，对居民生活造成严重影响，小区虽小，但是垃圾站却承担着菜场的垃圾，非常脏。流动人口多，菜场孩子在小区随意破坏绿化，随地大小便，而且人口超生情况严重，在这样一个发展迅速的大城市里，真是难以入目的一角。希望上级领导加大管理措施，还居民一个舒适，整洁的居住环境，谢谢！,,,
中联村拆迁计划,待回复,城建 咨询,雕***,2015-07-1513:31,区长您好，中联村是杨浦区棚户区集聚点，到现在为止还在使用液化气钢瓶和马桶等设施，环境相对也比较脏乱差，外来人口和治安环境都比较难于管理，就想请问下该地块是否列入了2015年动拆迁计划？如果没有2016年是否会考虑该地块的动拆迁工作？谢谢,,,
2015年中联村地块拆迁规划有吗,待回复,三农 咨询,匿***,2015-07-1416:33,区长您好，我是居住在杨浦区中联村，这一地块在整个上海地区也算排的上号的脏乱差地区了，现在都还在用马桶和液化气钢瓶，就想请问下中联村地块在2015年有拆迁规划吗？如果有是啥时候，如果没有，那请问下拆迁规划计划有吗？居民都盼着拆迁住新房子，坐等恢复，谢谢。,,,
购买财权房咨询,待回复,其他 咨询,匿***,2015-07-0809:42,区长您好：我是佳木斯路165弄的居民，我们前几年原163弄旧区改造，回搬己5年多了，请问什么时候可以买财权房。,,,
地下棋牌室请取缔,待回复,环保 投诉,匿***,2015-04-1015:19,四平路1028弄 公交新村56号 104室 私设棋牌室，常年吵闹，请查处取缔，感谢诸葛区长！,,,
02 年长白路的拆迁遗留问题,待回复,环保 投诉,匿***,2015-03-3114:54,02年长白路地块的拆迁（巳有一半拆迁搬走还留一半）到现在巳有13年了。还要筹到什么时候？希望政府能尽快解决这个地方的拆迁。现在的居往情况非常不好！特别是卫生环境！还有外来务工人员的居往都是以前被拆迁搬走的空屋现都被这些人居住了，他们这些人的卫生要求与城市人的要求反差很大，使得我们还没有搬走的人受到伤害！所以我们强烈要求政府能尽快继续把拆迁工作进行下去。,,,
杨浦区齐齐哈尔路昆明路占道经营太严重,待回复,城建 建言,匿***,2015-03-1417:50,杨浦区齐齐哈尔路昆明路占道经营小商贩太多了，车辆根本无法通过，城管为什么不清理清理这里。哎。,,,
杨浦大桥街道93街坊2015年能动迁到吗？,待回复,城建 求助,匿***,2014-11-0314:10,尊敬的诸葛区长：    电视上播出过关于十二五旧改动迁新闻，我家住在93街坊，那个房子是上海滩80年代初的楼房，楼房年久，墙体疏松，阳台上已经有十来条裂缝，楼下哪怕只是一辆小桥车开过都会感到明显的晃动，且我家住在七楼，由于墙体结构疏松无法建造电梯，没有电梯就直接导致老人上下楼的不便，且年代那么久远的房子连银行也不收，我家祖辈3代人，老的老，小的小，我现在又是单亲妈妈，一个普通的工薪阶层，希望国家的阳光能照耀到我们这个家庭，哪怕一丝丝也好，十二五计划，是到2015年的，请尊敬的区长大人，能否根据旧改推进计划进程，告诉我们什么时候国家的旧改能轮到我们93街坊的老百姓？,,,
居委会,待回复,其他 求助,匿***,2014-09-3013:39,居委会连续五次让我们拿材料过去，结果都说他自己工作忙，明天再来，一直推说明天，一个居住证明为啥一直不开呢？,,,
老虎机,待回复,文娱 咨询,匿***,2014-09-2709:10,你好我是杨浦区一个市民回报的是杨浦区老虎机很多走路5分钟到30分钟就有个老虎机房整顿过，来检查的时候当地警署叫他门关门就关白天不开晚上杨浦区真的太可怕警察和他门一起的都是黑警我希望可以你们在来检查一次。不要通报暗房希望杨浦可以整顿太青害轻少年6岁的小孩都玩老虎机房,,,
太苦了，太苦了,待回复,城建 求助,匿***,2014-08-2215:27,区长，您好，打扰了。我是住在杨浦区杭州路得居民，不用我说想必区长也知道那边的生活环境怎样，居住环境怎样。如今我现年已经31岁，已过人生结婚的黄金时段。我和我女朋友及双方的家人就盼望着房子拆迁，能让我们早些结婚。不满你说，至今还不敢生宝宝，环境实在太差，在杭州路，几乎家家户户都翘首企盼政府来将这里早点拆迁，能又一个好的居所！老一辈的人更希望自己的子女早些结婚，也完了她们的一个心愿。住在这里，没有一户人家有能力买得起房子！现在的房价又高！虽然国家推出了经济适用房，但这些房子的首付也要十来万，还要贷款！住在这里的都是困难家庭，谁还会去想用拆迁来发财，大家只想着早日离开杭州路这个生活困难的地方！也请区长来杭州路来体验一下百姓的生活！望区长能告知杭州路松潘路地段到底什么时候拆迁，我们等了30多年了！,,,
半夜麻将室扰民该由谁来管,待回复,治安 求助,匿***,2014-04-2510:40,杨浦区控江六村26号楼105室私自开麻将室半夜打麻将大声吵闹～扰民严重，改谁来管一管啊～～～～～～～,,,
违章搭建,待回复,环保 求助,匿***,2014-04-2314:56,四平路1950弄6号二楼天井平台乱搭乱建，严重影响环境，夏天临近，周围居民意见纷纷攘攘。居委会干部虽然做了工作，終末见效。恳请领导帮忙解决,,,
海杨浦区扬州路208弄新康里是非常老式的石库,待回复,城建 求助,匿***,2014-03-1217:00,海杨浦区扬州路208弄新康里是非常老式的石库门房子，早在2003年，对面公寓里动迁，近两年，长安里，榆林路都已动迁，烦请区长落实下新康里的动迁情况，上海已是发展脚步最快的一个城市，虽说是过着都市人的生活，可住房条件实属太差，望帮忙尽快改善，非常焦急!,,,
人户分离问题,待回复,教育 求助,匿***,2014-03-1110:24,你好，我的孩子户口是跟着我的父母的，在宝山区，但是我跟我老公还有公公是没有自己的房子的，我们一直常年住在杨浦区，现在孩子上幼儿园我在网上查了很多的资料都说杨浦区只有五角场有一所人户分离的幼儿园，并且只收五角场附近小区的。我们没有自己的房子，每个月要缴纳房租，如果再在杨浦就读私立幼儿园的话，我们没有这个能力，麻烦领导告知，应该怎么办,,,
请求把5户合用的煤卫改建成独用,待回复,城建 求助,匿***,2014-02-2113:48,我是杨浦区江浦街道辽源二村1号，只有1号几十户住户已经几十年了，一直是5户合用一间灶间，5户合用一间厕所，没有洗澡的地方，环境脏乱差，东西失窃，影响团结，请求改建，住户都愿意出资三分之一来改建。请您们核查，磕头谢谢了！,,,
希望扩充社区活动,待回复,其他 国美活动,匿***,2013-12-2316:41,希望扩充社区活动，老龄化城市生活需求广，丰富精神文化,,,
马路周末摆摊严重,待回复,其他 国美活动,匿***,2013-12-2110:18,杨浦区许多马路周末摆摊严重，希望能有效整治。,,,
环境改善,待回复,其他 国美活动,匿***,2013-12-2109:16,希望加强环境污染的治理。空气污染太严重了，上次雾霾出门后直接喉咙疼了好久,,,
