以各种理由拖欠农民工工资,待回复,城建 求助,努***,2019-12-0209:03,我们是2018年3月25日开始做丽江2018年城农网升级改造工程的，这个项目是云南银塔电力有限公司承接的，银塔公司下面还有一家云南瑞建送变电有限公司，瑞建公司下面还有一个瑞建施工现场负责人，是不是瑞建公司的人瑞建公司也给不了明确答复。我们是瑞建公司现场施工负责人找来的，现在都快通电一年了，瑞建公司丽江负责人一直以未验收为由不结算，剩至还放话说：你们要搞清楚，这里是丽江不是楚雄，这个事情在楚雄早就解决了，但这里是丽江，麻烦你们搞搞清楚。只能请求政府帮忙,,,
希望领导得到重视康美业主维权,待回复,城建 投诉,W***,2019-11-1413:46,我是康美的业主，从今年一月，后买的房子，到现在交不了房，康美之前承诺我们说是7月交房，好我等着，后来问又说十一肯定交房，后来又说过了年，但现在交不了房，钱也不退给我们，一问就没钱，没钱能行吗，那我们的钱呢，我们的钱不是钱吗，我们到现在住不进去，说法不给我们，你说房子给我们我们什么都不说，房子给不了钱退我们行吧，利息不要了，现在钱也不退我们，那我想问下见个面解释下行吧，忙，忙忙，就你康美的人忙,,,
路边占道车位随意收费,待回复,交通 投诉,楊***,2019-10-3108:25,10月29日下午13:40左右我将车停在吉祥路下段路边停车位，去旁边凡非凡参加了个培训(14点-17点)，17点培训结束后去开车像平常一样取下雨刮上的收费单扫码支付，跳出来的金额却是15块，(因为每次来培训不是8块就是9块)，一看停车单驶入时间是12:22多了一个小时二十分钟左右多收了我6块钱，6块什么也干不了，钱我付了，就是没这道理，这么随意吗，所有丽江路边占道车位收费都这么随意吗？请问领导？,,,
丽江金茂凯悦酒店退钱事宜已经解决,已办理,旅游 感谢,游***,2019-10-2914:42,在丽江凯悦酒店发生了一些小矛盾，在工商局各位领导和酒店方积极配合的情况下，事情得以解决。工商局公正严明，酒店方也积极配合，事情得以解决，所向丽江执政表示感谢，向酒店也表示感谢。,丽江市书记市长信箱,网民同志：您好！  感谢您对我们工作的信任理解与肯定。祝身体健康、生活愉快！,回复时间：2019-11-06 01:24
乡镇超市到处都是抓烟赌博机，咋就没人管！,待回复,金融 建言,K***,2019-10-2719:35,农村乡镇超市里到处都是抓烟赌博机，经常看到一群学生去玩，学生把夹来的香烟换成钱或者自己抽着玩，可见危害性有多大？我想问城市摆放这种机器违法吗？希望领导关注一下！希望有关部门扫除这种危害社会的行为！备注：各乡镇超市都有这种游戏机，并且特别容易让人上瘾，因为夹来的香烟价格不等可以换成现金继续操作。,,,
丽江金茂凯悦酒店付了钱不让客人入住，贪客人钱,待回复,旅游 投诉,小***,2019-10-1717:14,我在丽江金茂凯悦酒店为朋友预定了一间1300多人民币的客房，朋友很晚到店酒店不让其办入住也不退钱给我们，我们找到当地质监局各个部门均投诉无门，置之不理，酒店横行霸道，预定的客房没有入住成功也不退款给消费者，还请各位领导评评理，管管此事。我们有各种证据和举报材料，谢谢。,,,
丽江政府没有放弃我们,已办理,旅游 感谢,W***,2019-10-1713:42,首先在这里我要对自己的盲目投资承认错误，也劝一下想来丽江投资的同仁，不管你投资什么项目必须去相关部门咨询一下。再次感谢丽江市政府和古城管理局的各位领导，解决了我的问题，特别是古城管理局的领导对我的耐心解说，也算给我这个盲目投资者上了一课真的受益匪浅，再次感谢各位领导我对办理的结果表示非常满意，非常感谢。再次提醒各位像我这样盲目投资的人，千万记住有事找政府准没错。,丽江古城保护管理局,网民同志：您好!感谢您对我们工作的理解、支持和肯定。祝身体健康、生活愉快！,回复时间：2019-10-22 16:32
投资餐饮办证难,已办理,旅游 求助,W***,2019-10-1614:25,辛辛苦苦筹点钱携家带口来丽江投资开个小吃店，2019年7月28日本人以75000元每年的房租在丽江古城区文明巷251号租了店铺并签了5年合同，8月9号去古管委登记办理营业执照，当时也受理了，并告知可正常营业，（于是我马上借钱来买设备，搞装修到目前为止前前后后以150000投进去了，）到8月19号去古管委拿证时工作人员告诉我营业执照是办下来了，可是准入证办不了，营业执照也不给我，要我当场强制注销。希望有关领导帮帮我们这些外地人。,丽江古城保护管理局,网民同志：您好！您通过人民网地方领导留言板给郑艺市长的留言收悉，丽江古城保护管理局高度重视，联系到您并进行了面对面沟通，此事已妥善处理，并收到了您的感谢信。感谢您对我们工作的理解和支持。祝身体健康、生活愉快！,回复时间：2019-10-22 16:30
瑞沁坊直播间商品以次充好欺骗,已办理,旅游 投诉,l***,2019-09-2916:38,尊敬的领导您好：我于8.29日在瑞沁坊直播间买了两块翡翠原石共2600元，主播描述一块是帝王绿色很正，一块是戒面级的蓝冰（有视频），依据主播建议同意开窗，收到货后品质于直播介绍根本不符，品质极差并涉嫌造假，要求商家退款。商家用抓偷渡等噱头，以次充好，忽悠欺骗消费者上当。请领导和相关部门给予处理，给消费者一个良好诚信的购物环境，谢谢！商品一块是外观明显种嫩、大裂纹根本没有购买价值，一块开口造假，开窗时皮子的硬度商家 应心知肚明，明知没有价值还加以夸大描述推给消费者，在忽悠开窗扒皮，造成不能退货的假象。,丽江市市场监督管理局,网民同志：您好！您通过人民网地方领导留言板给丽江市长的留言收悉，丽江市市场监督管理局高度重视，经调查核实，您所购买商品的店铺位于云南省德宏州瑞丽市，不属于丽江市管辖范围，建议您向德宏州有关部门反映处理。    感谢您对我们工作的支持与理解，祝您身体健康、生活愉快！,回复时间：2019-10-24 01:24
求助调取离婚证档案,已办理,政务 求助,y***,2019-09-0520:34,郑市长您好，明知您很忙，但我无奈还是要向您求助。         我女性，1954年1月19日出生于原丽江县巨甸公社拉市坝2队。现年65岁，于1977年2月18日在巨甸公社与保山市隆阳区金鸡乡黄毛村委会山洼**组王**领了结婚证。       婚后育有两个女儿，本来就是包办婚姻，夫妻感情就是免强凑合。在大女儿出嫁，小女儿18岁那年，丈夫王**被人突如其来惊吓后，患了精神恍惚症，患病后经常打骂我，致我受到伤害，还扬言要杀我。      我被吓于2001年5月离家逃命。流落江苏宿迁十几年，现我决定起诉离婚。但起诉离婚需要结婚证，我离家逃命时没有找到结婚证带出。        所以我在此板块给您留言求助，求您帮我联系巨甸镇政府，帮我调取我当年的结婚证档案。便于我起诉离婚急用。在此我诚恳的感谢您和巨甸镇政府领导对我的帮助！谢谢！谢谢！       说明:我不识字，是请人帮忙给您留言的       ,玉龙县巨甸镇,网民同志：您好！您通过人民网地方领导留言板给丽江市长的留言收悉，玉龙县巨甸镇高度重视，现将有关情况回复如下：     收到您反映的情况后，巨甸镇民政办组织工作人员帮您查找了当年的结婚档案，但遗憾的是，由于时间跨度太长，且当时的结婚办理并没有使用电脑录入，所以您的结婚档案并未找到。鉴于您的情况较为特殊，我们建议您可以先向律师或者法庭咨询相关问题，我镇将在法律政策允许范围内予以支持协助，以求尽快得到解决。如有不尽之处，可致电巨甸镇人民政府详询（联系电话：0888-5481011）。     感谢您对我们工作的支持与理解，祝您身体健康、生活愉快！,回复时间：2019-09-27 01:22
感谢市里领导处理藏药退款的问题,已办理,旅游 感谢,语***,2019-09-0319:45,关于藏药骗局，坑害老百姓的问题。商家已主动联系我退款，感谢市里领导和旅游局领导的关心和帮助，谢谢您们！,丽江市书记市长信箱,网民同志：您好！  感谢您对我们工作的信任理解与肯定。祝身体健康、生活愉快！,回复时间：2019-09-05 01:22
藏药骗局，坑害老百姓,已办理,旅游 投诉,语***,2019-09-0315:31,在7月4日，我们跟着团来到泸沽湖土特产经销店，一开始在导游讲了藏药的神奇和对藏民淳朴的信任，我买了4000元的藏药，药回来和网上，外面市场价钱差的不止是一点点，这么小的东西就有这么大的差价，可想而知我这4000元的药掺了多少水份，后头想想也是可怕，还有看到了很多藏药的骗局，喝上很多副作用，更是害怕喝坏身体，简直欺骗消费者。希望可以通过政府维权，维护我的合法权益。,丽江市书记市长信箱,网民同志：您好！您通过人民网地方领导留言板给丽江市长的留言收悉，丽江市文化和旅游局高度重视，现将有关情况回复如下：      经核实，您所反映的问题事发地为四川省凉山州盐源县泸沽湖镇泸沽湖景区内，不属于云南省丽江市行政管辖范围。为此，根据属地管理原则，建议您向四川省有关领导人民网留言版反映，或直接致电四川泸沽湖旅游投诉热线0834-6390103反映。      感谢您对我市旅游市场管理工作的支持与理解，祝您身体健康、生活愉快！,回复时间：2019-09-05 01:23
请问这类电动助力自行车需要上牌吗？,已办理,交通 咨询,R***,2019-09-0116:14,刚来到丽江工作，为了工作方便所以想买辆代步车，但是听说这边电动车要上牌，加上这边卖的都是电动摩托车太大了，不方便，所以在网上看到这种类型的车，想咨询下这种跟自行车无多大差异的车需不需要上牌,丽江市公安局交警支队,网民同志：您好！您通过人民网地方领导留言板给丽江市长的留言收悉，丽江市公安局交警支队高度重视，现将有关情况回复如下：    一、根据《云南省电动自行车管理规定》第八条：消费者购买的电动自行车，经公安机关交通管理部门登记后，方可上道路行驶。申请电动自行车登记，应当自购买之日起30日内到电动自行车所有人住所的州、市或者县、市、区公安机关交通管理部门设立的登记点交验电动自行车，填写电动自行车登记申请表，并提交下列资料：（一）电动自行车所有人的身份证明；（二）电动自行车购车发票或者其他来历证明；（三）电动自行车出厂合格证明以及产品有关技术参数说明书。    二、根据《市场监管总局 工业和信息化部 公安部关于加强电动自行车国家标准实施监督的意见》（国市监标创〔2019〕53号）规定：电动自行车脚踏功能、外形尺寸、整车质量以及CCC认证符合《电动自行车安全技术规范》（GB17761-2018）要求。    三、不符合《电动自行车安全技术规范》（GB17761-2018）的电动自行车不得办理登记业务，不得上路行驶。    综上，电动自行车登记工作由各县（区）交警大队具体负责。建议您在购买电动自行车时，选择脚踏功能、外形尺寸、整车质量以及CCC认证符合《电动自行车安全技术规范》（GB17761-2018）的电动自行车。办理登记业务时持身份证明、电动自行车购车发票或者其他来历证明、电动自行车出厂合格证明以及产品有关技术参数说明书，以及电动自行车到您所居住区域或工作单位所辖的县（区）交警大队指定地点办理。    感谢您对我市电动自行车管理工作的支持与理解，祝您身体健康、生活愉快！,回复时间：2019-09-11 01:23
丽江市移动公司拖欠工程款达一年之久,已办理,城建 投诉,鑫***,2019-09-0109:46,尊敬的丽江市委：                         我是来自四川，在丽江永胜县移动公司承接了2017---2019年传输网和全业务优化的一个项目，目前已经全面完工，但是工程款一直拿不到。从2017年11月入场到19年8月，整整快两年，136万的总资产，目前只付给不到10 万。期间我垫资了接近100万，刚开始说工程质量有问题，我们也进行了整改，也通过了验收，接下来就是做验收资料。验收资料也完成了，现在移动方又要做付款申请，这些都做了，他们说税率不对，反复做了好多次，我想问问，工程都已经完工一年了，工人的工资都发不了，每天被工人催债，是不是我们的钱投进去都不是钱，多次跟移动协商要求先付一部分钱，先解决工人工资问题，可一直都没有结果，必须按流程走，我想一个流程都要走几个月，这到什么时候才是一个头，希望镇府能出面协调一下，先付一部分，流程资料我们慢慢补，马上快中秋了，都需要钱。,永胜县书记县长信箱,网民同志：      您好！您通过人民网地方领导留言板给丽江市长的留言收悉，永胜县人民政府高度重视，现将有关情况回复如下：      经与中国移动通信集团云南有限公司丽江分公司协调，丽江移动“2017 -2019传输及全业务网络线路优化服务项目(永胜县)”由广东超讯通信股份有限公司(以下简称:超讯公司)中标，按照合同规定，验收通过后支付70%初验款，因超讯公司一直未按要求提交结算、付款资料，一直无法支付。经督促，我公司于2019年9月20日将剩余款项支付，目前初验款已全部到超讯公司账户。    感谢您对我们工作的理解和支持，祝您万事如意，生活愉快!,回复时间：2019-10-11 01:23
乡镇超市到处是“抓烟赌博机”咋没人管？,待回复,治安 建言,K***,2019-08-2620:05,投币、调整遥杆、下爪，近日，农村乡镇的超市和商铺门前发现有人将夹娃娃的游戏机，改头换面用来“抓香烟”，不少市民玩得不亦乐乎。最让人担心的是，不少小学生也在那“试手气，很简单的操作，有的还真能抓住，这是不是变相向未成年人出售香烟呢？,,,
旅游买的黄龙玉退货,待回复,旅游 感谢,h***,2019-08-2616:12,首先谢谢领导百忙中查看我的留言，因为心急没跟商家联系就在上面发帖留言了，后期跟商家联系了，商家答应了退货要求，已经退货退款了，谢谢领导。,,,
旅游买的黄龙玉退货,待回复,旅游 求助,h***,2019-08-2511:14,"尊敬的领导,您好！我是众多去往云南旅游中的一员，因为向往所以来到的云南这个美丽的地方，我是跟团游的因为听信导游说购物的地方都是国家认证旅游局监督的，价格绝对不贵。为了支持云南的发展，所以我在购物景点买了2块黄龙玉可是我所购买的玉远远超过了它应有的价格希望领导帮助我退掉最贵的那块小笑佛1万的也希望你能多加管制不要让他冒用国家的幌子，以防更多人误信",,,
谢谢了,已办理,交通 咨询,W***,2019-08-2417:15,最近11路换成了纯电动的公交车人多还经常丢东西，希望领导能帮忙反映下换成双层公交车谢谢了。马上也是学生开学的时间了到时坐的人更多了。,丽江市交通运输局,网民同志：您好！您通过人民网地方领导留言板给丽江市长的留言收悉，丽江市交通运输局高度重视，现将有关情况回复如下：    经丽江市交通运政管理处对您所反映的问题进行了调查核实，目前，公交公司已结合实际，投放了5辆双层公交车到11路公交线路。如您在乘车过程中出现物品丢失的情况，请您及时拨打公交公司服务热线0888—5165873，工作人员会及时给您提供帮助，或直接拨打110报警处置。同时，市交通运政管理处已责令公交公司认真研究、合理调整，务必尽快消除安全隐患，保障乘客的安全出行。    感谢您对我市公交事业的的支持与理解。祝您身体健康、生活愉快！                          ,回复时间：2019-09-04 01:22
泸沽湖旅游被骗,已办理,旅游 投诉,天***,2019-08-2009:03,2019年8月11日来到丽江组团两日游 13日被导游带去药材店购物，当时看了一下铁皮石斛，店员一边介绍石斛好一边往袋里抓，我说不要这么多，还是往里抓还说没好多钱，也不问我们要多少直接拿去打粉末 打完出来再一称一百六十克告知我们最傻最优惠也要1800元 我说不要也不行 因为已经打成粉末了 我们没带那么多钱 协商之后把我身上的钱全部拿出来买了一半粉末900块钱的，心里很不舒服，简直就是强买强卖，,丽江市文化和旅游局,网民同志：您好！您通过人民网地方领导留言板给丽江市长的留言收悉。丽江市文化和旅游局高度重视，经了解，商家已主动与您达成一致处理意见，并已妥善处理完毕，您对处理结果表示满意。感谢您对我市旅游事业的关心与支持，顺祝身体健康，工作顺利！,回复时间：2019-08-26 10:24
小区门口出现不明身份人员强制收费,已办理,治安 投诉,W***,2019-08-1416:29,尊敬的郑市长您好：        我是丽江市古城区康仲路心悦庭的住户，我们在小区居住已经很多年了，因为小区内车位紧张，我们的车经常会停放在小区外围商铺门前、道路绿化带靠小区的内部车位。之前买房的时候，开发商也承诺如果小区内车位不够时、可以停放在小区外商铺门前的车位，十几年来一只没有发生问题。        但是从2017年开始，小区门外来了两个人，开始向停车的车主收取5元每次的停车费，但是他们没有任何的政府批文和收费依据，也不能说明自己是哪家公司、所收费用用于何处，每次收费只能给人提供一张没有任何公章、署名的自制收费单据，此2人一会儿说是交警派来收费的，一会儿说是物业派来收费的，但经核上述单位均为对该行为进行过任何形式的授权或委托。为此，小区居民已多次与其发生纠纷争吵，但问题一直没能解决。最近，该2人变本加厉，直接用锥形桶阻挡道路，不给钱就不让车通行，对不愿给钱的车主的进行语言上的纠缠、侮辱、谩骂，已砸车、放气等相威胁，对车主的老人、孩子及所有家人造成严重心理恐惧，已经影响到我们居住的安全感。             感谢您百忙之中抽空听取市民的心声，希望上述行为能得到制止和规范，给市民一个平稳有序的生活环境，谢谢！,古城区住房和城乡建设局、古城区市场监督管理局,网民同志：您好！您通过人民网地方领导留言板给丽江市长的留言收悉，古城区住房和城乡建设局、古城区市场监督管理局高度重视，现将有关情况回复如下：    经调查核实，现该片区路段还未移交市政管理，大研物业管理有限公司为了加强对建筑区划内（小区外围墙商铺门前至城市道路绿化带靠小区范围）破损人行道、路缘石、绿化带日常维修维护管理工作，请人收取了停车费。现已责成大研物业服务企业加强管理，如要收取停车费用，需依法依规取得资格，按照相关部门批准文件严格执行，不能违规收费。同时，要注重提高企业为业主服务意识，保证服务质量，为小区住户营造一个优雅、舒适、温馨、文明、和谐、热情生活工作环境。    感谢您对我们工作的支持与理解，祝您身体健康、生活愉快！,回复时间：2019-10-12 01:24
按规定办理洗车店合法资质，遭黑洗车店打压,已办理,环保 投诉,错***,2019-08-1316:51,尊敬的市长您好：  我是一名在丽江从事洗车服务的创业者。今年2月贷款在丽江开了一家洗车店，洗车店开业初期，因为不知道需要在运政管理部门登记备案和办理排污介入证，被运政处要求整改并办理相关证件。在办理相关证件期间，我对洗车店的排污管道按要求进行了改造，并多次奔走在水务局、电力公司、土地规划局等十多家单位之间，前后盖章一共17个，光环保局就邀请了三次，对我改造的排污管道进行验收，最终在环保局的验收下排污改造合格，给我办理了排污介入证。这次改造和办证经历了一个多月的时间，本以为办理好合法证件后，能够安心的把生意做起来，可是没想到被周边的清河地洗车城、白华洗车城等不具备相应排污资质的黑洗车店打压生存空间，他们压低洗车价格，抢走了我们很多的客源。  每想到这些我都气愤不已，我花了大量的时间和精力去办理合法的证件资质，他们连最起码的排污标准都达不到，还依然在不具备资质的条件下经营。  恳请市长为我们合法经营者主持公道。,古城区书记区长信箱,网民同志：您好！您通过人民网地方领导留言板给丽江市长的留言收悉，古城区人民政府高度重视，及时责成古城区交通运政管理所认真调查处理，现将有关情况回复如下：    洗车作为汽车维修里的一个专项，全称为汽车美容装潢，《机动车维修开业条件》（GB/T16739）及《丽江市古城区人民政府办公室关于古城区行政审批涉及建设用地审查备案制的通知》古政办（2016）97号文件对开办洗车店所要具备的场地、洗车设备、人员、污水处理设施等均有明确要求，必须通过村委会、街道办事处、国土、环保、市场监督、供水、供电等部门的审核，审核通过后，古城区交通运政管理所按照《机动车维修管理规定》要求进行备案，洗车店在取得古城区交通运政管理所核发的《备案证》后才能开展洗车经营。    2018年9月，我所联合环保、祥和街道等部门开展洗车行业专项整治工作，当时因清河地洗车城污水处理设施设备不达标，我所责令其停业整顿1个月，通过整改，现污水处理设施设备已达标，并通过相关部门的审查，已取得我所核发的许可。2019年8月，白华洗车城因污水预处理不达标被我所停业整改，目前已整改完毕并通过相关部门的审查，已申请备案。    我所一直开展洗车行业专项整治工作，对不具备洗车资质的店一律查封，不得营业，对申请开办洗车店的法人，我所严格按照《机动车维修管理规定》、《机动车维修开业条件》（GB/T16739）及古政办（2016）97号要求进行办理。    今后，我所将依照相关法律法规严把市场准入关，继续加大对辖区内洗车场（店）的监管力度，对不规范的店铺进行限期整改，未达到相关要求的停业整顿，对未规范经营的洗车企业督促整改、依法关停，规范洗车行业，接受社会各界的监督。感谢您对我们工作的支持与理解，祝您生意兴隆、生活愉快！,回复时间：2019-09-20 01:24
关于7月25日重庆游客的售后处理情况,已办理,旅游 求助,丽***,2019-08-0109:15,"尊敬的各位领导您们好：我是一名珠宝售后服务人员，2019年7月24日重庆游客在我所在职的汇鼎商行购买了两件货品总价12670元。我们商行本着诚信经营的理念,只要在汇鼎商行购买货品,在30天内都可以无理由退换货。重庆游客艾女士在第一时间内未联系我商行售后的情况下，于7月25日凌晨3:00投诉我们商行，并在凌晨3:57分给我商行售后打了电话，由于白天工作，晚上大脑神经处于休眠期，导致未及时接听到顾客在凌晨3:57打来的电话。当日早晨我售后服务人员在看见艾女士的未接来电时，当日早晨8:44分给顾客回了电话，了解了顾客的诉求后，在两小时内就给顾客退货退款，客人当时对我商行售后的服务态度和服务工作表示非常满意！后和客人了解情况得知，客人在未联系我商行售后的情况下，在网上搜索了一些对于丽江购物退货退款的不实信息，考虑到怕退不到款就在凌晨三点发表了投诉信，同时编排了汇鼎售后不给予退货退款，售后人员言语难以入耳的词语，而我商行的售后服务人员并未对客人说过任何不善的言辞，在和客人接洽的时间内，对客人一直都是在使用礼貌用语。此事件的发生在于我商行自身服务工作上的不足，以至于给各级件的发生在于我商行自身服务工作上的不足，以至于给各级领导带来了不必要的麻烦，我商行在此深表歉意。我商行售后表示在今后的工作中一定会更加的努力细致，认真的对待每一位顾客，做到24小时内接听顾客的售后电话。加强售后及全体人员的培训，提高全体人员的服务质量及售后服务流程，坚决杜绝此类事件再次发生！认真工作，力争做到人人知道规定，诚信经营、搞好售后服务，消费问题不出店、投诉不出门、舆情不网、退货不推诿！",丽江市市场监督管理局、丽江市文化和旅游局,网民同志：您好！您通过人民网地方领导留言板给丽江市长的留言收悉，丽江市市场监督管理局、丽江市文化和旅游局高度重视，现将有关情况回复如下：    首先，对您们的工作态度表示认可。希望您们在今后的经营接待工作中认真贯彻省、市旅游市场秩序整治工作措施，诚信经营，文明服务，坚决执行云南省旅游从业人员“八不准”规定，不断提升游客购物体验满意度。    感谢您对我市旅游市场管理工作的支持与理解，祝您身体健康、生活愉快！,回复时间：2019-09-04 01:23
欺骗游客，高价售卖商品,已办理,旅游 投诉,艾***,2019-07-2509:20,尊敬的丽江省委领导你们好！ 我是一名来自重庆的旅客，我与家人一起于7月20日至7月24日在云南旅行。一路旅行中被导游带着到各地购物。期间导游采取各种手段，让我们购物，我们先后购买了普洱茶，翡翠，黄龙玉和银器，我们家花了1万多买了黄龙玉，当我们购买后发照片给有经验懂玉石的朋友看了并说明情况后，说我们所购买的黄龙玉根本不能与购买的价值相等值。在我们与其主动联系后，他们拒绝退货。并说了很多难以入耳的言辞。我们十分气愤。我们自从上车后导游就开始感谢我们，感谢我们来云南旅行，感谢我们为云南人民做贡献，感谢我们购买玉石，为云南的经济做了贡献。我们很不理解，我们到云南来消费是来带动经济发展，还是来主动被欺骗？云南作为旅游的著名之地，就是这样对待我们善良的旅客吗？丽江如此下去如何创立文明城市？我恳请省委领导，下决心治理这些害群之马，整肃云南的声誉。并要求这家玉石店给我们退货。 期望收到领导的回复。,丽江市文化和旅游局,网民同志：您好！您通过人民网地方领导留言板给丽江市长的留言收悉。丽江市文化和旅游局高度重视，经向您核实，您表示丽江段导游服务很不错，不存在强迫购物情况。经协调，商家与您达成一致处理意见，并已妥善处理完毕，您对处理结果表示满意。感谢您对我市旅游事业的关心与支持，顺祝身体健康，工作顺利！,回复时间：2019-08-26 11:05
求助退货丽江束河古镇所购买的黄龙玉花件,已办理,旅游 投诉,紫***,2019-07-2310:01,尊敬的领导您好：   我是7月12日来云南旅游，因为是第一次来不熟悉所以报团来的，去了昆明大理楚雄丽江这些地方，总共换了三个导游。两个导游一路上全程给我们狂轰滥炸式的推荐购物带动云南经济发展。我们也理解，表示会支持，在大理买了11000多元的翡翠，还买了雪花银的镯子800多元，后来到了丽江，换了个导游，叫燕子。第二天把我们带到束河古镇还继续购物，黄龙玉我们根本不懂，所以没打算买，结果那个负责销售的人一路跟随我们，连上厕所都跟着我们走哪里去哪里，一直耗了两个多小时一直给我们推荐黄龙玉的貔貅，还把导游和他们经理都叫来洗脑，我说我们不懂，真的不敢买，他们说没事，你买了以后可以找懂行的朋友帮你看看，还可以去权威机构鉴定，而且他们提供60天无理由退换货，还说这个东西现在7980，三年后绝对会涨5000多，到时候你一定会来谢谢我们。我反复确认了是不是真的可以无理由退换货，他们说是的，最后买下来，晚上就问了懂行的朋友，朋友说这个东西根本不值7980，价格明显虚高，晚上打车回酒店，出租车师傅刚好是本地人，我就问了下，师傅说购物店的黄龙玉价格都虚高，明明三四千的东西能卖六七千八九千，听了以后整晚失眠，感觉被坑了，我们来云南旅游是为了开心的，希望有关领导能够帮忙要求位于丽江古城区束河古镇茶马驿站的晨轩商行全款退货，挽回我对云南的信心。不然没有第二次来云南的勇气了，谢谢！￼,丽江市文化和旅游局,网民同志：您好！您通过人民网地方领导留言板给丽江市长的留言收悉，丽江市文化和旅游局高度重视，现将有关情况回复如下：经核实，您一行的丽江段行程由丽江亨信旅行社操作，委派导游李某慧（导游证号：VQD***2N）接待。经与您联系，您向执法人员反馈称您是在束河古镇自由活动期间自行前往购买的，导游未陪同。后经了解，商家已与您达成一致处理意见，您表示满意。感谢您对我们工作的支持与理解，祝您生活愉快，身体健康！,回复时间：2019-07-31 01:22
北京到云南旅游被骗,已办理,旅游 投诉,张***,2019-07-1917:50,7月10日报团大理丽江八日游，到香格里拉被导游拉去购物，先是购买玉器，以1500元的价格卖给我一个貔貅吊坠，回到昆明去翡翠点被告知是假货，又12元一克，稀里糊涂给我装了150克，1800元的价格卖给我，我说太多了，商家在没有挣得我同意的情况下就给粉碎，不能不要了，本来一次很好的旅行，却被这1800元的天价药弄得一点心情没有了，本来要去西双版纳的，不得不提前回北京，希望有关部门可以治理这种天价药材，整治旅游乱象，为了云南的旅游业，希望有关部门高度重视，本人回到北京把我这次云南游如实的告诉大家，让来云南旅游的朋友不要和我一样被骗，,丽江市文化和旅游局,网民同志：您好！  您通过人民网《地方领导留言板》给丽江市长的留言收悉，丽江市文化和旅游局高度重视，现将有关情况回复如下：  由于您未预留您本人和被投诉旅行社、导游及社会商品零售企业的有效联系方式，按照《旅游投诉处理办法》的有关规定，属无效投诉，暂不予受理。请您收集被投诉旅行社、导游及社会商品零售企业的有效信息以便我们作进一步的调查核实。同时，如果您所反映、投诉的问题发生在香格里拉，按照属地原则，建议您向迪庆州文化和旅游局（0887-8231460）或者迪庆州市场监管局（0887-12315）投诉、反映。  感谢您对我们工作的支持与理解，祝您身体健康、生活愉快！,回复时间：2019-07-26 01:22
祥和商业广场什么时候恢复供水啊,已办理,城建 咨询,W***,2019-07-0313:04,你好，昨天的预通知是今天白天停水到晚上20：00，但是现在都22:00了还没有来水，什么时候才能来呢？,丽江市书记市长信箱,网民同志：您好！您通过人民网《地方领导留言板》给丽江市长的留言收悉，如遇到类似情况请您及时拨打丽江水务集团有限公司维修服务电话：0888-5126188，公司将竭诚为您提供服务。感谢您对我市供排水工作的支持与理解，祝您身体健康、生活愉快！,回复时间：2019-07-09 01:22
关系退货后续,已办理,旅游 感谢,李***,2019-06-2510:02,"郑市长您好，关于2019.6.23投诉。在旅游过程中购买的黄龙玉。在投诉前家庭其他成员已和商沟通处理了。本人未及时与家人沟通了解情况，才发帖投诉。商家正在妥善处理解决。通过退货的事情明确了云南旅游改革的决心及对消费者的承诺，给商家造成的影响表示歉意，感谢各级政府,领导的积极帮助，也打扰了郑市长，深表歉意！希望云南越来越好！",丽江市书记市长信箱,网民同志：您好！  感谢您对我们工作的信任理解与肯定。祝身体健康、生活愉快！,回复时间：2019-06-28 01:22
黄龙玉退货,已办理,旅游 求助,李***,2019-06-2410:18,尊敬的领导：   您好6月12日本人报了昆明-大理-丽江-香格里拉8天7晚纯玩零购物的行程，期间在丽江市古城区民主路203号维客购物广场二楼于6月16日购买黄龙玉貔貅一件16800元，黄龙玉手镯两件分别13900元和26800元，回程后经业内人士鉴定，价钱虚高，现物品证件齐全，现在希望领导能够帮忙处理退货退款，万分感谢。,丽江市工商局,网民同志：您好！您通过人民网地方领导留言板给丽江市长的留言收悉。丽江市市场监督管理局高度重视，经协调，商家已与您达成一致处理意见。感谢您对我市旅游事业的关心与支持，顺祝身体健康，工作顺利！,回复时间：2019-07-05 15:01
七彩云南泸沽湖之行,已办理,旅游 感谢,W***,2019-06-2216:37,尊敬的领导:        万分感谢您在百忙之中对我们《投诉藏医藏药》问题进行了处理解决。        此事情的发生其实也不能全怪他们，是我自愿在拍照玩的时候买的。        现在事情已经解决，各个工作人员解决问题非常及时高效，山南村村民合作社对我已进行了全额退款处理。非常感谢，钱已经收到。由于自己对藏医藏药方面不懂，给自己带来了不便，也为合作社带来麻烦。        此外对泸沽湖所有行程很满意，也非常感谢各个工作人员帮忙及时处理，此次旅行非常开心，特别是导游的一路讲解，也有很大收获，旅行社和导游都安排得非常的好，希望有机会还能回到云南旅行！,丽江市书记市长信箱,网民同志：您好！  感谢您对我们工作的信任理解与肯定。祝身体健康、生活愉快！,回复时间：2019-06-25 01:22
投诉藏医藏药,已办理,旅游 投诉,W***,2019-06-2121:06,尊敬的领导:         您好！         2019年6月15日至6月21日，报云南未来国际旅行社七天六夜纯游玩团途中，6月18日泸沽湖行程至丽江游玩时，摩梭人导游在结束泸沽湖旅游景点后，带领我们前往村民藏药合作社了解藏药，在藏药处还设有两位在当地德高望重的藏医，说可以通过手相看病，并且很准，藏医扎西-尼玛诊治时说我宫寒、内分泌失调、气血不足，肝火旺盛等等症状，如果不尽早治疗，后期还会导致不孕不育。 由于医生说我病情这么严重，其他药物不一定能够治疗，我一听这么严重，加上对藏药的信赖，着急忙慌的询问治疗方法，并购买了一个疗程（一个月）藏药治疗。同行的伙伴（男）也请藏医进行了诊断，并也购买一个疗程（一个月）藏药治疗。我俩诊断均为两个疗程用药（两个月）。因当时想看看效果，均购买了一个疗程用药，共花费1950元。当时所有药物均打成粉末。         旅行结束后，想查查所开药物功效，却发现许多药材查不到，并且像松露、鬼臼等药材价格与药店相差较大，感觉自己被骗了。这是第一次前往云南旅游，原本怀揣着对云南美好的向往，抱着对少数民族风情文化的追崇，去到美丽的七彩云南。近年来听说云南旅游业整治很到位，却不曾想还会遇见这样的情况，实在是感觉怕了。在很多人的印象里，藏医藏药都是很值得大家信赖的，如果都遇见这样的情况，肯定会影响大家对云南的美好印象，以及对藏药的良好声誉。还请领导能够重视一下类似事件，万分感谢。,丽江市书记市长信箱,网民同志：您好！您通过人民网地方领导留言板给丽江市长的留言收悉，丽江泸沽湖管理局高度重视，现将有关情况回复如下：    经核实，您所反映的问题事发地为四川省凉山州盐源县泸沽湖镇泸沽湖景区内，不属于云南省丽江市行政管辖范围。收到您反映的情况后，我局及时与四川管理局沟通协调处理，后经了解，投诉事项已得到妥善处理。感谢您对我市旅游市场管理工作的支持与理解，祝您身体健康、生活愉快！,回复时间：2019-06-25 01:22
为深入基层心系百姓一心为民的好同志屈春国点赞,已办理,旅游 感谢,Q***,2019-06-1216:21,郑市长您好，首先向您表示感谢，感谢您领导下的丽江市市政府的工作人员，在我投诉后都能第一时间回应我，帮我排忧解难。尤其要表扬一下丽江市市场监督管理局食品流通科科长屈同志，在我投诉在丽江某酒吧喝到三无产品的啤酒后，屈科长当即表示晚上下班后他会加班突击检查我所举报的酒吧，最终检查的结果是我喝到的酒不是三无产品，人家酒吧也是依法依规经营，并在当天晚上9点多，检查结束后第一时间向我公示了他们在现场所拍到的证据，向我电话耐心解释并非三无产品的原因，为此我被屈科长这种为人民服务，尽职尽责的精神所感动，当我表示要写一封感谢信和做一面锦旗寄到其工作单位表示感谢的时候，却被屈科长委婉拒绝，他说这样做是他的责任和应该做的，我如果寄感谢信和锦旗他总感觉过不了自己良心那一关，一位如此为民办事，有责任心的公务人员能说出这么诚恳的话为此我表示非常感动。我为丽江市公务人员阳光执法点赞，为向屈科长这样的好同志点赞。,丽江市工商局,网民同志：您好！感谢您对我们工作的信任理解与肯定。祝身体健康、生活愉快！,回复时间：2019-07-05 15:01
来自北京游客的感谢信,已办理,旅游 感谢,金***,2019-06-1118:40,2019年5月15日， 我曾在留言板上写了一条关于《我们在丽江到底还能不能买特产？》的留言，讲述了我们在丽江买的腊肉在机场安检被没收的不愉快经历。 第二天我很快就收到了来自丽江机场安检处的来电，向我们了解了事情的经过，但最后并没有给我们满意的结果。 我们当时以为此事就不了了之了。但是， 6月10日，我们又收到丽江市市场监督管理局食品流通科屈春国科长的来电，他详细地询问了事情的经过，我们也如实地反应了情况。屈科长在与我们的沟通过程中不厌其烦，任劳任怨，很快使整个事情得到了圆满的解决， 让我们感到在云南丽江旅游时留下的一点遗憾瞬间变成了感激和难忘的心情。在此，我们衷心感谢云南丽江市政府的领导、丽江市市场监督管理局的领导和市场监督管理局食品流通科屈春国科长，把普通百姓的利益放在第一位，能够倾听百姓的声音，真正地做到了以民为本，以民为先。有机会我们还会到云南丽江这个美丽的城市游玩，祝愿丽江旅游事业发展得越来越好！,丽江市工商局,网民同志：您好！感谢您对我们工作的信任理解与肯定。祝身体健康、生活愉快！,回复时间：2019-07-05 15:01
谁来为我的损失买单？,已办理,旅游 投诉,Q***,2019-06-0214:37,郑市长您好，我是一名青岛来丽江旅游的游客，在丽江古城景区内，花480元买了六块腊肉打算回家送朋友，买之前商家未提前告知腊肉等肉食品带不上飞机，走时上飞机过安检前被机场工作人员告知腊肉不能直接带上飞机也不可以托运，我因为工作原因经常往返于国内外，对于肉和水果不可以带到国外是知道的，可国内不允许带，我还是第一次碰到，但工作人员不让带所以我也自认倒霉认了，480元的腊肉白白扔在了机场，过完安检后发现机场内的商场有卖腊肉的，于是就问销售人员，为什么机场外的腊肉过安检不行，你们古城内的腊肉就可以销售带上飞机？工作人员微微一笑，说不知道。到了昆明后我发现昆明机场内也有卖腊肉的，于是我便报着试试看的心理在昆明机场安检外的超市花800元购买了两块腊肉，结果成功过了安检，于是我就百思不得其解了，一系列问题迎面而来，请问一下市长为什么同属一个省份的丽江机场不让带?昆明机场就让带? 为什么丽江机场外买的腊肉不可以带？机场内买的腊肉就可以带上飞机？为什么工商管理部门和机场没有在古城内和机场醒目位置分别张贴相关提示如谨慎购买肉食品因为带不上飞机等一系列的告示，起到提醒游客等一系列动作，请问一下谁来为我的损失买单？,丽江市工商局,网民同志：您好！您通过人民网地方领导留言板给丽江市长的留言收悉。丽江市市场监督管理局、丽江机场高度重视，第一时间与您取得联系了解相关情况，云南省发生非洲猪瘟疫情以来，尤其是香格里拉发生疫情以后，丽江市市场监管部门按照市委、市政府和丽江市非洲猪瘟应急防控指挥部的要求，将非洲猪瘟防控作为工作重点，严格监管猪肉及其制品的生产经营，严防染疫猪肉及其制品流向交易市场。根据《丽江市古城区人民政府关于全面加强非洲猪瘟防控工作的通告》，自2018年10月24日起，全面禁止生猪及其产品跨省、疫区违规调运。在非洲猪瘟防控期间，市场监管部门按照非洲猪瘟防控工作的有关要求，主动加强舆论引导，向辖区内的猪肉及猪肉制品经营户发放了《关于全面加强非洲猪瘟防控工作的通知》。下一步，我市市场监管部门将进一步做好防控工作，加大宣传力度，把《关于全面加强非洲猪瘟防控工作的通知》发放到每一户旅游景区食品经营户，让肉制品经营户明确非洲猪瘟防控期间的猪肉调运规定，禁止本市辖区猪肉产品跨省调运。强化经营者主体责任，告知猪肉制品经营者在对消费者，特别是对游客销售时作善意提醒。通过有关部门电话对您进行了认真地解答处理，您对处理结果表示满意。感谢您对我市市场管理工作的关心与支持，顺祝身体健康，工作顺利！,回复时间：2019-06-18 01:21
为何取消两年的党龄？,已办理,政务 求助,c***,2019-05-2419:04,尊敬的郑市长：感谢你在百忙之中浏览我的留言，我是丽江市孤儿学校的一名教师，2014年我们四个同事申请入党，转正时间是2016年11月7日，期间我们都按入党流程严格进行的，由于学校支部与上级组织业务对接上存在疏忽，导致，入党申请书内容不完善，4月初接到学校支部通知，不算入党了，程序不合格，期间我们也积极参加各种支部活动，也交纳了党费，请求郑市长给予解决为盼！,丽江市书记市长信箱,网民同志：您好！您通过人民网地方领导留言板给丽江市长的留言收悉，丽江市教育体育党工委高度重视，及时进行了调查核实，现就有关情况回复如下：      经核实，丽江民族孤儿学校为民办公益性学校，未配备专职的党务人员，党支部书记由教师兼任。2019年3月份，丽江民族孤儿学校党支部根据丽江市教体党工委关于发展党员专项整治工作的通知，对学校发展党员情况进行了自检自查，发现学校4名教职员工虽然在党员花名册里纳入正常党员管理，但是从其党员档案反映，学校党支部在申请人递交申请书后没有严格按照发展程序做好工作，没有开展培养工作，没有进行支部表决，没有报上级党委审批等。通过此次专项整治发现，学校党务工作水平较低，对业务知识掌握不熟不透，发展程序不规范，导致在没有按规定完成党员发展的情况下就将该4名教职工作为党员与其他党员一起录入了系统管理。为此，学校党支部及时召集当事教职员工（其中1名职工因违反学校规章制度被解除劳动合同于4月份离开学校未参与）进行了座谈，指出党支部存在的问题及给教职员工带来的影响，进行了严肃的自我批评，同时希望当事教职员工不因此事影响对进步的追求，参会的当事教职工表示理解学校党支部工作。      下一步工作中，教育体育党工委将进一步加强对基层党组织的管理，指导学校党支部认真组织学习党务工作知识，提升工作能力水平，根据学校人员调整的实际，改选支部书记，完善工作制度，严格按照程序和规定抓好党员教育、发展党员等工作，发挥好党组织在民办学校中的战斗堡垒作用和党员的先锋模范作用。      感谢您对我市教育系统党员管理工作的关心和支持，祝您身体健康、生活愉快！,回复时间：2019-06-27 01:22
我们在丽江到底还能不能买特产？,已办理,交通 投诉,金***,2019-05-1516:07,丽江市长： 您好！    我是一名来自北京的游客，于5月6日-5月14日期间在丽江旅游。    我于5月13日在丽江古城购买了一块700克左右的火腿，当时我们是要求店家进行真空密封包装，并与店家确认再三是否能带上飞机，得到肯定答复后，才购买。但是5月14日清晨我们坐飞机前，经过安检，工作人员将真空密封包装的火腿拿出，告诉我们这个火腿既不能随身带上飞机，也不能托运， 他说这个火腿“不是由正规厂商生产的，不允许携带”。我们经常坐飞机，去过很多机场，只要是经过真空密封包装的风干肉类，都可以携带。 但由于当时害怕耽误后面旅客的时间， 我们只能匆匆将真空密封包装的火腿留给了安检人员。   现在我们想知道：1. 没有液体，经过腌制风干并真空密封包装的火腿肉为何不能在丽江机场带上飞机或进行托运？ 丽江机场根据哪些明文标准来评判该肉类是正规厂家生产还是不正规厂家生产？国家的政策是大力发展中小企业，让中小企业活起来， 难道从丽江古城商店购买的经过真空密封包装过的云南火腿就不算正规厂家并且不允许带上飞机的吗？2. 火腿腊肉是云南特产之一，相信许多游客都会在古城游玩时购买。如果按照该安检人员所说， 加上丽江客流量之大，被拦下的游客应该是不计其数，丽江机场甚至是丽江政府是否早就应该发现此问题，有没有在机场或其它场所提早进行宣传和提醒乘客：哪种肉类不允许随身带上飞机或不允许托运，以让旅客提早做好安排？3. 如果丽江机场要求如此严格，客流量又如此之大，丽江机场有没有为众多不知情的旅客提供解决方案： 比如在机场设置服务站点， 供旅客将无法随身带上飞机或托运的物品进行保管，快递或邮寄服务，以减少旅客不必要的经济损失？4. 机场安检没收的食品和其它物品， 最后到底落入何处？    游客到丽江旅游，购买当地土特产，本来既提高了旅游愉悦体验，又促进了丽江的经济发展。但是我们万万没想到，我们在丽江一边消费，丽江机场又一边以各种理由莫名其妙地进行阻拦和没收，让我们游客猝不及防，不得不自己承担经济损失，遗憾离开，这一点实在令人不满。   请丽江机场相关领导作出答复，谢谢！,丽江市工商局,网民同志：您好！您通过人民网地方领导留言板给丽江市长的留言收悉。丽江市市场监督管理局、丽江机场高度重视，第一时间与您取得联系了解相关情况，云南省发生非洲猪瘟疫情以来，尤其是香格里拉发生疫情以后，丽江市市场监管部门按照市委、市政府和丽江市非洲猪瘟应急防控指挥部的要求，将非洲猪瘟防控作为工作重点，严格监管猪肉及其制品的生产经营，严防染疫猪肉及其制品流向交易市场。根据《丽江市古城区人民政府关于全面加强非洲猪瘟防控工作的通告》，自2018年10月24日起，全面禁止生猪及其产品跨省、疫区违规调运。在非洲猪瘟防控期间，市场监管部门按照非洲猪瘟防控工作的有关要求，主动加强舆论引导，向辖区内的猪肉及猪肉制品经营户发放了《关于全面加强非洲猪瘟防控工作的通知》。下一步，我市市场监管部门将进一步做好防控工作，加大宣传力度，把《关于全面加强非洲猪瘟防控工作的通知》发放到每一户旅游景区食品经营户，让肉制品经营户明确非洲猪瘟防控期间的猪肉调运规定，禁止本市辖区猪肉产品跨省调运。强化经营者主体责任，告知猪肉制品经营者在对消费者，特别是对游客销售时作善意提醒。通过有关部门电话对您进行了认真地解答处理，您对处理结果表示满意。感谢您对我市市场管理工作的关心与支持，顺祝身体健康，工作顺利！,回复时间：2019-06-18 01:22
云南泸沽湖旅游投诉已解决,已办理,旅游 感谢,曼***,2019-05-0521:51,关于泸沽湖旅游投诉已妥善解决，感谢丽江市政府领导们的辛苦工作及丽江当地导游的热心服务，希望能够减少对当地居民和导游的影响,丽江市书记市长信箱,网民同志：您好！  感谢您对我们工作的信任理解与肯定。祝身体健康、生活愉快！,回复时间：2019-05-07 11:05
泸沽湖旅游家访被骗,已办理,旅游 投诉,曼***,2019-05-0215:18,我们是2019年4月28日跟团来到丽江4月29日早跟一位叫丹布导游乘车从丽江出发车牌云R95966的藏族司机一起去的泸沽湖，4月29日早上进行的是走访当地摩梭人我们来到阿苏家，一路上导游告诉我们走的是扶贫线，极力推荐我们买银器，期间不许看手机不许跟其他游客交流，我们进了当地住户阿苏家里她每句话都围绕银器，忽悠我们购买了4555元的银器（一把梳子一个银碗），完了之后又带我们去当地村落实际上就是一个临时搭建的不起眼的售卖药材中心，用威逼利诱的方式说他不能出来白跑他和司机大叔也要养家糊口然后用各种人情讲价对得起游客的方式忽悠我们购买了将近4000元的药材。我刚刚在网上发现有跟我一莫一样的情况，才知道受骗了。希望您看到之后能够关注，我们希望能够多次来云南旅游，而不担心被套路。谢谢您让您在百忙之中还要处理这样微小其微的我的投诉，期待您能给我一个满意的答复。,丽江市旅游发展委员、丽江市泸沽湖省级旅游区管理委员会,网民同志：您好！您通过人民网地方领导留言板给丽江市长的留言收悉，丽江市文化和旅游局、丽江泸沽湖管理局高度重视，现将有关情况回复如下：经核实，4月30日您经丽江十三峰旅行社安排前往丽江泸沽湖景区旅游期间，先后在四川省盐源县泸沽湖镇盐源县摩梭文化园购买了4555元的银器及祖母味道餐厅用餐期间，在餐厅旁边的土特产店购买将近4000元的药材。经丽江市文化和旅游局工作人员调查，带团导游张晓明按照团队计划安排团队游览了泸沽湖行程，行程中未安排团队进店购物。经电话回访，与您同团的10组游客证实导游张晓明没有指定游客购物，没有诱骗、强迫购物的行为。同时，您也表示您所购买银器和药材是自自己个人行为，也不退货并愿意撤销投诉。由于您反映的事项事发地为四川省凉山州盐源县泸沽湖镇泸沽湖景区内，不属于云南省丽江市行政管辖范围。根据属地管理原则，如有疑问建议您直接向四川省有关部门反映处理，四川泸沽湖旅游投诉热线0834-6390103。感谢您对我市旅游市场管理工作的支持与理解，祝您身体健康、生活愉快！,回复时间：2019-05-27 15:07
丽江云杉快运乱收费,已办理,交通 投诉,丽***,2019-04-2610:03,昨天去云杉快运取件，被收“保管费”有所疑问，在人民网上向市长留言，并提出了5个疑问。今天又去云杉快运取件了。到了取件处认真找了一下，发现确实有收费标准在公示，我没看到是因为我的视力问题。用手机放大了照下来仔细看了一下，在云杉快运收费项目及标准中，第8条：到达货物取货手续费（保管费等），每日2-4元/件（丽江），但是新的疑问又有了：1、这次取的是2件物品，按照制度上所写明的最多是要支付8元的保管费，为何工作人员随口就是10元？（有支付宝付款证明）云杉快运是否存在乱收费的问题？2、在办理托运业务的时候不告知（未在托运申请单上注明）有“货物取货费（保管费等）”，而在取货点才“公示”，是否属于强制消费？3、在收费公示中虽然注明了每日2-4元/件，但是这个“每日”的计算方法是什么？行政拘留不都是从入所的次日才算吗？是不是需要明确一下？收费不是不可以，但是要告知在前，要收在明处，希望市长给予关注！,丽江市交通运输局,网民同志：您好！您通过人民网地方领导留言板给丽江市长的留言收悉，丽江市交通运输局高度重视，现将有关情况回复如下：一、丽江交通集团车站云杉快运属货运业务范畴，实行的是市场调节价。按照《丽江市交通运输局、丽江市发展改革委员会关于丽江汽车客运站服务收费管理有关事项的通知》（丽交运管【2017】27号）的规定，丽江客运站可以对寄存货物按照市场调节价收取一定数额服务费。二、丽江交通集团公司各客运站已对各项收费标准做了公示，但不排除存在个别服务人员在执行收费标准和事前告知旅客工作上做得不到位的情况。该公司已对相关工作人员进行了批评教育和处理，并向当事人做了反馈沟通。同时公司将此事件在公司内部做了通报，要求各车站要切实做好收费公示及事前告知旅客的工作。同时，我局已要求丽江市交通运政管理处加强监督检查，确保提高服务质量，杜绝此类事件发生。感谢您对我市货运管理工作的支持与理解，祝您身体健康、生活愉快！,回复时间：2019-05-08 01:22
在寄递业务中发现的乱收费现象问题,已办理,环保 建言,丽***,2019-04-2514:51,尊敬的市长：今天，接到丽江交通集团云杉快递的电话（15770406968）称有一份快递到了叫我去取，对方提醒要带好自己的身份证，之后就挂电话了。接到电话后立即赶往云杉快递（从接到电话到取件，整个过程不超20分钟）验证完信息后对方告知要收取2元的保管费。在向对方索要发票后（手撕发票）支付了保管费。虽然钱不多，但是本人对此有几点疑问：1、在云杉物流货物托运申请单中未注明有所谓“保管费事项”，不知丽江云杉快递取件点的收费依据是什么？至少本人未在取件点发现有收费标准公示；2、在办理快递业务时是在云杉物流（永胜）站办理的，已支付了托运费15元，取件时是在丽江站，不知这二个站点是否都同属于一家快递公司？若是属于同一家公司，不知为何在办理业务时无人提及或公示“到站自取”还需支付“保管费”的事项？3、所谓“保管费”是否有保管时限的限制，是否只要放进去“存了”就要收费？ 4、在未通知当事人的情况下，就将快递放置存放点寄存收取所谓的“保管费”是否存在强制消费？5、如果这所谓的“保管费”本就不是合法的，那为何会长期存在？是个人行为？公司行为？还是监管漏洞？我的同事在以前通过云杉快递寄东西回家时也发生过类似的情况，其从丽江寄行李到永胜，也是提前支付了运费，同样是立即取货，但是仍然需支付了180多元的“保管费”后才拿到行李。相信这样的事还有很多，大家都不愿意把时间花在这点小钱上，也不想追究，但个案虽小，经不起量大啊！ 收费不是不可以，但是要收在明处，希望市长给予关注！,丽江市交通运输局,网民同志：您好！您通过人民网地方领导留言板给丽江市长的留言收悉，丽江市交通运输局高度重视，现将有关情况回复如下：一、丽江交通集团车站云杉快运属货运业务范畴，实行的是市场调节价。按照《丽江市交通运输局、丽江市发展改革委员会关于丽江汽车客运站服务收费管理有关事项的通知》（丽交运管【2017】27号）的规定，丽江客运站可以对寄存货物按照市场调节价收取一定数额服务费。二、丽江交通集团公司各客运站已对各项收费标准做了公示，但不排除存在个别服务人员在执行收费标准和事前告知旅客工作上做得不到位的情况。该公司已对相关工作人员进行了批评教育和处理，并向当事人做了反馈沟通。同时公司将此事件在公司内部做了通报，要求各车站要切实做好收费公示及事前告知旅客的工作。同时，我局已要求丽江市交通运政管理处加强监督检查，确保提高服务质量，杜绝此类事件发生。感谢您对我市货运管理工作的支持与理解，祝您身体健康、生活愉快！,回复时间：2019-05-08 01:21
关于摩梭族银梳子投诉已妥善沟通解决的声明,已办理,旅游 感谢,谦***,2019-04-2415:27,在市领导的帮助与协调下，已与商家完成协商与沟通，问题已得到妥善处理,丽江市泸沽湖省级旅游区管理委员会,网民同志：您好！感谢您对我们工作的信任理解与肯定。祝身体健康、生活愉快！,回复时间：2019-05-17 17:56
全科医学生定向就业后岗位未落实问题,已办理,就业 求助,全***,2019-04-1610:21,书记，你好！我是定向于丽江永胜县的全科免费医学生。上大学前我们与永胜县卫计局签署就业协议，承诺我们毕业后纳入编制管理，享受基本工资、医保、养老等一系列社会福利，然而当我们本科毕业后，永胜县卫计局找各种理由不履行协议，不为我们安排编制，毕业去卫生局报道后，就叫我们回来等消息，都快一年了，连具体的岗位都没落实，更何况是编制，。18年，19年丽江事业单位医疗系统仍然招聘多名编内人员，也就是说编制名额是有，但是就是不给我们落实，更没有任何社会福利，生病了连医保都没有。目前整个云南省除了丽江个别地区外，全部都给我们全科医学定向生落实编制等社会福利，永胜县给我们落实编制和岗位真的就那么困难吗？我们一心响应国家号召，立志为基层医疗贡献力量，但是古城区的做法另我们感到心寒，打击了我们的积极性。按照公证过的协议，如果永胜县卫计局违约，我们有自谋出路而不用承担违约责任的权利，但是我想国家培养我们的目的并不是让我们自谋出路，我们也想安安心心工作学习，踏踏实实为基层服务。为了让我们得到应有的待遇，让我们安心为基层服务，我们恳求书记为我们主持公道，谢谢书记！,永胜县卫生和计划生育局,网民同志：您好！您通过人民网地方领导留言板给丽江市长的留言收悉，永胜县卫生健康局高度重视，现将有关情况回复如下：    经工作人员查询免费医学生所签订的协议后，您属2014级免费医学生，毕业时间2019年7月，截止2019年4月30日我局未收到您的任何人事报到档案。　　我局按省、市要求与免费医学生签订了定向就业协议，该协议是以《关于印发开展农村订单定向医学生免费培养工作实施意见的通知》（发改社会[2010]1198号）文件为依据制定的；根据国家（发改社会[2010]1198号）文件第八条：免费医学生毕业后，应按照入学前签署的定向就业协议，到生源所在地的县级卫生行政部门报到，由基层医疗卫生机构按照有关规定与之签订聘用合同，办理相关手续，实行合同管理。根据《云南省农村订单定向医学生免费培养工作实施办法的通知》（云发改社会[2011]2184号）文件第四条：定向就业。免费医学生毕业后，按照入学前签署的定向就业协议，到生源所在地县级卫生行政部门报到，由县级卫生行政部门根据岗位计划分配到乡镇卫生院服务。第六条：保障措施。第三款第三点：免费医学生毕业后，按照有关规定参加全科医生规范化培训或岗位培训，并参加执业医师或执业助理医师资格考试。对获得执业医师或执业助理医师资格者，经考核合格，予以正式聘用，纳入乡镇卫生院编制内管理。未取得执业医师或执业助理医师资格的人员，仍实行编制外管理。　　我局拟按照定向就业协议，根据岗位需求安排到乡镇卫生院服务，实行合同管理。对按有关规定参加全科医生规范化培训合格者，并在服务期内获得“执业医师或助理医师资格”的，在乡镇卫生院编制总额内和岗位空缺前提下，按人事部门相关规定，报经县人民政府批准同意后，纳入正式编制管理，对未取得“执业医师或助理医师资格”的人员，实行编外管理至服务期满。　　感谢您对我局定向免费医学生管理工作的支持与理解，祝您身体健康、生活愉快！　　　　　　　　　　　　　　　　　　　　　　　　　　　　　　　　　　　,回复时间：2019-05-10 15:16
关于去云南旅游摩梭族卖银梳子价格虚高的诉求,已办理,旅游 投诉,谦***,2019-04-1015:39,您好，郑市长，我今年来云南旅游，在19年4月9日的摩梭族家访至一个叫央拉卓玛的家中其极力推荐银器，说了各种治病疗效，于是我在看到同团人纷纷交钱后打消了疑虑买了一把990足银银梳子1067元，单价19元一克，后在权威网站查999足银成本+加工价不过7块多元一克，暂不论银制品治病疗效是否有宣传的那么神奇，单就价格虛高足以影响云南旅游产业在我心目中的形象，为云南人民花钱可以，但是不能超出价位太高，我不要求退货只要求按照正常市场价格返还多余的钱！,丽江市泸沽湖省级旅游区管理委员会,网民同志：您好！您通过人民网地方领导留言板给丽江市长的留言收悉，丽江泸沽湖管理局高度重视，现将有关情况回复如下：    经核实，您所反映的问题事发地为四川省凉山州盐源县泸沽湖镇泸沽湖景区内，不属于云南省丽江市行政管辖范围。收到您反映的情况后，我局已第一时间转四川管理局处理，同时，我局工作人员多次通过您预留联系方式给您打电话欲进一步回访了解，均无回应。为此，根据属地管理原则，如有疑问建议您直接向四川省有关部门反映处理。    感谢您对我市旅游市场管理工作的支持与理解，祝您身体健康、生活愉快！,回复时间：2019-04-28 12:06
农村公路路灯,已办理,城建 投诉,V***,2019-04-0808:53,玉龙县龙蟠乡星明四组公路上没有安装路灯，星明五组三组公路都有路灯两年了，就是我们组没有，村长前年就说路灯下来了组织村民挖固定路灯的坑到现在路灯都没有到村里，其他村晚饭过后都可以在路边散步遛娃什么的，就我们村黑黑的！,玉龙县龙蟠乡,网民同志：您好！您通过人民网地方领导留言板给丽江市长的留言收悉，玉龙县龙蟠乡高度重视，经核实，龙蟠星明村委会的路灯亮化工程是由两个项目组成实施，当时项目实施星明四组辖区时因资金未到位，星明四组公路路灯安装工作搁置，截至4月底星明四组公路路灯已安装完毕。      感谢您对我乡工作的支持与理解，祝您身体健康、生活愉快！,回复时间：2019-06-19 01:23
旅游型城市,已办理,旅游 建言,飞***,2019-03-2714:00,丽江古城历史悠久，这座古城古香古色，建筑物多为木质土坯，希望市政府能多多注意防护。保护历史建筑物。,丽江市世界文化遗产丽江古城保护管理局,网民同志：您好！您通过人民网地方领导留言板给丽江市长的留言收悉，世界文化遗产丽江古城保护管理局高度重视，现将有关情况回复如下：    一、为保护世界文化遗产丽江古城，云南省于2005年12月2日颁布实施了《云南省丽江古城保护条例》，要求丽江古城的修建活动应当按照保护规划进行，保持原有的总体布局、形式、风格、风貌。同时实行分区保护，保护范围划分为遗产区、建设控制缓冲区和环境协调区。不同区域的管控要求有所不同；    二、《世界文化遗产丽江古城保护规划》对相关遗产要素提出相应保护措施。对传统民居的修缮提出“采用原色土石墙体或抹灰粉白墙体，木或仿木结构，石砌的勒脚。屋顶需纵横向皆形成微微的反拱曲线，深出檐、坡屋面，并以黑灰筒瓦铺砌。沿商业街立面为木板面，用木门窗装修。”    丽江古城的相关遗产管理机构根据《云南省丽江古城保护条例》、《世界文化遗产丽江古城保护规划》等遗产管理的相关管理要求，进行传统民居修缮的管控。这里需说明，为保护耕地，国家实施了“墙改”政策，土坯墙由于材料来源、生产成本等原因，已无人制作，现丽江古城内民居修缮采用的墙体材料多为砖墙。墙面按照传统方式分三段处理，下段采用石材勒脚、中段为白浆或土浆抹灰、上段贴六角形或方形青砖，墙角镶贴方形青砖（金镶玉），山墙设有麻雀台。正面一层正中为木制六合门，两侧为下设木制镶板上设木格窗扇，二层为多设深出檐和木格窗扇。这些民居特点是丽江古城作为世界文化遗产的重要组成部分，也是遗产保护的重要管控内容。对在民居修缮过程中擅自改变传统民居风格的违规行为，丽江古城综合行政执法部门将根据相关规定，对其进行行政处罚和要求进行整改，以保护丽江古城的整体风貌。    感谢您对我市丽江古城保护工作的支持与理解。祝您身体健康、生活愉快！,回复时间：2019-04-26 11:15
项目部不负责，老板跑路，拖欠老百姓血汗钱,已办理,交通 求助,鑫***,2019-03-2414:32,尊敬的市长您好!我代表老百姓，在华丽高速二十七标，第三项目部羊见村供应汽配汽修，以及老土方运费共计20万元，整整拖欠长达9个多月，2019年2月1号支付了小部分货款，项目部答应剩余尾款年过了给予支付，安心回家过年，3月2号朋友通知老板跑路，项目部不负责任，欠款不知道那里去拿，精神崩溃，欠了父母亲，亲戚朋友的血汗钱，当天七河派出所也到工地调查，但是时间过了很多天，也没有给我们一个答复，去劳动局也不管，，目前也没有经济走司法机关处理帮忙，无奈之下像市长您求助，恳请市长给我们做主，帮帮我们老百姓的血汗钱，家里老人孩子都等着我们养家糊口……照片欠款人，项目部负责人：张强七河派出所知道所有情况,丽江市交通运输局、古城区书记区长信箱,网民同志：您好！您通过人民网地方领导留言板给丽江市长的留言收悉，丽江市交通运输局高度重视，现将有关情况回复如下：收到您反映的情况后，丽江市交通运输局及时联系中交云南华丽高速公路建设指挥部及中国交建云南华丽高速公路项目第三项目经理部核实。经核实，第三项目经理部27标施工单位出现的农民工工资讨薪行为不属于民工工资范畴，是协作队伍与杨某靖班组之间的商业行为。27标协作队伍将龙潭互通路基清表、土石方开挖、土石方运输等单项作业交与杨某靖为首的施工班组施工，对施工期间所产生的所有施工费用已经全部结清，但该施工班组负责人杨某靖将第三项目经理部支付的工程款挪作他用，拖欠当事人等人汽配材料款。综上，建议当事人依法通过相应法律程序解决，中国交建云南华丽高速公路项目第三项目经理部也将积极配合提供相应支付资料。下一步，我局将与华丽高速丽江市征迁指挥部、中交云南华丽高速公路建设指挥部一起，进一步加强跟踪协调。感谢您对我市华丽高速公路建设工作的支持与理解，祝您身体健康、生活愉快！,回复时间：2019-04-26 11:15
乱采砂石厂,已办理,环保 建言,爱***,2019-03-2109:30,尊敬的领导，现有人在宁蒗县翠玉乡二坪村委会水草坝村大兴砂石厂，当时好像给了村2万元的开发费，村里大多数都不同意开发，但他们都说政府要开采，现看来，属于是官商勾结谋取利益，此处又属于翠玉去泸沽湖机场的必要之路，又属于金沙江上游，现大兴开采砂石，要把整座山挖空。习主席说金山银山不如青山绿水，希望领导在百忙之中跟进此项目是否违法了环保法及官商是否相互勾结谋取利益。谢谢,宁蒗县环境保护局,网民同志：您好！   您通过人民网地方领导留言板给丽江市长的留言收悉，丽江市生态环境局宁蒗分局高度重视，现将有关情况回复如下：   我县属于国家级贫困县，到2020年实现脱贫摘帽奔小康，时间紧、任务重，通村公路、危房改造、饮水工程等基础设施补短板项目正在紧锣密鼓地推进，但受砂石料供应点少、分布不均匀等因素影响，导致砂石料价格过高，供需矛盾突出，严重制约了脱贫攻坚基础设施补短板项目建设的推进。因此，为能如期完成脱贫攻坚基础设施项目建设，确保我县如期脱贫出列，根据县委、县政府的研究部署，县发改、国土、安监、林业、环保等职能部门通过现场踏勘选址，决定设立脱贫攻坚基础设施补短板项目建设砂石料供应临时开采点，临时开采期限最长为2年（截至2020年12月31日）。临时开采点由县发改局按有关规定予以立项备案；县水务局、环保局、国土局、林业局等涉及部门按各自职能职责，认真审核办理水保、环评、土地、林地等临时砂石料开采相关手续；县林业局对选址地进行再次核实，如涉及公益林、水源地和城镇面山及主干道的一律取消；县国土局根据各部门办理出具的有关手续材料进行终审，并报市国土局备案。   收到您反映的情况后，我局及时通过预留的联系电话联系您，但因信件中预留的手机号码非您本人联系方式，无法联系到您本人。为此，我局环境监察大队对翠玉乡二坪村委会水草坝村砂石厂进行现场监察。实地勘查和了解发现，您所提及的砂石厂属宁蒗县脱贫攻坚基础设施补短板项目建设砂石料临时开采点。在下一步工作中，我局将进一步强化监管，密切跟踪关注临时开采点的生态环境保护问题并及时予以依法处理，敬请广大群众监督。   感谢您对我县生态环境保护工作的支持与理解，祝您身体健康、生活愉快！,回复时间：2019-05-22 01:22
土地确认权面积存在不尊重农民意愿，不面对现实,已办理,三农 投诉,做***,2019-03-1409:02,我是云南丽江永胜程海海腰刘家湾的村民，去年9月家父刘发东得了疾病四处求医无果去世了，我们也一直在外务工，家里就剩一个不识字的老母亲，这次土地确认权证发下来了，家母才知道自家的实际种植面积少了10几亩，“几十年前在承包土地四至范围内有一片废弃的荒山家父为了绿化方便管理就开荒种上了几十亩芒果树，”而这一片家父辛苦留下来的小果园在土地权上没有了，家母去找过村小组郭美春“以前有过一些过节”他总是问家母你承包面积够不够够就不要来找我，家母告诉他承包面积是够的，但我们村基本上都是按照实实际种植面积来登记的，有的人家四五个人的都有十几亩，我们家户口没有分开有9个人口一户，为什么只有登记那么几亩，他告诉家母政府来量的你去找政府，家母去星湖找了政府，政府也是那句话你承包面积够不够，够了就行了，你不要管别人家是按的承包面积还是实际面积，家母因申求帮助无门夜夜不能寐，我想请问一下政府，这次的土地确认权，有按照公平公正的原则来吗？这样不平等的颁发土地使用权证合理吗？如果承包土地四至范围开荒的实际种植面积不算的话，是不是那百分之90几按承包面积和开荒面积一起算的居民也应该只算承包面积呢，政府怎样合理处理，只求公正两字，望领导帮忙核实解决一下，在此跪求！！！,永胜县程海镇,网民同志：您好！您通过人民网地方领导留言板给丽江市长的留言收悉，永胜县程海镇高度重视，现将有关情况回复如下：经认真调查核实，1、程海镇农村土地承包经营权确权登记颁证是严格按照相关法律、法规和有关政策开展工作的，严格政策界限和工作程序，按照法定登记内容和程序开展土地承包经营权登记颁证。2、承包地确权登记颁证原则上是以土地面积二轮承包证上的面积为依据，农户所指认的地块四至界线明晰且对有权属无争议的承包地，根据土地确权相关文件、法律法规及政策规定，可以进行农村土地承包经营权确权登记颁证。3、关于您提出“家父几十年前在承包土地四至范围内有一片废弃的荒山为了绿化方便管理就开荒种上了几十亩芒果树，现没有进行土地确权”的问题。根据农村土地承包经营权确权登记颁证的相关政策，由农户自主开挖的土地以及荒滩、荒坡等只进行登记，不进行确权。您户开挖地虽未直接将面积打印在证上，但根据土地确权相关文件及政策要求已对您户反映的地块进行了明确登记。感谢您对我镇土地确权工作的理解与支持。顺祝身体健康，生活愉快！,回复时间：2019-05-17 17:57
老板跑路！拖欠设备租赁费用！,已办理,就业 求助,独***,2019-03-0417:19,尊敬的市长您好：我代表我们五位机主向你求助。我们是在华丽高速二十七标第三项目部羊见村干活的机主，由于我们的老板跑路！导致我们五位机主共计七十多万的租金拿不到，现在是打老板的电话老板不接，没办法我们于三月二号去找项目部、去七河派出所报过案，都没有什么效果。于是四号我们又去找高速公路指挥部。劳动局更是说这些他们不管。我们到现在机械的按揭贷款还差一大笔驾驶员工资也还没有付清，压力巨大！现在是走投无路，被逼无奈之下只好向市长求助！恳请您看在一个背井离乡辛辛苦苦的要工作要养家糊口的这么一个人的份上帮帮我们！！,丽江市交通运输局,网民同志：您好！您通过人民网地方领导留言板给丽江市长的留言收悉，丽江市交通运输局高度重视，现将有关情况回复如下：经核实，已电话联系将相关情况及资料转给您，同时，我局将继续与华丽高速丽江市征迁指挥部、中交云南华丽高速公路建设指挥部一起，进一步督促并协调处理此事。感谢您对我交通运输事业工作的支持与理解，祝您身体健康、生活愉快！,回复时间：2019-03-12 01:21
关于黄龙玉的投诉卖家已经退款,已办理,旅游 感谢,相***,2019-02-2707:44,下午卖家已经退款给我，谢谢政府，也对卖家的处理很满意,丽江市书记市长信箱,网民同志：您好！  感谢您对我们工作的信任理解与肯定。祝身体健康、生活愉快！,回复时间：2019-02-28 17:05
关于之前的黄龙玉投诉已和卖家取得联系,已办理,旅游 感谢,相***,2019-02-2614:58,由于投诉前没有和卖家取得联系，导致对卖家有些误解，不过现在卖家已经主动联系可我，并正在退款协调中，感谢政府的支持，对卖家诚恳的态度也很满意。,丽江市工商局,网民同志：您好！感谢您对我们工作的信任理解与肯定。祝身体健康、生活愉快！,回复时间：2019-05-06 01:22
在丽江束河古镇旅游被带到购物店买黄龙玉价虚高,已办理,旅游 投诉,相***,2019-02-2613:17,过年期间我和家人抱着对七彩云南的云南梦幻之旅，来到了云南旅游。2019年2月11日，来到束河古镇，导游带我们来到束河古镇的珠宝店购买黄龙玉，我在被再三忽悠下买了价值2880元的黄龙玉貔貅，回来后在我当地珠宝城对比才发现价格虚高离谱，老百姓挣钱不容易，我恳请郑市长为我做主，谢谢您。2019年2月25日夜，山西省游客。,丽江市工商局,网民同志：您好！您通过人民网地方领导留言板给丽江市长的留言收悉。丽江市工商局高度重视，经协调，商家已与您达成一致处理协议。感谢您对我市旅游事业的关心与支持，顺祝身体健康，工作顺利！,回复时间：2019-05-06 01:22
事业单位管理岗硕士研究生转正定级,已办理,政务 咨询,y***,2019-02-2115:27,丽江市市直单位下属事业单位管理岗位转正定级是按什么标准执行呢？我在网上咨询律师回复硕士研究生转正一般直接可以定8级职员，但查询相关政策文件以后云南省没有相关明确规定，但是其他省市有相关规定，比如四川就有相关文件规定，所以我想咨询一下咱们丽江市在事业单位管理岗人员转正定级是执行什么标准，对学历要求是否有特殊规定？烦请郑市长百忙之中抽时间回复为谢！,丽江市人力资源与社会保障局,网民同志：您好！您通过人民网地方领导留言板给丽江市长的留言收悉，丽江市人力资源与社会保障局高度重视，现将有关情况回复如下：  事业单位管理人员职级确定依据《云南省事业单位岗位设置管理实施意见》（云厅字〔2007〕13号）执行，八级职员属于领导职数，须具备在九级职员履职三年以上的工作经历。同时，事业单位领导人员聘任除满足以上履职经历外，还应遵循竞聘上岗，按岗聘用的原则，领导人员的产生需要通过竞聘上岗、民主测评、考核考察、公示等程序。目前云南省尚未出台硕士研究生转正后可直接确定为八级职员的相关政策。如有问题，请您拨打0888-5122926电话咨询。  感谢您对我市事业单位人事管理工作的关注，祝您生活愉快！              ,回复时间：2019-03-08 01:21
丽江市古城区金芳黄龙玉拖欠员工工资不发,已办理,旅游 投诉,周***,2019-02-2017:02,本人于2019年1月2日到丽江市古城区金芳黄龙玉店上班，1月30日离职，到现在2月20都没有发到工资，其它同事的工资已经在15号就已经发了，问领导领导说老板不发，所以希望能够得到相关部门的帮助，领到自己该得的工资。,古城区人力资源与社会保障局,网民同志：您好！您通过人民网地方领导留言板给丽江市长的留言收悉，古城区人力资源与社会保障局高度重视，现将有关情况回复如下：经古城区劳动监察大队核实处理，您与商家达成协议，商家兑现了拖欠的工资，此事已妥善解决。感谢您对劳动监察工作的支持与理解，祝您身体健康、生活愉快！,回复时间：2019-03-29 01:21
关于请求清除施工废料、垃圾破坏农田的情况反应,已办理,政务 求助,啊***,2019-02-1321:34,丽江市市长：情况反映：杨正兵，男，46岁，具华坪县新庄乡腊乡村一组人。2015年，因新庄乡人民政府在我村实施乡村公路改建工程，所修道路经过我户承包田，当时乡人民政府、村委会及政府指定的施工方未和我商量，就在施工中，在长150米，宽大约2米的我户承包地内（地上花椒已挂果）堆放了施工废料和垃圾，厚度大约1.5米，整个废料垃圾大约有100余方。当年过春节时，我发现了此情况，找到村领导和新庄乡政府挂钩本村的领导麻副乡长，当时乡、村领导给我的答复是，这是政府在施工程，让我不要干扰施工方，待工程结束后，给我清理干净，路修好后，我发现并未给我清理，我就多次找村、乡领导给我协商解决，乡、村领导也可能找过施工方协调过，但一直未能解决，无奈之下，我于2016年7月拨打市长热线0888—12345，电话叫我耐心等，就一直到现在，现在市长电话给我的回复是叫我通过司法途径解决。尊敬的市长，现在国家政策好，到处搞建设，我们老百姓拍手欢迎、大力支持，在政府实施工程时，也不能损害群众的利益吧，此事是政府工程，是政府指定了施工方，政府就有责任和义务对施工方的施工行为负责，政府在支付工程款时就应扣除施工方同施工损害国家、集体、个人的部分，用于支付解决赔偿此事从开头我就找乡、村政府反映情况，乡、村领导也签应给予解决，但拖了三年多未解决，施工方早就撤除，现在你们才叫我们走司法途径，这不是政府愚弄我们老百姓吗？现在我受损的承包地垃圾废料还堆在里面，已挂果的花椒无收入，为此，特向贵府反映实情，望贵府体察民情，实施核实调查，督促相关部门给予解决，而不上跟我们老百姓打官腔，玩文字游戏，踢皮球，让我们对政府失望。 反映人：杨正兵2019年2  月  13日,华坪县新庄乡,网民同志：您好！您通过人民网地方领导留言板给丽江市长的留言收悉，华坪县新庄乡高度重视，现将有关情况回复如下：收到您的留言后，华坪县新庄乡党委政府及时安排相关工作人员进行调查核实。并于2019年2月28日，新庄乡人民政府、腊么村委会组织当事人到现场进行协调处理，经协商你们形成了一致意见，双方已无争议，并签订调解协议。感谢您的来信，祝您身体健康、生活愉快！,回复时间：2019-04-26 11:16
建档立卡户异地搬迁,已办理,三农 求助,伊***,2019-01-1715:31,尊敬的市长您好，2017年12月开工盖房子，于2018年7月份完工，自今工人工资都没给，快过年了，工人们出来干活也不容易，希望能得到您的帮助。,永胜县顺州镇,网民同志：您好！您通过人民网地方领导留言板给丽江市长的留言收悉，永胜县顺州镇高度重视，现将有关情况回复如下：收到网民反映的情况后，顺州镇人民政府及时进行调查核实。经核实，您曾为茶山安置点建设项目包工头，因施工方未支付您工程款项，故您无法支付工人工资。为此，镇党委政府立即与施工方负责人进行协调，现施工方已同意将政府先期拨付给施工方的工程款用于支付工人工资。下一步我镇将继续积极与各方协调，争取尽快发放剩余款项。感谢您对我镇工作的支持与理解，祝您身体健康、生活愉快！,回复时间：2019-04-26 11:14
丽江泸沽湖旅游骗局,已办理,旅游 投诉,f***,2019-01-0914:09,尊敬的领导，我来自河北，我和老公选择云南度蜜月，本想度过一个美好的假期，可是我们被泸沽湖的人们骗了。我们是2019.01.06-01.07两天选择在泸沽湖旅游。导游第一天通过各种方式让我们对他产生了信任感，可是从第二天就开始一步一步让我们进入骗局，首先是早上安排的家访，讲述摩梭人的长寿，主要是玉器的使用，后来让我们支持地方贫困山区的孩子，推荐买银手镯，银腰带，银碗等等，不买导游还很凶，骂人的那种，我和老公本着做慈善的心情只买了一个手镯，价格大约是20元一克，后来得知已远远超过市场价。接下来就是药材了，路上导游告诉我们有一种药材可以治疗胃病，说自己就是这样治好的，说8块钱就可以，后来停车到一家超市，我因为胃不是很好，想着也不贵，买来试试，后来我们让销售人员弄了一点，他没有给我们称，就说得磨成末喝才好，还说磨会有损耗，让我们磨好后再称，还必须填写一个证明，这时候巧了，估计是一个托，和我们一起买，强烈要求磨一下，我们也跟着磨了，等到后面磨后再称，我们尽然买了不到三千块钱的东西，是8块钱1g，可是提前并没有人告诉我们，这个时候那个托还特别淡定的刷卡了4400走了，他买的故意比我们多，我老公比较爱面子，就也刷卡了，可是我们后来越想越不对，因为我们团里根本没有刚刚一起买药的大哥。云南一路上的美景，值得大家来，可是这样有意的欺骗是会寒了我们外地人的心，在网上看到您对别的被骗经历的处理，相信您一定会在泸沽湖旅游业的发展上做出最大的贡献，我们希望在药材那里可以全额退款，银镯子方面，希望领导进一步深入了解，是否为贫困的孩子做出了一份贡献。期待您的回复。,丽江泸沽湖管理局,您好！您通过人民网地方领导留言板给郑艺市长的留言收悉，丽江泸沽湖管理局高度重视，现将有关情况回复如下： 经核实，您反映的留言事项事发地为四川省凉山州盐源县泸沽湖镇泸沽湖景区内走婚桥，不属于云南省丽江市行政管辖范围。经与四川省凉山州摩梭家园及泸沽湖景区管理局积极协调，已对您作了退款处理，同时，也收到了您的感谢信。感谢您对我们工作的理解支持！祝您身体健康、生活愉快！,回复时间：2019-01-29 16:53
垃圾堆成山,已办理,环保 投诉,H***,2019-01-0516:39,我是丽江市古城区居民，我的详细地址是束河街道黄山社区白鹤巷56号。我家门口垃圾堆成山，家里飘来恶臭，太影响丽江的生态环境了，创建文明城市怎么会有这样脏的地方，我不知道该怎么办，所以只能冒昧的向领导反映情况，希望得到合理的处理，我手机上照有图片希望得到领导的观看，谢谢,古城区束河街道办事处,网民同志：您好！您通过人民网地方领导留言板给丽江市长的留言收悉，古城区束河街道办事处高度重视，现将有关情况回复如下：留言收悉后，我街道第一时间赶到现场处理，立即组织人员对垃圾进行了清理，并设置了两块宣传牌。同时发动周边居民和群众对倾倒垃圾的人员进行监督和制止。 感谢您对我街道工作的支持与理解，祝您身体健康，新春快乐！                ,回复时间：2019-01-30 01:20
云南之窗不给工资,已办理,企业 投诉,W***,2018-12-2622:53,今年旅游市场整顿，7月9号告诉就直接通知说放假10天，结果呢一直各种借口拖着员工等着，工资也不发等了两个月还没通知开门我们就回家了，领导说工资会发到卡上，结果回家找班上了，后面公司说不回去办理离职不给工资和押金，后面迫于无奈只好请假去，路费就要八九百，办理离职后公司要了电话号码银行卡号说现在领不了要打在卡里，结果押金转了，7月份9天的工资一直不给，说要自己回去领，就一直压到现在不给，这不是耍着我们玩吗，要是这样哪我们去的时候为什么不给回来了又要自己去，希望有关部门处理此事谢谢,丽江市人力资源与社会保障局,网民同志：您好！您通过人民网地方领导留言板给丽江市长的留言收悉，丽江市人力资源与社会保障局高度重视，现将有关情况回复如下：  您所反映的问题，请您携带欠薪的相关资料直接向丽江市劳动保障监察局或县（区）劳动保障监察大队进行实名制投诉。丽江市保障农民工工资权益举报投诉渠道（投诉电话及实名投诉地址）：丽江市劳动保障监察局电话：8882699，古城区雪山路200号221室；古城区劳动保障监察大队电话：5156712，古城区香格里拉大道1082号；玉龙县劳动保障监察大队5170333，玉龙县金川路。  感谢您对我们工作的支持与理解，祝您身体健康、生活愉快！                                 ,回复时间：2018-12-28 01:20
永胜三川镇，多次寻衅滋事无人落实,已办理,治安 投诉,还***,2018-12-2416:00,20180703日以来，永胜县三川镇金官街文X琴    张X峰   ⅹXX一伙多次寻衅滋事，7月持铁棍进店打人，8月割断自来水管，9月14日堵在门口恐吓七岁孩子及家人，强行划线占地皮，9月19日把我店里人拉出去当街一伙人殴打，12月9日又拿铁锤挑衅要打人，12月17日又将我们展架弄折，接连不断如此嚣张，原因就是有保护伞，打了110不但不治乱，还压制受害方，誓匪一家，望市长派人查办，惩办寻衅滋事团伙，严办保护伞。 ,永胜县三川镇、永胜县公安局,网民同志：您好！您通过人民网地方领导留言板给丽江市长的留言收悉，永胜县三川镇、永胜县公安局高度重视，现将有关情况回复如下：经核实，你户经营的电器商铺与文某某家经营的手机店相邻，双方因门前摊位经营使用权发生口角后打斗，在打斗过程中，文某某被你家养的狗咬伤，双方不同程度受伤，后双方住院治疗，并做了伤情鉴定均为轻微伤。该案发生后，三川镇派出所及时出警进行了制止并立案侦查，文某某被治安拘留五天。后三川派出所又接到过你户的报警，都及时赶到现场进行了处置。你所反映的情况皆为邻里之间的纠纷而引发的矛盾，无其他人介入，无涉黑涉恶情况。派出所民警在办理案件及出警过程中，秉公执法，公平公正，对于报案都及时出警依法处置。感谢您对我镇工作的理解支持，祝您身体健康、生活愉快！,回复时间：2019-01-30 01:20
新车有问题,已办理,交通 投诉,L***,2018-12-1615:06,刚刚买的新车，还没上牌，车子发不起来，还有异响，找不到人，找4S店，说没问题，一点办法都没有了，不知道找谁了,丽江市工商局,网民同志：您好！您通过人民网地方领导留言板给丽江市长的留言收悉，丽江市市场监督管理局高度重视，经我局质量科与当事人联系后，并及时与4S店协调，4S店同意给当事人更换了压缩机，当事人对协调结果表示满意。感谢您对我市市场监督管理工作的支持与理解，祝您身体健康、生活愉快！,回复时间：2019-04-26 11:14
昆明至丽江动车开通时间及售票时间,已办理,交通 咨询,匿***,2018-12-0408:29,尊敬的丽江市市长郑艺，您好。我是一名在丽江上学的昆明学生，寒假马上要到了，我在微信公众号上看见新闻说，昆明至丽江在元旦将要开通动车组，我对此十分高兴，但我担心如果再过几天到12月底，买不到回家的车票，家里的父母又希望我早点回家，所以我诚挚地请教咨询您，动车组的售票时间，非常感谢。祝您工作顺利，身体健康。谢谢您。,丽江市书记市长信箱,网民同志：您好！感谢您对昆明至丽江开通动车情况的关心和关注。由于动车开行准备关注较多，目前仍在调试阶段，还未发售动车车票。若开售，铁路部门将第一时间发布公告，请各位旅客关注“中国铁路12306”官方网站或手机客户端。谢谢！,回复时间：2018-12-07 01:19
复华集体欠薪求解决,已办理,就业 求助,大***,2018-12-0209:02,尊敬的市长你好   我是丽江复华度假世界酒吧街街的员工，我们从四月份一直有工资被拖欠，五险一金也从来没交齐过，因为五险的事情现在找工作都不好找。很多人现在都等着工资回家过年呢，希望市领导能重视能帮我们解决问题,丽江市人力资源与社会保障局,网民同志：您好！您通过人民网地方领导留言板给丽江市长的留言收悉，丽江市人力资源与社会保障局高度重视，现将有关情况回复如下： 您所反映的问题，请您携带欠薪的相关资料直接向丽江市劳动保障监察局或者古城区劳动保障监察大队进行实名制投诉。丽江市保障农民工工资权益举报投诉渠道（投诉电话及实名投诉地址）：丽江市劳动保障监察局电话：8882699，古城区雪山路200号221室；古城区劳动保障监察大队：古城区香格里拉大道1082号。  感谢您对我们工作的支持与理解，祝您身体健康、生活愉快！                           ,回复时间：2018-12-13 01:20
丽江云玉集团拖欠员工工资,已办理,企业 求助,假***,2018-12-0113:46,市长，您好！我是一名丽江云玉集团白沙古镇黄龙玉馆工作的员工，公司到现在为止还拖欠上百名员工2018年5月  6月  7月三个月工资，公司迄今为止也不给我们一个明确的说法，也不说啥时候发工资，公司从7月10号说停业整顿后，一直没有开业，公司承诺10月1号前发放5月6月工资，可是到现在工资还没发下来，希望丽江政府能够为我们底层打工的人讨回我们的工资，万分感谢。,玉龙县人力资源和社会保障局,网民同志：您好！您通过人民网地方领导留言板给丽江市长的留言收悉，玉龙县人力资源和社会保障局高度重视，现将有关情况回复如下：经了解，您是云玉集团旗下公司丽江云玉集团白沙古镇黄龙玉馆工作的员工，您本人与公司签署了相关协议，但公司目前还未再次开门营业，也未支付其被拖欠工资。该公司由于旅游市场整治，于7月10日起停业整顿，确实存在拖欠员工工资的情况。对云玉集团旗下公司拖欠员工工资问题，市、县人社局一直以来都在与公司多次协调，并多次约谈公司相关负责人，不断督促公司按时足额发放劳动报酬。我县在今年7月底，成立了政法委、信访局、旅发委、人社局、黄山镇等多部门组成的工作组，工作组多次与员工代表沟通，并组织员工代表与公司方协商，并在我人社局组织公司员工代表与公司实际控制人张某某于8月2日、8月3日进行再次协调。通过协调，有员工与公司签署了相关协议和进行欠款确认。同时，对于丽江中岗花卉经营有限公司是否涉嫌拒不支付劳动报酬罪，公安机关正在调查中。感谢您对劳动督察工作的理解、支持。感谢您对我（省、州、市、县）   工作的支持与理解，祝您身体健康、生活愉快！,回复时间：2018-12-19 01:19
关于玉龙县拉市海核心区养殖鱼塘清退补偿问题,已办理,环保 投诉,丽***,2018-11-1115:46,我租用的是大研农场7监区鱼塘，共74亩，与12年通过承包合同办理了水域滩涂养殖证，现拉市海镇下发了拆除违建的通知，我家也积极配合进行了拆除，现就核心区鱼塘上所栽绿化树和鱼塘中鱼苗补偿的问题，向领导反应，监区领导叫我家跟政府协商，政府又说让监区购买，2边都不想负责，我就想知道鱼塘清退有无补偿，谁负责办理。谢谢,玉龙县拉市镇,网民同志：您好！您通过人民网地方领导留言板给丽江市长的留言收悉，玉龙县拉市镇人民政府高度重视，现将有关情况回复如下：根据中央环保督查“回头看”指出的问题及湿地保护区相关法律法规，你家鱼塘位置处于拉市海自然保护区核心区内的，应当严格按照规定退出。2018年10月份，由丽江监狱牵头，县委、镇政府参与，明确向您家告知了核心区内鱼塘建筑退出的相关政策，您家也配合拆除建构物。拉市镇政府按照“两违”拆除违建物标准每平方米50元的政策给予补助，并且承诺从困难救济的角度给予帮助。您家所处核心区域内的鱼塘鱼苗及绿化树的补偿诉求问题，我镇明确告知过没有相应的补偿政策，可与出租方丽江监狱双方协商解决。丽江监狱作为本次整改的责任主体，且与您家签订了租赁合同，我镇将进一步协调丽江监狱与您家沟通、协商、解决补偿事宜。      感谢您对我们工作的支持与理解，祝您身体健康、生活愉快！,回复时间：2018-12-29 01:20
电动车新车过户,已办理,交通 求助,W***,2018-08-3020:18,前几天买了张新电动车，今天去过户挂牌照，学习完警示教育后，去办理，古城区电动车过户处，要求我必须要交360元，再者也没钱，装个行车卫士，还有一张移动电话卡，不交60元话费，吗300元的保险等不生效，不装不能过户，说没钱等有钱再来，所以只能借钱安装过户，我想问问我去过户挂牌照，之前有人去办理，没有这种的，为啥现在出现这种情况，这是有关部门规定的吗？真有这个吗？,古城区交警一大队,网民同志：    您好！您通过人民网《地方领导留言板》给丽江市长的留言收悉，区委区政府高度重视，及时责成丽江市公安局古城分局交通警察一大队认真调查处理，现回复如下：    根据中共中央办公厅、国务院办公厅印发《关于加强社会治安防控体系建设的意见》，为进一步深化丽江市立体化治安防控体系建设，强化社会治安综合治理，充分发挥技防措施在预防、发现、打击盗窃摩托车、电动车违法犯罪中的重要作用，结合我市实际，为了最大限度的保障我市群众电动车、摩托车的财产安全，最终达到电动车不敢偷、偷了能找回、找不回保险公司理赔的目的，根据丽江市公安局和古城分局统一安排部署，决定在全市范围内安装“行车卫士”车辆防盗系统。    丽江市公安局古城分局交通警察一大队严格按照上级的要求开展行车卫士的安装工作，主要由非机动车辆管理中队施行，对新上牌登记的车辆安装“行车卫士”，以先安装后上牌的原则，从电动车管理的源头上开展“行车卫士”的推广。再结合路面交通秩序管理排查“无牌”、“套牌”的电动车及摩托车，依法查处并收缴被盗和来源不明的车辆。    “行车卫士”的安装工作是从2018年8月1日全面推开，主要针对符合安装条件（迷你型电动车无法安装）的车辆进行安装。相关费用是：行车卫士服务费300元一套（包含行车卫士终端（泰比特W1）一台和两年的车辆盗抢责任保险）。“行车卫士”的安装需要车主的身份证开通一张移动的SIM卡，放置在行车卫士终端里，终端装在电动车里后通过信号的接受和发送，最终实现电动车的无线定位功能。而开通的这张卡需要交每个月5元的移动流量费，一年共60元。为减轻车主安装行车卫士300元费用的负担，经丽江市公安局与移动公司协商后，移动公司推出行车卫士绑定的丽江本地移动手机号码的车主，缴纳了300元的行车卫士服务费用后，只要绑定的移动号码每月保底消费达到68元，可以每月返还话费12.5元共返还24个月合计返还300元的优惠活动，每月消费达不到68元的，可以每月返还5元共返还12个月合计返还60元。但不是本地移动的手机号码就不能享受该优惠活动，还需要每年向行车卫士终端的SIM卡号交60元移动流量费，第一年共计需要花费360元。安装了行车卫士的电动车，如发生被盗抢后，在行车卫士正常使用的情况下，车主在被盗抢后6个小时内报警和向保险公司备案，90天后未能破案找回电动车的，由派出所出具无法找回的相关证明后，由保险公司以原车价以每月折旧2%的后费用（最高赔付3000元）进行赔付。感谢您对我们交警工作的支持与理解，祝您身体健康、生活愉快！,回复时间：2018-09-15 01:18
请领导解决水源头砂石厂问题  ,已办理,环保 求助,大***,2018-08-1422:06,尊敬的领导，你好，我们是宁蒗县翠玉乡蔡家坪村民，今天给领导反映一个情况。在我们蔡家坪村的上游方向有人建设了一个砂石厂，这个砂石厂对我们的村造成了一系列问题——山水一年比一年大、而且对我们村吃水水源造成污染，现在对我们的吃水源头造成了一定的影响——水已经变浑浊了，我们已经跟翠玉乡政府领导反映了情况，乡政府叫我们写申请来，可我们要写什么样的申请书，我们只希望乡政府能解决砂石厂的问题，恢复水源及下雨天村里面洪水较大的问题。请领导帮我们解决一下，谢谢。                                                                                              蔡家坪全体村民,宁蒗县书记县长信箱、宁蒗县环境保护局,网民同志：您好！您通过人民网地方领导留言板给丽江市长的留言收悉，宁蒗县环境保护局高度重视，现将有关情况回复如下：经调查，一、蔡家坪采石场本属关闭多年的废旧采石场，2016年10月27日，县国土局、水务局、安监局、交通局、林业局、环保局、森林公安等多个部门通过实地查看后召开现场会议，决定将该采石场作为修建红桥乡白岩子到翠玉乡政府通乡油路工程、翠玉乡料别村到阿海村委会道路硬化项目提供砂石料的临时采砂场。二、该砂石场已于2018年8月停止生产，并进行了公示。三、关于采石场造成吃水水源污染事宜。经核实，采石场旁确一条小河，但该河流是季节性河流，流经砂石厂段雨季有水，旱季干枯。鉴于有群众引用该河流源头水源使用，采石场生产时有轻微影响，且目前采石工作已关停，水源是否受到污染需待监测报告出来后根据检测情况我局将依法及时处理。（监测水样已于2018年10月26日送至昆明检测。如需了解相关进度请致电0888-5529206咨询。）感谢您对我县生态环境保护工作的支持与理解，祝您身体健康、生活愉快！,回复时间：2018-11-08 01:19
感谢有你,已办理,旅游 感谢,张***,2018-08-0711:01,丽江长您好！衷心感谢您能把我反映的问题及时解决，现在还有一些问题需要向您澄清一下：1、对束河古镇零售店的服务态度我们非常满意，在那里并没有强买强卖的行为！2、吉瑞祥我们是属于自愿进出，里面的员工没有任何过激行为。再次感谢丽江政府的及时处理！我们还会到丽江旅游！,丽江市书记市长信箱,网民同志：您好！  感谢您对我们工作的信任理解与肯定。祝身体健康、生活愉快！,回复时间：2018-08-15 01:17
感谢丽江政府及时处理问题,已办理,旅游 感谢,云***,2018-08-0609:20,尊敬的市长同志，我是昨天发留言，投诉昆明大丽段导游诱导消费的游客。首先感谢丽江郑市长及旅游局各位领导让云南顺途国际旅行社，云南北方国际旅行社第一时间与我取得联系并给出处理方案，旅行社积极的工作态度及对导游的沟通处理意见我很满意，昨天的投诉意见已得到满意答复，同意撤销投诉。再次感谢！希望丽江以及云南的旅游业越来越好！游客体验越来越满意！,丽江市书记市长信箱,网民同志：您好！  感谢您对我们工作的信任理解与肯定。祝身体健康、生活愉快！,回复时间：2018-08-08 01:17
昆明丽江段导游恐吓，诱导购物,已办理,旅游 投诉,云***,2018-08-0415:43,1.未提前告知我，云南北方国旅将云南六日游转包给云南顺途国际旅行社有限公司，到了云南才知道，无法不同意。且没有提供发票2.最主要的，昆明至大理段导游(好像叫张磊，绰号石头，电话13888370189），用恐吓，道德绑架，欺骗等手段诱导购物，并进去束河古镇吉瑞祥翡翠店购物场所亲自宣传，我小孩受到惊吓，心情完全被破坏。希望处理方式:(1)合同转包需提前告知，(2)核实旅行社和购物场所是否有利益往来(3)不良导游需按规定做出处理，彻底游购分离。,丽江市旅游发展委员,网民同志：您好！您通过人民网地方领导留言板给丽江市长的留言收悉，丽江市旅游发展委员高度重视，现将有关情况回复如下：    根据您反映的情况，我委联合市工商部门对束河古镇吉瑞祥翡翠店进行了现场检查。目前已对旅行社及导游张某作立案调查，一经查清将依法依规给以严处。    感谢您对我们工作的支持与理解，祝您身体健康、生活愉快！,回复时间：2018-09-11 01:18
农民工要回家,已办理,企业 求助,回***,2018-07-1910:19,郑市长您好，我们是山东在华丽高速打桩的，工地结束了，老板说没钱不给结帐！我们等了六天了，找了中交三航项目部也没结果请帮帮我们，帮我们早日踏上回家的路！谢谢！,永胜县三川镇,网民同志：您好！您通过人民网地方领导留言板给丽江市长的留言收悉，永胜县三川镇高度重视，现将有关情况回复如下：经调查，您在华丽高速公路第一项目部做桩基作业工作。经协调，涉事项目的余款已付清，您的工钱已兑现，此事已解决。感谢您对我们工作的理解支持，祝您身体健康、生活愉快！,回复时间：2018-09-26 01:18
拖欠半年工资，至今未付,已办理,就业 求助,昕***,2018-06-1307:39,市长，您好！我需要向您求助一件事情，我从2017年12月底在丽江云域集团（公司地址在大研花巷）辞职，至今为止没拿到12月份的工资，已经快7个月了，联系还在上班的同事说1月份辞职的都发了，在职的也发了，就我们12月份辞职的这一批没有发放，联系了人事和财务，还是一直没消息，希望市长帮帮忙。谢谢。,丽江市人力资源与社会保障局,网民同志：您好！您通过人民网地方领导留言板给丽江市长的留言收悉，丽江市人力资源与社会保障局高度重视，现将有关情况回复如下：  经市劳动保障监察局多次协调，公司正在积极筹措解决拖欠工资。同时，市、古城区、玉龙县劳动保障监察部门会继续跟踪此事，及时责令该公司履行应尽责任，切实维护广大劳动者合法权益。若有不尽之处，可直接向市、县（区）劳动保障监察局反映。丽江市保障农民工工资权益举报投诉渠道（投诉电话及实名投诉地址）：丽江市劳动保障监察局电话：8882699，古城区雪山路200号221室；古城区劳动保障监察大队电话：5156712，古城区香格里拉大道1082号；玉龙县劳动保障监察大队5170333，玉龙县金川路。  感谢您对我们工作的支持与理解，祝您身体健康、生活愉快！                   ,回复时间：2018-07-27 01:17
市政广场遭到车辆破坏,已办理,城建 建言,W***,2018-06-0715:15,新市政广场，之前反应过车辆驶入的情况，城管部门也切实进行了整治，但是商贩们都在跟城管玩猫捉老鼠的游戏，来了就躲，走了又来。经过四月底的整治，六月开始，商贩们又回来了，摆摊经营我们也理解，关键是有的商贩把车开进广场，广场东面入口的地砖已经多处被压坏，同时对在广场休闲的群众也构成了潜在的威胁。这种行为如果不及时管理，等大量人员模仿将车开入广场，后果可想而知。,古城区城市综合行政执法局,网民同志：您好！     您通过人民网《地方领导留言板》给丽江市长的留言收悉，古城区委区政府高度重视，及时责成古城区城市综合行政执法局受理， 第一时间进行安排部署，现将有关情况回复如下：     一是安排执法大队积极开展市政广场占道经营整治工作。此次整治工作共计出动人员8人次，宣传教育31起，针对反复占道经营屡教不改的商贩，签订保证书8起。     二是联合交警部门整治占道经营车辆。我局积极联系交警一大队人员，开展联合整治。此次整治交警部门共计劝离占道车辆5起，当场行政处罚6起。对以上违规车辆车主我局执法人员现场进行宣传教育。     三是安排市政设施维护队对市政广场破损地砖进行全面排查统计，待统计工作完成后将及时进行修复，切实保障休闲群众的出行安全。          目前，市政广场占道经营现象得到了有效控制。下一步，我局将进一步加强对市政广场的市容市貌管理工作，定期不定期联合交警部门开展对占道车辆的整治，防止反弹。     感谢您对我们工作的支持与理解，祝您身体健康、生活愉快！,回复时间：2018-06-23 01:17
丽江市医保慢性病不能在门诊报销肿瘤药赫赛汀,已办理,医疗 咨询,竹***,2018-05-3107:53,为什么丽江市医保慢性病不能在门诊报销肿瘤药赫赛汀，住院才能报销，但住院增加了病人不必要的费用和大量时间、精力,丽江市人力资源与社会保障局,网民同志：您好！您通过人民网地方领导留言板给丽江市长的留言收悉，丽江市人力资源与社会保障局高度重视，现将有关情况回复如下：赫赛汀（曲妥珠单抗）属于特殊病恶性肿瘤所用药物。根据《云南省人力资源和社会保障厅办公室关于执行国家基本医疗保险 工伤保险和生育保险药品目录（2017年版）的通知》要求，自2017年9月1日起，全省基本医疗保险、工伤保险、生育保险统一执行《国家药品目录》（含人社部36种谈判药品），目录所列药品按规定纳入医保支付范围。我局已按云南省相关要求将赫赛汀（曲妥珠单抗）纳入住院医保报销范围。并于2018年4月20日起开通门诊报销，通过门诊特殊病待遇恶性肿瘤的参保患者，可享受门诊报销待遇。如有不尽不处，请与市医保局联系：0888-8881998。  感谢您对我们工作的关心支持！祝身体健康、生活愉快！                          ,回复时间：2018-06-16 01:17
拉市海湿地公园，没买马票或船票不让进入,已办理,旅游 投诉,自***,2018-05-1007:59,领导您好！我们于5月9号到拉市海游玩，想进入公园旁的湖边，被一个带红袖章的男子拦住，并向我们表示“没买船票、马票不能进入”。 周围并没有任何提示进入这里要收费，而且拦住我们的人也没有穿工作服。我本身也是云南人，带朋友过来游玩，在云南旅游市场整顿之后还出现这种不合规的做法，我觉得脸上无光！特此向领导反应，希望能让我们云南越来越好！,玉龙县拉市海管理委员会,网民同志：您好！您通过人民网地方领导留言板给丽江市长的留言收悉，玉龙县拉市海管理委员会高度重视，现将有关情况回复如下：      经核实，为方便游客提供服务，拉市海景区管委会要求每一个乘船点的管理员和安全员必须佩带的红袖章。拉市海划船游玩的水上娱乐运动项目，需要到公司购票消费。基于安全生产考虑，劝阻无票人员到乘船经营区域活动，这是公司管理人员在履行其职责。经与您联系，您无法提供游玩的翔实地址，有关情况无法进一步核实。下一步，我局将会同县巡察指导组督促各旅游服务公司做好各方面提示、公示工作，增加设置各类提示牌，让游客明明白白消费。      感谢您对拉市海景区管理工作的关心支持，祝您身体健康，生活愉快！,回复时间：2018-07-05 01:17
讨要农民工工资,已办理,其他 求助,z***,2018-05-0707:43,尊敬郑市长您好:我们是在丽江市华坪县务工的农民工，从去年6月12号开始至年底在华坪做工未结算工资，今年4月15号又到华坪县找到县里各部门直至今天还是未有结果，请求市政府帮助,华坪县水利局,网民同志：您好！您通过人民网地方领导留言板给丽江市长的留言收悉，华坪县水利局高度重视，现将有关情况回复如下： 经调查，马鹿水库导流泄洪隧洞项目通过招标程序，由云南振轩建筑工程有限责任公司承建，马鹿水库建设管理局已按施工合同约定条款要求及时支付云南振轩建筑工程有限责任公司工程进度款，不存在拖欠工程进度款。一是你们与海南中航天建设集团有限公司湖南分公司项目经理陈某某存在劳务关系（口头协议），而海南中航天建设集团有限公司湖南分公司是云南振轩建筑工程有限责任公司的劳务承包人。二是我局多次约谈云南振轩公司负责人，责成云南振轩公司在近期内妥善处理该问题，请你们耐心等待。若有不尽之处，请直接向华坪县马鹿水库工程建设管理局电话：6122586咨询。                                                                                                                  ,回复时间：2018-06-16 01:17
不良商贩将车开入丽江市政广场,已办理,政务 投诉,W***,2018-04-2412:18,尊敬的郑市长，您好！        丽江市政府广场，主要功能是应该是群众应急避险和群众休闲锻炼。最近天气变暖，晚上来广场锻炼身体的人越来越多，但是，在广场摆摊做生意的也越来越多，很多商贩在广场摆放各种儿童娱乐设施，大量占用了广场空间。最近几天甚至有商贩把运送娱乐设备的汽车也开进广场停放，不但占用广场空间，有的还直接停在应急避险的出入口！！！如果真的发生地震等灾害，当前这种情形下的人民广场，还能保证人民群众应急避险吗？每年城管整顿后，都能管一段时间，今年到现在没动静，感觉已经危机四伏了。        建议相关政府部门切实履职，适度清理在广场占道摆摊的商贩，严惩将汽车驶入广场停放的行为。       ,古城区书记区长信箱、古城区城市综合行政执法局,网民同志：您好！您通过人民网地方领导留言板给丽江市长的留言收悉，古城区政府高度重视，及时责成古城区城市管理综合行政执法局处理，现将有关情况回复如下：  首先，感谢您对我区城市精细化管理工作的关心和支持！针对“有个别商贩将运输娱乐设施的汽车开进广场，对广场内娱乐健身的公众带来严重安全隐患”及“部分商户占用公共广场摆放儿童娱乐设施”等行为，违反了《云南省城市建设管理条例》及《丽江市城市管理条例》，我局已于2018年4月25日对市政广场此类违法行为做了全面整治。整治工作共签订《保证承诺书》8份，劝说7起，效果显著。下一步工作中，我局将积极调整一线执法工作重心，进一步加强对市政广场的管理工作。同时，对市政广场基础设施做一次全面排查，还市民一个安全、有序、整洁、宽敞的市政活动广场。也希望广大市民对城市精细化管理工作进行监督，投诉热线：0888-5153333。感谢您对我区城市管理工作的支持与理解，祝您身体健康、生活愉快！,回复时间：2018-04-29 01:16
阿海电站搬迁安置问题,已办理,其他 求助,树***,2018-04-2113:18,"郑市长您好：   我系玉龙纳西族自治县奉科镇善美村委会恒科三组居民，于2010年因阿海电站建设的需要，响应政府部门的号召，靠后搬迁安置，在此过程中有如下几个情况：    1.在签订搬迁协议时，协议保密化，要签字的人员才可以看协议内容；    2.政府提倡先安置后搬迁.搬迁赔偿文件公开化,但至今未见此次阿海电站建设搬迁赔偿文件明细;   3.现已搬迁8年,房前屋后林地赔偿款至今未发放,已在玉龙县移民局多次反应,但回复要去找镇政府出面给出分配方案,到镇政府回复没有办法,又拖了大半年.  在此恳求:能否有专门负责人员来查处此事,并以永胜县鲁地拉电站的赔偿模式,公平.公正.公开,公示相应的搬迁文件明细及赔偿标准价目表.  在此代恒科三组村民们向市长大人深表感谢!",玉龙县移民开发局、玉龙县奉科镇,网民同志：       您好！您通过人民网地方领导留言板给丽江市长的留言收悉，玉龙县移民开发局、玉龙县奉科镇高度重视，现将有关情况回复如下： 一是在签订搬迁协议过程中，所签订协议内容是完全公开的，并经过移民多次浏览阅读确认后才进行签订，不存在协议保密化的问题。二是2010年搬迁动员阶段及签订协议前是按照《玉龙纳西族自治县人民政府关于确定阿海水电站玉龙县库区移民搬迁补偿补助标准的通知》（玉政发【2010】71号）文件精神进行宣传，移民群众是知道补偿标准的。三是恒科三组房前屋后园地的地上附着物及安置补助费已补偿到个人，园地、林地、未利用地等土地补偿费待集体资产兑付时将按照集体“一事一议”制定的分配方案进行兑付。     感谢您对我乡移民工作的支持与理解，祝您身体健康、生活愉快！                                                                                                                                                                                     ,回复时间：2018-06-20 01:17
请帮帮我要回工资！,已办理,企业 求助,蘖***,2018-04-0917:47,我于2017年六月底进入丽江纳通农业开发有限公司就职网络营销，老板承诺每月给我5千的工资，到2017年9月份的工资就开始拖欠直至2018年1月份，5个月的工资一直以各种理由拖欠，多次索要无果也不予结算，我现已经生活无以为继靠信用卡在支撑，家庭负担日履为坚，家中还有两个幼儿，公公又经常住院，丈夫年前接的工程也没有收到回款！请市长大大帮帮我，我实在没办法了，打了0888-8882699也一直打不通，接通后是杂音！,丽江市人力资源和社会保障局,网民同志：您好！ 您通过人民网《地方领导留言板》给丽江市长的留言收悉，丽江市人力资源与社会保障局高度重视，现将有关情况回复如下： 经古城区人社局劳动保障监察队调查处理，您于4月11日拿到5000元工资，余下的拖欠工资与丽江纳通农业开发有限公司老总达成了支付协议。我局也会继续跟踪直至此事办结。若有不尽之处，可直接向古城区劳动保障监察局反映，古城区劳动保障监察大队电话：5156712，古城区香格里拉大道1082号。 感谢您对劳动保障监察工作的支持与理解，祝您身体健康、生活愉快！,回复时间：2018-07-31 10:24
拖欠工资,已办理,就业 投诉,夏***,2018-03-2207:53,尊敬的市长同志；您好！期盼你能在百忙之中抽空看一下这条求助，我是云玉集团珠宝公司旗下丽白沙古镇黄龙玉馆的员工云玉集团这些年来在云南旅游业也是举足轻重的，每天公司收入也算是可观的，但就从2018年1月份开始拖欠至3月份工资至今未发（之前一直也是为公司考虑，但是公司一而再再而三的告知我们，这个星期不发工资，下个星期肯定会发的借口拖延着到现在，而且公司也发过文件说是从2018年3月份以前会把我们的工资结清，还保证我们的工资会正常发放，可是至今为止我们一月份 ，二月份的工资依然没有发。之前对公司抱有那么大的期盼，结果换来的是一次又一次的失望，工资依旧遥遥无期，之前我们本着大事化小小事化了的原则处理工资问题，但是公司一直无动于衷，这让我们集体感到寒心！之前看到云南同行业关于扣留工资不发的仅仅几条投诉，政府部门都已解决，而现在云玉集团公司还在，在此我们也希望能在政府部门的介入下，公司会将我们的工资如实将1月份 2月份工资发放到我们手中。,丽江市人力资源与社会保障局,网民同志：您好！ 您通过人民网《地方领导留言板》给丽江市长的留言收悉，丽江市人力资源与社会保障局高度重视，现将有关情况回复如下：经丽江市劳动保障监察局多次协调，对拖欠员工的工资公司正积极筹措解决。同时，市、古城区、玉龙县劳动保障监察部门会继续跟踪此事，及时责令该公司履行应尽责任，切实维护广大劳动者合法权益。若有不尽之处，可直接向市、县（区）劳动保障监察局反映。丽江市保障农民工工资权益举报投诉渠道（投诉电话及实名投诉地址）：丽江市劳动保障监察局电话：8882699，古城区雪山路200号221室；古城区劳动保障监察大队电话：5156712，古城区香格里拉大道1082号；玉龙县劳动保障监察大队5170333，玉龙县金川路。 感谢您对我们工作的支持与理解，祝您身体健康、生活愉快！,回复时间：2018-07-31 10:30
建档立卡户,已办理,其他 求助,匿***,2018-03-1014:52,尊敬的领导：您好！我是本市宁蒗县翠玉乡的一名建档立卡户！我想请问一下关于建档立卡的相关扶贫政策！我丈夫已故10余年，独自扶养三个女儿。大女儿于11年高中毕业后就辍学打工帮我供妹妹读书，二女儿17年刚刚大学毕业，现在在一家民营医院打工，我因长年疾病缠身；家里唯一的收入现在就落在两个女儿肩上，但两个女儿每个月的一点收入除了自己的生活补贴外就供小妹读书，小妹现在正读大二。本来就贫穷的家庭因孩子读书，根本修不了什么房子，所以一直以来就只有一层木楼房。现在政策好了。去年被选为建档立卡户。修房子有相关补助。因为唯一的一层房已经是危房，所以就借了私人款修房子。但家里又没什么劳动力，所以材料费都欠着，请工费也全欠着修了个有三间的平顶房。房子从17年三月份修好了，太阳能热水器也买好了（按政策需修洗澡间，还需要单独隔离修猪圈）到现在还没受到任何相关补助，问了相关领导都说“只有能脱贫的才会给相关补助，但你家现在还没能力脱贫，所以除非给了住房补贴就脱贫，不然给不了”本来满怀感激和期待的政策现在却使得我家更加雪上加霜，欠了一屁股债。有个工人师傅，她妻子过段时间要做心脏手术了，但……，特此留言。谢谢！,宁蒗县翠玉乡,网民同志：您好！您通过人民网地方领导留言板给丽江市长的留言收悉，宁蒗县翠玉乡高度重视，现将有关情况回复如下：经核实，2015年考虑到其家庭困难，教育负担较大，村民评议后纳入建档立卡贫困户。2017年初，您户在未经相关建设规划下，自行修建了一个以空心砖为建筑材料的平房，存在严重的安全隐患，未能通过安居房建设验收，故不能拨付您户相应补助资金。经协调，目前您户已按照相关标准整改重新建设，并列入2018年产业发展重点扶持户，希望您户发展生产，勤劳致富，提高经济收入，有效解决您户脱贫退出问题。感谢您对我乡脱贫攻坚工作的支持与理解，祝您身体健康、生活愉快！,回复时间：2018-04-10 01:16
丽江中岗花卉交易市场拖欠工资未能得到解决,已办理,就业 投诉,匿***,2018-02-1914:10,云玉集团旗下中岗花卉交易市场拖欠工资4个月之久从17年9月，10月，11月，1月工资至今未能得到解决，打电话去劳动局未能得到结果各个事业单位打电话去都投诉无门，公司承诺了在承诺没有一次是准时发放下来的，只希望还能有个管事的领导解决几百号人的工资问题,丽江市人力资源和社会保障局,网民朋友：    您好！您在人民网地方领导留言板给郑艺市长的留言收悉，市委市政府高度重视，责成市人社局办理，现将有关情况回复如下：经市劳动保障监察局多次协调，拖欠员工的工资，公司正积极筹措逐步解决。同时，市、古城区、玉龙县劳动保障监察部门会继续跟踪此事，及时责令该公司履行应尽责任，切实维护广大劳动者合法权益。若有不尽之处，可直接向市、县（区）劳动保障监察局反映。丽江市保障农民工工资权益举报投诉渠道（投诉电话及实名投诉地址）：丽江市劳动保障监察局电话：8882699，古城区雪山路200号221室；古城区劳动保障监察大队电话：5156712，古城区香格里拉大道1082号，玉龙县劳动保障监察大队5170333，玉龙县金川路。感谢您对我市劳动保障检查工作的支持与理解，祝您身体健康、生活愉快！,回复时间：2018-03-21 09:24
丽江同春贸易有限公司购买黄龙玉的问题,已办理,旅游 投诉,刘***,2018-01-2515:59,您好，我老婆12月12日左右去云南旅游报团八天的，在12月12日在丽江同春贸易有限公司购买黄龙玉一件单价4680  经手人方绍月  落款丽江同春贸易有限公司  经本人回来鉴定其实际价格只值200元左右，是否可以退货，或者退90% 本次旅游其他方面感觉都还好就是买了两块玉器让人心塞。。,丽江市工商局,网民同志：您好！您通过人民网地方领导留言板给丽江市长郑艺的留言收悉，丽江市工商局高度重视，现将有关情况回复如下：经协调，商家与您达成一致协议，此事已妥善解决。感谢您对我们工作的支持与理解，祝您身体健康、生活愉快！,回复时间：2018-03-21 11:01
我要工资，求各级领导重视，给个说法,已办理,企业 求助,讨***,2018-01-1409:23,我是云玉集团的一名员工，我们在中岗花卉上班，公司已经拖欠了我们4个多月的工资了，从9月份就没发过工资，我们也在劳工局投诉过，但得到的只是官方回复，说什么会和你们公司联系。然后就是遥遥无期。现在每个月都有信用卡要还，更别说维持基本生活，希望各级领导给个说法。,丽江市人力资源和社会保障局,网民朋友：您好！您在人民网《地方领导留言板》给丽江市长的留言收悉，市委市政府高度重视，责成市人社局办理，现将有关情况回复如下：经多次协调，云玉集团丽江公司积极筹措逐步解决拖欠员工的工资。同时，市、古城区、玉龙县劳动保障监察部门会继续跟踪此事，及时责令该公司履行应尽责任，切实维护广大劳动者合法权益。若有不尽之处，可直接向市、县（区）劳动保障监察局反映。丽江市保障农民工工资权益举报投诉渠道（投诉电话及实名投诉地址）：丽江市劳动保障监察局电话：8882699，古城区雪山路200号221室；古城区劳动保障监察大队电话：5156712，古城区香格里拉大道1082号，玉龙县劳动保障监察大队5170333，玉龙县金川路。感谢您对我市劳动保障监察工作的支持与理解，祝您身体健康、生活愉快！,回复时间：2018-01-23 17:00
拖欠薪资,已办理,其他 求助,匿***,2018-01-0817:12,尊敬的市长您好：我是云玉集团旗下的一名员工，自九月份入职到手工银器馆上班，期间一直没有发放过工资直到12月26日说发放十月份底薪但是发了两次才发了几百元，说过几天还会有，但是到现在也没有发放，还一直在推脱，一直说过几天发过几天发，现在年关将近到处都要用钱本人还有车贷房贷要还，家里面还有老人要赡养，真的不知道怎么办了，好多同事也是跟我的情况一样，找他们协商了也没有结果，无奈只能到相关部门求助，但是到现在也还没有消息，只能来求助您了，希望你能为我们做主，帮我们拿回我们应得的血汗钱,丽江市人力资源和社会保障局,网民朋友：您好！您在人民网《地方领导留言板》给丽江市长的留言收悉，市委市政府高度重视，责成市人社局办理，现将有关情况回复如下：经多次协调，云玉集团丽江公司积极筹措逐步解决拖欠员工的工资。同时，市、古城区、玉龙县劳动保障监察部门会继续跟踪此事，及时责令该公司履行应尽责任，切实维护广大劳动者合法权益。若有不尽之处，可直接向市、县（区）劳动保障监察局反映。丽江市保障农民工工资权益举报投诉渠道（投诉电话及实名投诉地址）：丽江市劳动保障监察局电话：8882699，古城区雪山路200号221室；古城区劳动保障监察大队电话：5156712，古城区香格里拉大道1082号，玉龙县劳动保障监察大队5170333，玉龙县金川路。感谢您对我市劳动保障监察工作的支持与理解，祝您身体健康、生活愉快！,回复时间：2018-01-23 17:01
停车,已办理,交通 求助,E***,2017-12-2914:33,您好，因家住嘉和附近上班地点在安乐村，上下班路过实验学校和福慧学校，都有接送学生的父母为了自己方便随意停车上下小孩，让原本拥挤的交通更拥堵了。望相关部门处理。,古城区交警一大队,网民朋友：您好！您通过人民网《地方领导留言板》给丽江市长的留言收悉，古城区委区政府高度重视，及时责成古城区交警一大队处理，现将有关情况回复如下：因城区各学校周边缺乏停车场、停车位，在上学、放学时段，有大量接送学生的车辆需要停放，经处理，在上学、放学时段，允许车辆在学校周边路段按顺序停放在路边停放接送学生，同时，派出警力维护学校周边道路交通秩序，维护高峰时段交通情况。感谢您对我区交警工作的支持与理解，祝您身体健康、生活愉快！,回复时间：2018-01-27 01:15
驾照考试,已办理,交通 咨询,我***,2017-11-2516:30,尊敬的领导：     您好，我在老挝差不多呆了1年，期间，我考取了老挝驾驶证，前几天我去了丽江市车管所换取驾照，去了两次都说不符合，车管所的人说是我3月回国的，但老挝驾驶证上签发的日期是4月份，但老挝驾照是推迟一个月才拿到，不像中国考完就拿到。而我同事（合肥人）都已经换领了，为什么丽江就不能换取。谢谢,丽江市交警支队,网民同志：您好！您通过人民网地方领导留言板给丽江市长郑艺的留言收悉，丽江市交警支队高度重视，现将有关情况回复如下：经核实，您驾驶证签发时你不在老挝，已回国，按照《机动车驾驶证业务工作规范》第二章第四节第十三条第一款的规定，该情况不符合境外驾驶证换发国内驾驶证的情形。为此，丽江市车辆管理所没有为你换领国内机动车驾驶证；本着对当事人你负责的态度，此情况我队已及时向省交警总队做了专题书面报告，后续情况继续跟踪，通过电话答复回访您。感谢您对我们交警工作的理解支持，祝您身体健康、生活愉快！                                                ,回复时间：2017-12-12 01:14
耕地变酒店！大路变天坑！,已办理,三农 投诉,帢***,2017-10-2010:47,云南省丽江市玉龙县白沙镇玉龙村三组第一，自家农田里盖酒店，白天晚上都施工，燥音大影响我们睡觉！白沙镇有国土部门吗？怎么就没人管，合法吗？第二，大路严重变形，影响出行！以前车子可以开到家门口，现在停在半路走路回家！希望政府领导下来实地查看，给我们老百姓一个满意的结果！我们需要政府的支援！,玉龙县白沙镇,网民同志：您好！您通过人民网地方领导留言板给市长的留言收悉，玉龙县人民政府高度重视，已责成白沙镇政府办理，现将有关情况回复如下：      收到来信后，镇党委、政府高度重视，组织国土所、林工站、镇村镇规划中心、新善村委会到玉龙三组实地察看，确实存在建设行为。经了解为玉龙三组村民闵某某所为，工作组及时联系到当事人闵某某了解相关情况并作了询问笔录，同时进一步向周边村民及村长进行了深入调查了解。经了解，该地块于2005年底经村组同意作为闵某某宅基地，当时建了一所民房。鉴于该地块坡度较大，闵某某把民房拆除，修建挡墙平整土地，目前正在建蒙古包圆形帐篷9个和5所钢架平房。      经核查，其建筑占地面积超出农村宅基地审批标准，未经审批擅自在集体土地上搭建钢架、帐篷，并在施工过程中，致部分村道被损坏。针对该情况我镇及时采取了以下处理措施：一是在施工过程中，大车运输建筑材料造成部分村道破坏，影响周边居民正常出行，责成闵某某限期修复硬化。现已完成村道路面修复硬化；二是自10月20日要求闵某某停工后，安排工作人员每天到现场巡查，确保其不再继续施工；三是将该宗地移交县国土局执法大队，现正在对该宗地进行进一步调查核实。      我镇将继续密切关注该事件，防止再发生农户在基本农田或集体土地未批建房的违法违规行为。若有不尽不处，您可以直接致电白沙镇人民政府反映咨询（联系电话：0888-5142120）。感谢您的来信。顺祝身体健康、工作顺利。,回复时间：2017-11-22 09:16
水电村木府搬迁户片区道路两旁车辆乱停乱放现象,已办理,交通 投诉,艳***,2017-09-0116:22,郑市长，您好，我家住在水电村木府搬迁户片区，从南口路到到家的的这段必经之路的路两旁各种车辆乱停乱放，导致经常堵车，给这里的居民生活带来不便，希望有关部门来帮忙整治一下，。,丽江市信访局,网民同志：您好！  您通过人民网地方领导留言板给丽江市委书记的留言收悉，古城区交警一大队高度重视，现将有关情况回复如下：经实地查看，该路段属于大研街道和祥和街道公共道路，道路不规则，宽窄不一，周边居民区、搬迁户、出租房较多；且不属于市政道路，无相关标志标牌和停车泊位；又临近南苑小区，南苑小区及贝斯特幼儿园接送车辆大部分经过该路段，交通较为复杂。目前大队正积极和社区、街道办共同商议解决方案。现若车辆被堵住无法通过的情况驾驶人可以拨打110，大队将立即派警力到现场疏导。感谢您对我区交警工作的支持与理解，祝您身体健康、生活愉快！,回复时间：2017-10-24 17:19
洪水泛滥村民无路可走,已办理,其他 投诉,袁***,2017-08-1516:18,尊敬的郑市长:我是永胜县涛源镇的一个农民，因我们村发洪水淹了我们很多农田，路也因洪水太大没地方走，而我们村长从来不管我们那个村，一个村的村名怨声载道，希望郑市长能关注一下我们村。云南省丽江市永胜县涛源镇保和河东村。,永胜县涛源镇,网民同志：您好！您通过人民网地方领导留言板给丽江市长的留言收悉，永胜县涛源镇高度重视，现将有关情况回复如下： 经调查，今年8月洪水冲刷您村河中道路，影响出行，该道路已列入期纳镇习朗至涛源上坪对外连接路工程项目，现正在协调土地即将开工建设。另外，河水冲毁农田只是极少部分，灾情已上报。同时，请您尽快恢复被淹没的土地种冬季作物，留出足够的泄洪河道，确保河道畅通。 感谢您对我镇工作的支持与理解，若有不尽之处，请直接向涛源镇政府反映，电话：0888—6871040，祝您身体健康、生活愉快！,回复时间：2017-10-25 09:00
有禁停标志又划有停车位到底停不停,已办理,交通 投诉,桑***,2017-07-2911:11,尊敬的郑市长        你好        古城区多区域均有禁停标志但又划有停车位，到底能不能停车。前几日我在古城区祥和路白龙潭小学路段，和康仲路客运站附近，在有禁停标志但清晰划有停车位的地方临时停车，均收到处罚通知。想请问一下，有禁停标志但停车位又清晰出现的地方，到底能不能停车？如果不能，为什么不取消停车位或者有其他告示通知？     现在这样不清不楚不明不白，谁都搞不懂要怎么办，以后有停车位的地方，都不知道能不能停，该怎么办？        请郑市长在百忙之中为我解决。      谢谢！,古城区交警一大队,网民同志：您好！您通过人民网地方领导留言板给丽江市长郑艺的留言收悉，丽江市公安局古城分局交通警察一大队高度重视，现将有关情况回复如下：    随着交通现状的不断变化，大队对城区交通管理的方式和模式也随着调整，包括对一些路段停车泊位的调整。近年来，既新规划了一些停车泊位，也取消了一些停车泊位。在取消泊位时由于不能完全铲除地面漆痕迹，大队在取消泊位的路段或停车泊位摆放相应的提示标牌，所以广大驾驶人在停车时应注意观察周围提示牌。感谢您的来信，祝生活愉快！感谢您对我区交警工作的支持与理解，祝您身体健康、生活愉快！,回复时间：2017-09-13 15:51
噪音污染不得眠。一年投诉心难安！,已办理,其他 投诉,丽***,2017-07-2017:41,尊敬的领导您好！自2017年开年以来我处位于北门街玉缘路古城停车场入口对面一带。是丽江旅游住宿娱乐一繁华地段.令人流连忘返。可不想这么好的地方却成了街边卖艺装残讨要的了！每当晚上8点以后就有个穿着少数民族服装杵着一拐棍带着两到三个20几岁小伙子手拉一大号功放音响一人持一话筒在周围街边餐馆夜宵及各处饮食场所卖唱！音量巨大！一直要持续到半夜2点左右。甚至更久！本人为一普通上班族晚上10点睡觉早上7点起床！这一年来未曾在1点前入过眠！可想每天以什么样的精神状态上班！投诉访问过各大相关部门（如派出所。环保局。管理局……）均未果！！每次都以派人将其撵走警示！告知我要想解决问题需要相关部门以仪器测量分贝才能解决！我想说这音量无需测量就能震耳欲聋了！经本人访问周边居民以及附近游客都说此事确实让人烦恼一直无人制止！望领导重视此事！还丽江一净土还我民众一夜间清梦！万分谢意！,古城区大研古城管理所,张先生：    您好！您通过人民网地方领导留言板给郑艺市长的留言收悉，丽江市古城区大研古城管理所高度重视，现将有关情况回复如下：经查看，并未找到卖艺乞讨者，古城区大研古城管理所将持续关注景区内卖艺乞讨现象，进一步加强工作整治力度，对卖艺乞讨者加强宣传教育并劝离，今后若遇此类问题，您可直接拨打我所综合执法大队办公电话5166916反映。感谢您对大研古城保护管理工作的理解支持，祝您身体健康、生活愉快！,回复时间：2018-01-29 15:28
至玉龙县住建局执法队,已办理,城建 求助,x***,2017-07-0717:13,玉龙县金色家园小区，有业主私自改建房屋，实际面积300的房屋改建成了600，严重影响其他住户，望相关部门近期进行整改为谢！,玉龙县住房和城乡规划建设局,网民同志：您好！    您通过人民网《地方领导留言板》给丽江市长郑艺的留言收悉，玉龙县住房和城乡规划建设局高度重视，现将有关情况回复如下：    经调查，玉龙县金色家园区20栋和某某户、23栋张某某户于2017年7月开始动工，对原有房屋进行加层改建扩建。该两户未经规划部门审批，擅自进行建设，属未批先建。我监察大队于2017年8月15日分别对20栋、23栋下达《建设工程停工核查通知书》、《建设行政责令改正通知书》，要求停止施工，并限期拆除房屋加减扩建部分，恢复原貌。同时，我局监察大队已向玉龙县国土局不动产登记中心致函，暂缓办理金色家园20栋、23栋不动产登记证。下一步工作中，我局将督促该两户整改到位，同时将加大对小区违法建设的整治力度，坚决有效遏制小区内违法建设行为，从而不断提升玉龙县人居环境。                                                                           ,回复时间：2017-09-12 15:48
对于上篇帖子相关处理进程,已办理,旅游 感谢,玉***,2017-06-2317:13,尊敬的市长您好，         对于我昨天发的帖子，关于投诉云南丽江观音峡龙玉商号购买的饰品价格不实问题，已经与龙玉商号取得相关联系，龙玉商号已经积极配合退货服务，服务态度良好。       对于昨天的问题已经获得相关进展：龙玉商号货品不存在相关质量问题，谢谢人民网的帮助，旅行社的帮助，龙玉商号的配合，协助此次付款。当退款成功后，我会发布更新最新的处理情况！,丽江市书记市长信箱,网民同志：您好！感谢您对我们工作的信任理解与肯定。祝身体健康、生活愉快！,回复时间：2017-07-03 12:35
求市长解决丽江龙玉商号价钱不实问题,已办理,旅游 求助,玉***,2017-06-2313:51,"尊敬的云南省省长您好，我与2017年六月22日在云南丽江市观音峡旁旅游景点翡翠店龙玉商号购买翡翠玉镯。店标价16800，回去后让经营翡翠生意的朋友看，朋友说最多只能值7000.一倍多的差价是我万万没有想象的,我购买翡翠是导游在车上一早上都在说云南的翡翠好，价格公道，被导游洗脑，一进去就有店员一直跟着我，给我介绍，感觉非买不可，云南翡翠好人人皆知，可是价格上这次确实让我痛心，我想退货，希望书记帮帮我，因为一万多块钱对于一个小康家庭也是一笔不少的钱，希望书记帮帮我，完成这一次退款！",丽江市工商局,网民同志：您好！  您通过人民网《地方领导留言板》给丽江市长郑艺的留言收悉，丽江市工商局高度重视，现将有关情况回复如下：经调解，商家与您达成一致协议，但目前该商家处于停业整顿期间，请您耐心等待，同时，工商部门会继续跟踪处理。感谢您对我市市场监督管理工作的支持与理解，祝您身体健康、生活愉快！,回复时间：2017-09-27 14:58
拉市海银月湾购买翡翠质价严重不符强烈要求退款,已办理,旅游 投诉,一***,2017-06-0720:57,郑市长，您好！本人于2016.3.15.被昆明怡美假日旅行社带到丽江市拉市海银月湾翡翠商城购买了一只15800元的翡翠手镯和一只6160元的翡翠手镯！而且那只15800元的手镯还有裂缝！但当时卖家和导游却哄骗我说那是石纹！我回到家中后，也没有立即去鉴定！因为我当时很是信任云南当地的政府！认为云南那么美丽！应该不会上当受骗！可是没想到，时至今日，我再一次偶然和朋友去买翡翠的时候，经权威部门认证发现存在严重质价不符价格虚高，实际价值不及购买价十分之一，面对这一严重的欺瞒虚假营销问题，这让我觉得自己被欺骗，蒙骗了1年多！当时导游和我们说云南人民很可怜，经济很不好！希望我们可以支持帮助云南发展！我当时很是感动！可是没想到！我的信任，我的付出！就换来这样的回报吗！现在我怀着孩子！却让我知道我被欺骗，对我是怎样的打击你我生活在二三线城市！工资也不高！一个月和老公加起来也就4千多！这两万多的首饰钱相当于我们半年的工资！！当时去旅游是做为蜜月旅行的！可是没想到会是这种结果！我实在是想不通！为什么要欺骗我们这些消费者！恳请市长大人帮忙解决退货问题，追回购买款，万分感谢！,丽江市旅游发展委员,"网民同志：您好！您通过人民网地方领导留言板给丽江市长郑艺的留言收悉，丽江市旅游发展委员高度重视，现将有关情况回复如下：根据《旅游投诉处理办法》第九条第四款超过旅游合同结束90天内不予受理,您提出退货的要求已超出退货时效,无法处理，请谅解。感谢您对我们工作的支持与理解，祝您身体健康、生活愉快！",回复时间：2017-08-04 11:04
束河古镇噪音扰民,已办理,环保 投诉,匿***,2017-05-2716:50,"束河古镇青龙桥旁边有个酒吧叫\""简遇\""，为了招揽生意，酒吧的经营者在酒吧的室外也安装了音响，每天晚上酒吧里传出的音乐声都吵得周围居民无法正常入睡，本人先后向110、丽江市旅发委、束河办事处、市长热线分别打过投诉电话，仍然没有得到有效解决，我对于政府的相关部门的不作为深表遗憾！",古城区束河街道办事处,网民同志：您好！    您通过人民网《地方领导留言板》给丽江市长郑艺的留言收悉，古城区委区政府高度重视，及时责成束河街道办事处认真调查处理，现将有关情况回复如下：   经调查处理，下发了《限时整改通知书》，责令商户拆除外置音响并要求商户严格遵守《云南省丽江古然保护条例》中“室外噪音白天控制在55分贝以内，夜同控制在45分贝以内”的规定在晚上23：30后关停音乐。感谢您对我们工作的支持与理解，祝您身体健康、生活愉快！感谢您的来信！ ,回复时间：2017-07-25 10:44
工程层层转包，尾款很无奈！,已办理,就业 求助,匿***,2017-05-1914:41,尊敬的市长，您好！我是十多天前给您反应关于永胜县，片角乡，八湾水库第三标边坡防护施工队。对方以审计为由，一直不计量及无法决算！（13年底至今）在给你反应前一天我曾和永胜水务局分管八湾水库的张姓工作人联系，他都称审计结果未下来，和你留言第二天就接到三标有关负责人电话，称结果下来了，真很意外！几天后他们叫我们再一次来丽江和他们淡决算，他们又以一张A4纸打印各数字称被审计审少了一千多平方，（无任何签字及工章，折现金十几万）最终以失望而返！在此作为农民工的我们想请教市长大人几个问题，一，审计部门的审计结果是保密的吗？二，作为业主的水务部门就没一点督办的权力吗？（几年之间曾和分管的张姓工作人员联系过数次未果）三，农民工的违权之路该怎么走？在此真诚的祝市长大人万事如意！也让我们在国家的脱贫之路不要拖后腿！谢谢！,市信访局,网民同志：您好！您通过人民网地方领导留言板给丽江市长郑艺的留言收悉，永胜县水务局高度重视，现将有关情况回复如下：经调查核实，八湾水库溢洪道工程中标单位为攀枝花市建筑机械化施工有限公司，目前工程已全部施工完毕，工程竣工结算已通过审计。根据施工合同及审计结果，八湾水库工程建设管理处已向攀枝花市建筑机械化施工有限公司足额支付了工程款。攀枝花市建筑机械化施工有限公司也已向溢洪道坡面防护工程施工组足额支付了工程款，目前，已开始向您等工人兑付所欠工程款。下一步，县水务局将进一步加大跟踪督促，确保项目各方及时、足额支付工程款及民工工资。感谢您对我县水务工作的理解支持。祝您身体健康、生活愉快！,回复时间：2017-10-25 10:45
丽江市出租车多收费,已办理,交通 投诉,匿***,2017-05-1814:08,"本人于2017年5月16日早晨五点使用滴滴打车软件预约的出租车从丽江市昭庆市场到丽江三义机场,全程司机向我收费116元,并且没有打表出示发票,以前我打出租车相同的路线司机只向我收取79元,我曾向滴滴打车官方投诉司机多收费问题,滴滴打车给出说明说于他公司无关,我拨打了12328无人接听,又拨打了5182***共打了10次都是暂时无法接通,希望有关部门能有负责此事的部门出来给我一个解释。",丽江市书记市长信箱,网民同志：您好！  因您没提供车牌、出租车司机和您个人的有效联系方式等涉事基本信息，无法转交交通部门作进一步核实处理，请谅解。若有不尽之处，请您提供详实有效基本信息直接拨打出租车投诉监管热线0888-5182908（出租车车身上都有该投诉热线标识）反映，感谢您对网上信访工作的理解支持！祝身体健康，生活愉快！,回复时间：2017-05-27 16:57
小区一楼饭店使用油烟机造成居民生活困扰,已办理,环保 求助,匿***,2017-05-1122:43,尊敬的郑艺市长，您好！感谢您在百忙之中查看我的信件！事情是这样：我是古城区香格里大道福鑫花园小区一住户，我们小区楼下1楼是一家饭店，该饭店的大型抽油烟机管道，安装于我们小区内，且管道就安装于卧室旁边0.5米左右，长期噪音污染很大，中午一直响，晚上9点30分到10点，该饭店油烟机管道声音较大，导致我1-6楼住户，无法靠近卧室午睡，晚上也无法休息!我有几个疑问：1、这个抽油烟机管道安装于居民卧室旁是否经过审批？2、安装这种有噪音污染的设施，是否有规划要求？强调规划？胤已经严重影响到福鑫花园小区3栋A单元住户的正常生活和休息。,古城区环境保护局,网民同志：您好！您好！通过人民网地方领导留言板提交给郑艺市长的来信收悉，属重复信件，请您查看编号为2017年5月12日信件的回复（已处理）。 祝您身体健康、生活愉快！ ,回复时间：2017-06-22 09:54
"工程层层转包,尾款很无奈!",已办理,就业 求助,匿***,2017-05-0214:28,"尊敬的市长您好!2014年,永胜县,片角乡,八湾水库第三标的坡面防护是我和两个朋友负责带工友施工完成的,完工后才知那工程层层转包,他们以审计为由不给我们计量,工程款自然一拖再拖,我们农民身份真不知道该怎么办?望市长大人帮我们出点宝贵意见!谢谢!",永胜县水务局,网民同志：您好！您通过人民网地方领导留言板给丽江市长郑艺的留言收悉，永胜县水务局高度重视，现将有关情况回复如下：经调查核实，八湾水库溢洪道工程中标单位为攀枝花市建筑机械化施工有限公司，目前工程已全部施工完毕，工程竣工结算已通过审计。根据施工合同及审计结果，八湾水库工程建设管理处已向攀枝花市建筑机械化施工有限公司足额支付了工程款。攀枝花市建筑机械化施工有限公司也已向溢洪道坡面防护工程施工组足额支付了工程款，目前，已开始向您等工人兑付所欠工程款。下一步，县水务局将进一步加大跟踪督促，确保项目各方及时、足额支付工程款及民工工资。感谢您对我县水务工作的理解支持。祝您身体健康、生活愉快！,回复时间：2017-06-22 09:54
华丽高速中交三航永胜三川夜间施工扰民,已办理,环保 投诉,匿***,2017-04-2002:09,市长您好，中交三航永胜三川镇睦科混凝土加工站夜间开工，噪音很大，已经扰民，这里是农村，但农村也不能扰民吧?希望市政府能责成有关部门，核查事实，规范操作，如无夜间操作许可，希望可以严惩施工方.修路是为地方经济发展，这些老百姓都能理解和支持，但希望施工方妥善处理噪音问题谢谢,永胜县环境保护局,网民同志：您好！您通过人民网地方领导留言板给丽江市长郑艺的留言收悉，永胜县环境保护局高度重视，现将有关情况回复如下：经现场调查，一是中交三航睦科混凝土加工站位于睦科中泥河西北侧田埂间，是服务于华丽高速路施工的混凝土加工站，加工站规模约为100m3/天。目前，混凝土加工站大部分时间只白天加工。二是该加工站位于睦科村中泥河西北侧，该处距加工站西北150米左右有村庄，加工站东南50米左右为S308省道，沿省道西侧有一户居住户距离混凝土搅拌站较近（约50多米），公路沿线其他居民住宅距加工站相对较远。根据环保工作的相关要求，执法人员现场进行了法律宣传教育并提出如下整改要求：完善加工站降措施，保证在经营加工过程中噪声不扰民，达到国家《工业企业厂界噪声排放标准》；在夜间加工混凝土过程中，要求严格执行夜间噪声排放标准，做到不扰民；夜间进出搅拌站车辆，严禁鸣笛。感谢您对我县环保工作的支持与理解，祝您身体健康、生活愉快！,回复时间：2017-07-03 12:34
银月湾退货，退款已经到账,已办理,旅游 感谢,匿***,2017-04-0514:36,我在3月1号在丽江银月湾购买的翡翠在4月4号退款已经到账，感谢，云南越来越美！,丽江市书记市长信箱,网民同志：您好！  感谢您对我们工作的肯定与理解支持，祝您身体健康、生活愉快！,回复时间：2017-04-11 11:13
请帮忙解决村民饮水问题,已办理,三农 求助,匿***,2017-04-0316:34,玉龙县巨甸镇武候村委会桥边4队生活用水一直使用大河水，下雨天村民只能喝混水，严重影响村民身体健康，请郑市长帮村民能喝到自来水，,玉龙县巨甸镇,网民同志：您好！  您通过人民网《地方领导留言板》给丽江市长郑艺的留言收悉，市人民政府政府重视，责成玉龙县人民政府办理，现将有关情况回复如下：经实地勘察，巨甸镇武侯村委会桥边四、五、七组位于巨甸镇武侯村委会东南角，3个村共183户，622人。由于居住在后箐河两侧，居民饮用水主要以后箐沟河水为主，也有部分居民靠近山脚居住从山上引山泉水饮用，但因山上水源小不能满足村民需求。2013年实施农村安全饮水工程，由于当时受到资金的限制，引水主管管径小，供水量不足，以及连年干旱，现有水源日益枯竭。桥边四、五、七组因沿后箐河居住，虽不存在缺水情况，但是雨季下暴雨时河水会出现浑浊现象，不能做到卫生健康。一、水源情况经过实地勘查测选点并通过方案比较，按长远规划考虑，决定引用后箐河上游达鲁的水源，其上游植被好，农田分布交少，水流量较稳定，无污染，水量清澈，水质较好，经过过滤池过滤后，完全能满足饮用水安全要求，符合生活饮用水水源水质标准。二、工程总体布置工程按十年规划年限进行设计，建设内容包括滤水池、引水管道、蓄水池、供水管道及相应配套设施。工程供水流程为：水量由滤水池后通过引水管道引至蓄水池，经蓄水池经过水量调节再次澄清后，由供水管网将水输送至各用户。引水管经过滤水池将水引至蓄水池。高位蓄水池根据村庄农户房屋布置特征及长远考虑，为满足规划年限内的正常用水，拟建在村庄全可覆盖的最高空地。供水管分为主管及支管，主管采用DN65、DN50、DN40镀锌管，供水支管及进户管采用PEΦ25及PEΦ20管，管网布置过程中，力求水流顺畅，水管线路短、工程量小、造价低，达到经济、实用，美观。三、工程设计1、滤水池设计在后箐河上游达鲁的水源处，武侯村委会阿瓦片的人畜饮水建有一滤水池，根据实地地形条件及群众的意见，该工程不再另建滤水池，与阿瓦片人饮共用一滤水池。2、引水管道布置经实地测量，管线都从后箐河顺河而下，由于山高坡陡，特别是上段基本都为岩石段，管线没有埋设条件；管线下段基本都沿红顶大沟布置，由于红顶大沟修建在山坡上，沟邦较窄，红顶片的人饮管道又架设在沟邦上，此段埋设PE管比较困难。红顶大沟以下基本都为农田，管道从农田经过，协调难度较大。由于该工程时间紧任务重，根据实际情况综合考虑，引水管道初定为镀锌管。从滤水池至桥边四组水池（含四组对岸）路线总长7870m，从滤水池至桥边五组水池路线总长5400m，初步拟定采用DN65镀锌管，其中滤水池至2600m段由于地形复杂，采用法兰盘连接。从桥边五组至桥边七组路线总长1080m，初步拟定采用DN50镀锌管；从桥边七组至桥边四组路线总长520m，从桥边四组至后箐河对岸四组路线总长950m，初步拟定采用DN40镀锌管。配水管为PEφ25管600m，入户管按每户30m计，共5400mPEφ20管。3、蓄水池设计蓄水池根据村庄分布特征并从长远考虑，为满足规划年限内可能出现的最高用水户的正常用水，蓄水池拟建在村庄上空地处。桥边四、五、七组共建4口20m3蓄水池，因四组分别在后箐河两岸，建2口蓄水池。目前，桥边四、五、七组人畜饮水工程已按实施方案施工。感谢您对我县水务工作的支持与理解，祝您身体健康、生活愉快！,回复时间：2017-08-04 11:03
茶马印象骑马至今还是严重坑人，希望有关部门关,已办理,旅游 投诉,匿***,2017-03-3018:06,我于2017年3月29日在丽江古城坐了一辆五凌面包车去拉市海玩，然后被直接拉到茶马印象马场，听马场工作人员介绍了线路后选择了一条460元的骑马划船项目，感觉价格虚高离谱。希望能引起有关部门重视，给广大来丽江旅游的的游客对丽江留下美好印象。附也无正或收费发票。,玉龙县拉市海管理委员会,网民同志：您好！您通过人民网地方领导留言板给丽江市长郑艺的留言收悉，玉龙县拉市海管理委员会高度重视，现将有关情况回复如下：经查，玉龙县拉市海管理委员会于3月29日与您电话联系作了解释，您表示理解。拉市海为乡村旅游，2016年初开展拉市海旅游市场整治期间，在政府相关部门的指导下，每个马场都在160-460元的诚信建议价区间进行了线路及价格公示，并按公示价格严格执行。该投诉中宋先生自行选择的460元的骑马划船线路，在诚信建议价范围，游客按约定完成行程，不存在强制消费，属正常的旅游消费行为。感谢您对我县工作的支持与理解，祝您身体健康、生活愉快！,回复时间：2017-06-05 11:21
校园安全,已办理,教育 投诉,匿***,2017-03-2720:28,玉龙县玉龙中学大门口上学放学时有大量车辆进出校园和学生家长混行有大隐患，校长不作为希望市长大人关注谢谢，,玉龙县教育局,网民同志：您好！您通过人民网地方领导留言板给丽江市长郑艺的留言收悉，玉龙县教育局高度重视，现将有关情况回复如下：经调查，要求学校进行针对性的整改，相关交警部门也进一步支持学校周边交通安全工作，确保有序安全。一是学校学生上学和放学时段确实存在进出大门车辆较多的情况，主要是因为接送学生的家长车辆太多，在校门口无序停放，导致师生进出不顺畅，甚至还有家长会将门口通道堵塞。近期因交警部门布置警力在学校门口执勤疏通，情况有所好转。二是学校已要求教职工避开放学出入高峰时段开车进出校门，并要求保安人员严格执行规定。感谢您对学校交通安全工作的支持与理解，祝您身体健康、生活愉快！,回复时间：2017-06-08 18:47
关于接送孩子停车事宜,已办理,教育 求助,匿***,2017-03-2217:32,尊敬的市领导您好！      我是一名孩子家长，我的孩子在古城口兴仁方国瑜小学读书，每次接送孩子的时候停车真是一件很头疼的问题，本来古城口划有停车线的车位就不多，一般情况都不会有空的时候，所以在接送孩子的时候只有临时停在没有划停车线的路边（都不敢下车去接孩子，只能让孩子自己来找车），就这样有一次还是被监控给拍到罚款，还有请问玉龙花园门口的路是属于玉龙花园酒店所有吗？他们门口的路边一线都被酒店用禁止停车牌用线给拦上了，连临时停车都不好停，市领导能不能帮忙解决一下在孩子上下学的前后半个小时停车问题？需要半个小时是因为一个星期内有一天孩子要扫地会稍微晚点.请市领导百忙中抽空解决一下，谢谢！,古城区交警一大队,网民同志：    您好！您通过人民网《地方领导留言板》给丽江市长郑艺的留言收悉，古城区交警一大队高度重视，现将有关情况回复如下：金虹路作为丽江城区出城的主干道，又临近古城，人流、车流量较大，附近居民、商户等较多，而又缺乏停车场，该路段道路面积较窄，为解决周边群众停车问题，该路段也施划了部分停车泊位后道路变得更窄，所以该路段一直是大队交通管理的重点路段之一，该路段两边安装了“泊位外禁止停车”的禁停标志，但考虑到该路段附近有方国瑜学校和金虹学校，在上、放学时段送学生家长的停车需求非常大，所以大队在上、放学时间每天8:30以前和15:30-17:30之间允许车辆按顺序停放在道路两侧单排停放。关于网民所反映的玉龙花园酒店门口路段被酒店用禁止停车牌拦上，大队已向酒店方提出要求，收回牌子，不允许摆放道路上。感谢您对我们交警工作的支持与理解，祝您身体健康、生活愉快！,回复时间：2017-09-12 14:41
银月湾答应退货,已办理,旅游 感谢,匿***,2017-03-1621:04,尊敬的郑市长:昨天在我报名的旅行社的协调下，商家同意退货，但是收取2%  手续费。我于3月16日将两件翡翠制品用中通快递退回，共计13050元。等待商家收货后退款，感谢市长，感谢！愿丽江越来越美！                        ,丽江市书记市长信箱,网民同志：您好！  感谢您对我们工作的肯定与理解，祝您身体健康、生活愉快！,回复时间：2017-03-23 00:08
香格里大道深夜施工，严重扰民,已办理,治安 投诉,匿***,2017-03-1608:21,自2017年3月13日起，香格里大道每夜深夜施工不间断，我住在福鑫花园临街楼层，严重受到施工方噪音困扰，我小区居民没有受到关于深夜施工的通知，也不接受深夜施工，严重扰民,古城区环境保护局,网民同志：您好！您通过人民网地方领导留言板给丽江市长郑艺的留言收悉，古城区环境保护局高度重视，现将有关情况回复如下：经古城区环保局环境监察大队执法人员实地调查，香格里大道正在实施人行道改造工程，该工程预计在2017年3月31日完工，福鑫花园段为第七标段，该标段负责人表示2017年3月1日至今福鑫花园标段从未进行过夜间施工。同时，执法人员已明确要求施工方严禁夜间施工。福鑫花园七标段负责人也表示不在夜间施工。若有不尽之处，请直接向环保投诉热线12369反映，感谢您对古城区环境保护工作的关心与支持。祝您身体健康、生活愉快！,回复时间：2017-03-31 10:37
丽江银月湾购物中心卖翡翠退货难呀！,已办理,旅游 求助,匿***,2017-03-1607:28,尊敬的丽江市郑市长您好：我月2017年3月1在丽江旅游时在导游的带领下到了丽江银月湾云南翡翠珠宝商城，并且在导游和售货员的强烈推荐下购买了价值4890元的翡翠貔貅和8160元的翡翠吊坠，回到家以后发现东西不合心意，打算退货，但与商家沟通非常不愉快，也不给全退货，我们小老百姓也是投诉无门，也是盼望着在云南出台30天无理由退货的政策下，我们能顺利退货！希望市长能在百忙之中给予关注，给予帮助，万分感谢！,丽江市旅游发展委员,"网民同志：您好！您通过人民网地方领导留言板给丽江市长郑艺的留言收悉，丽江市旅游发展委员高度重视，现将有关情况回复如下：  经协调，购物店银月湾与您达成一致协议，此事已得到解决,您表示满意。感谢您对我市旅游工作的支持与理解，祝您身体健康、生活愉快！",回复时间：2017-05-16 10:47
跟团被强购退货难,已办理,旅游 求助,匿***,2017-03-0908:02,领导您好！        我在3月3日被导游带到丽江白沙古镇国家宝藏黄龙玉馆。原本不想买，因为以前没有听说过黄龙玉在导游的强压下购买了一对貔貅，共13590元当时是人很多、时间急就匆忙买下了我也让销售员给打包的很好、一路也是十分小心。可是到家后让懂行的朋友和微信里卖玉的都看了说最多市场价500元，而且还有破损的地方要在强光下才能看出。现在我知道了也亲眼见识了，原来导游就是很厉害的导购，我想我这辈子都不会出去旅游了。我恳请领导帮我退掉，这1万多元对于我一个宝妈来说很重要，我也买了银器和精油4千多元，算是支持云南旅游业了。跪谢各位领导,丽江市旅游发展委员,"网民同志：您好！您通过人民网地方领导留言板给丽江市长郑艺的留言收悉，丽江市旅游发展委员高度重视，现将有关情况回复如下：  经协调，购物店国家宝藏黄龙玉馆与您达成一致协议，此事已得到解决,您表示满意。感谢您对我市旅游工作的支持与理解，祝您身体健康、生活愉快！",回复时间：2017-05-16 10:47
古城维护费,已办理,旅游 建言,匿***,2017-02-2213:38,丽江的古城维护费太高了，我们只在一天要80，票贩子手里面只要几块钱，这些票怎么出去的？,丽江市世界文化遗产丽江古城保护管理局,网民同志：您好！您通过人民网地方领导留言板给丽江市长郑艺的留言收悉，丽江市世界文化遗产丽江古城保护管理局高度重视，现将有关情况回复如下：    1997年12月4日，丽江古城被列入《世界遗产名录》，对古城的保护与管理提出了更高的要求，需要投入大量的人力、物力和财力。按照《保护世界文化和自然遗产公约》，世界遗产的保护经费需由遗产所在缔约国承担。游客在享受和消耗遗产资源的同时，缴纳一定的维护费用，共同承担保护的责任，也是国内外遗产地普遍采用的一种保护方法。为切实保护好世界文化遗产丽江古城这一人类共有的精神家园，2000年，经云南省人民政府批准，云南省物价局、云南省财政厅联合下发了《关于丽江古城维护费问题的通知》（云价经发〔2000〕174号），向到丽江古城旅游人员收取古城维护费。该收费为行政事业性收费，收费标准为每人每天20元、每人最高收费40元，收费主体为丽江县人民政府。2003年丽江撤地设市，丽江古城维护费的收费主体调整为丽江市人民政府。2005年12月2日，云南省第十届人大常委会第十九次会议审议通过《云南省丽江古城保护条例》，将丽江古城维护费作为法定收费。2007年，云南省发展和改革委员会、云南省财政厅联合下发了《关于调整丽江古城维护费收费标准的通知》（云发改收费〔2007〕252号），将丽江古城维护费收费标准调整为每人次80元至今，来丽江的单次行程内有效。丽江古城维护费作为行政事业性收费，是按照《云南省丽江古城保护条例》的有关规定，采取遗产保护管理成本补偿和非盈利性原则而收取的。古城维护费是丽江古城遗产保护最重要的经费来源和保障，对丽江古城文化遗产的真实性和完整性保护，纳西族传统文化的保护、传承、弘扬，保障丽江古城道路、水系、照明、排污、环卫等基础设施和公共服务设施正常运转、5A级景区正常运营，以及世界遗产资源的有效保护、合理开发和永续利用等方面都发挥了重要的作用。    一直以来，丽江古城保护管理局古城维护费征稽支队始终严格按照《财政票据管理办法》、《云南省财政票据核销管理办法》及《丽江市丽江古城维护费征收办法》的有关规定对票据、票款进行管理。每年年底向丽江市财政部门上报票据印制计划，年初根据实际使用需要上报票据印制申请，通过市财政局转报省财政厅，由省财政厅非税局批准统一印制。古城维护费征稽支队向市财政局票据监管中心领取古城维护费专用票据，实行专人专账管理。根据票据实际使用中的情况，丽江古城维护费征稽支队制定了《丽江古城维护费票据管理制度》、《丽江古城维护费票据领用、核销、作废退回办理流程》，并严格按照制度和流程对票据及票款进行管理。票据在使用过程中分为两部分，一部分是未发出的票据，存放在丽江古城维护费征稽支队专用库房中；另一部分是发放到各代征单位的票据。根据票据的使用需求，将古维票据发放到代征单位，票据实行专账管理。建立票据登记薄，认真记录票据的领入、发出、核销、结存情况，并实行票据动态管理，由征稽大队队员根据账本、系统的结存情况到代征单位对其票据进行清点及督促催缴，全面、准确地掌握票据的使用情况。    您在留言中所反映的票贩子手里的古城维护费票据只要几块钱，这应当是票贩子的不法行为，其中不排除票贩子手里的古城维护费票据是其他游客已经使用过的票据。票贩子通过收集游客丢弃的票据，或在游客行程结束后将其手中的票据要回，然后再以低价非法出售给下一位游客来索取违法所得。丽江古城维护费票据为实名制票据，票面上的个人信息必须与持票人信息一致才能视为有效票据，因此票贩子手里二次回收的这些票据已经属于无效票据，二次低价出售这些票据属欺诈游客的违法行为。工作人员在查验过程中会认真核对票据和持有人的个人信息是否相符，凡遇到重复使用的无效票据会当场收回，并对票贩子的违法行为进行处理。    打击整治盗卖古城维护费无效票据等违法违规行为是丽江古城维护费征稽支队的工作职能，今后将继续加强这方面的工作。同时，为保障来丽游客的合法权益，请广大来丽游客到丽江古城保护管理局授权的正规代征单位或丽江古城综合服务点依法缴纳丽江古城维护费，以免上当受骗。    再次感谢您对丽江古城保护管理及古城维护费征收工作的关心，并希望您能对我们的工作给予理解与支持。祝您身体健康、生活愉快！,回复时间：2017-03-20 09:21
团购物退货,已办理,旅游 求助,匿***,2017-02-2122:37,你好，市长先生，我老婆在丽江购物买了个翡翠4900我想退货，可是电话没人接呀，那是导游叫买的，我希望尽快给我们处理事情呀 ,丽江市旅游发展委员,"网民同志：您好！您通过人民网地方领导留言板给丽江市长郑艺的留言收悉，丽江市旅游发展委员高度重视，现将有关情况回复如下：由于您没留真实有效的手机号码无法联系上，无法对此事作进一步的协调处理,根据《旅游投诉处理办法》第十一条之规定,暂不受理此投诉。感谢您对我们工作的支持与理解，若有不尽之处，请直接向丽江旅游投诉热线反映，电话0888-5123432。",回复时间：2017-03-13 10:03
生育保险报销,已办理,医疗 投诉,匿***,2017-02-2016:26,市长，你好 我是一名普通的上班族，每个月交着咱的五险一金都很准时！我于2016年2.18日生育，于当年7月份上交了生育保险报销资料，但是一直到现在也未收到任何保险款！每次跟进社保局，都是回复不知道什么时候报下来，请市长帮忙解决,丽江市人力资源与社会保障局,网民同志：您好！    您通过人民网地方领导留言板给郑艺市长的留言收悉，丽江市人力资源与社会保障局高度重视，现将有关情况回复如下： 2016年以来，由于国家全面二孩政策实施以及生育保险费率下调，我市局部地区首次出现生育保险基金收支不平现象，导致部分生育保险参保人员待遇未能及时享受，您参保所在地古城区也是其中之一。目前，古城区社会保险局已向上级申请了生育保险调剂金及财政配套资金，预计2017年3月份资金即将到位，届时，我局将督促古城区社会保险局及时、全额核发应付未付人员生育保险费。若有不尽之处，可直接向古城区社保局咨询，电话0888-5126157。最后，非常感谢你对我们工作的关心，希望您对我们的工作继续提出宝贵的建议意见！                                                                          ,回复时间：2017-03-02 10:02
柏龙水榭小区景观水发黑发臭,已办理,环保 投诉,匿***,2017-02-1415:41,春节以来，柏龙水榭一期内部景观水池开始发黑发臭，影响小区居民健康。反馈物业没有人处理～,古城区住房和城乡建设局,网民同志：您好！您通过人民网地方领导留言板给丽江市长郑艺的留言收悉，古城区住房和城乡建设局高度重视，现将有关情况回复如下：古城区柏龙水榭一期小区，于2005年竣工并交付业主使用。该小区建设之初，为了不破坏市政原有的水系流域，在建设水系景观时，依旧地理位置引入了从祥和街道白马龙潭村延伸下来的一条河道，利用这条河道小区建设方在小区内建设了景观水池，初期水质良好，清澈见底。现由于水系上游污染严重，致使景观水系内的水出现发黑发臭现象。目前，小区物业管理公司除日常清洁及打捞维护外，每半年组织人员开展水系河道清淤，改善水质。同时，区住建局将积极配合相关部门对上游水系的治理工作，共同为业主创造一个和谐美好的家园。感谢您对我区物业管理工作的支持与理解，祝您身体健康、生活愉快！,回复时间：2017-04-20 13:03
丽江旅游发展中的问题和解决方案,已办理,旅游 建言,匿***,2017-02-1315:33,尊敬的郑市长，您好  希望您能百忙之中抽出一点时间看一下我对丽江旅游的一些个人建议。我20年前刚刚大学毕业就来到丽江工作，亲眼目睹和参与了丽江旅游的发展，可以说没有旅游，就没有今天繁荣的丽江。 现在很多的旅游诟病都和回扣有很直接的关系，以下是我对丽江旅游的一些个人建议。第一 价格透明。旅游也是消费，对消费者来说，明明白白消费才会心甘情愿，如果丽江政府能够把价格公布，那宰客，拉客就会少很多。比如拉市海骑马划船价格是80元，车费20元 ，一共100元每人。可以在古城维护费上面弄一个公众二维码，扫一扫就可以知道所有的价格。价格透明了，才不会出现骑马800，1000元的离谱宰客行为。第二 杜绝高额回扣。丽江导游是丽江的窗口，他们是丽江的宣传大使。由于低价团，进店购物任务重，他们把工作的重心从介绍丽江变成了如何谩骂甚至凌辱威胁客人购物上面，这样是对丽江负面的宣传，在给丽江旅游摸黑。我有一个导游朋友，她带团的时候就希望丽江下雨，就希望玉龙雪山大雾，那样她就可以对客人说雪山没有什么好看的，什么都看不到。然后让客人签字，改行程，赚取门票差价交回旅行社。可以说旅行社是低价团的始作俑者。只要旅游执法严格禁止导游带团去购物店，那么所有的低价团将会在丽江消失，丽江也将会是第一个真正纯玩的城市。这样也许短时间游客会少一点，但是长远发展不可估量。同时客栈的管家也宰客收受回扣，可以用吊销客栈老板准运证和工商执照予以震慑。只要上面阐述这两点做好，丽江旅游环境将会大大改善。明年高铁昆明到大理就要开通 丽江将会迎来更美好的明天。丽江也将会变成中国第一个明明白白消费的旅游城市。让我们每个人一起努力，丽江的明天会更美好,丽江市旅游发展委员,网民同志：您好！您通过人民网地方领导留言板给丽江市长郑艺的留言收悉，丽江市旅游发展委员高度重视，现将有关情况回复如下：拉市海是我市玉龙县辖区内的重要景点，但由于拉市海没有申报A级景区评定，没有景区门票。拉市海周边骑马、划船等旅游项目都是当地农民以合作经营的形式自发组织的旅游项目，早在2015年，玉龙县人民政府及物价部门就对拉市海一日游线路价格作出了明确规定，要求旅行社散客营业网点根据团队线路及品质，严格执行160-460元的线路价格，并明码标价，同时，玉龙县人民政府也在拉市海周边设立旅游投诉受理点，专门负责处理涉及拉市海旅游项目的旅游投诉。下一步我们将继续加大旅游市场整治力度，严格实行价格透明，坚决杜绝价格欺诈等违法违规行为。关于您反映的高额回扣的问题，云南省人民政府于2017年3月24日下发了《云南省人民政府关于印发云南省旅游市场秩序整治工作措施的通知》（云政发[2017]19号），公布了云南省旅游市场整治的十二条措施，取消了实行多年的旅游定点购物制度。市旅发委于2017年4月15日开始的代号为“春晖行动”的旅游市场整治行动中，也将旅行社、导游及司陪人员安排团队购物、不合理低价等违法、违规行为作为重点进行查处。随着整治行动的开展，彻底斩断了旅行社、导游通过安排购物获得回扣的利益链条。随着我市旅游整治十二条措施的执行，我市旅游购物市场受到一定影响，但是正如您在来信中所说：丽江旅游环境将会大大改善，丽江也将成为中国第一个明明白白消费的旅游城市，让我们每个人一起努力，丽江的明天将会更美好！感谢您对我市旅游工作的支持与理解，祝您身体健康、生活愉快！,回复时间：2017-05-16 10:47
组织诈骗,已办理,旅游 投诉,匿***,2017-02-1212:42,17年2月3日报名参加了由昆明天缘国际旅行社组织的7天6晚游。接待我们自称为徐静导游，导游一路介绍云南很穷这里的孩子上不了学读不起书，省政府希望通过打造旅游这个品牌拉动内需发展经济，每个到云南旅游的人云南省政府旅游局都给予一定的补贴。6日早上带我们去了古城区马勐弯玉石城路上给我们介绍这里是政府主导的源头批发市场，保证市场最低价，保证每年10%升值空间可以放心购买。在商家与旅行社设的骗局在导游连哄带骗带着威胁的口气中购买了一只人民币标价37570圆手镯回家之后经对方鉴定值5000圆人民币，严重货价不符于购买第三天与旅行社商家沟通退货退款未果。只能给市长您留言望领导查明事实。,丽江市旅游发展委员,"网民同志：您好！您通过人民网地方领导留言板给丽江市长郑艺的留言收悉，丽江市旅游发展委员高度重视，现将有关情况回复如下：  经协调，购物店与您达成一致协议，此事已得到解决,您表示满意。感谢您对我们工作的支持与理解，祝您身体健康、生活愉快！",回复时间：2017-03-13 10:03
让人失望的丽江,已办理,旅游 投诉,匿***,2017-02-0310:37,领导你好，抱着对丽江无比向往的心来到丽江，打了个车询问了司机去茶马古道，司机说带我们去一个跟政府合作的马场，于是我们便信了，结果网上一百不到的团购票硬是470一人消费，说是政府规定价格，抱着对政府的信任，结果各种景点并没有跟他们说的一样，希望给个公道，不然如此下去，彩云之南再无人向往！！,玉龙县书记县长信箱,网民同志：您好！您通过人民网地方领导留言板给丽江市长郑艺的留言收悉，玉龙县人民政府高度重视，现将有关情况回复如下：经玉龙县拉市海管委会和县发改局协调，您与商家达成一致协议，此事已妥善解决。感谢您对我县旅游工作的支持与理解，祝您身体健康、生活愉快！,回复时间：2017-03-17 09:11
丽江云玉博览园买的翡翠手镯两个月出现严重裂纹,已办理,旅游 求助,吖***,2017-01-3114:47,领导您好，我是2016年11月前往云南旅游的游客之一，11月17日上午导游带我们前往丽江云玉博览园，在导游及当地导购员的极力推荐下购买了价值8860的翡翠玉镯，本来是件高兴的事，回家后也非常小心的佩戴，冬天衣服多都藏在衣服下面根本没有磕碰，就在春节前一天突然发现手镯上出现三四个非常明显的裂痕，甚至有一处感觉一碰就会断，之前选择购物也是对云南对导游的信任，没想到才买了两个多月就出现这样的问题。据说有些手镯会在表面涂上一层所谓的蜡来掩盖本身的小细纹，而用蜡的手镯也是可以作为A货出售的，所以目前对手镯的质量也表示很怀疑！希望领导能给予解决！谢谢,丽江市旅游发展委员,"网民同志：您好！您通过人民网地方领导留言板给丽江市长郑艺的留言收悉，丽江市旅游发展委员高度重视，现将有关情况回复如下：经核实，您购买的货品已损坏,购物店暂不受理此投诉。感谢您对我市旅游工作的支持与理解，祝您身体健康、生活愉快！",回复时间：2017-03-17 09:11
在丽江依利饱休息区被骗,已办理,旅游 投诉,我***,2017-01-3111:27,尊敬的领导您好，我是一位游客，我今天在从泸沽湖回古城的路上，被依利饱休息区的一个叫八桶的买东西的商家强制买东西，我在买水喝的时候，看到有买蛤蚧的，我之前在网上看过蛤蚧的药用功效，想给家人买点，我就问了一下多少钱他说一克48，我就选了5只让他帮我称了下重量，他说抹完粉称，哪样损耗就是他们的，我就没想让他磨了，可是在磨得过程中他一直把哪个机器倒过来，等他磨完倒出来我就感觉不对，在我面前的五只蛤蚧既然成了那么大一堆，一过称450克我怎么也想不通，我就要检查机器他们不让，我说我不要了他们不让我走，拿着POS机堵住门说我敢走就要打我，然后后面又来了几个人 在哪里说我，我没办法只好耍卡了20832元  ，我真的很郁闷5只蛤蚧450克 ，望领导能关注一下，惩治一下这些不良商贩。,丽江市工商局,网民同志：您好！您通过人民网地方领导留言板给丽江市长的留言收悉，丽江市工商局高度重视，现将有关情况回复如下：经协调，商家与您已达成退货退款的共识，并已将货款退还给您，请你尽快将货品尽快寄回给商家。感谢您对我市市场监管工作的支持与理解，祝您身体健康、生活愉快！,回复时间：2017-02-12 20:14
束河古城藏医有行医资质吗,已办理,医疗 投诉,匿***,2017-01-0917:31,我是一名北京的游客，2017年1月8号我和朋友躲雾霾来到涑河古镇游玩儿，看到有臧家寺院就进去参观。工作人员给我们讲解了臧家的医学文化令我深信不疑。之后说是院长亲自看手相治病，我们都深感机会难得。一个自称叫索朗的院长看了我的手相，给我来了三种药，分别是七十味珍珠丸，肾宝和二十五味儿茶丸，5个月的疗程共计27400元。我是先天性心脏病患者，从小体弱气血虚并伴有低血压。索朗院长给我开的七十味珍珠丸是治疗半身不遂和高血压的，而我没有这些症状，实在是不敢吃啊。我今年47岁，性别女，索朗院长给我开了主治疗男科疾病的肾宝，无语。处方药国家有规定一次最多只能开一周，像索朗院长这么开药显然违背了医德。希望相关部门领导能检查一下古镇臧家门诊的行医资质，保护患者的权益。,丽江市旅游发展委员,网民同志：您好！您通过人民网地方领导留言板给丽江市长的留言收悉，丽江市政府高度重视，及时责成市旅游发展委员处理，现将有关情况回复如下：      丽江束河古道藏家是在工商部门依法办理注册登记的旅游产品销售企业，属合法经营，所销售产品为正规厂家提供，所有产品有生产合格证明、质量保证协议书、成品检验报告，产品均明码标价。按照食药监局的有关规定所聘医师均持有医师资格证。经协调，您与束河古道藏家达成一致协议，此事已得到处理，您对处理结果表示满意。感谢您对我们工作的支持与理解，祝您身体健康、生活愉快！,回复时间：2017-01-23 09:20
丽江旅游圣源珠宝价格欺诈,已办理,旅游 求助,六***,2017-01-0117:05,尊敬的郑艺市长您好，在您百忙之中打扰到您，也实属无奈，我的山西太原的一名游客，在2015年6月报团云南7日游，旅游中导游把我们领到一个叫圣源珠宝的商场，然后一通洗脑，说这是云南省政府扶持企业，省旅游局指定放心购物点，价格质量是可靠的，主要是他们打着政府的旗号我们也就相信了，，在那消费了47200的翡翠饰品，可回到山西找几个懂行的朋友看了，说就值个1000元左右，简直晴天霹雳，价格贵点正常，没想能高几十倍，完了我就联系他们要求退货，可是他们说什么也不给退，只能换，我也实在没办法，就妥协换了个吊坠，我也就相信了他们，没想到换回的吊坠几经鉴定，其实还是1000左右的东西，后来就开始了漫漫投诉之路，可是做为一名外地的普通消费者，可想有多难，实在没办法的情况下，也就只能自认倒霉，也就放弃了，所以拖了一年多，后来看到有同样经历的游客通过人民网留言得到了很好的解决，又燃起了我不甘心受骗的希望，希望领导能帮帮一个普通的外地游客的诉求 ,丽江市旅游发展委员,"网民同志：您好！您通过人民网地方领导留言板给丽江市长郑艺的留言收悉，丽江市旅游发展委员高度重视，现将有关情况回复如下： 根据《旅游投诉处理办法》第九条第四款超过旅游合同结束90天内不予受理,由于您提出退货的要求已超出退货时效,购物店暂不受理此投诉。感谢您对我们工作的支持与理解，祝您身体健康、生活愉快！",回复时间：2017-03-14 10:04
旅游投诉 拉市海翡翠,已办理,旅游 投诉,匿***,2016-12-3009:04,【旅游 投诉】拉市海银月湾购买翡翠质价严重不符强烈要求退货郑市长，您好！本人于2016.12.25被昆明怡美假日旅行社带到丽江市拉市海银月湾翡翠商城购买了一只12800元的翡翠手镯，后经权威部门认证发现存在严重质价不符价格虚高，实际价值不及购买价十分之一，面对这一严重的欺瞒虚假营销问题，恳请市长大人帮忙解决退货问题，追回购买款，万分感谢！    ,丽江市旅游发展委员,网民同志：您好！您通过人民网地方领导留言板给丽江市长的留言收悉，丽江市政府重视，及时责成市旅游发展委员处理，现将有关情况回复如下：      经协调，购物店与您达成一致协议，此事已得到处理，您表示满意。感谢您对我市旅游工作的关心与信任，祝您身体健康、生活愉快！,回复时间：2017-01-23 09:20
感谢领导,已办理,其他 投诉,匿***,2016-12-2912:13,感谢领导，我2016.10.18在丽江体育馆福雅珠宝的问题商家已积极解决。再次感谢。,丽江市书记市长信箱,网民同志：您好！  感谢您对我们工作的信任理解与肯定，祝您身体健康、生活愉快！,回复时间：2017-01-09 14:38
旅游投诉无门,已办理,旅游 投诉,匿***,2016-12-2219:16,郑市长您好：我们是北京游客，2016年12月11日来云南旅游，14日我们来到美丽丽江古城，导游给我们讲了很多丽江风土人情，让我们非常感动，而且这位导游有质素不骂人，（因昆明那位导游满嘴脏话，让我们非常气愤。）丽江导游15日带我们到黄龙商号买黄龙玉，说让我们为丽江人民做贡献，买了回家后不喜欢或买贵了可以退货，我们非常相信，买了12800十4880元十1680二19360元的黄龙玉饰品。回来后发现就值2千元，我们想退货，但售后电话根本打不通。我们恳求郑市长在百忙中抽空给我们小老百姓予帮助，我们知道我们的错误，真不该给您添麻烦……恳请回复…还有云南的旅游业这样恶性循环，以后还有谁敢再踏上云南昆明丽江一一一一一这片美丽的土地！来想这是一片净土……没想到也是到处是陷阱……,丽江市旅游发展委员,"网民同志：您好！您通过人民网地方领导留言板给丽江市长郑艺的留言收悉，丽江市旅游发展委员高度重视，现将有关情况回复如下：  经协调，购物店与您达成补差价协议，此事已得到解决,您表示满意。感谢您对我们工作的支持与理解，祝您身体健康、生活愉快！",回复时间：2017-03-14 10:03
帕沙翡翠城购物陷阱,已办理,旅游 投诉,匿***,2016-12-1918:25,尊敬的市长您好：本月7日我参加了云南国际旅行社南窑分社为期10天的云南之行，后来又把我们组给了风昇旅行社，本来想出来散散心，没想到此次出行终生难忘，第三天导游带我们来到帕沙翡翠城购物，之前2天就开始给洗脑，我也没能逃过这一劫，花了23070买了个手镯，回来就傻眼了，零头都不值，18号和售后交涉要求退货，他们不同意，旅游法规定30日内无理由退货的，他们不受约束吗？本来就精神不好的我这下雪上加霜了，两天两夜没合眼了，药更是不能停了，请市长给民做主啊，我只想退货，跪求市长给做主啊,丽江市旅游发展委,网民同志：您好！ 您通过人民网地方领导留言板给丽江市市长的留言收悉，丽江市人民政府高度重视，现将有关情况回复如下：经市旅发委协调，您与商家达成一致意见，此事已妥善处理，感谢您对我市工作的支持与理解，祝您身体健康、生活愉快！,回复时间：2017-01-04 11:34
随便撵人走,已办理,就业 投诉,匿***,2016-11-2509:43,本人于15年10月1日到该公司实习，该公司未与我签合同，自入职以来，天天用心工作，冲锋陷阵，没想到到了今年的11月16日，该公司一样不说，就给了我一张离职表，问是什么原因，根本不说，这有人能管管吗,丽江市信访局,网民同志：您好！ 您通过人民网地方领导留言板给郑艺市长的留言收悉，现将有关情况回复如下：经与您本人进一步核实，此事已处理。感谢您对我们工作的支持与理解，祝您身体健康、生活愉快！,回复时间：2016-12-14 11:41
购买翡翠要退货已经达成协议,已办理,旅游 感谢,m***,2016-11-2315:41,市长您好，我是之前留言在丽江银月湾商城购买翡翠要退货的，非常感谢丽江政府的关注，真的出乎我的意料能以这么快的速度帮我解决问题。目前商场已经和我联系初步达成协议，在此也对商场的办事效率给个赞，而且服务人员态度非常友好，在此给商场带来的不好影响表示歉意，以后有机会还会去丽江旅游的！,丽江市书记市长信箱,网民同志：您好！  感谢您对我们工作的信任理解与肯定。祝身体健康、生活愉快！,回复时间：2016-12-19 17:35
在丽江市银月湾云南翡翠珠宝商城购买翡翠要退货,已办理,旅游 求助,m***,2016-11-2216:49,尊敬的丽江市郑市长您好：我母亲于11月8日在丽江旅游时在导游的带领下到了丽江银月湾云南翡翠珠宝商城，并且在导游和售货员的强烈推荐下购买了价值7390元的翡翠貔貅和1980元的翡翠手镯，回到家以后发现东西不合心意，打算退货，但与商家沟通非常不愉快，也不给退货，希望市长能在百忙之中给予关注，给予帮助，万分感谢！,丽江市旅游发展委,"网民同志：您好！您通过人民网地方领导留言板给丽江市长的留言收悉，丽江市人民政府高度重视，责成市旅发委办理，现将有关情况回复如下：  经协调，商家与您达成一致协议，此事已得到解决,您表示满意。祝您身体健康、生活愉快！",回复时间：2017-01-04 11:34
云南地方美！购物坑人没商量！,已办理,旅游 建言,匿***,2016-11-1916:37,尊敬的郑市长您好：咱中国人不能自己欺骗自己。不能把游客忽悠了宰了你商家就高兴了。我是在云南翡翠珠宝商城买的翡翠，导游跟售货员说是正规店，发现不合适可以退货。而且我也是跟团旅游的。正规店就给开个票据且没有章，刷卡名称跟店名也不符。,丽江市旅游发展委员,网友同志： 您好！您通过人民网地方频道的留言收悉。由于您未留下有效联系方式，导致无法与您取得联系协调处理，建议您在有关规定的有效时限内与我市旅发委质检所联系，电话0888-5123432。,回复时间：2016-12-19 17:35
投诉中国云南中国国旅行社昆明永安分黄龙玉器店,已办理,旅游 投诉,匿***,2016-11-1022:27,"尊敬的市长，您好！本人要求投诉中国国际旅行社昆明永安分社,2016年10月1日—10月6日，我在携程网报团参加了云南中国国际旅行社永安分社昆明丽江大理6日游，旅行社里的导游安排5个购物店,每天都在车上都在讲购物,在给我们洗脑.说我们是低价团,如果不购物就不带去参观景点.并且,黄龙玉器店价格虚高. 旅行期间一共去了普尔茶店.银器店.玉器店等. 10月4日到了喜艺珠宝城，导游和工作人员一再向我们保证，云南玉比其它地方玉的价格比市场价低的多，终身包换，每年增值10%。在导游和工作人员的诱惑下买了一只标价5666元的玉手镯, 10月5日在上玉龙雪山之前,导游把我们带到龙玉雪银黄龙玉馆(原来的七彩云南商店)，又在导游和工作人员的劝说买下了一块标价为33900的黄龙玉摆件，柜台说这里是明码标价，不还价。但是我坚持抹去零头，最后经理同意了，还小声告诉我不要说出去，别的客人都是没有给任何优惠的。同时工作人员亦保证终身包换，并且满一年增值10%，满两年增值20%，满三年增值30%，保证不会上当。在回家后，看了中央电视台[消费主张]栏目的相关报道。我发现这些玉石质量并没有他们说的那么好，但是我们毕竟不是专业的，也说不出哪里不好，于是就把所有的摆件的照片发到做玉器生意的熟人那里让他帮我看看，结果让我大吃一惊。在这个总价为30088的摆件，竟然价格都超出原有商品价值的近十倍左右。为了保险，我问了很多朋友，并且找了做玉器20年的老师傅帮忙鉴别，得到的结果居然都是都差不多的！这个结果让我无法接受，我这些钱是工作存了几年的积蓄，这次的云南旅游，却损失这么大。对于导游和商家的严重的欺诈行为给我们一个说法！我相信，云南政府是公正的，会为我们普通老百姓主持公道！我恳请您能关注这件事，我们要求商家全款退货，让我们有再次踏上云南之旅的信心！衷心感谢市长，期待您回复！",丽江市旅游发展委,"网民同志：您好！ 您通过人民网地方领导留言板给丽江市市长的留言收悉，丽江市人民政府高度重视，责成市旅游发展委员会办理，现将有关情况回复如下： 经协调，商家与您达成一致协议，此事已得到解决,您表示满意。 祝您身体健康、生活愉快！",回复时间：2017-01-04 11:34
安全,已办理,交通 建言,匿***,2016-11-0913:34,郑市长，您好！                        丽宁二级路两侧的随意违章建筑，需要严禁！来确保广大人民的生命财产安全！！为谢！！,宁蒗县书记县长信箱、宁蒗县交通运输局,网民同志：您好！您通过人民网地方领导留言板给丽江市长的留言收悉，宁蒗县人民政府高度重视，现将有关情况回复如下：一、道路两侧建筑控制区管控工作是道路管理的重点和难点工作，为充分发挥道路通行能力，切实保障道路运输安全，有效遏制并严厉查处道路两侧违法用地、违法建设行为，我县在丽宁二级公路建设期间，由指挥部牵头，相关执法部门联合采取强力措施，开展了道路两侧违章建筑专项清理整治工作，取得显著成效。二、随着公路的建成通车，公路沿线群众在公路红线范围内不依法按规划许可后实施建设的现象有所抬头。我县将严格按照相关法律、法规，切实加强对道路红线控制区的管理，一是路政部门加强日常巡查，有效地防止新增违章建筑物的出现。二是对道路两侧控制区的违法建筑，由县交通、住建、国土、公安等相关职能部门以及公路沿线乡（镇）、村委会，经常组织联合执法实施强制拆除，并建立一套严格的道路两侧建设用地、建设审批管理制度，从源头上抓好对道路两侧建筑控制区的管理工作，保障道路的完好、安全畅通，有效制止道路两侧违章建筑的蔓延势头。感谢您对宁蒗交通工作的支持与理解，祝您身体健康、生活愉快！,回复时间：2017-02-12 20:14
红砖协会垄断市场,已办理,其他 建言,匿***,2016-11-0910:45,尊敬的市长你好：        华坪县红砖协会第二次成立以后，红砖价格由原来的0.12元没块疯狂的涨到了现在的0.32元每块，红砖协会的成立是为民造福还是给有建设需求的增加压力？还是垄断市场？第一次因为垄断市场，被取缔，为什么第二次还会成立，成立之后为什么还是一样的，请求尊敬的市长给予适当的解决，辛苦领导为民造福了,华坪县工业经贸和科技信息化,网民同志：您好！您通过人民网地方领导留言板的留言收悉，丽江市人民政府高度重视，及时交华坪县人民政府办理，现将有关情况回复如下：接到反映后华坪县高度重视，迅速成立了由县工信局、发改局、市场监管局组成的联合调查组，对华坪及周边地区的红砖市场进行了实地走访调查。经查，红砖协会属于红砖生产企业为加强互相监督、有序调节市场自行组织成立的行业协会。近期红砖价格上涨主要是以下几个方面原因：一是华坪县多家砖厂因达不到环保达标排放治理的要求，被责令停产整顿，自10月初以来全县只有3户红砖生产企业能合法合规正常生产，产品供不应求。二是在近期国内钢筋、水泥等建材价格不断上涨的大环境下，红砖价格也随之水涨船高。三是冬季是传统建设高峰期，红砖需求旺盛，市场供不应求，红砖价格受市场波动自行上涨。目前华坪县周边市场砖价情况是：攀枝花市0.38元/匹－0.40元/匹、永胜县0.38元/匹－0.42元/匹、宁蒗县0.40元－0.45元/匹，华坪县红砖的价格0.32元/匹－0.35元/匹，低于周边地区。红砖是市场众多普通商品之一，按照《中华人民共和国价格法》第11条规定，经营企业拥有自主定价权，价格调整取决于市场需求和市场行情。企业根据市场供需关系进行自主定价不属于《中华人民共和国反垄断法》第3条、第13条规定的垄断行为。对于您提出的问题，我县将持续关注，并会同发改、市场监管等部门组成的联合执法工作组，不定时对红砖市场秩序和价格活动进行监督。感谢您对我县工作的支持与理解，祝您身体健康、生活愉快！,回复时间：2017-01-04 11:34
旅游欺诈、导游欺诈、购物欺诈,已办理,旅游 投诉,点***,2016-11-0910:30,尊敬的郑市长，我于2016年10月14日到云南报团为期8天的旅游观光，我们是来自东北的游客，刚刚新婚蜜月，选择山美水美人民朴实善良的云南作为目的地，我们报的旅游团，到云南之后，昆明“义云天”旅行社接待的我们，一开始我们听导游介绍云南的少数民族，文化，我们很吸引，也很认可，现在回想起来，在旅游途中，我们发现导游不够善良，我们车上共有30多位游客，来自黑龙江、山西、湖南、河北、北京、山东、天津全国十多个地区的游客，导游总在说云南翡翠多么好、推销各种特产，而且还说云南翡翠是产地，价格全国最便宜，说我们不买就是对他们不认可，他们言语间充满了讽刺和挑衅，我们真的是很相信云南淳朴的人民，我们在云南丽江导游（云南昆明“义云天”旅行社赵XX）百般的渲染说翡翠价格全国最低，质地最好之下，10月16日赵导游带我们到云南丽江“帕沙玉石城”，我们因为相信导游所说这里的玉石全国最低价，质地好我们才买的玉石翡翠，一个翡翠戒指7195元，一尊貔貅6788元，10月17日我们到云南丽江又被旅行社一名白导游（15208884XXX）在丽江黄龙玉展览馆（票据写着丽江同春商贸有限公司）地方买了一尊黄龙玉貔貅4680元，两次消费总计18663元，等我们蜜月之后回到家乡，我们到市场去参观，找专门人士看我们的翡翠和黄龙玉，又与市场同样的物品比较，我们才发现我们被骗了！！！我们大概以高于市场5倍左右的价格购买的，我们买的翡翠、黄龙玉材质并不好！我们太相信云南人民了，但我相信这只是少数人，根据《旅游法》、《消费者权益保护法》我现在申请无条件退货退款，我们联系商家根本不理我们，请郑市长给予帮助解决，现在媒体很发达，微博、微信、新媒体、互联网+，我们有很多渠道，可我们不想伤害云南人民的感情，郑市长你也肯定不能让这小事影响丽江这个大局，请郑市长、旅游局给予答复，如果得不到解决，得不到公平我们会向上级部门，云南省委、云南省旅游厅上访投诉，这不是因为只是价钱的原因，这是一种欺骗，伤害我们十多个省市人民的感情，我们要的是公平，看到旅游团微信群大家纷纷说再也不去云南，再也不去丽江我们真的好心痛，郑市长，您一定是好领导，之前我们一起旅游的朋友在西双版纳的投诉得到解决，很有效率，相信丽江也一样，请郑市长给公平、公正的答复！！！,丽江市旅游发展委,网友同志： 您好！您通过人民网地方频道的留言收悉。由于您未留下有效联系方式，导致无法与您取得联系协调处理，建议您在有关规定的有效时限内与我市旅发委质检所联系，电话0888-5123432。,回复时间：2017-01-04 11:34
关于丽江市古城区锦天国际花苑小区两证问题,已办理,政务 投诉,匿***,2016-11-0811:28,丽江市古城区锦天国际花苑小区交房六年未能办到两证，真实原因是由于相关职能部门监管不力，业主所交维修基金和部分契税款被翰辰房地产公司挪用，合计上千万，所有受害业主恳请郑市长为民主持公道！,古城区书记区长信箱,网民同志：您好！您在人民网地方领导留言板的留言收悉，古城区人民政府高度重视，现将有关情况回复如下：    关于锦天国际花苑小区业主办理两证的问题，古城区委区政府高度重视，2016年6月26日上午，区委区政府领导召集区国土、住建、司法、地税、信访、西安街道等部门负责人就该问题召开协调会，并多次联系了瀚辰地产（锦天国际花苑小区开发商）负责人，但瀚辰地产负责人拒绝参会，至会议正式召开仍未到会场。接着，参会人员与18名业主代表召开协调会，会议认真听取了业主代表的诉求及各参会单位的情况汇报后作出如下处理意见：1.锦天国际花苑小区的“两证”迟迟未能得到办理，原因在于开发商未能提供绝大部分业主的契税完税证明及缴纳维修基金，建议各业主立即着手收集各种证据，进入法律途径解决该问题。2.目前该小区没有业主委员会，建议业主依法依规尽快成立业主委员会，立即着手统计小区各户的契税完税情况及维修基金缴纳情况报区住建局及区地税局。3.由区国土分局负责调查处理该小区的土地确权问题；4.由区司法局负责向业主提供法律咨询及援助。之后，区政府及相关部门又多次召开专题协调会。    根据房产证办理相关法律法规的要求，房地产开发有限公司或业主个人需提供商品房房屋维修基金及契税完税证明，才能依法办理房产证。区政府及相关部门通过多种途径多次督促房产开发公司负责人，瀚辰房地产开发有限公司负责人承诺将尽快筹措资金，及时缴纳相关税费以便尽快办证。顺祝您身体健康、生活愉快！,回复时间：2016-12-19 17:35
自来水,已办理,其他 投诉,匿***,2016-11-0312:14,丽江鼎盛家园小区因为房地产跟自来水厂的费用问题停水已两天，对居民户非常不方便！,古城区书记区长信箱、丽江供排水有限公司,网民同志：您好！您通过人民网地方领导留言板给丽江市长郑艺的留言收悉，丽江供排水有限公司高度重视，现将有关情况回复如下：    经调查，得知鼎盛家园房地产商的确存在自来水管网铺设欠费问题，但供排水公司从未因此而对小区停止供水。据进一步了解，小区早已正常用水。感谢您对我区供排水工作的支持与理解，祝您身体健康、生活愉快！,回复时间：2017-05-16 10:48
我们的那证在那,已办理,其他 求助,匿***,2016-11-0309:01,尊敬的市长，尊敬的领导:您好！我是09年11在锦天国际花苑买的房，在买房签合同时开发商已向我收取所有款向(房款、契税、印花税、维修基金、办证费等)。11年6月交房时开发商呈诺90个工作日一定给我们把两证办下来，可是快7年过去了，我们的两证依然遥遥无期。这期间我们都在不间断的向开发商索要两证，前两年是等等，快了，而现在是没钱，要办两证还必须要借2万元钱给开发商，才给办证。请问尊敬市长，尊敬的领导我们老百姓是不是就谁受这样的不良开发商的欺负！而我们辛苦一辈子才能买到的房子，这么多年了连两证都没有！我们该怎么办？我们要怎样做才能拿到两证？,古城区书记区长信,网民同志：您好！您通过人民网地方领导留言板给丽江市长的留言收悉，责成古城区人民政府办理，现将有关情况回复如下：关于锦天国际花苑小区业主办理两证的问题，古城区委区政府高度重视，2016年6月26日上午，区委区政府领导召集区国土、住建、司法、地税、信访、西安街道等部门负责人就该问题召开协调会，并多次联系了瀚辰地产（锦天国际花苑小区开发商）负责人，但瀚辰地产负责人拒绝参会，至会议正式召开仍未到会场。接着，参会人员与18名业主代表召开协调会达成以下处理意见：1.锦天国际花苑小区的“两证”迟迟未能得到办理，原因在于开发商未能提供绝大部分业主的契税完税证明及缴纳维修基金，建议各业主立即着手收集各种证据，进入法律途径解决该问题。2.目前该小区没有业主委员会，建议业主依法依规尽快成立业主委员会，立即着手统计小区各户的契税完税情况及维修基金缴纳情况报区住建局及区地税局。3.由区国土分局负责调查处理该小区的土地确权问题；4.由区司法局负责向业主提供法律咨询及援助。之后，区政府及相关部门又多次召开专题协调会协调解决。目前瀚辰房地产开发有限公司负责人承诺将尽快筹措资金，及时缴纳相关税费以便尽快办证。感谢您对我区工作的支持与理解，祝您身体健康、生活愉快！,回复时间：2017-01-04 11:34
旅游留下的祸,已办理,旅游 求助,匿***,2016-11-0207:55,您好，2016.10.28在云南旅游，在导游的介绍下拉动云南经济，但是买了个玉镯回来太大不能佩戴，要退货，但是商场没有给我回复。我们消费了两万左右，真心是帮助云南经济，也在导游的介绍下给山区孩子寄衣服，但是我不能买回一个不能带的石头放在家里，希望领导给予帮助！谢谢！,丽江市旅游发展委,网网民同志：您好！ 您通过人民网地方领导留言板给丽江市长的留言收悉，丽江市人民政府高度重视，责成市旅发委办理，现将有关情况回复如下：经协调，商家与您达成一致处理意见，此事已得到解决，您表示满意。祝您身体健康、生活愉快！,回复时间：2017-01-04 11:34
需要帮助,已办理,旅游 求助,可***,2016-11-0207:46,市长您好！        2016.10.28云南旅游，在导游的介绍下我们一起拉动云南的经济，滇西翡翠中心买了一个玉镯，但是回来家人戴了嫌大，现在要求退货，我们一起消费了两万多，现在只要退一个玉镯，打了电话没有给我回复。希望领导给我帮助！,丽江市旅游发展委,网网民同志：您好！ 您通过人民网地方领导留言板给丽江市长的留言收悉，丽江市人民政府高度重视，责成市旅发委办理，现将有关情况回复如下：经协调，商家与您达成一致意见，此事已妥善解决。祝您身体健康、生活愉快！,回复时间：2017-01-04 11:34
感谢云南旅游执法部门,已办理,旅游 感谢,宁***,2016-10-3112:21,今天上午(31)号商家退款与我。在这里我要再次感谢政府执法部门的协调与帮助。商家的信誉也是蛮好的，虽然规定了一些霸网条约，（刷卡收取2%手续费）但还是如期退还货款。云南是美丽的，云南人民的内心也是美丽的，虽然导游给了我不美丽的印象，但是通过这次的退货交易，对云南的印象还是大有改变。最后希望我们的政府能把那些影响云南形象的的一些低素质的导游清理一下，让我们游客的钱花得心安理得！舒心高兴！这才是硬道理！感谢看帖的工作人员，你们是人民的好卫士！有你们在人们才安心！谢谢你们的帮助！,市信访局,您好！感谢您对我们工作的理解与肯定。祝您生活愉快，万事如意！,回复时间：2016-11-09 11:46
问题已解决,已办理,旅游 感谢,宁***,2016-10-3017:08,市长你好，我与2016年10月24号人民网的留言，在旅游执法部门工作人员的协调和帮助下，商家获准退货，商家的工作人员积极配合，热情礼貌的跟我进行了沟通，表示扣除百分之二刷卡手续费后余款在31号退还与我，现在货物已与2016年10月29号完好无损退还到商家，只等商家退款！退款后会再次发帖表示感谢！,市信访局,您好！感谢您对我们工作的理解与肯定。祝您生活愉快，万事如意！,回复时间：2016-11-09 11:46
感谢信,已办理,旅游 感谢,匿***,2016-10-2915:08,针对我2016年10月26日在丽江福雅珠宝高价购买翡翠饰品的求助，丽江福雅珠宝公司能够积极主动与我联系，并积极主动妥善处理事宜，现双方巳达成一致意见，处理结果非常满意，对福雅珠宝的诚恳态度给予表扬。在此非常感谢丽江市长及相关部门的积极协调，让我挽回损失。最后祝丽江市领导以及福雅珠宝相关人员工作顺利，阖家幸福！,市信访局,您好！感谢您对我们工作的理解与肯定。祝您生活愉快，万事如意！,回复时间：2016-11-09 11:47
丽江体育馆福雅珠宝诱骗高价购翡翠,已办理,旅游 投诉,匿***,2016-10-2614:38,尊敬的郑市长，您好！2016年10月26日我和朋友来云南丽江游玩，本来应该是一次快乐的旅行，但却被骗高价购物，对丽江之行伤心透顶10月26日从玉龙雪山游览完后，被导游带到了丽江体育馆一个叫福雅珠宝的店面，进店之后一个女服务员把我们带到一个讲解翡翠的房间，先跟我们讲解了珍珠，然后接着一个自称老板儿子李天的男性，跟我们讲解翡翠，告知自己第一次解说，希望我们给个面子带我们去试戴玉器，玉器标价上万，由于是老板儿子可以优惠半买半送给我们，我们信以为真购买了2968元的玉佛，观音，生肖玉。当天我在网上查询到福雅珠宝公司的相关信息，看到有朋友遇到同样自称老板儿子欺骗消费者高价销售翡翠信息，我拿到我们当地给人鉴定说我们购买的玉价值还不值1000元，非常气愤！我们认为，以演戏的方式来消费商品的行为已经严重侵害了消费者的知情权公平交易权，希望相关领导可以重视这个问题，维护消费者权益保护，帮助我们沟通处理该问题，让欺骗我们的丽江福雅珠宝退还我们的损失，不让云南的美好旅游成为这些商家暴利盈利欺骗善良消费者的机会。,丽江市旅游发展委,网网民同志：您好！ 您通过人民网地方领导留言板给丽江市长的留言收悉，丽江市人民政府高度重视，责成市旅发委办理，现将有关情况回复如下：经协调，商家与您达成一致意见，此事已妥善解决。祝您身体健康、生活愉快！,回复时间：2017-01-04 11:34
 丽江银得天下购买的黄龙玉请求退货退款处理！,已办理,旅游 投诉,徐***,2016-10-2613:30,2016年10月23日怀着美好的心情来到丽江旅游，一路上看了许多亮丽的风景，内心还是非常舒畅的。但是在丽江银得天下商城购买的黄龙玉貔貅一事给我添堵闹心。当时在商城看到的黄龙玉貔貅光彩照人，激起了购买欲望，就花费8800元购得一只。回到家不久发现貔貅光泽黯然失色。遂请教懂行的朋友，说这只黄龙玉貔貅最多值1000元。真是一盆冷水浇透全身的感觉。瞬间觉得自己上当受骗，心特别难受，现要求退款。希望能得到您的帮助！再次感谢您的重视！,市信访局,  网民同志：您好！ 您通过人民网《地方领导留言板》给丽江市委书记的留言收悉，市工商局高度重视，现将有关情况回复如下： 经协调，商家与您达成一致协议，此事已妥善解决。感谢您对我市市场监督管理工作的支持与理解，祝您身体健康、生活愉快！,回复时间：2018-01-29 15:18
天价玉石退货难，退货霸王条例何时有人管?,已办理,旅游 投诉,匿***,2016-10-2516:34,尊敬的郑市长，您好！        我们是来自上海的游客，2016年9月7日随团来云南旅游，旅途经过昆明、丽江、大理等地。一路在导游的威逼利诱、胁迫下，购买了翡翠手镯、黄龙玉摆件等共计3件，总价值十几万元。回家后经鉴定和咨询专家，才知道我们购买的玉石的价值和价格严重不符。我们当即与旅行社联系，在旅行社的协调下，商家也肯退货，但要收取2%的刷卡费。咨询银联后，银联给出的回复是退款不会收取手续费，即使收取也不能转嫁在消费者身上。收到这样的回复后又与商家协商，他们又狡辩说除了刷卡费，他们营业员也给予了服务，要收取服务费等，总之就是硬要收取我们2%的费用，相当于三千多元人民币。什么样的服务和手续需要三千多元啊！这样的霸王条例也只有这样的霸王商家才会制定出来！在此恳请郑市长及有关部门伸出援助之手，协助我们全额退货退款，挽回经济损失，我们将不胜感激，谢谢！,丽江市旅游发展委,"网网民同志：您好！ 您通过人民网地方领导留言板给丽江市长的留言收悉，丽江市人民政府高度重视，责成市旅发委办理，现将有关情况回复如下： 因您未提供有效联系方式，丽江市旅游发展委员会工作人员多次与您联系都未能联系上您,所以暂不受理此投诉。感谢您对我们工作的支持与理解，祝您身体健康、生活愉快！",回复时间：2017-01-04 11:34
一次不美丽的旅游！,已办理,旅游 求助,宁***,2016-10-2514:40,你好市长，10月12号在滇西翡翠交易中心购买葫芦挂件一个9360元，因为当时导游在车上已经强迫我们必须要买，说什么要买够了这次每个人吃住行和来回的机票钱，不许空手出来，所以进店后跟老公商量一下还是买了这贵的挂件，回来后怎么也想不通，感觉这挂件也没有那么贵。于是我按照收据上面的电话打过去跟他们协商退货，他们让接待我的那位女士跟我联系了，说没有质量问题不能退货，还发了一些图片让我从新选择。说玉无价，不能别人说多少就多少钱！我想那也不能说买了不能退吧？所以我在没有损坏本玉，证件完全的情况下要求退货，因为商家不同意退货，所以希望市长大人能够帮助我退货！毕竟这是我4个月的工资，感觉云南一行心情一点不美丽。货号编码是11782974，感谢你们能在百忙之中为我解决问题，先谢谢了！,丽江市旅游发展委,网友同志： 您好！您通过人民网地方频道的留言收悉。由于您未留下有效联系方式，导致无法与您取得联系协调处理，建议您在有关规定的有效时限内与我市旅发委质检所联系处理，电话0888-5123432。,回复时间：2017-01-04 11:34
古都之美，密支那之骗局,已办理,旅游 投诉,匿***,2016-10-2417:33,本在古都，看上关风，下关华，苍上雪，洱海雪，无际美好，心情无比愉悦，可是到了密支那，这个本以为是翡翠加工厂的商场，会为云南增光的地方，会如些黑暗的欺骗，买了个玉镯说值一万六，结果懂行的人说，连零头都不值，玉是没好，不是这样坑人的，,丽江市书记市长信箱,网民同志：您好！您通过人民网地方领导留言板给丽江市长郑艺的留言收悉，由于您反映的购物地点属于大理州，不在我丽江市管辖范围，请您直接向大理州书记州长信箱反映，感谢您对我市工作的支持与理解，祝您身体健康、生活愉快！,回复时间：2016-12-20 15:44
感恩的心，感谢有你。,已办理,旅游 感谢,求***,2016-10-2013:34,尊敬的领导：您好，我是10月8日发帖的网友。首先感谢云南省丽江市市长及相关部门的鼎力帮助及协调配合，百忙之中帮我解决问题，非常感谢关心我家，谢谢！目前丽江银得天下售后服务施女士已与我联系，积极处理相关问题，对他们的服务态度表示满意。由于之前与丽江银得天下售后服务联系中出现些误会，我又太心急，把人心看的过于险恶，绝望，就匆忙写了这个帖子，对企业造成了一些不必要的误会和影响，在此我深表歉意，同时也相信人心是善良的，要有一颗宽容大度的心才能赢得天下，特别感谢售后服务的施女士，忙前忙后为我退款，言而有信，又耐心，很善良，再此代表我及全家表示衷心感谢！最后祝丽江银得天下生意兴隆，财源茂盛！也祝云南旅游环境越来越好！！人心越来越美好。,市信访局,您好！感谢您对我们工作的理解与肯定。祝您生活愉快，万事如意！,回复时间：2016-11-09 11:47
恳请市长为我们做主,已办理,旅游 投诉,匿***,2016-10-1909:00,尊敬的郑市长您好，2016年10月13日，我跟朋友一家三口共四人报团参加昆明大理丽江西双版纳8日游。10月18日上午11:00被导游带到了丽江体育馆内的珠宝展览中心(丽江福雅珠宝)，在展厅内销售人员先给每人体验了珍珠膏，然后自称老板女儿的经理以不会讲课的讲师身份做戏诱导消费，花了1500元买了一个金镶玉(还赠了一个貔貅)。18日晚上与云南当地的朋友见面。朋友当即就告诉我上当了，这是一种欺骗游客的销售方式，这支手镯最多值几百，后上网查询，被骗的人好多。想要退货，心情极度糟糕，万般无奈只好向您及政府主管部门求助，请求您或主管部门出面替游客解忧，规范丽江旅游市场，维护丽江的旅游城市形象。,丽江市旅游发展委员,"网民同志：您好！您通过人民网地方领导留言板给丽江市长的留言收悉，丽江市人民政府高度重视，责成丽江市旅游发展委员办理，现将有关情况回复如下：  经协调，购物店与您达成一致协议，此事已得到解决,您表示满意。感谢您对我市工作的支持与理解，祝您身体健康、生活愉快！",回复时间：2017-01-13 09:16
感谢丽江市领导的救助,已办理,旅游 感谢,匿***,2016-10-1515:06,针对我2016年10月10日在丽江福雅珠宝高价购买翡翠饰品的求助，丽江福雅珠宝公司能够积极主动与我联系，并积极主动妥善处理事宜，现双方巳达成一致意见，处理结果非常满意，对福雅珠宝的诚恳态度给予表扬。在此非常感谢丽江市长及相关部门的积极协调，让我挽回损失。最后祝丽江市领导以及福雅珠宝相关人员工作顺利，阖家幸福！,市信访局,您好！感谢您对我们工作的肯定和支持！欢迎您再来丽江旅游观光，祝您身体健康、生活愉快！,回复时间：2016-10-18 17:17
感谢市长，感谢安通路的各位领导,已办理,交通 感谢,小***,2016-10-1318:02,非常感谢市长，交通局领导！昨天上午投诉，昨天下午就接到电话说是今天给我们处理，到现在为止，已经处理好了，医药费已经到位！！为此给交通局领导带来的麻烦，深表歉意，！感谢11号，12号给我们处理事情的交警！感谢市长百忙之中的体察民情！！！感谢今天给我们打电话处理事情的交通局各位领导！！！,市信访局,您好！感谢您对我们工作的理解与肯定。祝您生活愉快，万事如意！,回复时间：2016-11-09 11:50
丽江安通路交警大队不作为放走肇事人,待回复,交通 投诉,匿***,2016-10-1214:07,我们于10月10号下午骑电动车在丽江金甲路口被一辆停在马路中间，瞬间打开左侧车门的车辆导致摔倒，摔到膝盖，手掌，擦坏手机（后排手里没握手机的话，手将很严重）。。。我们自行和事主到了安通路交警大队，结果交警不作为，没有扣押车辆行驶证，本来说是11号下午处理，然后因为对方是警官有事，说是当天晚上十一点处理，晚上十一点我们到了交警队，结果说肇事者不在，第二天处理，第二天我们又到了交警队，又说12号处理，现在告诉我们肇事司机到昆明了，我想问，没有车辆行驶证，他怎么回昆明？交通事故发生不要扣押行驶证或者驾驶证的吗？交警的无昨晚导致肇事司机回昆明去了，我们受害方都没地讨公道！谁给我们公道？要我们去昆明处理？费用自理？事情发生在丽江，为什么不是来丽江处理？,,,
丽江福雅珠宝骗局,已办理,旅游 求助,匿***,2016-10-1211:04,市长，你好，我与爱人于2016年10月10号再丽江导游带领下来到丽江福雅珠宝展览馆，进展览馆后先由一个假装不熟悉业务的人讲解，马上又近来一个假装是老总的妹妹的女孩讲解，也是说不熟悉业务，让我们给她面子，多听一下，我还抱着多鼓励她的心态，配合听她讲，她利用我们善良的心里，让我们打折购物，购了2万4千元的东西，回来珠宝行业朋友说总共不值1万元，我希望退换货物，商家退我损失，我一年上班也挣不了这么多，想着去认识丽江的美丽，怎么却被骗了？心寒,市信访局,您好！经丽江市工商局协调，此事已妥善处理，同时，您写的感谢信也收到。,回复时间：2016-10-18 17:24
感谢丽江福雅积极处理翡翠手镯投诉案,已办理,旅游 感谢,匿***,2016-10-1013:37,针对我前几日投诉高价销售诱导翡翠手镯一事，丽江福雅珠宝公司能够积极主动与我联系，沟通具体情况，并积极主动妥善处理事宜，现双方巳达成一致意见，解决投诉事宜，对福雅珠宝的诚恳态度给予表扬。也真诚的感谢丽江市长及相关部门的积极协调，谢谢你们。,市信访局,网友同志： 您好！感谢您对我们工作的肯定和支持。欢迎再来丽江旅游观光！祝身体健康、工作顺利。,回复时间：2016-10-10 16:59
不负责导游与福雅珠宝联合坑害团员,待回复,旅游 投诉,匿***,2016-10-0913:27,导游石X于2016年10月5日早上带我们团到达黄龙玉馆，因购物人数少恼羞成怒，对大家进行了讽刺侮辱，声称不买没关系，要一家一家带我们去购物店，然后来到了已有诈骗经历的福雅珠宝，先是一个店员开始讲解珍珠膏，然后进来一个号称是经理的人进来讲解，言语中透露出与老板关系不匪，然后大家被带到了展览厅，该经理自称因为与大家投缘所以半买半送请大家宣传产品，原价十几万的手镯四千多就卖了，团内百分之八十的人都购买了福雅珠宝的产品，完全没人怀疑，事后大家才反应过来，但是已经晚了，福雅珠宝并未开具有效发票，也并没有开具印有福雅珠宝的收据，联系方式也没有，本人亲眼看见导游和经理二人先后进入福雅珠宝财务室，具体为何先后进入财务室并不清楚，但是石X导游因为恶意带大家去往福雅珠宝，导致错过了半场丽江印象演出，以及两个景点的参观，甚至一整个下午脱团，弃团员于不顾，情节恶劣，服务态度差。与福雅珠宝勾结坑害团员，造成了团员严重的经济损失。,,,
天价购黄龙玉，退款无门，谁来拯救人的良心！,待回复,旅游 求助,求***,2016-10-0908:34,市长，您好！希望您在百忙之中抽出一点时间来给我们外地人主持公道。国庆节带上父母高高兴兴来云南旅游，请了块黄龙玉貔貅，7857元。我们又不懂玉，可是导购员欺骗我们善良的心，说貔貅身上的裂缝是石纹，就算以后不喜欢，也可以全额退款的。回来后越看越不对，明明就是裂缝！！欺骗人！！现在才买不到3天，打电话退款，还不理人，说什么跟旅行社联系，我想说的是我明明在你们店里买东西，你们就把责任推给旅行社？买了还不能退？才3天不到？后来又多次打电话，敷衍说今天内会跟我们联系，到现在还没联系！我特别伤心，人与人之间的基本信任都没？这个丽江“银得天下”居然会存在？没信誉！买的时候说不喜欢随时退，3天不到要退，就完全翻脸不认人？丽江风景是美的，可是人心呢？这样伤害人心，以后还有人会去云南买东西吗？希望市长能给我们主持公道，规范市场。让大家在快乐旅游中买到合适和品质的宝贝。我说这么多，望市长替我们家解决这件大事，我们也是老百姓啊，也是中国人啊。7857元对我们也是大数额的，没有瑕疵我们会买，可是明明瑕疵很大，还承诺可以无理由退款，现在呢？信誉在那里？谁来温暖我们善良的心？,,,
丽江体育馆（福雅珠宝）虚假诱骗消费者购物,已办理,其他 投诉,匿***,2016-10-0315:51,尊敬的郑市长，您好！2016年8月7日我们家来云南丽江游玩，本来应该是一次快乐的旅行，但却被骗高价购物，对丽江之行伤心透顶8月7日从玉龙雪山游览完后，被导游带到了丽江体育馆一个叫福雅珠宝的店面，进店之后一个女服务员把我们带到一个讲解翡翠的房间，先跟我们讲解了珍珠，然后擦了一下珍珠膏，然后接着一个自称老板儿子的男性，跟我们讲解翡翠，告知自己第一次解说，希望我们给个面子带我们去试戴玉器，玉器标价上万，由于是老板儿子可以优惠半买半送给我们，我们信以为真购买了8776元的玉佛和手镯。在最近几天我在网上查询到福雅珠宝公司的相关信息，看到有朋友遇到同样自称老板儿子欺骗消费者高价销售翡翠信息，我拿到我们当地给人鉴定说我们购买的手镯价值还不值1000元，非常气愤！我们认为，以演戏的方式来消费商品的行为已经严重侵害了消费者的知情权公平交易权，希望相关领导可以重视这个问题，维护消费者权益保护，帮助我们沟通处理该问题，让欺骗我们的丽江福雅珠宝退还我们的损失，不让云南的美好旅游成为这些商家暴利盈利欺骗善良消费者的机会。,市信访局,"网友同志： 您好！您反映的问题，丽江市人民政府高度重视，责成市工商局办理，现将有关情况回复如下：经协调，商家与您达成协议,并妥善处理。感谢您对我市旅游事业的关注与支持。欢迎再来丽江旅游观光！祝身体健康、工作顺利。",回复时间：2016-10-10 17:30
感谢丽江滇西翡翠交易中心,已办理,旅游 感谢,曲***,2016-10-0314:33,尊敬的领导：您好，我是9月30日发帖的网友。首先感谢云南省各级政府及相关部门的鼎力帮助及协调配合，百忙之中帮我解决问题。目前丽江滇西翡翠交易中心售后服务朱经理已与我联系，积极处理相关问题，对他们的服务态度表示满意。由于之前未和丽江滇西翡翠交易中心售后服务联系，就写了这个帖子，对企业造成了一些不必要的误会和影响，在此我深表歉意。最后祝丽江滇西翡翠交易中心生意兴隆，财源茂盛！也祝云南旅游环境越来越好！,市信访局,您好！感谢您对我们工作的肯定和支持！顺祝您身体健康、生活愉快！,回复时间：2016-10-08 09:37
丽江帕沙玉石城欺骗消费者,待回复,旅游 投诉,匿***,2016-10-0214:34,2016年8月，跟团去云南旅行，开始的几天确实领略了云南的大好河山，但是27日被导游带到了帕沙玉石城(抬头发票是丽江同春商贸有限公司)导游不友好的态度，恶劣的言语导致对丽江的好感度大大降低，迫于无奈，买了玉镯和玉貔貅，近日发现玉镯是拼接粘贴在一起的，有明显的粘贴痕迹。呀，感觉这辈子都不会爱云南了，发这些只是想讨回公道维护消费者权益，以及提醒其他去云南的消费者购物需谨慎，不懂玉石的人不要听导购忽悠。愿当地领导能重视，毕竟一人受骗如沙粒投海，毫无波澜，但是，如果沙石足够多，那么汪洋也会变成沙漠。,,,
丽江旅游物价虚高欺诈游客，政府监管不力,待回复,旅游 投诉,曲***,2016-09-3011:59,"尊敬的郑市长，您好！    我们是来自西安的游客，2016年9月13日随团来云南旅游，旅途经过香格里拉、丽江、大理、腾冲、芒市。一路在导游的威逼利诱、胁迫下，购买了翡翠貔貅、观音挂件、黄龙玉手镯等共计6件，总价值1.3万元。特别是9月16号上午导游带我们来到丽江滇西翡翠交易中心，迫于无奈购买了翡翠貔貅一对,购物总价值8320元，回家后经鉴定和咨询专家，才知道我们购买的貔貅最多价值1000元。云南是个美丽的地方，为了带动云南经济发展，全国人民赴云南旅游本是好事，但是某些利欲熏心的不法导游利用善良人民的仁慈以及对云南政府的信任，使用欺骗、胁迫等手段迫使游客购物，这样的行为是法律绝对不允许的，同时为美丽的云南抹黑，也会对政府支持的旅游产业造成负面影响，对政府产生不信任感。我是一名政府职员，妻子是一名下岗工人，全家就凭我微薄的工资养活，8320元对我们来之不易。因此恳请郑市长及有关部门伸出援助之手，协调商场帮助我们退货退款，挽回经济损失，我们将不胜感激，谢谢！",,,
丽江滇西翡翠太坑人,待回复,旅游 投诉,匿***,2016-09-2912:22,我是河北的一名游客，于8月12日报团去云南旅游，当时就怕导游强制购物，还报了个品质团。结果到云南后导游就一直以扶持云南经济，还有近乎神话的吹嘘，甚至用伤及人品，人格的语言引导游客消费。8月15日一早，我们被拉到丽江滇西翡翠交易中心，而且导游直接带我们上了二楼，然后就一直有导购跟在身后，如果不买东西根本下不了楼（因为一般游客根本找不到出口）。最后在导购的协助下购买了7860元的一个翡翠挂件。回家一段时间后，一个偶然的机会碰到一个经销玉石的朋友，看后说太坑了，最多值800块钱，我也深深的感到被骗了。我现在强烈要求退货，请市长大人协助。,,,
旅游投诉，要求丽江滇西翡翠交易中心退货退款,待回复,旅游 投诉,匿***,2016-09-2616:19,郑市长，您好！    我是来自陕西西安的游客。2016年9月13日，我夫妻两人报了一个旅行社去云南旅游，9月16号一大早导游带领我们来到丽江滇西翡翠交易中心，先来个下马威，说这个购物点每个人都必须要买，否则必须补5000块钱的团费。后来我们想今天不买是不好过关了，迫于无奈买了一对貔貅，一个价值3660元，一个价值4660（购物总价值8320元）。回家后我们感觉上当，在咨询专家及网上查询后才知道我们购买的翡翠最多价值800元，所以请求罗书记及请有关部门给予帮助，要求退货退款，帮助我们挽回这个损失。谢谢！,,,
感谢信,已办理,旅游 感谢,匿***,2016-09-2519:24,尊敬的郑市长，您好！2016年9月21日反映的丽江体育馆（福雅珠宝）的问题，该珠宝店已积极配合处理，态度诚恳，已处理好并退款退货，对于处理结果很满意，对相关部门的积极协调表示感谢！,市信访局,您好！感谢您对我们工作的支持和肯定。顺祝您身体健康、生活愉快！,回复时间：2016-09-26 11:01
旅游 购物 演戏 欺骗 伤心,待回复,旅游 投诉,匿***,2016-09-2417:25,市长您好，我9月19日到23日从武汉到云南旅游，每天行程都很好，也有购物，我们也都有买东西，但是23号最后一天，本来很开心的购物回来，确发现自己被人欺骗了，钱多钱少骗了没有关系，但是欺骗了我们的感情，我对这次丽江的完美行程只能用伤心2个字解决，我非常不开心，所以想对此购物店进行投诉！23号去完花市，因为是晚上8点的飞机，所以导游带我们去丽江体育馆那里说是接待外宾的地方休息，我们去了之后是一个珠宝购物商店福雅珠宝，本来也就进去休息，但是有人带我们去小房间，先讲解珍珠知识，然后给我们涂一下，后来说请老师进来讲珠宝知识，然后进来一个年轻小伙，说了一些珠宝的知识，又说自己是小老板，他们这里是花了关系赞助了08年奥运会才能在丽江体育馆开店的，因为其他老师见我们不是外国人，不愿意招待我们，他才进来，什么的，说了好多，然后一人送了我们一个珍珠戒子，说出去看看，给他充面子，不买也行，然后我们听高兴了，就出去看看了，他们的东西真的很贵，标价很高，我本不想买的，最后一天该买的都买了，手镯也都买了，但是他说你看，看好了再谈价格，你们愿意就拿，最后谈价格，她们导购还说这个不行吧，什么的，这样她们没有提成什么的，搞的我们赚了一样，我们也就这样买了，回来后才知道同行的武汉朋友晚一点去的，她们也是这样听的，还不是一个人，我觉得能在丽江体育馆开店，还是导游带我们去的接待外宾的地方（还不是我们自己去的小店），但是不明码标价，用表演的方式欺骗消费者，老师和导购一搭一唱的配合默契，绝对不是一天两天的了，我非常伤心，本来说是一次开心的购物，后来成为了白痴，我觉得非常伤心，我希望领导可以尽快调查，不要让这种不良商贩影响了丽江整体的行销（购物点都是明码标价）。。。也欺骗了更多的消费者。。。,,,
旅游在龙玉雪银店购买高价玉,已办理,旅游 投诉,匿***,2016-09-2317:30,我爱人在2016年9月19日跟团旅游时也是被诱导购买了4890元的黄龙玉貔貅，也是有杂质价格虚高，当时是在诱导下购买，一直强调高价玉保值。依据旅游法相关规定，旅游过程中不得强迫诱导旅客购物，这种违法现象至少在我爱人跟团旅游过程中仍然多次出现，多次被购物（其他几次数额相对较小），请政府重视并给予协调处理。谢谢！,市旅发委,"经协调，商家与您达成协议,并妥善处理。感谢您对我市旅游事业的关注与支持。欢迎再来丽江旅游观光！顺祝身体健康、工作顺利。",回复时间：2016-10-10 16:58
丽江体育馆（福雅珠宝）虚假诱骗消费者购物,待回复,旅游 投诉,匿***,2016-09-2211:11,尊敬的郑市长，您好！今天跟朋友第一次来云南丽江游玩，本来应该是一次快乐的旅行，但却被骗高价购物，对云南之行伤心透顶。今天早上从玉龙雪山游览完之后，被导游带到了丽江体育馆一个叫福雅珠宝的店面，进店之后一个女服务员把我们带到一个讲解翡翠珍珠的房间，先跟我们讲解了珍珠，然后擦了一下珍珠膏，接着一个自称老板儿子的男性，跟我们讲解翡翠，告知自己第一次解说，希望我们给个面子带我们去试戴玉器，玉器标价上万，由于是老板的儿子可以优惠半买半送给我们，我们信以为真每人购买了2000元的玉佛之后，在网站查询福雅珠宝公司的相关信息，就看到有朋友遇到同样自称老板儿子欺骗消费者高价销售翡翠信息，非常气愤！在当天就与商家沟通处理，先是拖延时间说办事，让我们等待，之后扯东扯西解释货物真假，公司新开的等等，我们认为，以演戏的方式来消费商品的行为已经严重侵害了消费者的知情权公平交易权，希望相关领导可以重视这个问题，维护消费者权益保护，帮助我们沟通处理该问题，不让云南的美好旅游成为这些商家暴利盈利欺骗善良消费者的机会。,,,
旅游被导游强制威胁性购物买玉器，恳请退货。,已办理,旅游 投诉,荷***,2016-09-1916:23,  您好，我们是来自外地的游客，一直被云南美丽的风土人情和景色给吸引，在9月12日跟散团来云南旅游，行程中导游在一路进行诱导性宣传，在导游最后的强制消费下造帕沙玉石城花了7568购买了玉器。回到家经过多重渠道评估，发现我所购买的玉器价格与实际价格是天朗之别，严重不符！所有玉器价格都放大了10倍的价格让游客购买！对导游这种行为和这种欺骗吧消费者的事情感到愤怒和失望，之前对云南的热爱和向往全都没有了，以后谁还敢来云南这种地方旅游！我们也是辛苦赚来的钱，一瞬间就没有了！这趟云南之旅让我心情全都没有了，原本对云南的美好印现在只剩下失望和气愤！恳请领导协助该商场给我全额退款。,市信访局,"网友同志： 您好！您反映的问题，丽江市人民政府高度重视，责成市旅游发展委员会办理，现将有关情况回复如下：经协调，商家与您达成协议,并妥善处理。感谢您对我市旅游事业的关注与支持。欢迎再来丽江旅游观光！顺祝身体健康、工作顺利。",回复时间：2016-10-10 16:53
银月湾奸商勾结导游 诱骗游客钱财,已办理,旅游 投诉,匿***,2016-09-1909:21,尊敬的郑市长，您好!我是一名成都游客，于2016年7月25日报团到云南旅游，一路上导游就对游客进行洗脑，还说不买东西必须给她个合理理由，迫于无奈我在银月湾交易中心购买了一只翡翠貔貅，价格6160，从云南回来后经专家鉴定，说根本不值此价，这让我难以接受。我是一名普通上班族，挣钱不易。也在人民网投诉过找不到商家联系方式，于9月13日旅游局和我取得联系叫银月湾和我联系的，现在貔貅本身出现质量问题，要求商家退货，结果商家售后态度恶劣，敷衍了事，不积极处理此事，我实在无法，今天再向郑市长投信，请给我们老百姓做主！！,市旅发委,"经协调，商家与您达成协议,并妥善处理。感谢您对我市旅游事业的关注与支持。欢迎再来丽江旅游观光！顺祝身体健康、工作顺利。",回复时间：2016-10-10 16:56
您好,已办理,旅游 投诉,匿***,2016-09-1418:07,您好去云南旅游一次就不想再去第二次，云南玉比较出名，但是也太坑人了，买的东西一点都对不起那价钱，让我们这些旅游的人很是伤心，给老人买的手镯戴着不合适，联系售后要求退款也不退，真的让我很无语,市信访局,您好！已与您电话联系，建议您提供有效真实信息直接向丽江市旅发委旅游投诉热线反映，电话：0888-5123432。,回复时间：2016-09-26 11:26
感谢信,已办理,旅游 感谢,匿***,2016-09-1212:15,尊敬的领导：您好!2016年9月9日本人所反映滇西翡翠交易中心的有关问题，目前其工作人员已与我联系，事情正在处理中。对此，我对相关部门的积极协调表示感谢。,市信访局,您好！感谢您对我们工作的肯定和支持！顺祝您身体健康、生活愉快！,回复时间：2016-09-13 11:35
云南风景独好，滇西翡翠价格虚高,已办理,旅游 投诉,匿***,2016-09-0914:13,尊敬的郑市长，您好!我是一名山西游客，于2016年8月9日报团到云南旅游，一路上导游就对游客进行洗脑，还说不买东西必须给她个合理理由，迫于无奈我在丽江滇西翡翠交易中心购买了一只翡翠手镯，价格13600，该店居然只有收据连正规发票也没有。从云南回来后经专家鉴定，说根本不值此价，只值两千元，这让我难以接受。我是一名普通上班族，挣钱不易。在9月7日联系商家退货，种种推脱不给退。我实在无法，今天向郑市长投泝丽江滇西翡翠交易中心价格虚高，损害了消费者权益，要求该店原价退货退款。望郑市长百忙之中予以关注，谢谢!,市旅发委,"经协调，商家与您达成协议,并妥善处理。感谢您对我市旅游事业的关注与支持。欢迎再来丽江旅游观光！顺祝身体健康、工作顺利。",回复时间：2016-10-10 16:57
云南翡翠虚价太高,待回复,旅游 求助,匿***,2016-09-0817:26,市长你好，不到万不得已我是不会来麻烦你的，我前两天怀着对云南美好的憧憬到来，没想到却是噩梦般的开始，我们团一行人跟随导游来到拉海市银月湾，在导游的威胁下不得已买了个6390的翡翠，但是回来检测连1000的价位都不到，6000多对于我们家来说是个大数目，当时听导游的哄骗，想买个好的，结果回来才知道虚价太高，打给丽江旅游局电话一直没人接，商家本来答应30天内无条件退换，但是现在却说只有质量问题才能退，恳请市长帮我要回那个购买的钱,,,
滇西翡翠交易市场为何如此难退货,待回复,旅游 求助,匿***,2016-09-0713:54,我在8月28在滇西翡翠交易市场中心买了一个玉佩，在去交易市场的路上导游说的话相当难听，到了市场转了一圈导购看我们没有买的意思就要叫导游。当时真的怕骂就随便买了3960元观音，没有正规的发票只有收据，回家后发现脸部雕刻有瑕疵，打电话给售后他们只同意换不同意退。万般无奈只有请市长大人帮忙处理了。谢谢！,,,
滇西翡翠交易中心高价诱导消费者购买翡翠,待回复,其他 求助,游***,2016-09-0316:08,本人于8月26日在云南丽江滇西翡翠交易中心购买了一块价值6000左右的翡翠，回当地后，检测到根本不值那么多钱，要求退货，结果对方不退，我希望有关部门能出面处理一下这件事！！！很急，谢谢,,,
感谢信,已办理,旅游 感谢,匿***,2016-08-2717:04,我是2016年8月11号在滇西翡翠交易中心购买了3个挂件，现在他们的负责人已经和我联系退货了，态度很好，设身处地为顾客着想，为他们这种诚信经营的做法点赞，也谢谢领导的重视，没想到问题这么快就解决了。谢谢郑市长百忙之中关心老百姓的琐碎小事，谢谢。,市信访局,您好！感谢您对我们工作的肯定和支持！顺祝您身体健康、生活愉快！,回复时间：2016-09-13 11:39
丽江滇西翡翠交易中心翡翠价格虚高，欺骗顾客,待回复,旅游 投诉,匿***,2016-08-2415:58,尊敬的郑市长：我们是宁夏游客，2016年8月20至8月21日在丽江旅游，一路上导游就就进行洗脑，要大家购物支持地方经济，并且说人均消费不能低于五千，扶着否则要补差价，迫于无奈我们在滇西翡翠交易中心买了一个翡翠手镯，价格10800元，回来请别人看不值这么多钱，顶多2、3千元，这让我们心里很不舒服，同时这种欺骗消费者的行为也有损丽江形象，忘百忙之中能予以协调解决。,,,
玉器城坑人、水份巨大，旅游纯属购物了,待回复,旅游 投诉,匿***,2016-08-2321:07,云南旅游真的坑人，我们去你们当地旅游，报的最高端团，还是把我们带到帕莎商贸买玉石，还说你们那里买比外面买至少优惠百分二三十，回来才觉得上大当啦，46160买了，讨论说打六五折，可是还是觉得上了大当,,,
丽江观音峡黄龙玉以次冲好,待回复,旅游 投诉,匿***,2016-08-2219:50,你好市长。今年一月份我们到云南旅游 后导游介绍 云南玉石的好。说的是 假一赔十 如果不值那么多钱 无条件退货。 等我买回来 到专家鉴定。别人说我买贵了。说只值几百块。我买成五千多  希望市长给我们老百姓做主。给予退货。望市长务必回复。我们都是挣的辛苦钱。只想买一个物有所值的玉石,,,
旅游欺诈,待回复,旅游 求助,匿***,2016-08-1920:10,尊敬的郑市长：您好！我是一名江苏游客，于8月7日至8月14日来云南跟团旅游，8月9日来到了美丽的丽江。在这里，一位付姓女导游通过恐吓、欺骗、诱导等手段，将我们带到一个叫“银月湾”的玉店。我在这里购买了一只翡翠手镯，价值23900元。后经多方渠道了解，价值严重不符。第一时间，我与商家联系，要求退货，可是他们就是不同意，没有办法，我只有求助于郑市长，期望能够帮我解决，挽回经济损失。                                                                                              谢谢！,,,
感谢信,已办理,旅游 感谢,匿***,2016-08-1711:25,尊敬的领导:         您好，我是8月10日发帖的‘云南风景好，滇西翡翠价格虚高‘的网友，感谢云南政府及相关部门的支持，百忙之中帮我们解决问题，目前云南滇西翡翠交易市场工作人员已与我联系，事情已在处理中，对于本次发帖给珠宝商带来的不良影响本人深表歉意，还要感谢一直与我联系的相关售后人员，短短几天就得到回望应并积极联系我配合协商，再次感谢云南政府及领导对老百姓的关注和关爱，只要在处理中，还是非常高兴的！,丽江市信访局,网民朋友：您好！这是我们应尽的义务，感谢您的来信。欢迎再来丽江旅游观光。,回复时间：2016-08-24 10:23
8月11日本人反映问题正在处理中,已办理,旅游 感谢,8***,2016-08-1619:49,2016年8月11日本人所反映滇西翡翠交易中心的相关问题，目前商家正在处理中，感谢沟通！,丽江市信访局,网民朋友：您好！这是我们应尽的义务，感谢您的来信。欢迎再来丽江旅游观光。,回复时间：2016-08-24 10:23
旅游强制购物,已办理,旅游 求助,匿***,2016-08-1520:25,"郑市长您好，我们一家人8月8日~8月13日到云南旅游途中导游不停给我们洗脑，说要支持丽江建设，给云南贫困孩子献爱心，还说不购物就补团费等等。把我们拉到丽江滇西翡翠交易中心购物，我在不得已的情况下消费了8000多元,之后回到本地让专业人士看了下说根本不值这个价，很痛心想要退货，店里不给退，导游和店里的导购利用我们的善心期骗了我们，希望您主持公道给我们处理退货这个事情，不要让某些人淀污了美丽的彩云之南，谢谢。",市旅发委,您好！经协调，商家已与您达成一致处理意见并妥善处理，您表示满意。,回复时间：2016-09-13 15:39
丽江翡翠交易中心宰客，强制购物,已办理,旅游 投诉,匿***,2016-08-1217:38,"郑市长您好，我们一家人8月3日~8月8日到云南旅游途中导游不停给我们洗脑，说要支持丽江建设，给云南贫困孩子献爱心，把我们拉到丽江滇西翡翠交易中心购物，不买不让走，我在不得已的情况下买了一个翡翠佛价钱是4660,之后回到本地让专业人士看了下说根本不值这个价，很痛心想要退货，导游和店里的导购利用我们的善心期骗了我们，希望您主持公道给我们处理退货这个事情，不要让某些人淀污了美丽的彩云之南，谢谢。",市信访局,您好！您没留具体联系方式，建议您直接拨打丽江旅游投诉热线反映，电话：0888-5123432。,回复时间：2016-09-13 15:38
旅游购物受骗,已办理,旅游 求助,闽***,2016-08-1215:20,   2016年8月6日，导游带领我们来到云南滇西翡翠交易中心，在导游不断洗脑，在滇西翡翠交易中心导购货真价实的承诺下，购买二件翡翠，合计17460元。结果，回家乡找到懂行的给鉴定了一下，说价格极低，也就三四千元，上当了。2016年8月10日我向滇西翡翠交易中心售后部投诉要求七天无理由退货。滇西翡翠交易中心售后经理回复退货理由不受理，云南不存在无理由退货之说。其间多次向丽江旅游投诉电话协调无果，万般无奈情况下才向您求助。,市旅发委,"您好！经协调，商家与您达成协议,并妥善处理。感谢您对我市旅游事业的关注与支持。欢迎再来丽江旅游观光！顺祝身体健康、生活愉快。",回复时间：2016-09-13 15:41
丽江宰客,待回复,旅游 求助,8***,2016-08-1213:36,郑市长您好：    美丽丽江一直是我心痴神往的地方，2016年8月5号，我们旅行团30余人终于踏上这片神奇的土地，开始了美丽的丽江之旅。但旅游后回到故乡后的梦醒时分又让我们十分气愤，也为旅行途中的不良现象给美丽丽江带来的恶劣影响而感到痛心，为此，特向您求助，希望你再百忙之中抽出一点时间来为我们主持公道。    2016年8月6日，导游带领我们来到丽江滇西翡翠交易中心，在导游的不断要求下，和交易中心导购货真价实的不断承诺下，我们团都购买了不同数量的玉器，我本人也购买了两件，购价合计近两万元。原以为真的货真价实，可回家后找专业机构进行鉴定和估价，真是大跌眼镜，两万元的翡翠挂件实际价值仅有两千余元，其他团员全部都是这样情况，得知结果，我们十分气愤，坚决要求退货，但多次给丽江旅游投诉电话和滇西翡翠交易中心打电话协调无果，万般无奈情况下才向您求助。    丽江的旅游资源丰富，也是全国乃至世界上很多人神往的地方。但即使旅游资源再好、再丰富，也经不起一些不法人员和不良商家的折腾，长此以往，必将给丽江带来恶劣影响，至少对于我们已经上当的30多位游客来说，丽江已经不再美丽！而一个受过伤害的游客又会影响多少人的丽江旅游计划。所以，为了丽江旅游的可持续发展，为了社会的公平正义，为了游客的切身利益得到有效保证，还请丽江市政府立即整顿旅游市场秩序，还丽江一方净土，换回全国人员丽江旅游的热情，谢谢！,,,
云南风景好，滇西翡翠价格虚高。,待回复,旅游 投诉,匿***,2016-08-1114:01,郑市长您好，作为一个80后，好不容易挣点钱，带着一家去梦想以久的云南旅游，心情格外的激动和兴奋！几天下来，云南的景色和风土人情没有让我们失望，不愧为彩云之南的美称。但是云南的导游太让我们一家失望了，到景点后让你自己进去参观，小景点时间40分钟，大景点2小时，太匆忙了。上车后就给我们洗脑，说云南的翡翠.银器.黄龙玉.普洱茶如何如何的好，价格便宜。5天就有4天带着我们购物，于2016年8月5日早上7点40丽江出发，车上高强度洗脑2个小时，上午10点到达滇西翡翠交易中心，我们一家花了45420元分别买了两个手镯.一个貔貅，回到当地找人检定，总共就价值6千元左右，作为一个工薪家庭，花几万元买了一堆次品，太委屈了，太伤心了，想退货。希望郑市长能为民做主，给我们解决这个问题，谢谢,,,
拉市海银月湾购买翡翠质价严重不符强烈要求退货,已办理,旅游 投诉,匿***,2016-08-0709:36,郑市长，您好！本人于2016.8.5被昆明怡美假日旅行社带到丽江市拉市海银月湾翡翠商城购买了一只31900元的翡翠手镯，后经权威部门认证发现存在严重质价不符价格虚高，实际价值不及购买价十分之一，面对这一严重的欺瞒虚假营销问题，恳请市长大人帮忙解决退货问题，追回购买款，万分感谢！,市旅发委,"您好！经协调，商家与您达成协议,并妥善处理。感谢您对我市旅游事业的关注与支持。欢迎再来丽江旅游观光！顺祝身体健康、生活愉快。",回复时间：2016-09-13 15:44
云南帕沙欺客价虚高,已办理,旅游 投诉,匿***,2016-08-0513:35,七彩云南再如此下去恐怕贵变成人们口中的骗子云南了，在帕沙店买的翡翠价虚高5到6倍，甚至有高出10倍的。如此欺客良心何安？？细水长流相信市长简单易懂吧？？商家打着政府指定点的旗号来骗取我们游客的信任，云南政府脸上很光彩?,市旅发委,您好！感谢您提出的意见和建议。具体事宜建议您直接向丽江旅游投诉热线反映，电话0888-5123432。,回复时间：2016-09-13 15:46
丽江福雅珠宝积极处理翡翠手镯投诉,已办理,旅游 感谢,b***,2016-08-0417:01,针对我前几日投诉的高价销售翡翠手镯一事，丽江福雅珠宝公司能够积极主动与我联系，沟通具体情况，并积极主动采取措施，妥善处理投诉事宜，现双方已达成一致意见，解决投诉事宜，对福雅珠宝积极诚恳的态度，给予表扬。并对相关部门的积极协调表示感谢。,丽江市信访局,网民朋友：您好！这是我们应尽的义务，感谢您的来信。欢迎再来丽江旅游观光。,回复时间：2016-08-24 10:24
丽江体育馆内商家虚假宣传，诱骗消费者高价购翡,已办理,旅游 投诉,b***,2016-08-0120:02,尊敬的郑市长您好，2016年7月15日，我和妻子、孩子及朋友一家三口共六人报团参加昆明大理丽江西双版纳8日游，接团为中国国际旅行社。在云南期间，所有导游始终强调省政府希望通过打造旅游这个品牌，拉动内需，发展经济。每个到云南来旅游的人，云南省政府、旅游局都给予一定的补贴，就是希望通过你们的消费给云南带来收入，拉动经济。所有货品均保证质量，价格最优。游览了石林和大理后，7月19日来到向往以久的丽江，逛古城、游雪山心情美好。7月20日下午被导游带到了丽江体育馆内的珠宝展览中心(丽江福雅珠宝)，在展厅内销售人员先给每人体验了珍珠膏，等待约20分钟后，自称老板儿子的经理以不会讲课的讲师身份做戏诱导消费，因为相信了导游的话，加之当时感觉头较晕，花了8888元买了一个翡翠手镯(还赠了一个挂坠)。21日与云南当地的朋友见面。朋友当即就告诉我上当了，这是一种欺骗游客的销售方式，这支手镯最多值3000元，后上网查询，很多游客有类似经历。随后联系店面的联系电话要求退还5000元或退货。但店家态度强烈不予处理。两家人领孩子出来的美好云南之旅顿时变成了惨痛的经历。心情极度糟糕。万般无奈只好向您及政府主管部门求助，请求您或主管部门出面替游客解忧，规范丽江旅游市场，维护丽江的旅游城市形象。让商家退货或退还5000元。请尽快回复。,市工商局,"您好！经协调，商家与您达成协议,并妥善处理。感谢您对我市旅游事业的关注与支持。欢迎再来丽江旅游观光！顺祝身体健康、生活愉快。",回复时间：2016-09-13 15:53
老张丽江旅游翡翠貔貅被骗记,待回复,旅游 投诉,匿***,2016-07-2617:43,尊敬的市领导你好：我于2016年7月23报名参加购物团以1400多元价格从成都到丽江旅游，结果一路狂被导游洗脑叫我们购买玉，于是到了银月湾请了6000多元翡翠貔貅一只，本人不懂翡翠，下来便到何处珠宝店咨询坚定，答案均是次品只值百元，于是要求退货不仅遭到营业员非质量问题拒绝，而且态度极为恶劣，这明显是存在欺诈行为我们诚信旅游，为何丽江银月湾不给我们诚信购物，这家银月湾还是政府指定定点放心购买店，价格翻十倍，让我们赤裸裸被骗！这以后谁还敢来云南旅游！！望领导给予帮助，我强烈要求退货，如与卖家不能达成妥协，我则深追到底！！,,,
导游强迫购物,待回复,旅游 求助,匿***,2016-07-2020:05,尊敬的市长:您好！         我于2016.7.13号去我向往了十年的城市--云南，在7.16号导游带我们去了银月湾翡翠商城，去的路上导游王女士连恐带吓的说我们不买不让上车，按人数算，买完实名登记，一行40人心情都压抑到极点，心情惶恐而愤怒，到了商场，我们根本不懂翡翠，要么经纪实力不允许，要么就是看不中，心情惶恐，我们是上午11：30分回去的车，都11点了还没买，心里非常害怕，营业员也说不买不让我们走，说我们不买就让导游给我们挑，还骂了我们品行的人，态度非常恶劣，眼看到走的时间了，我只能匆匆忙忙买了个手镯，1880元，虽然不是很多钱，但这种行为让我们一车人都非常气愤，刷卡时11：23分了，这才有点放心的去上车，在车上看看产品不下三处瘕庛，心里很难过，而且售后不给退货。这次旅行让我们一行人对美丽的云南可望不可及，垦请市长百忙之中更重视这种情况，让我们游客对云南的美景留恋忘返！让美丽的云南成为我们旅游的首选圣地！         祝您身体健康！,,,
丽江长江第一湾观景台药托猖獗,待回复,旅游 投诉,匿***,2016-07-1412:17,郑市长：您好！我是广东的游客，于2016年7月参团来丽江游玩，在丽江去香格里拉的途中，被导游带到长江第一湾观景台的景点，并介绍说上楼可以观看到长江第一湾，在去观景台经过药材经营的商场，这时有一个中年妇女的游客主动与我搭话【后在网上看到才知是药托】自称是某学院搞药物研究的专家教授，说这里的药材可以很好无污染，听她讲解不由自主地跟着她一起买药材，她比我买的多，我买了2万多元，且都磨成粉未，当时不买不行药材都成药粉未不让走，没多想付款了事，而发票什么也没有，我提一大袋药材粉未上了车。几天后回到家，把买药材的事说了一下给爱人听，爱人说我被人给骗了，一气之下，把买来的药材粉未倒进马桶用水冲掉，这时我爱人叫到网上搜一下，我才明白过来，钱骗去了就当买一个教训，重要的是买来的这些药材粉未幸好没有食用，如食用了对家人造成的伤害不敢去想象。郑市长，我们是怀着高兴地心情来到七彩的云南游玩，是贴着心地对云南人民的信任去购物消费，却被欺骗，如果买点工艺品贵一点可以理解，但药材是一种特殊的商品，关乎消费者身体健康生命安全的大事。而在网上来看，丽江长江第一湾观景台游客屡遭药托欺骗购买天价药材的事件，每天都在发生，可见相关执法部门的不作为，其背后隐藏的问题不可小视，国家的各种法律法规条文对于这些人只是空纸一文，才有把他人生命当儿戏视为赚钱的手段。因我一事，且自己的愚昧，现已维权之难。希望你郑市长为云南的形象，丽江人民的声誉及旅游业的经济发展为重，也为来你市观光游玩的客人着想，尽快铲除杜绝长江第一湾观景台的药托团伙。期待你治理。祝你身体健康,,,
投诉,待回复,企业 投诉,匿***,2016-07-0513:41,我们买了丽江天域阳光二期的房子 已经四年了 土地证办不了  没有土地证  别墅就不能过户 影响正常交易   请郑市长帮助解决  谢谢  我们是外地人 不知道开发商云南鼎业集团出了什么问题 为什么不给我们办呢,,,
