欺骗消费者,待回复,企业 投诉,N***,2019-11-1615:51,2019年10月17日，我在上海寻梦信息科技有限公司旗下的拼多多app下的店铺怿想天开运动户外专营店买了一双球鞋，在发给我之前并没有说鞋子有任何瑕疵问题，当我收到鞋子时并未仔细检查，在收到货10天后发给平台查验时发现鞋内侧标有严重瑕疵，平台鉴定为不合格，我向店铺客服寻求帮助，店铺客服以各种理由推脱责任，我不能接受这样的售后态度，我用全新的鞋子价格去购买的鞋子，发给我的却是有瑕疵的鞋子，已经严重影响,,,
拼多多签到领现金活动涉嫌诱导、欺诈,待回复,企业 投诉,e***,2019-11-1515:18,事实经过：拼多多app页面上显示签到可领100元现金，规则里又提到涉及异常可能会以优惠券形式发送。我通过正常途径达到领取条件，却以500减50的形式发送优惠券。投诉事项：一、未在规则中说明优惠券非无门槛，而是满500-50，涉嫌侵犯我的知情权，将参与方置于不平等地位；二、规则中说涉及异常才发优惠券，而我是一个个转发提高的金额，请提供异常证据。述求：解释说明，优惠券换为无门槛或现金,,,
拼多多虚假发货，消费者维权难,待回复,企业 投诉,董***,2019-10-2420:44,"您好，本人九月三十日在拼多多APP上购买了一部手机，十月三日货到后发现里面没有所购买的手机，只有一张手机贴膜和USB小夜灯，发的这些  只是些赠品，这几日我多次找拼多多消费者热线，在本人未允许情况下私自退款，补偿因之前客服说找不到卖家了，只能退款，说明拼多多对自己对商家监管不力，付主要责任，对于他说的很不满意，出了问题只会推脱，图片上诱导，欺诈，更是比比皆是，当时拼单时，我也以为是假的，但是好多人都在拼我四次才拼到，得有多少人上当受骗了，货发出来店铺就把所有商品全部下架，拼多多身为第三方监管，对此事不与理会，而且我发现都过了二十多天了还有类似商品在售卖，曾与12345和12315多次联系未果，长宁市场监督局曾告与我说不行找司法，对此我想问句  这个部门应该管什么，只问拼多多公司  不联系消费者  给出的意见不敢苟同，消费者维权就这么难嘛，315了就管下，不315了就不管了，希望王书记秉公执法还消费者公道。

",,,
老旧小区市政改造 6点施工噪声,待回复,环保 投诉,W***,2019-10-2116:53,1.玉屏南路113弄，天天早上6点施工，噪声严重扰民，投诉市长热线无果，小区集体去街道投诉也无结果，还有没有王法了，再不行，我们只能再往上投诉2.家里有心梗患者，邻居有小孩，我们真经不起每天6点开始的电锯声，民声四起3.工人说还要到明年下半年才能结束4.请领导重视，再不处理，我们真的被逼的走投无路了,,,
长宁区旧区改造工程出现质量不达标工期延误问题,待回复,城建 投诉,武***,2019-10-1717:14,"尊敬的王书记您好。今年下半年在天山路街道天山三村小区进行了旧城区改建工程。施工大概从6月份开始进行，原定一栋楼工期在1-2个月内完工，但是如今已经到10月份了还在进行施工，工期一再拖延未定。严重影响了小区内居民的生活。且有多处出现了疑似豆腐渣工程的情况。比如插座松动，等离子电位箱箱体外露，墙体破损，电线外露，多管道外露，橱门错位，部分管道尖锐端外露，极不方便且有安全隐患。向施工负责人反映后迟迟没有处理!原本的一些家具，装饰因施工被拆卸下，但是现在施工负责人拒绝将原本家装复位装回。且施工垃圾都堆于家中，需要我们住户自己进行清理。给众多住户带来了极大的不便。
我奶奶现因施工暂住我们家中，且老小区内多老年住户，超出工期的施工已经严重影响了大家的生活，且一旦因安全隐患发生事故，后果将不堪设想。
曾多次向施工负责人反映问题，都得到的是模棱两可的答复，且其对反馈的问题始终保持冷处理，消极处理的态度。
小区里的老年住户部分由于知识程度受限，只能闷声打落牙往肚里咽。在此我也代表大家向政府部门寻求帮助，望书记在百忙之中能抽空为大家关注一下此问题。
在此向书记表示由衷的感谢，谢谢您!",,,
街道办事人员不负责任，导致了居民的损失,待回复,政务 投诉,小***,2019-09-1014:57,"我于6月27日去北新泾街道社区事务受理中心咨询工会住院保险的事情，工作人员给我一些相关资料让我回去考虑，也没告知6月30日就截止办理缴费了，我由于不知情，于7月初才去办理，被告知已经停止办理了，下一次就是明年了，我根据公式计算一下，总计我们损失一万以上，工作人员说无法弥补，办理通道已经关闭。我拨打了12345,但是她们给我的回答也是无法弥补，而且她们推卸责任，不认为她们工作有错。由于他们的失职，导致了居民的损失，他们最后也不想办法来弥补这一过失，还一味的推卸责任。工会退休职工住院保险这一事情很多老人都不是很清楚，说明他们宣传工作不到位，让老人无法享受应有的福利，当家属去咨询，还把最重要的事项给遗漏，老人退休将近20年，街道从未向他及监护人宣传过退休住院保险的事情。就算办理缴费通道关闭，他们也不愿意考虑其他途径来帮助我们，态度让我们心寒。",,,
周家桥街道在武夷花园业委会换届过程不作为,待回复,治安 投诉,z***,2019-08-1410:49,尊敬的王书记：街道自治办在核查武夷花园业委会候选人过程中不讲政治力推业主任X勇，其人有案底（酒驾拘留），为小区抢占车位纠集人员闹事，为此恶意划其他业主的车子，与业主打架，叫嚣为了车位要使武夷花园血流成河，为此多次进派出所。在核查业委会候选人过程中换届小组四位业主代表坚决反对任X勇作为业委会候选人，改选小组另外三位政府代表（街道自治办、街道房办及居委会）同意任X勇作为候选人。7月15日换届小组开会，街道自治办金主任宣布不管四位业主代表意见如何，第二天改选小组必须公布业委会候选人。并说明她是询问过街道法律顾问，并与街道书记与主任沟通过。四位业主代表表示不能接受，说如果一定要公布就注明四位业主代表对此不予认可。金主任拒绝四位业主代表的意见，与会业主代表表示只能退出筹备组以示抗议。7月22日街道自治办与街道房办贴出公告，称改选小组四位业主代表对个别候选人资格审核啊认可，经相关审核部门解释说明仍坚持以辞职方式表达诉求并书面退出换届改选小组。任X勇一直口口声声说为了车位要使武夷花园血流成河，要当业委会主任。对于这样有暴力倾向的人换届小组中四位业主理所当然要将其排斥在业委会候选人之外（这中间四位业主代表曾提出折中方案，在公告备注任X勇的情况。换届小组中三位政府代表不认可）。按理对任X勇的审核应该是换届小组中三位政府代表把关，很遗憾三位政府代表不仅未能把关还阻止换届小组四位业主代表把关。 恳请王书记在百忙之中过问武夷花园之事，早日还武夷花园名符其实上海市文明小区花园小区。 ,,,
领导您好，我投诉巴黎春天新世界酒店乱收费,待回复,旅游 投诉,y***,2019-07-2410:57,尊敬的领导：    您好!    本人男，6月19日凌晨0点20，我去上海市巴黎春天新世界酒店探访一个德国朋友。我在前台进行访客登记的时候，前台工作人员要我支付116.60 元。 我觉得很奇怪，我又不是要住宿，我只是访客登记，为什么要交费呢。前台并没有详细说明为什么要收这个钱。最后我作为访客，支付了116.60 元给前台。我这是第一次遇到酒店对访客进行收费。所以我觉得这个收费不合理不透明，没有依据。后据了解到的信息，原来巴黎春天新世界酒店和德国汉莎有合同，合同规定，对于晚11点以后进入汉莎的住客的房间探访要收取一笔费用，由【德国汉莎的客人向酒店支付这笔费用】。但是巴黎春天新世界酒店却违规操作，直接向访客 我 收取这笔钱116.60元。而我当时在完全不知道内情的情况下，支付了这笔费用。所以现在我投诉巴黎春天新世界酒店乱收费。    谢谢领导。    此致敬礼,,,
群租扰民 长期神经衰弱 举报12319不作为,待回复,城建 求助,F***,2019-07-1619:28,举报长年宁区仙霞西路888弄新泾北苑某户，原房东动迁所得此房后将其租售给二房东，二房东将其打隔断将原来为三室二厅的100多平的房子分成六间，南北客厅各隔成一个房间，厨房单独隔成一个房间，一共6间房间分别出租以此来谋利，自2012年动迁搬至本小区后本人一家老小都住于此群租房楼下，至搬迁进小区至现在一直为群租状态，期间形形色色的租户不知换了多少，通常多为夜里搬家，租户多为白天睡觉，半夜回来，各种偷电私拉电线为电瓶车充电，电线插头多为裸露在外，悬在半空之中，存在极大安全隐患，一旦出事谁来负责？半夜各种座椅拖行，高跟鞋走动，聚众喝酒打闹，打牌打麻将等，人员如此复杂，影响十分恶劣。每日基本如此，期间本人实在忍不住，想去与之沟通，房屋里确认有人但是大门紧闭，实在无奈本人拨打12319城建热线举报，但得到的结果是已处理，实际根本没有处理，更没有相关部门上门调查，多次举报都无果，本人一家为本分人家，家中老人年岁已大，小孩还小，本人和爱人工作早9晚5，承担家中照顾老人和小孩的压力，每晚被吵的都不能正常入睡，更何谈照顾老人和小孩，现去医院看病诊断为神经衰落，白天缺少睡眠更是不能好好投入工作，本人实属无奈，恳求政府领导给予帮助，还我一个正常生活环境！谢谢！,,,
“世纪之春花园”小区垃圾房变睡房,待回复,城建 投诉,y***,2019-07-1614:15, 长宁区委书记王为人，你好：            反映长宁区新泾镇福泉路123弄“世纪之春花园”小区，该小区内只有一个垃圾房(38号旁)，垃圾房内原本应该存放垃圾的地方成了卫生工人的厨房和睡房。垃圾房变住房，垃圾房里一应俱全～有电饭煲、电磁炉、电视机、空调、有线电视、电脑。把安全通道也堵了…存在严重的安全隐患！而把生活垃圾、建筑垃圾每天都堆放在外，垃圾随意而放，蚊蝇密集，满地垃圾不仅影响卫生环境，也影响小区环境卫生。物业还在垃圾房外违章建了2个小隔间，每天晚上九点以后还在垃圾房外分拣垃圾，现在气温已高臭味让居民掩鼻而过。垃圾随意而放，蚊蝇密集，时有老鼠出没，鼠洞有数十个之多，满地垃圾不仅影响卫生环境，也妨碍交通，这些问题严重影响“世纪之春花园”附近住户日常生活，附近居民反映强烈。希望长宁区政府部门关注此民生问题，要求相关部门速整治垃圾房违规住人现象，严禁垃圾房违规挪作他用，规范垃圾箱房使用，搞好小区垃圾分类工作，还业主一个干净整洁安全的居住环境。同时，小区居委会也要持续进行巡查、跟踪、督导，切实维护辖区安全稳定，营造良好社区公共环境。,,,
整治违规破墙开门，擅自改变房屋使用性质,待回复,城建 投诉,y***,2019-06-2913:37,反映长宁区程家桥街道程桥二村1号外面门卫室违规破墙开门，擅自改变房屋使用性质，不仅破坏了房屋结构，造成安全隐患，还影响周围环境。 长宁区政府有关部门回复说：“您好，您于2019年06月27日提交的诉求正在办理中。由于特殊疑难，为了更有效地处理您的诉求，办理时限将延长90个工作日。特此告知”。长宁区典型的行政不作为，这一问题要处理三个月，应对职能部门进行问质！      希望长宁区有关部门按照“五违四必“精神，对这处违规破墙开门，擅自改变房屋使用性质违章建筑在进博会前依法予以拆整治，依法砌墙“封门”，恢复房屋原状 ​​​​,,,
拼多多卖假货，坑害消费者权益,待回复,企业 求助,不***,2019-06-2510:02,上海市寻梦信息技术有限公司的拼多多平台卖假的iwatch4，待机时间不足18个小时，连正品的一半都达不到。在退货后进一个月的时间内不积极处理，现在说要只要能用就是真货，并要求身为客户的我提供测试报告。这种售假行为严重侵害消费者权益，希望能够引起政府相关部门的重视，我会坚决维护自身权益到底，也希望监管部门也能够维护消费者利益！,,,
上海市场监督管理局不作为,待回复,治安 投诉,受***,2019-06-1816:40,尊敬的王书记您好      实在没有办法 ，请为我们无依无靠的老百性做主。真的很委屈，抱着一丝希望来这里跟您诉说苦衷 ！请求您的帮助。我本是拼多多刚入驻的商家。经营不久，就遇到恶意买家，四个人同时下单共367笔。又同时申请退款。商家判定我缺货导致退款。给申请退款的恶意买家一单补助5元。一单补助5元x367单，共计是1835元，然后拼多多却扣除我2961元。而且还冻结了我原本在拼多多帐户的货款。我多次打拼多多商家热线，客服如同摆设，任何问题不解决，只会说帮你记录了。一时着急告诉客服再不处理不给个说法，就向政府投诉，然而客服居然嚣张到直言随便打，你试试政府会不会理你，悲愤的是拨打完上海长宁区市场监督管理局电话他们还没听清原因，就说他们不管，让公对公走司法途径，我就想问 如果 事事都走司法途径，那咱家国家设立市场监督管理局是摆设吗？市场监督管理局的职责 ，稍微有点常识的都知道吧，他们就明着说他们不管，怪不得拼多多这么嚣张 ，为什么不能约束一下这么嚣张的电子平台？难道仅仅是因为我们是卖家，卖家也是人，卖家也需要养家糊口。我现在就需要解决 拼多多依什么为依据扣除我2961元 并冻结我的货款 ！,,,
小区广场舞噪音凌晨扰民,待回复,治安 投诉,W***,2019-06-1608:44,平塘路与泉口路交叉口，每天凌晨6点开始广场舞噪音严重扰民，持续达两小时。四周全是住宅区，长久下来，快得精神衰弱了,,,
移动公司江苏路营业厅篡改套餐合同,待回复,政务 建言,匿***,2019-05-2313:24,"我本市上海人。家住江苏北路119号201室，联系电话：62512980.我的套餐合同是在移动公司江苏路营业厅办理的二年期月消费58元返还24期，在合同期内真光路营业厅将我合同篡改成78元并连续收费是否合理！在工信部颁发的实名制规章制度中,没有我手持身份证、没有验证我头像、没有我亲自到场签名。是否就可以篡改我的二年合同套餐。请问移动公司领导贵公司派出女领导当我面亲自说，她听过二次回访全程录音，内容听不清，只听清一个“嗯”字，（我有摄像证据），贵公司员工私自篡改的录音是否有效！请移动公司领导再仔细听听二次回放的录音。再看看你们回复的内容，最后请移动公司领导查一查在4.15-16日是谁联系我的。请将通话录音保留。不要在出现一个嗯字（15-16日没有人与我通话）。3.31日-4.1日您编号为WZ20190331730680的事项已经办理完毕，现将办理意见答复如下：我厅及时联系用户，沟通中我厅耐心解释，但用户表现很激动要求我司提供书面说明书，以及坚持要求我司承认办理有错，我厅表示办理时确实可能存在误会，因为正常情况下语气词“恩”为同意的意思，我司外呼工作人员理解成用户需要办理。4.15-16日您编号为WZ20190415744886的事项已经办理完毕，现将办理意见答复如下：我厅已联系用户，告知其套餐升档以及升档不加价活动都是真光路营业厅二次回访办理，并未在江苏路营业厅办理，用户要求的电话录音我厅之前已给与用户听取过，但用户坚持要求我司提供录音光盘，我司无法满足，解释至此，用户仍旧不满。【上海移动】#安全生产#",,,
高利贷砍头息，不让退还利息高达百分之50,待回复,金融 投诉,投***,2019-05-1511:06,在蔚商金融信息服务公司旗下快闪卡贷贷了笔款，其业务员电话通知只需3000的利息费用。然而借15000实际到账却才12000。六个月却要还18000千元。钱到账后我立马选择退还，然该公司不许。协商无果下在聚投诉与中国互联网金融举报平台都有投诉过。却没有得到解决。恳请领导为人民做主。他们这是期满事实，隐藏砍头息。近一个月的时间我为此事一直牵绊。我信用上没有污点也很看重自己信用。求取消砍头息，要不真要被这事逼疯了。恳求领导做主,,,
长宁新泾五村居委会不作为！歧视外地人！,待回复,政务 投诉,l***,2019-05-1114:04,我于2013年开始在长宁区天山西路350号新泾五村居住。目前起诉离婚，法院需要开具我本人居住满一年证明，在我出示所有证件后，新泾五村居委会依然态度蛮横，处处为难，找各种借口坚决不予开据证明，这样不作为的居委会让我们普通群众心寒，法律何在？政府部门公信力何在？,,,
在长宁区维权为什么这么难,待回复,城建 投诉,匿***,2019-04-3018:38,一名遵纪守法的退伍军人，刚买的新房子，本应住在里面开开心心的，但邻居侵占公共楼道，不顾及整栋居民楼几百人的生命安全，在楼道内堆放大量易燃纸板箱，霸占公共阳台，正对我窗户搭葡萄架，堆放大量空花盆，连一点阳光都照不进房间，居委会跑断腿，12345投诉过5次，长宁信访办我也去了，所有的处理都走回新泾镇党总支书记手上，本应该我是有理的人，他们违法的人，走到最后我却成了无理的人。,,,
驾照无法更换,待回复,治安 求助,W***,2019-04-1812:33,本人12年考取驾照后正常使用，但在更换时被告知10年在长宁区有未携带驾驶证的违章记录，多次反映无法处理，时隔8年如何让百姓提供依据，而老百姓提出的质疑置之不理！请领导介入核实，还老百姓一个清白,,,
依法维护消费者合法权益，要求积极履行法定职责,待回复,政务 投诉,勇***,2019-04-1114:41,长宁区市场监督管理局辖区内上海寻梦信息技术有限公司，自公司成立至今多次遭到消费者投诉，然而长宁区市场监督管理局工作人员对消费者对投诉消极不作为，不能及时按消费者权益保护法及国家工商总局73号令，依法维护消费者合法权益，不能积极履行法定职责，致使消费者们多次在上海市信访局、长宁区信访局多次上访，长宁区市场监督管理局不作为的违法行为，严重影响了行政执法工作人员在人民群众中的公信力及执法形象，为此消费者要求区委书记对该局主要负责人员，党组成员依法问责。,,,
携程网机票捆绑，迷惑消费者收取高额退票费,待回复,企业 投诉,丁***,2019-03-2909:54,前几天在携程网上买了2张（往返）国际机票，总价10800元，因为临时行程有变，想退票，结果携程自助退票程序扣了10400多的手续费！只能退回300多！这让我很费解，于是打电话给客服，客服说机票买了就不能退，经法律咨询之后再次去电，携程方面又说可以退，但是要收取2000块钱的手续费，跟携程方面要收费依据和退票收费条款什么的，均说不能提供。工作人员还说每种机票的退费都不一样，我的这种就是扣2000.上网查了之后，原来关于我遇到的情况，投诉携程网的有很多，应该说非常多，但为什么携程方面还可以如此明目张胆的使用“旅游套餐”来迷惑消费者呢？不知道携程网这方面问题在政府部门介入之后有没有做出一个实质性的调整。因为消费者的信任才在携程网上买机票，却不料第一次就受到了“旅游套票”的迷惑而损失那么多，不知道这个企业是如何立足于市场的。另外，难道携程网此种销售行为及霸王条款真的合规合法吗？望有关部门调查。,,,
领导你好我在你处拼多多平台购买商品时承诺平台,待回复,金融 求助,W***,2019-02-1916:36,不兑现。向工商投诉也无结果。拼多多平台说我是大厂家。我说了算。希望领导可以调节。,,,
存在安全隐患问题的户外广告何时才能拆除,待回复,城建 投诉,y***,2019-01-0408:09,   长宁区委书记王为人，你好：      反映长宁区新泾镇剑何路429号楼和仙霞西路88号西郊百联商场顶有多处违法户外广告，该几处大型户外广告设置年限已久，四周都是交通要道和居民区，大风一刮非常的危险，市民对这个巨大的公共安全隐患防不胜防。存在严重的安全隐患。请问长宁区政府，为何这几处存在安全隐患的户外广告拆不了？     希望长宁区政府根据本市户外广告专项整治方案要求，对影响城市形象的该处违法楼顶户外广告依法予以拆除，保障行人的安全，切实提升长宁区城区形象。,,,
享骑电单车不退押金,待回复,交通 求助,夜***,2018-12-2908:15,承诺5到7个工作日退，可是两个月了还没退掉，299元，客服老是推诿敷衍，公司为了躲债，搬家了,,,
关于五险一金的问题,待回复,就业 投诉,a***,2018-12-0915:02,尊敬的王书记：您好，位于淞虹路明基广场的创创文化传播股份有限公司给新入职的员工不交五险一金，说要等到过了6个月试用期才会交，这个是合理合法的吗？请王书记在百忙之中过问下此事！,,,
违法建筑房何时才能拆除,待回复,城建 投诉,y***,2018-12-0709:26,    反映长宁区虹梅路3888弄延北小区违法搭建成风，底层许多违法建筑搭建情况严重。另外该小区约有40多户业主在顶层公共空间均未办理任何审批手续，肆意改变楼顶的结构，拆墙开窗，铺设地板等，改变楼顶的承重。这些违法建筑大都采用简易的建筑材料，经过风吹日晒会出现生锈、翻翘、松动等现象，大风天气还容易被刮掉，所以这些违法建筑存在很大的安全隐患。 ,,,
拆除大型户外广告,待回复,城建 投诉,y***,2018-12-0422:24,长宁区委书记王为人，你好：     反映长宁区新泾镇剑何路429号楼和仙霞西路88号西郊百联商场顶有多处违法户外广告，该几处大型户外广告设置年限已久，四周都是交通要道和居民区，大风一刮非常的危险，市民对这个巨大的公共安全隐患防不胜防。存在严重的安全隐患。希望长宁区政府根据本市户外广告专项整治方案要求，对影响城市形象的该处违法楼顶户外广告依法予以拆除，保障行人的安全，切实提升长宁区城区形象。,,,
几处户外广告何时才能拆除,待回复,城建 投诉,y***,2018-11-2921:05,长宁区委书记王为人，你好：     反映 长宁区仙霞西路88号西郊百联商场顶上、墙上有多处违法户外广告，该几处户外广告设置年限已久，大风一刮非常的危险，市民对这个巨大的公共安全隐患防不胜防。存在严重的安全隐患。            希望长宁区政府根据本市户外广告专项整治方案要求，对影响城市形象的该几处户外广告依法予以拆除，保障行人的安全。,,,
拆除违法楼顶户外广告,待回复,城建 投诉,y***,2018-11-2813:45,长宁区委书记王为人，你好：     反映长宁区新泾镇剑何路429号楼顶有多处违法户外广告，该处大型户外广告设置年限已久，四周都是交通要道和居民区，大风一刮非常的危险，市民对这个巨大的公共安全隐患防不胜防。存在严重的安全隐患。            希望长宁区政府根据本市户外广告专项整治方案要求，对影响城市形象的该处违法楼顶户外广告依法予以拆除，保障行人的安全，切实提升长宁区城区形象。,,,
违法楼顶户外广告依法予以拆除,待回复,城建 投诉,y***,2018-11-2409:45, 长宁区委书记王为人，你好：      反映长宁区新泾镇剑何路429号楼顶有多处违法户外广告，该处大型户外广告设置年限已久，四周都是交通要道和居民区，大风一刮非常的危险，市民对这个巨大的公共安全隐患防不胜防。存在严重的安全隐患。希望长宁区政府根据本市户外广告专项整治方案要求，对影响城市形象的该处违法楼顶户外广告依法予以拆除，保障行人的安全，切实提升长宁区城区形象。,,,
整治违规破墙开门行为,待回复,城建 投诉,y***,2018-11-0707:55,长宁区委书记王为人，你好：    反映长宁区程家桥街道程桥二村1号外面门卫室违规破墙开门，擅自改变房屋使用性质，不仅破坏了房屋结构，造成安全隐患，还影响周围环境。希望长宁区程家桥街道执法部门在国际博览会前，按照“五违四必“精神，对影响城市形象的这处违规破墙开门，擅自改变房屋使用性质违章建筑在进博会前依法予以拆整治，依法砌墙“封门”，恢复房屋原状，让城市市容秩序更加规范，城市环境更加整齐，切实提升长宁区城区形象。,,,
违规破墙开门，擅自改变房屋使用性质,待回复,城建 投诉,y***,2018-09-3022:46,长宁区委书记王为人，你好：   反映长宁区程家桥街道程桥二村1号外面门卫室违规破墙开门，擅自改变房屋使用性质，不仅破坏了房屋结构，造成安全隐患，还影响周围环境。希望长宁区有关部门在国际博览会前，按照“五违四必“精神，对影响城市形象的这处违规破墙开门，擅自改变房屋使用性质违章建筑在进博会前依法予以拆整治，依法砌墙“封门”，恢复房屋原状，让城市市容秩序更加规范，城市环境更加整齐，切实提升长宁区城区形象。,,,
虹古路临时疏导点，存在安全隐患,待回复,城建 投诉,y***,2018-09-1115:49,长宁区委书记王为人，你好：     长宁区虹古路355弄虹古路临时疏导点，存在严重安全隐患，也严重地影响了即将在上海举办国际博览会周边城市的形象。一旦临时疏导点发生火灾事故，后果严重。希望长宁区有关部门尽快拆除这存在消防安全隐患虹古路临时疏导点。 ​​​​,,,
依法拆除违法建筑——玻璃房,待回复,城建 投诉,y***,2018-08-2410:25, 长宁区委书记王为人，你好：      反映长宁区程家桥街道虹桥路2258号上海优秀历史建筑——孔家花园门后面，有多处违法建筑——玻璃房。这多处违法建筑——玻璃房不但地影响市容市貌，而且还给上海优秀历史建筑带来了安全隐患，破坏了优秀历史建筑承受能力。    该建筑原为孔祥熙旧居，是中国“四大家族”之一的孔祥熙在上海的度假别墅，建筑建于1934年，于2005年10月31日被上海市人民政府列入“优秀历史建筑”令人心痛的是，这私搭乱建的违法建筑——玻璃房，把原有建筑变了个样。“有关部门到底想不想拆违？优秀历史建筑再不保护就晚了。”    希望长宁区政府有关执法部门按时“五违四必”精神，尽快依法在国际博览会前拆除这一影响城市形象的违法建筑——玻璃房。,,,
楼顶户外广告存在安全隐患,待回复,城建 投诉,y***,2018-08-1008:23, 长宁区委书记王为人，你好：      长宁区剑何路429号楼顶有多处违法户外广告（如：如家酒店、布丁酒店连锁、火龙果KTV），该大楼几处大型户外广告设置年限已久，且未及时有效维护，该大楼上安装着大广告牌，四周都是交通要道和居民区，大风一刮非常的危险，存在严重的安全隐患。      该楼顶有多处违法户外广告（如：如家酒店、布丁酒店连锁、火龙果KTV），这违法户外广告严重地影响城市的形象。为何新泾镇拆违办面对市民多投诉而不拆除呢？长宁区政府应进入调查，对新泾镇拆违办行政不作为行为予以问责！            希望长宁区政府根据本市户外广告专项整治方案要求，有关部门要尽快将其纳入拆除计划，在国际博览会前，对影响城市形象该楼顶多处违法户外广告依法予以拆除，保障行人安全。,,,
沿虹桥路景观马路有一老洋房上有违章建筑,待回复,城建 投诉,y***,2018-07-2916:13,长宁区委书记王为人，你好：     反映长宁区虹桥街道虹桥路1702号老洋房二楼，有一住户违章塑钢门窗建筑，严重地影响虹桥路城市窗口形象。国际博览会即将在上海举办，希望虹桥街道有关部门依法拆除这一违章建筑。     请问： ​​​​这沿虹桥路景观主干道旁的塑钢门窗违章建筑为何拆不了……？,,,
拆除存在安全隐患违法户外广告,待回复,城建 投诉,y***,2018-07-2216:43,长宁区委书记王为人，你好：     反映长宁区剑何路429号楼顶有多处违法户外广告（如：如家酒店、布丁酒店连锁、火龙果KTV），该大楼几处大型户外广告设置年限已久，且未及时有效维护，这楼顶多处违法户外广告存在严重的安全隐患。上海已发出强台风黄色预警，加之暴雨将近，整治拆除工作刻不容缓。希望长宁区政府尽快在国际博览会前，对影响城市形象该楼顶多处违法户外广告依法予以拆除，切实做好强降雨期间户外广告安全防御工作。,,,
拆除影响市容市貌的违章小房子,待回复,城建 投诉,y***,2018-07-1011:28," 长宁区委书记王为人，你好：     长宁区剑何路423号有一个无证违法建筑小房子，这违法建筑小房子严重地影响城市的形象。     【长宁区网格中心】答复如下：新泾镇拆违办于经了解，来电人反映的属于公建配套设施，未列入拆除计划。违法建筑说成是“公建配套设施”，典型的行政不作为。   国际博览会即将在上海举办，  希望有关部门按照“五违四必“精神，对这处违章建筑依法予以拆除,让城市市容秩序更加规范，城市环境更加整齐。 ​​​​",,,
拆除违规户外广告招牌,待回复,城建 投诉,y***,2018-07-0316:49,  长宁区委书记王为人，你好：    反映上海长宁区西郊百联购物中心（仙霞西路88号）楼顶有多处违法户外广告，这楼顶有多处违法户外广告存在严重的安全隐患，影响城市的形象。希望长宁区政府尽快在国际博览会前依法拆除这楼顶有多处违法户外广告。,,,
上街沿被圈成停车场－－违规,待回复,交通 投诉,y***,2018-07-0208:01,长宁区委书记王为人，你好： 反映长宁区虹桥路1488号旁的上街沿被圈成停车场 有的车主把车停留在人行道盲道上，​​​​给市民出行造成了不便。听说此上街沿经区什么部门批准作为收费停车场。人行道无疑是留给行人的，机动车停放在人行道上是不允许的，对此，《中华人民共和国道路交通安全法》上有明确的规定：   1，《中华人民共和国道路交通安全法》第五十六条明确规定：机动车应当在规定地点停放。禁止在人行道上停放机动车。2，《中华人民共和国道路交通安全法》 第九十三条 对违反道路交通安全法律、法规关于机动车停放、临时停车规定的，可以指出违法行为，并予以口头警告，令其立即驶离。机动车驾驶人不在现场或者虽在现场但拒绝立即驶离，妨碍其他车辆、行人通行的，处二十元以上二百元以下罚款，并可以将该机动车拖移至不妨碍交通的地点或者公安机关交通管理部门指定的地点停放。请问？谁给的权同意在上街沿上违规设置停车场的？国家博览会即将在上海举办，希望长宁区整治人行道乱违规停车现象，把公共道路让出来，还路于民。,,,
上街沿被圈成停车场 ——违规,待回复,城建 投诉,y***,2018-06-2312:46,长宁区委书记王为人，你好：     长宁区虹桥路1488号旁的上街沿被圈成停车场 有的车主把车停留在人行道盲道上，​​​​给市民出行造成了不便。听说此上街沿经区什么部门批准作为收费停车场。人行道无疑是留给行人的，请问？谁给的权同意在上街沿上违规设置停车场的？几年前由于市民也反映过此问题，后来区交警部门整治过，但现此问题又回潮了。国家博览会即将在上海举办，希望长宁区政府整治人行道乱违规停车现象，把公共道路让出来，还路于民。,,,
尽快拆除弄内两处违章搭建,待回复,城建 投诉,y***,2018-06-1310:51, 长宁区委书记王为人，你好：    长宁区延安西路949弄5号美宇宾馆门口未经授权两处违规搭建，一处是玻璃顶门禁，另一处是到底一间砖结构的小房子。希望长宁区政府按照《实施》精神，以“五违四必”治理工作为重点，尽快依法拆除这一存在着严重的安全隐患、影响城市形象的违法建筑。,,,
沿街楼面上有多处违章  影响城市形象,待回复,城建 建言,y***,2018-06-0507:39,长宁区委书记王为人，你好：  反映长宁区延安西路999号这幢楼面上存在几个违建问题：一是楼顶上有破旧的广告栏，二是楼边沿有违章建筑。国际博览会即将在上海举办，立面环境是一座城市形象的重要展示窗口，体现着城市的品位和形象，这违规设置的广告牌不仅影响了市容美观，更存在一定的安全隐患。今年国际博览会顺利在上海举办，希望有关部门进一步加大对长宁沿街城市容环境集中整治工作力度，对影响市容市貌的户外广告及商业秩序进行了专项集中整治，为“迎接国际博览会顺利在上海举办”提供良好的城市形。,,,
古北新区水城南路37号万科广场北4楼万岛保健,待回复,其他 投诉,W***,2018-05-2108:42,尊敬的书记你好：我是附近的一名住客，想向有关领导反应水城南路37号万科广场北4楼的万岛保健从事色情服务非常严重，严重影响当地居民日常生活，行为恶劣，后果极其严重,,,
整治破墙开门,待回复,城建 投诉,y***,2018-03-1607:38,反映长宁区淮海中路2052号右边“恒雄地产”店门面是违规破墙开门。对于市民的呼声，希望长宁区政府积极调查，新华街道执法部门必须按照《实施》精神，希望有关部门整治违规破墙开门行为，恢复原样。,,,
拆除沿街违章搭建的玻璃房,待回复,城建 投诉,y***,2018-03-0519:55,反映长宁区仙霞街道仙霞路686号左边沿街有一违章搭建的玻璃房，这明显的无审批的违章搭建的玻璃房，严重影响市容市貌也影响长宁区全国文明城市的形象。对于市民的呼声，希望长宁区政府积极调查，仙霞街道执法部门必须按照《实施》精神，尽快依法拆除这影响城市景观的“存量违建”——玻璃房。,,,
希望拆除违章搭建的玻璃房,待回复,城建 投诉,y***,2018-02-2619:11,反映长宁区仙霞路686号左边沿街门面房有一违章搭建的玻璃房，这明显的无审批的违章搭建的玻璃房，严重影响市容市貌，也影响长宁区全国文明城市的形象，希望相关部门尽快依法拆除这一违建。 ,,,
小区业主私装地锁 私自霸占公共停车位,待回复,城建 投诉,y***,2018-02-0521:37,      反映长宁区程家桥街道虹井路八八八弄嘉丽豪园小区7号旁的停车位上，有住户私家车主竟将这临时车位安装了地锁，据为私家车位。已划的车位，是所有车主共享的车位，并不是个人单独用的，私装地锁是不可以的。住户私装地锁，侵占公共停车位，物业对此不作为。   【长宁区网格中心】回复12345热线：“您好，您编号为WZ20180201388314的事项已经办理完毕，现将办理意见答复如下：在豪园小区议事规则，业主公约里无不可安装地锁条例，豪园居民区室私人小区，此车位是固定车位，举报者非小区业主，也不是小区居民，对小区实际情况不了解。而且经现场查看此处也没有地桩锁，附件照片。。”    对【长宁区网格中心】的回复不满意，要对不负责人的回复人进行问责。    程桥城管中队1月25日接投诉后联系来来电人告知其问题已经在处理中，中队队员致电投诉人了解情况并前往该处勘察情况，有安装地锁的情况。    希望有关部门倾听百姓呼声，督促职能部门拿出及时有效的整改行动。,,,
住户私装地锁侵占公共停车位,待回复,城建 投诉,y***,2018-02-0412:52,    长宁区委书记王为人，你好：    反映长宁区程家桥街道虹井路八八八弄嘉丽豪园小区7号旁的停车位上，有住户私装地锁。小区通道上安个地锁竟成私家车位，侵占公共车位，把公共用地变成了私人停车位，给其它居民造成不便。    我2018-01-22 向12345市民热线反映后，2018-02-01【长宁区网格中心】回复：“ 您好，您编号为SJ20180122382572的事项已经办理完毕，现将办理意见答复如下：程桥城管中队25日接投诉后联系来来电人告知其问题已经在处理中，中队队员致电投诉人了解情况并前往该处勘察情况，有安装地锁的情况。后嘉利豪园居委会于2月1日上午9:30由豪园居委会李雯对来电人所反映的情况进行核实，该车位是业主固定车位，并没有把公共车位变为私人车位。所以诉求人投诉不属实，诉求过高。”  对以上【长宁区网格中心】回复不满意。   根据有关规定，任何单位和个人不得擅自在道路上和其他公共区域设置地桩、地锁等障碍物阻碍机动车停放和通行，不得在未取得所有权的停车位上设置地桩、地锁。希望有关部门整治小区私装地锁违规行为。 ,,,
顶层公共空间违章建筑予以全部拆除,待回复,城建 投诉,y***,2018-01-0715:43,  长宁区委书记王为人，你好：反映长宁区虹桥街道虹梅路3888弄延北小区1号、3号、5号、7号、9号、17号、19号等40多户小区业主在顶层公共空间均未办理任何审批手续，肆意改变楼顶的结构，在屋顶上私自搭建建筑物，有敞开式玻璃雨棚，还有全封闭式房子，改变楼顶的承重。再说，在屋顶上如此“加层”，增加了整幢房子的承重量，房屋安全性受到影响。“一旦楼顶出现险情，租户逃生都存在困难。”除了存在消防安全隐患，这些加盖的板房还会增加建筑的荷载量，出现超重、超载的情况，甚至局部损坏建筑。这顶层公共空间违章建筑为何反复投诉拆不了。　希望长宁区政府领导重视，主管领导牵头联合城管、公安、房管、街道关部门对该小区顶楼违章建筑情况做一次大检查，并加大执法力度，依法将这些违法建筑予以全部拆除。,,,
家乐福古北店屋顶上的违建房何时才能拆除？,待回复,城建 投诉,y***,2018-01-0321:43, 长宁区委书记王为人，你好：上海市长宁区水城南路268号家乐福古北店屋顶上存在顶楼违建问题。在屋顶上违建房，不但对楼体结构产生安全隐患，而且影响上海城市的市容市貌和高架桥沿线风貌。　请问长宁区虹桥街道城管，家乐福古北店屋顶上的违建房何时才能拆除？,,,
请问：这大型户外广告牌什么时候才能拆除？,待回复,城建 投诉,y***,2017-12-2008:13,长宁区虹桥路１４８８号 上海纺织疗养院房顶上有1处大型违规户外广告，随着年久固定的铁架开始锈蚀，存在安全隐患。这户外广告设施不仅破坏城市景观和街头风貌，还污染人们的视觉神经。违规广告牌不仅影响城区市容市貌，还存在极大的安全隐患。请问：这大型户外广告牌什么时候才能拆除？【上海市长宁区网格中心】反馈，经执法局认定，上海市虹桥路1488号上海纺织屋顶设施并非户外广告而是其公司招牌，至于安全问题我局已要求上海纺织方面提供安全年检报告。请问：无审批的“大型户外公司广告招牌”算不算户外广告……？对【上海市长宁区网格中心】反馈不满意！希望长宁区政府切实整改，开展排查，依法组织拆除位于上海纺织疗养院房顶上的大型户外公司广告招牌，最大限度消除该处户外广告的安全隐患，改善上海城市的市容市貌。,,,
大型违规户外广告何时才能拆,待回复,城建 投诉,y***,2017-12-0822:23,长宁区虹桥路１４８８号 上海纺织疗养院房顶上有1处大型违规户外广告，随着年久固定的铁架开始锈蚀，存在安全隐患。这户外广告设施不仅破坏城市景观和街头风貌，还污染人们的视觉神经。违规广告牌不仅影响城区市容市貌，还存在极大的安全隐患。请问：这大型户外广告牌什么时候才能拆除？希望长宁区政府切实整改，开展排查，依法组织拆除位于上海纺织疗养院房顶上的大型户外广告，最大限度消除该处户外广告的安全隐患，改善上海城市的市容市貌。 ,,,
这大型违规户外广告何时才能拆,待回复,城建 投诉,y***,2017-11-3017:07,长宁区委书记王为人 ，你好：    反映上海市长宁区虹桥路１４８８号 上海纺织疗养院房顶上有1处大型违规户外广告，随着年久固定的铁架开始锈蚀，存在安全隐患。这户外广告设施不仅破坏城市景观和街头风貌，还污染人们的视觉神经。违规广告牌不仅影响城区市容市貌，还存在极大的安全隐患。请问：这大型户外广告牌什么时候才能拆除？希望长宁区政府切实整改，开展排查，依法组织拆除位于上海纺织疗养院房顶上的大型户外广告，最大限度消除该处户外广告的安全隐患，改善上海城市的市容市貌。,,,
我买了套房子，房价上涨，房东毁约，房东一直拖,待回复,金融 求助,匿***,2017-10-1817:08,我买了套房子，房价上涨，房东毁约，房东一直拖，现在房东上诉二审，拖延时间，我无法再买房子，必须等，我希望能和房东解除购房合同。房东是律师，政府是我唯一希望。,,,
违章建筑必须拆除,待回复,城建 投诉,y***,2017-09-2410:40,反映长宁区虹桥街道虹梅路3888弄延北小区有许多户小区业主在顶层公共空间均未办理任何审批手续，肆意改变楼顶的结构，拆墙开窗，铺设地板等，改变楼顶的承重。这些违法建筑大都采用简易的建筑材料，经过风吹日晒会出现生锈、翻翘、松动等现象，大风天气还容易被刮掉，所以这些违法建筑存在很大的安全隐患。底层许多住户在天井违章搭建，也存在严重的安全隐患。      希望长宁区政府“五违四必”精神，虹桥街道要联合城管、公安、市场监督所、房管、规土、消防、市容等部门联手，对该小区的违章建筑情况做一次大检查，并加大执法力度，依法将这些违法建筑予以全部拆除。,,,
顶楼违章建筑危险,待回复,城建 投诉,y***,2017-08-2510:17,上海市长宁区虹梅路3888弄延北小区1号、3号、5号、7号、9号、17号、19号等40多户小区业主在顶层公共空间均未办理任何审批手续，肆意改变楼顶的结构，拆墙开窗，铺设地板等，改变楼顶的承重。这些违法建筑大都采用简易的建筑材料，经过风吹日晒会出现生锈、翻翘、松动等现象，大风天气还容易被刮掉，所以这些违法建筑存在很大的安全隐患。  希望长宁区城管、公安、房管、街道关部门要联合对该小区顶楼违章建筑情况做一次大检查，并加大执法力度，依法将这些违法建筑予以全部拆除。,,,
顶楼违建隐患大,待回复,城建 投诉,y***,2017-08-0916:45,反映上海市长宁区水城南路268号家乐福古北店屋顶上存在顶楼违建问题。在屋顶上违建房，不但对楼体结构产生安全隐患，而且影响上海城市的市容市貌和高架桥沿线风貌。希望长宁区政府领导引起重视，“补短板”跟踪督办，加大拆违力度，尽快拆除高架桥没线水城南路268号家乐福古北店屋顶上的违建房。,,,
人行道窄,待回复,城建 建言,y***,2017-06-0311:07,上海长宁区虹桥路虹井路996号这段马路被一个老破旧的小房子不偏不倚的竖在人行道上，人行道窄到令人不能走。行人只得从非机动车上走。这里近上海动物园，双休日、节假日人流量较多，把行人都“逼”上了慢机动车道，人车混行，这房占住人行道既妨碍路人通行，也影响市容，给行人（尤其是盲人）行走带来了安全隐患。希望相关部门协调，并把这问题纳入政府规划之中去，尽快将其早日迁走。同时，市民亟盼政府早日拓宽这段人行道。,,,
人行道太窄小了,待回复,城建 投诉,匿***,2017-04-0116:50,   长宁区虹桥路2302号旁程家桥路东南侧公交站点，925路、57路等车站车站的人行道太窄小了，该车站高峰时间候车的人流量很多，窄小的人行道给乘客候车和行人行走都带来了不便，存在着安全隐患问题。希望有关部门尽快把后面的空闲地让点出来供公交车站使用。 ​​​​ ,,,
破坏公共绿化违章搭建,待回复,城建 投诉,匿***,2017-03-2220:19,长宁区黄金城道693号旁，将一段绿化带全部破坏，被私自违章搭建无证房，开设门面房，把公共绿地当私产，随意搭建违法建筑，在无证无照的情况下却能堂而皇之，监管部门在干什么……？。违章搭建，破坏公共绿化占道经营的行为，严重地影响长宁区城区的形象，希望有关部门整治违法建筑房，按照《实施》精神，依法尽快拆除这一违建房，并恢复原来的公共绿地。,,,
破坏公共绿化违章搭建,待回复,其他 投诉,匿***,2017-03-1813:55,长宁区黄金城道693号旁，将一段绿化带全部破坏，被私自违章搭建无证房，开设门面房，把公共绿地当私产，随意搭建违法建筑，在无证无照的情况下却能堂而皇之，监管部门在干什么……？。违章搭建，破坏公共绿化占道经营的行为，严重地影响长宁区城区的形象，希望有关部门整治违法建筑房，按照《实施》精神，依法尽快拆除这一违建房，并恢复原来的公共绿地。,,,
拆迁顶层违法搭建房,待回复,城建 投诉,匿***,2016-12-3017:24,上海市长宁区虹梅路3888弄延北小区1号、3号、5号、7号、9号、17号、19号等一些小区住户在顶层公共空间违法搭建。严重地破坏了房屋结构，也存在安全隐患。希望长宁有关部门按照《实施》精神，加大住宅小区内损坏房屋承重结构违法行为的查处力度，以“五违四必”治理工作为重点，坚决依法拆除这一存在着严重的安全隐患违法建筑。,,,
天山五村不是靠改造能解决的。,待回复,城建 求助,匿***,2016-12-2515:34,书记你好。我是天山五村的居民。实在是没办法了。领导们来五村调研寻访看到的都是表面情况。我们五村已经60年的房子了。脏乱差不用说。这些表面都可以做好。我是住比较里面的居民。你们改造的也只是靠马路房子弄漂亮。我们里面的居民已经住不下去了。我想说的是内部。你们领导来内部看看过吗？房子漏水十分严重。一直都在自己家里修补弄防水。但是重新装修后没多久还是漏水。底楼白蚁都出现了。到处都是老鼠。这次的拆违顶楼。我们2.3楼家里都摇晃的。说句不好听的，你们就是用改造来敷衍我们。说为我们百姓改善居住。但事实呢。你们领导是在求不出事吗？这样的房子不能改造了。为什么就不能想办法帮我们拆迁。是要等房子塌了出事了才会重视吗？希望领导看到帮助我们百姓。五村的居民真的苦不堪言。,,,
老旧小区就要沦为三不管地带？,待回复,交通 投诉,匿***,2016-12-2511:18,王书记您好。我是长宁区万航渡路1424弄华秀小区的业主，长期以来，我们小区私装地锁问题严重，有些甚至在地上固定好铁链子以后，在链子上锁上废旧自行车、三轮车来抢占车位。而且小区内有一所学校，老年人也居多，这些自行车，地锁造成了很大的安全隐患，已经有过放学的孩子被绊倒的事情发生，孩子可以站起来拍拍土就可以了，老人呢？抛开安全隐患不谈，是谁给了这些人侵占公共用地的权利？声高不讲理就可以占山为王不应该是现在的社会会出现的情况，更不应该出现在上海这座城市。小区道路破烂，物业说没钱，小区私搭乱建，物业说管不了，一个地锁总能解决了吧？长期不作为的物业有何作用？大家都交同样的物业费，同样的停车费，为什么有些人长期霸占公共空地当作车位就好像拥有所有权一样，而有些人却只能看着一个又一个的破旧自行车、地锁而没有地方可以停车？难道说现在是谁声高，谁有理？难道说现在是谁敢蔑视法律，谁就能得到特权？难道说不懂法律就可以为所欲为？还是说法律只是针对我们这种懂法并且愿意遵守的人，而我们遵守法律的结果就是被欺负，得到不公正的待遇？我们在国外的时候，很多人会说哦你是上海来的，那个地方很美，很发达，我很喜欢。而我回到上海，却只看到了高声喊叫，把无知无理当成一种理所当然的人。这不是我印象中的上海，也不是我爱的那个上海。,,,
坚决拆除顶层违法搭建房,待回复,城建 投诉,y***,2016-12-0708:46,      反映上海市长宁区虹梅路3888弄延北小区1号、3号、5号、7号、9号、17号、19号等一些小区住户在顶层公共空间违法搭建。严重地破坏了房屋结构，也存在安全隐患。,,,
下放户回沪问题,待回复,其他 咨询,匿***,2016-12-0614:12,请问王书记：我是1969年随母親下放到安徽农村的（当年我9岁）现在是否有政策可以回沪？谢谢！,,,
古北新区黄金城道808号雅都保健从事性交易,待回复,治安 投诉,匿***,2016-12-0315:21,尊敬的王书记：我是古北新区马赛花园的一名住客，特别向有关领导反应古北新区黄金城道808号2楼雅都保健（电话号码：62283636）从事色情嫖娼淫秽情况，严重影响马赛花园部分住客的日常生活，其行为非常恶劣，后果极其严重。,,,
河道旁擅自违规无证设置停车场,待回复,其他 投诉,匿***,2016-10-2617:50,    上海市长宁区哈密路2010号对面河道旁擅自违规无证设置停车场，违规无证设置停车场行为，长宁区政府部门为何不管的啊……？希望相关部门要高度重视，尽快取缔河道旁违规无证停车场，并对其违规行为进行处罚，对违规收取的停车费要追回并上交国库。 为确保河道防洪墙的绝对安全，沿河路防洪墙一侧禁止停车。 ,,,
整治河道污染问,待回复,环保 投诉,匿***,2016-10-2120:36,     反映上海长宁 哈密路307号污染扰民问题。路过河道会闻到一股难闻的臭味，水体会有异味。河道环境恶化对城市居民的健康 和城市生态安全构成了严重的威胁，难闻的臭味不仅污染了河道卫生环境，而且也严重地影响周围居民的日常生活。希望有关部门要尽快河道段生态河道建设改造，实现水环境治理目标。 ,,,
取缔跨门露天烧烤  拆除违章临时房,待回复,城建 投诉,匿***,2016-10-2018:30,     反映上海市长宁区延安西路3298号有多家饭店晚上违规跨门露天在室外烧烤，附近小区居民反映强烈。希望长宁工商、食监、公安、城管、街道市容等部门联合整治这一违规乱象，对租借房东给予经济处罚。    这一段商铺原是铁路专用线，拆除后按规定应种植绿化，美花环境。但不知什么部门同意在此违规建造二层楼房。临时证可以搭建二层砖结构房的吗。现在全市都在轰轰烈烈拆违章建筑房，这临时房也属于违章建筑，应按照《实施》精神，依法拆除违章临时房，拆除后按规定应种植绿化，应还绿。 ,,,
持居住证积分的外地户口特殊儿童入幼儿园问题,待回复,教育 咨询,匿***,2016-09-0423:06,尊敬的领导，您好！我是持居住证积分外地户口，我家女儿3岁半，是一名特殊儿童，今年5月份通过区统筹划分到长宁区茅台路茜茜幼儿园，但是因孩子是特殊幼儿被幼儿园拒收了。今年5月份幼儿园报名的同时，我也去了长宁区特殊幼儿园虹古三幼儿园，同样也是被拒收了。我们希望孩子能有机会在幼儿园融合。早期的融合教育对于特殊儿童真的非常重要。望领导能百忙之中关心一下特殊幼儿的上学问题，非常感谢！,,,
西郊柏盛苑大门口违法破墙开门,待回复,城建 投诉,y***,2016-08-1116:46,  长宁区委书记王为人，你好：      上海 长宁区虹井路889弄西郊柏盛苑大门口违法破墙开门非法出租使用，希望长宁区有关部门按照《实施》精神，以“五违四必”治理工作为重点，集中力量坚决依法拆除西郊柏盛苑大门口破墙开门违规行为，消除随意改变物业使用性质等违法行为。 ,,,
 建议地铁10号线上海动物园站两出口加装雨顶,待回复,城建 投诉,y***,2016-08-0909:30,  建议地铁10号线上海动物园站两出口加装雨顶棚    上海市长宁区虹桥路2381号，地铁10号线上海动物园站两出口处未安装遮雨顶棚，未安装雨棚的出口位于该站1、4出口处，一部分楼梯因此暴露在室外。   未安装遮雨顶棚的原因在于上海动物园不同意安装，上海动物园认为“一是加装遮雨顶棚会破坏动物园的环境统一性，与动物园风貌保护区的景观不协调；二是地铁十号线4号出口若加装遮雨顶棚将对动物园2号售票处造成部分视觉的遮挡”。   由于没有雨篷，在雨雪天气给不少乘客出行带来诸多不便，也会给乘客带来安全隐患。希望上海动物园顾全大局，关注百姓民生之事，同时相关部门也应尽快协调在此地铁10号线上海动物园站两出口加装雨顶棚，使市民从这些口进出地铁站也不滑了，也使能使乘客一眼就能找到标志性——地铁站。,,,
河道内无证违规搭建房,待回复,城建 投诉,y***,2016-04-2914:48,上海虹桥机场空港六号1号(迎宾八号头上起～8号)一段路面房，都是无证违规建筑房，违规彩钢复合板又建在河道内，给清理河道又带来了不便。希望上海有关部门按照《实施》精神，尽快拆除这段无证违建房，还市民一个良好的公共生活环境。,,,
严重投诉上海银建出租车司机,待回复,交通 投诉,匿***,2016-03-2016:01,今日，2015年3月20日下午2点多，乘坐的沪G.U4502，从上海音乐学院乘坐到虹桥路高岛屋周边，一坐上出租车开始，司机便态度不友善，让关一下车窗，风吹的很冷，他说关了他会热，他一路上言语难听，对路段也不熟悉，一个口子直行便可，他打算转弯，好心提醒还骂人：你怎么不早说，混蛋，你连路都不认识，还做什么车。对于这种侮辱性词汇说了很多，司机行为极为恶劣，请管理部门严惩上海银建出租车有限公司，车牌沪G.U4502，证件：336905.,,,
长宁区为了利益福泉路苗圃改建成高档会所,待回复,政务 投诉,匿***,2015-09-1015:33,长宁区为了利益将福泉路北新镇苗圃改建成高档会所，是区里规划还是官商勾结？不但改建还偷偷将建筑面积扩大一倍。不但没有部门干预建成后公开组织有关部门娱乐活动，并成为高尔夫会员。是管理部门不知情还是另有故事？,,,
小区邻居长年深夜聚众赌博扰民无法休息,待回复,治安 投诉,匿***,2015-08-2615:39,书记您好：  在您百忙中打扰您，深感歉意。我是家住长宁区北新泾紫竹小区30号502的居民，我一楼板之隔的楼下402室夫妇二人几年来几乎每晚深夜9点到临晨3点纠集8人聚众赌博，并发出巨大的叫喊声音喧哗，酗酒，严重扰乱邻居休息。有时他们喝醉了还到我家乱敲门，扒窗户。为了方便赌博人员进出还长期破坏楼道大门的电子门禁，导致楼内失窃和被坏人骚扰情况频发。多年来我和其他邻居投诉到小区警察以及110并无结果，邻近邻居长年无法正常休息痛苦万分。  像我这样的居民碰到类似事件我想在区内不是少数。 能否能统一司法口径 整治这些没有道德和扰乱社会治安 破坏稳定的坏人呢？因为警察告诉我说对待他们只能劝告，但是劝告对于他们根本无效。范先生18916556290,,,
让我告诉大家,待回复,征集 群众路线,匿***,2015-06-1416:17,我今年86岁，我唯一的孩子李寅1985年从上海交大医学院特招入伍至上海解放军455医院30年，医院领导违法行政，对我儿子反映医院违规情况打击报复，掩盖医院上海姚虹路经济适用房分配不公和财务作假账等问题，采取事先不谈话不让选择安置方式搞突然袭击并伪造档案胁迫我儿子病退退役；我儿子因档案造假问题被地方退回后，医院把责任让我儿子承担，不让上班、扣发我儿子工资达10年之久，特别是近二年在要求我儿子退休的情况下不给工资卡打分文生活费，使我儿子完全没有生活来源，依靠我们86岁老人生活，医学硕士为部队工作30年，在职业生涯最好的年龄段（2006-2015）不让上班，我儿子以第一作者发表sci论文10余篇和有科技进步奖及5五次通过各项高级职称考试而医院不给高级职称评审，造成无法进一步从事合适的医疗工作，希望解放军依法办事，恢复我儿子工资，还给我儿子生存、选择工作和发展的权利。我已反映了近10年，有许多人劝我放弃，包括455医院有些领导说再反映没有用，到时还是我们来处理你儿子；但是我坚信共产党，总有一天会还给我们一个公正。,,,
环境保护,待回复,环保 投诉,匿***,2014-12-1313:54,领导你好.水城路仙霞路127公交车终点站对面，喜来顺烤热气羊肉店油烟扰民.他们在人行道上搭建天棚，放了炉子，桌子24小时烧烤，油烟从前门吸进，在后门偷偷排出，空气严重污染，希望能取缔这个24小时的夜排档.谢谢.谢谢领导.,,,
白玉兰专科医院专科害人,待回复,治安 咨询,匿***,2014-07-0815:23,尊敬的卞书记您好!我们是来沪打工人员，我妻因患妇科病在白玉兰女子专科医院检查医生跟/我妻子讲他们医院是专科可以报销，最后做了一个小手术也没住院就用去一万多，我们到社保中心去报销社保中心讲他们白玉兰医院不在报销范围，我们一个打工的一年才挣一到二万元。,,,
关于北横通道项目危及周边居民的诉求,待回复,城建 求助,匿***,2014-06-2716:51,"尊敬的卞书记：您好！  惊闻在我们的居住地--元丰天山花园，美丽的苏州河畔即将被规土局北横通道项目规划侵蚀的面目全非，心疼之余，内心久久不能平静，自项目网上公示以后至今，每个夜晚都无法安然入睡，在以习近平主席领导的党中央倡导以人文的今天，作为上海这座美丽的城市管理者和设计者应该积极践行习主席的以人为本的思想。习近平:以人为本,是“三个代表”重要思想的必然要求,是科学发展观的核心所在,是和谐社会的最高价值理念。坚持以人为本,体现在执政上,就是要坚持立党为公、执政为民,做到权为民所用、情为民所系、利为民所谋;体现在发展上,就是要回归到经济发展以社会发展为目的、社会发展以人的发展为中心这样一种理念,做到发展为了人民、发展依靠人民、发展成果由人民共享;体现在结果上,就是要实现好、维护好、发展好最广大人民群众的根本利益。    不能单纯为了追求GDP，为了政绩而侵害了了民众的生存环境。这样的项目即使增加了GDP,增加了政府政绩，但对民生福祉没有丝毫好处。因此,希望管理者们美化我们的城市的同时，请把解决民生问题和社会和谐摆在首要位置真正做到权为民所用、情为民所系、利为民所谋。 在去年，2013 年 6- 7 月，规土局曾对北横通道选线专项规划（草案）开展过规划公示。 当时的规划并未作出北虹路-泸定路建设高架的设计，而仅仅是扩宽长宁路（图 3）。虽 然对我们会造成影响，但为了大局着想，大多数居民也基本认同此方案。而本次规划， 将会对我们造成极其严重的影响，所以我们元丰天山花苑 200 多户居民强烈要求相关单位必须重视并共同商讨出解决方案。附件中是全体业主对此项目的诉求和意见，希望能够得到我们的父母惯卞书记的帮助。恳请卞书记帮助我们向项目规划相关部门提请我们的诉求，能够认真研究我们的诉求内容，减少项目建设对周边居民生活环境的破坏，保护美丽的苏州河。                致                         礼！                                                                      长宁区元丰天山花苑36号楼住户‍",,,
越来越好,待回复,其他 国美活动,匿***,2013-12-2315:50,希望长宁区在您的带领下越来越好，越办越好，生活越来越好,,,
