要求英孚英语退款退贷,待回复,教育 求助,G***,2019-11-0417:17,王区长，您好。本人在上海市长宁区长宁路1018号龙之梦商场的英孚英语报了24个月的线上线下课程，上了几次课后，发现课程内容和介绍相差甚远，报名时说：1.全程课程顾问会全程负责、跟踪指导，实际上从上课到到要求退款5个月以来，就联系过我一次。2.小组会话一节课45分钟，自我介绍就要浪费10分钟。3.遇到单词发音不确定时，向老师询问，老师不管你读的是什么，老师都说对。4.上课级别根据每人的测试结果进行安排课程，没有测试，直接写了一级，上课又是三级。5.学习过程中，我发现我和别人花一样的钱，上课的时长不一样，别人都是30个月，我才25个月。我第一次要求退款，却拒绝我退款。因为教学质量的下降，我实在忍受不了再次要求退款。我提出退款后，英孚一开始是拒绝的，要求我发律师函再说，后来又要收取我7个月的课程费+剩余金额的20%违约金。后来我咨询过很多退款的学员，大家退款方案各不相同，同一个地区，同一个中心，竟也会有差异，是欺负我吗？价值38949的课程，我才上课5个月，却要扣我近20000元的课程费，这是什么逻辑？退款之路艰难，望区长帮帮我吧。,,,
国家体操中心旁边停车场乱贴劣质商业广告,待回复,城建 投诉,勇***,2019-10-2514:32,上海市中山西路555号绿洲大厦停车场，乱贴劣质商业广告，影响上海文明建设和上海市市容。,,,
洒水车操作人员故意对准行驶中的自行车百姓喷水,待回复,城建 投诉,玉***,2019-09-3012:04,"2019年9月30日早上8点45分，在中山西路（内环高架路）与安顺路段。上海长宁园林绿化建设有限公司的橘黄色洒水车，车号:沪E F3071洒水车操作员工故意对准自行车道上行驶中的电动自行车百姓喷水！而且很多骑车人员都停下等他把喷水口降下，但是站在车后的操作人员更是对准已经停车的骑车人员继续故意喷水。对此进行投诉！站在车后的操作人员故意对准行车人员和已经停车的骑车人员继续故意喷水。
这种行为是恶劣的。这样做不但会造成自行车行驶人员身上半身都湿了，而且容易造成行车危险。并且在场被喷到的人都非常气愤。影响城市形象。
会选择这样的时间敢做这种事情。因为是8点45分左右。被喷的都是赶着上班的上班人员。这样做不是第一次了。可以调动当时的车况录像能够看的很清楚。
这种行为完全是可以避免的。稍微把水枪往下放一点，或者晚几秒钟再洒水。所以明显是操作员工是故意对准骑车人员喷水的，行为非常恶劣。
对于这种行为必须投诉！",,,
住宅小区周末扰民施工何时休,待回复,环保 投诉,小***,2019-09-2219:33,按照上海市有关规定，住宅小区周末不能施工，但总是八点就被吵醒，跟物业和居委会投诉反映多次均无实质性效果，因其无处罚权，施工单位总是敷衍了事，下次再犯，12345也打过两次但还是交居委会处理根本无法解决问题，请问区长如何才能杜绝这一现象，保障我们休息的权利。地址在水城路虹日小区。,,,
三分钟快取临时身份证机无法使用,待回复,政务 投诉,P***,2019-09-1614:03,1、最近在上海各区安置了临时身份证制作一体机，宣称三分钟出证 2、到了现场使用机器发现制证模糊，完全无法使用3、民警说该机器经常坏4、由于一天内只能申请一次临时身份证办理业务，导致当日无法再次办理,,,
享骑出行恶意不退还299元押金,待回复,金融 求助,Z***,2019-07-2619:16,享骑出行恶意不退还299元押金，已经拖欠数月，作为还没有开始挣钱的穷学生299元确实有些多，麻烦您了。,,,
瑞冬小区非机动车占车位无人管理,待回复,城建 投诉,n***,2019-06-2809:09,瑞冬小区，长宁区剑河路409弄，年初张贴告示不允许非机动车抢占车位，但仍有部分常年占车位，向物业反映后被告知：“如果你有监控可以把他们非机动车移开”，我不知应该如何理解，为何大多数遵守规则，少部分常年违规但物业视而不见？,,,
拆除违章建筑 提升城市形象,待回复,城建 投诉,y***,2019-06-1915:22,长宁区区长顾洪辉，你好： 长宁区虹梅路3888弄延北小区违法搭建成风，底层许多违法建筑搭建情况严重。另外该小区约有40多户业主在顶层公共空间均未办理任何审批手续，肆意改变楼顶的结构，拆墙开窗，铺设地板等，改变楼顶的承重。这些违法建筑大都采用简易的建筑材料，经过风吹日晒会出现生锈、翻翘、松动等现象，大风天气还容易被刮掉，所以这些违法建筑存在很大的安全隐患。        希望长宁区政府要把“五违四必”工作作为重中之重，集中精力打好“五违”攻坚战。虹桥街道领导要下定决心，对小区开展彻底的综合治理，对虹梅路3888弄延北小区违法搭建进行集中整治，对违法用地、违法建筑、违法经营、违法排污、违法居住“五违”现象采取零容忍态度，加大力度开展“五违四必”整治 ，坚决依法拆除违法建筑。建设美丽家园，让市民人的居住环境更整洁、更舒适。,,,
网购平台欺诈顾客，长宁区市场监督管理局不作为,待回复,企业 投诉,愤***,2019-06-1406:57,本人于2019年5月31日通过拼多多平台途谷官方旗舰店购买一部苹果手机，单号为190531-056922277112934，6月1日收到平台退款，无任何理由强制关闭交易，经询问途谷客服表示不知情 ，关闭交易是拼多多平台单方面操作。经多次与拼多多客服协商，无果。6月1日投诉至12315，受理单位为长宁区市场监督管理局，诉求为要求拼多多平台继续履行交易。6月13日得到12315投诉平台书面答复，拼多多平台已对消费者做出解释，对于消费者其他诉求无法满足，调解依法终止。在6月6日，曾接到拼多多客服一次电话，告知我终止交易理由为平台规定参加活动商品收件地址相似视为同一买家（本人收件地址为高校）。对于整个事件我想表达以下意见:1.拼多多回复的结果是基于其不平等活动条款之上的，拼多多平台并不能证明我曾经已经享受优惠购买商品，换言之，拼多多平台不能依据此条款拒绝该地址周边人员（即平台规则所谓的相似地址）购买活动商品，我要求拼多多平台继续履行交易协议，按活动优惠提供商品。2.投诉期间，长宁区市场监督局并无人员联系本人进行调解，单方面根据拼多多平台回复就终止了调解，且无法继续沟通申诉。3.本人在12315平台投诉诉求与上述第一点相同，仅要求拼多多平台继续履行交易，正常供货，长宁区市场监督局回复平台无法满足此要求，拒绝调解。正常付款参加优惠活动购买商品却被告知调解失败！总结以上我认为长宁区市场监督局存在行政不作为问题，望予以重视！,,,
外地62岁残疾老人无证骑三轮摩托车被扣,待回复,交通 咨询,晶***,2019-05-1620:55,我只想尽快拿回三轮代步摩托车。我腿部残疾，我没有驾照拿回来就卖掉车子。车子合法z,,,
外买的厨房问题,待回复,城建 投诉,W***,2019-04-2210:00,区长您好！长宁区中山西路1700号联华超市，里面旁边的一间厨房间，以前是猫代和凉皮先生的厨房间，现在又换什么牌子的厨房间，看上去像杂物间很肮脏的，开了有三、四年了，没有人来查的，外卖网平台也没有地址的，反映两年多次，区食品监督网站和手机微信号都反映多次了，没有结果 你们派人去看看，太脏乱差了！,,,
历史保护建筑管理“缺位”令市民担心,待回复,城建 投诉,y***,2019-04-2014:47,长宁区区长顾洪辉，你好：     反映长宁区虹桥路2310号的沙逊别墅（罗别根别墅）文物保护建筑1989年9月25日，该花园被列为上海市优秀近代建筑，市文物保护单位。在使用权和产权更迭后，常年处于失修、失管状态，任凭日晒雨淋和人为破坏，结构腐蚀、环境脏乱，令他们十分心疼。部分屋顶瓦片已破损掉落，再不进行修善的的，有可能部分屋面会塌陷。房屋内部破旧不堪，外墙斑驳渗水，花园都被严重破坏……这竟是部分历史保护建筑如今的境遇。 相关文保专家呼吁，历史保护建筑不能因产权更迭失去管理，应做好保护措施，让它们发挥出“余热”。    希望相关文物保护部门也应尽到主管责任，敦促房屋的业主们把老建筑保护起来，尽快制定计划修善，并指导修善建筑受损的部分，别让历史保护建筑以断垣残壁“见人”。,,,
违法建筑房何时才能拆除,待回复,城建 投诉,y***,2019-01-3019:29,       反映长宁区江苏路495弄47号（百年保护建筑）底层天井外墙有个无证的彩钢复合板顶、砖结构的违建房，这个违建房严重地影响了城市的形象，更妨碍了百年保护建筑的修缮。希望长宁区政府有关部门按照“五违四必”精神，拆除这个违章搭建。,,,
违章建筑临时疏导点存在安全隐患,待回复,城建 建言,y***,2018-12-2417:53,    长宁区区长顾洪辉，你好：    反映长宁区虹古路355弄虹古路违章建筑临时疏导点，存在严重安全隐患，一旦临时疏导点发生火灾事故，后果严重。希望长宁区政府有关部门尽快拆除这存在消防安全隐患虹古路临时疏导点，切实提升长宁区文明城区的形象。 ​​​​,,,
拆除楼顶有多处违法户外广告,待回复,城建 投诉,y***,2018-12-1216:19,长宁区区长顾洪辉，你好：     反映长宁区新泾镇剑何路429号和仙霞西路88号西郊百联商场楼顶有多处违法户外广告，该处大型户外广告设置年限已久，四周都是交通要道和居民区，大风一刮非常的危险，市民对这个巨大的公共安全隐患防不胜防。存在严重的安全隐患。            希望长宁区政府根据本市户外广告专项整治方案要求，对影响城市形象的该处违法楼顶户外广告依法予以拆除，保障行人的安全，切实提升长宁区城区形象,,,
拆除违法楼顶户外广告,待回复,城建 投诉,y***,2018-11-2515:43,反映长宁区新泾镇剑何路429号楼顶有多处违法户外广告，该处大型户外广告设置年限已久，四周都是交通要道和居民区，大风一刮非常的危险，市民对这个巨大的公共安全隐患防不胜防。存在严重的安全隐患。            希望长宁区政府根据本市户外广告专项整治方案要求，对影响城市形象的该处违法楼顶户外广告依法予以拆除，保障行人的安全，切实提升长宁区城区形象。,,,
违法建筑房何时才能拆除,待回复,城建 投诉,y***,2018-11-1508:24,长宁区区长顾洪辉，     反映上海市长宁区空港六路221号内有多个黄色的房属无证的违建房，违建房紧贴着原英国领事馆霍更斯别墅（2010年左右被列入上海市第四批优秀历史建筑名单，编号4M046）。这些违建房严重地影响了城市的形象，更妨碍了优秀历史建筑的修缮。为何公家的违章建筑这么难以拆除啊……？       希望长宁区政府有关部门按照“五违四必”精神，拆除这些违章搭建。,,,
10月份新个税5000标准，拼多多公司未执行,待回复,企业 投诉,W***,2018-11-0310:49,10月份新个税5000标准，拼多多公司未执行，仍然按照3500标准扣除，麻烦查询确认,,,
违规破墙开门，违规占据绿化带,待回复,城建 投诉,y***,2018-10-2116:35,长宁区区长顾洪辉，你好    反映长宁区程家桥街道程家桥路82号一饮食店旁，违规破墙开门，违规占用绿化带经营，严重地影响长宁区全国文明城区的影响，也影响市容市貌。国际博览会即将在上海举办，希望程家桥街道有关部门依法对这违规行为予以整治。,,,
取缔人行道上违规设置的停车场点,待回复,城建 投诉,y***,2018-09-2513:36,长宁区区长顾洪辉，你好：   反映长宁区虹桥路1488号的高架下确已设置停车场点，部分车主将车停留在人行道和盲道上，给市民出行造成了不便。人行道是供人行走的，不是给作停车场的……？希望长宁区政府关注此违规行为，取缔人行道上违规设置的收费停车场点，以良好的形象迎接国际博览会举办！ ​​​​,,,
两处违规户外广告何时才能拆,待回复,城建 投诉,y***,2018-09-2214:48,长宁区区长顾洪辉，你好：    反映长宁区新泾镇两处违规户外广告，一是剑何路429号楼顶有多处违法户外广告；二该西郊百联购物中心（仙霞西路88号）楼顶有多处违法户外广告。二处大型户外广告设置年限已久，剑何路429号该大楼上安装着大广告牌，四周都是交通要道和居民区，西郊百联购物中心（仙霞西路88号）装着大广告牌，周边都是交通要道，购物中心人流量大，大风一刮非常的危险，市民对这个巨大的公共安全隐患防不胜防。存在严重的安全隐患。户外广告牌砸伤人事件频繁发生，让其中虽有天灾，但也不乏人为因素，年久失修无人维护，私自设立广告牌等种种原因，不仅影响着市容市貌、破坏城市现代文明，还日益威胁着 无辜者的生命，成为公共安全新的隐患      希望长宁区政府根据本市户外广告专项整治方案要求，在国际博览会前，对影响城市形象的二处违法楼顶户外广告依法予以拆除，保障行人的安全，切实提升长宁区城区形象。,,,
人行道上设置停车场影响路人行走,待回复,城建 投诉,y***,2018-09-1218:25,    反映长宁区虹桥路1488号（纺织控股公司）门前的高架下确已设置停车场点，有的车主把车停留在人行道盲道上，给市民出行造成了不便。人行道无疑是留给行人的，请问？谁有权同意在上街沿上违规设置停车场的？希望长宁区政府整治人行道乱违规停车现象，取缔这无证停车场点，把公共道路让出来，还路于民。,,,
户外广告牌存在安全隐患,待回复,城建 投诉,y***,2018-09-1016:01,长宁区区长顾洪辉，你好：     上海市长宁区新泾镇两处违规户外广告，一是剑何路429号楼顶有多处违法户外广告；二该西郊百联购物中心（仙霞西路88号）楼顶有多处违法户外广告。二处大型户外广告设置年限已久，剑何路429号该大楼上安装着大广告牌，四周都是交通要道和居民区，西郊百联购物中心（仙霞西路88号）装着大广告牌，周边都是交通要道，购物中心人流量大，大风一刮非常的危险，市民对这个巨大的公共安全隐患防不胜防。存在严重的安全隐患。户外广告牌砸伤人事件频繁发生，让其中虽有天灾，但也不乏人为因素，年久失修无人维护，私自设立广告牌等种种原因，不仅影响着市容市貌、破坏城市现代文明，还日益威胁着无辜者的生命，成为公共安全新的隐患。如今，在高楼林立的都市中，高空坠落物现象越来越多，轻则受伤，重则夺命。对于屡见不鲜的高空坠物事件，就像一颗颗炸弹时刻威胁着市民的生命和财产安全。近期黄浦区南京东路132号一商店店招脱落，砸中9人，这一血的教训，应引起有关部门领导的高度重视。希望长宁区政府根据本市户外广告专项整治方案要求，在国际博览会前，对影响城市形象的二处违法楼顶户外广告依法予以拆除，保障行人的安全，切实提升长宁区城区形象,,,
8.11携程四钻加拿大游酒店卫生不达标,待回复,旅游 投诉,W***,2018-09-0710:19,方女士一行3人在上海携程国际旅行社有限公司报名参加四钻加拿大游，行程日期：8月11日-8月24日，费用：共102228元。方女士表示:1、其8月20日-8月23日入住了桑德曼特色温哥华机场度假酒店（Sandman Signature Vancouver Airport Hotel & Resort）306号、308号房，其第一天晚19：30到店，直至22:00才入住，作为一家国际酒店，携程上规定入住时间是15:00之后就可以入住，结果到了酒店，酒店傲慢回复所有客房都没打扫过，于是等到22:30酒店所谓打扫好才让我们入住，结果入住后发现床单未换且有前客户使用所留下头发、口红印等脏物，且马桶有大便未冲掉，这是携程四钻旅游线路应该配备的酒店嘛!不能按时入住，入住后发现卫生条件根本达不到入住标准。半夜23:30左右有不明身份的人狂砸门，一路砸过去，其认为该酒店存在人身安全隐患，后经同团旅游的人说是醉汉，该酒店是有梯控的，半夜醉汉怎么能上电梯砸门呢？2、该酒店的住宿环境、条件和服务质量，管理与携程做宣传的旅游产品线品质标准完全不符合，与行程中其他同级酒店相比完全不达标，甚至不如行程中的汽车旅馆的卫生条件，管理服务标准。虽然酒店事后也很敷衍的表示了歉意，携程领队也很真诚道歉，但是由此造成后续旅游很大影响。温哥华如此差的酒店，携程还在今日头条上做美化的虚假宣传。诉求:携程应针对该酒店对后四钻加拿大游后续影响给予赔偿。,,,
作为武夷路347号同住人至今未看到动拆迁合同,待回复,城建 投诉,W***,2018-09-0620:19,作为武夷路347号同住人，曾经到动拆迁办要看动拆迁合同以及该地块动拆迁政策法规文件，该经办人说去找承租人，承租人也不肯拿合同和相关政策法规来看，现在作为同住人连动拆迁的知情权都被动拆迁办剥夺了，还与承租人来回踢皮球。诉求:就是能看到动拆迁完整合同和该地块动拆迁相关法律法规。谢谢。,,,
整治违规破墙开门,待回复,城建 投诉,y***,2018-08-2616:36, 长宁区区长顾洪辉，你好：    长宁区程家桥街道程桥二村1号外面门卫室违规破墙开门，擅自改变房屋使用性质，不仅破坏了房屋结构，造成安全隐患，还影响周围环境。希望有关部门按照“五违四必“精神，对这处违规破墙开门，擅自改变房屋使用性质违章建筑在进博会前依法予以拆整治，依法砌墙“封门”，恢复房屋原状，让城市市容秩序更加规范，城市环境更加整齐。,,,
户外广告牌存在安全隐患,待回复,城建 投诉,y***,2018-08-1408:11,长宁区区长顾洪辉，你好：    反映长宁区两处违规户外广告，一是剑何路429号楼顶有多处违法户外广告（如：如家酒店、布丁酒店连锁、火龙果KTV）；二该西郊百联购物中心（仙霞西路88号）楼顶有多处违法户外广告。二处大型户外广告设置年限已久，剑何路429号该大楼上安装着大广告牌，四周都是交通要道和居民区，西郊百联购物中心（仙霞西路88号）装着大广告牌，周边都是交通要道，购物中心人流量大，大风一刮非常的危险，市民对这个巨大的公共安全隐患防不胜防。存在严重的安全隐患。户外广告牌砸伤人事件频繁发生，让其中虽有天灾，但也不乏人为因素，年久失修无人维护，私自设立广告牌等种种原因，不仅影响着市容市貌、破坏城市现代文明，还日益威胁着无辜者的生命，成为公共安全新的隐患。如今，在高楼林立的都市中，高空坠落物现象越来越多，轻则受伤，重则夺命。对于屡见不鲜的高空坠物事件，就像一颗颗炸弹时刻威胁着市民的生命和财产安全。昨晚黄浦区南京东路132号一商店店招脱落，砸中9人，这一血的教训，应引起有关部门领导的高度重视。希望长宁区政府根据本市户外广告专项整治方案要求，有关部门要尽快将其纳入拆除计划，在国际博览会前，对影响城市形象的二处违法楼顶户外广告依法予以拆除，保障行人的安全，切实提升长宁区城区形象。,,,
违法户外广告依法予以拆除,待回复,城建 投诉,y***,2018-08-0109:42,长宁区区长顾洪辉长宁区剑何路429号楼顶有多处违法户外广告（如：如家酒店、布丁酒店连锁、火龙果KTV），该大楼几处大型户外广告设置年限已久，且未及时有效维护，这楼顶多处违法户外广告存在严重的安全隐患。希望长宁区政府尽快在国际博览会前，对影响城市形象该楼顶多处违法户外广告依法予以拆除。 ​​​​,,,
关于武夷路290弄阳光征收“照阴霾”,待回复,城建 投诉,H***,2018-07-1807:59,区委领导，您好！ 我是上海市长宁区武夷路290弄5号居民。2016年12月我们收到区政府对290弄4号、5号作为一级旧里改造试点基地的征收通知，我们全体41户居民都欢呼雀跃，心存感激。同时作为一级旧里征收的还有武夷路337弄、305弄和长宁路678弄以及镇宁路405弄32-40号，项目一起启动，只是签约时间分先后。 动迁组开会时告知我们，因为作为一级旧里，区政府规定是需要全体征收居民100%的签约率才能启动征收决定。 但是对面337弄305弄和镇宁路405弄和我们相同情况，却90%的通过率。真是阳光征收照阴霾！为此对面三个弄堂都顺利搬迁了，而我们290弄第一批启动，却至今未搬。 2017年12月28日我在区信访办的信件投诉过此事。此事至今仍未解决。现在区里房管所同志说，是因为市里觉得我们的动迁款过高（注意，我们的动迁补偿条件和搬走的337弄305弄一样），所以搁置至今。我想问问领导，究竟何为阳光政策？公开公平公正为什么到我们这里就没有办法得到体现？为何本来开心的事情，为居民办实事好事的事情，现在弄得39户人家，天天疲于奔波，而且被各部门像踢皮球一样踢来踢去，大家真的非常气愤！一年半了，这个事情究竟要拖到几时解决？望290弄征收事件为各位干部敲响警钟！领导们能强化“等不起”的紧迫感、“慢不得”的危机感、“坐不住”的责任感。盼我们290弄老百姓只是要求公平公正公开对待，区办事员老是找借口来搪塞我们，那些因为征收款过高市里通不过都借口我们都觉得可笑，难道这个征收补偿条款不是区里事先批下来的并在网上公示过的吗？我们不想爆粗口，我们始终对我党有信心，也请党能为百姓办实事，事已至此，有些百姓甚至认为是动迁款项被挪用了，我不相信没有证据的猜测，但是也请党给我们信心，为290弄没有马桶的危房旧区改造进行到底。为大部分老百姓谋福利，不能因为少数人（2家居民没有同意所以没有100%通过）不合理的要求，而牺牲大部分群众的利益。望尽快的，用真正的阳光政策，公平公正的解决好武夷路290弄的征收问题！到今天为止又半年过去了，望投诉之路遥遥有期~,,,
人行道上设置停车场影响路人行走,待回复,城建 投诉,y***,2018-06-2710:42, 长宁区区长顾洪辉，你好：长宁区虹桥路1488号旁的上街沿被圈成停车场 有的车主把车停留在人行道盲道上，？？？？给市民出行造成了不便。听说此上街沿经区什么部门批准作为收费停车场。人行道无疑是留给行人的，请问？谁给的权同意在上街沿上违规设置停车场的？国家博览会即将在上海举办，希望长宁区政府整治人行道乱违规停车现象，把公共道路让出来，还路于民。,,,
老洋房上有违章建筑,待回复,城建 建言,y***,2018-06-0507:39,长宁区区长顾洪辉，你好：反映长宁区虹桥路1702号二楼洋房上有一塑钢门窗违章建筑，门面也是违章。国际博览会即将在上海举行，虹桥路是城市形象窗口，这违章建筑严重地影响市容市貌。希望有关部门依法拆除这一违章建筑，恢复老洋房的原貌。 ​​​​,,,
这大型违规户外广告何时才能拆,待回复,城建 投诉,y***,2018-05-0211:19, 长宁区区长顾洪辉，你好：    反映长宁区虹桥路１４８８号 上海纺织疗养院房顶上有1处大型违规户外广告，随着年久固定的铁架开始锈蚀，存在安全隐患。立面环境是一座城市形象的重要展示窗口，体现着城市的品位和形象，这违规设置的广告牌不仅影响了市容美观，更存在一定的安全隐患。请问：这大型户外广告牌什么时候才能拆除？希望长宁区政府切实整改，开展排查，依法组织拆除位于上海纺织疗养院房顶上的大型户外广告，最大限度消除该处户外广告的安全隐患，为“迎接国际博览会顺利在上海举办”提供良好的城市形，改善上海长宁区城市的市容市貌。,,,
虹井路996号这段人行道窄到令人不能走,待回复,城建 建言,y***,2018-04-1207:32,长宁区区长顾洪辉，你好：   人行道是供人行走的，可有这样一条人行道只能供一个人通过，这样的人行道肯定让你崩溃。但长宁区虹井路996号（虹桥路虹井路口）这段马路人行道非常狭窄只能容一人通行，市民过往十分不便。行人只得从非机动车上走。这里近上海动物园，双休日、节假日人流量较多，窄小的人行道把行人都“逼”上了慢机动车道，导致“人车混行”现象非常严重，给周边群众（尤其是盲人）出行带来很大不便。给行人（尤其是盲人）行走带来了安全隐患。希望相关部门积极协商，采取拆除部分绿化带，对人行道进行拓宽的方案，并把这问题纳入政府规划之中去。市民亟盼早日拓宽这段人行道。,,,
拆除沿街违章搭建的玻璃房,待回复,城建 投诉,y***,2018-03-1607:38,反映长宁区仙霞街道仙霞路686号左边沿街有一违章搭建的玻璃房，这明显的无审批的违章搭建的玻璃房，严重影响市容市貌也影响长宁区全国文明城市的形象。对于市民的呼声，希望长宁区政府积极调查，仙霞街道执法部门必须按照《实施》精神，尽快依法拆除这影响城市景观的“存量违建”——玻璃房。,,,
一个找工作，背上上万网贷的穷人,待回复,就业 求助,帅***,2018-03-0415:53,区长您好！我是一名刚入社会的青年，在2016年8月份，被一家公司以招聘的手法诱骗至长宁区延安西路875号，以工作报酬丰厚为由，骗我与他们公司签订就业协议。在他们公里培训。协议显示，培训完成，月薪不低于5000快。但是培训是有偿的，我说没有那么多钱，他们就让我在他们推荐的一家名叫课栈网贷公司贷款，现在工作没有，却身负万元巨款。无法偿还。请您可以帮帮我。活不下去。,,,
门面违建玻璃房须尽快拆除,待回复,城建 投诉,y***,2018-02-0411:32,长宁区仙霞路686号左边有一违章搭建的玻璃房，严重影响市容市貌也影响长宁区全国文明城市的形象。对于市民的呼声，希望长宁区有关部门积极调查，如认定为违法建筑，必须尽快依法拆除这影响城市景观的“存量违建”——玻璃房。 ,,,
拆除私设栏杆现象,待回复,城建 投诉,y***,2017-12-2212:57,反映长宁区虹井路868号宝京足道店门口的人行道上违规私设栏杆。严重地影响长宁区全国文明城区形象。希望长宁区有关部门整治宝京足道店门口的人行道上违规私设栏杆，尽快拆除私设栏杆现象。,,,
拆除违章搭建的玻璃房,待回复,城建 投诉,y***,2017-12-2107:56,反映长宁区仙霞路686号左边街面有一违章搭建的玻璃房，严重影响市容市貌也影响长宁区全国文明城市的形象。对于市民的呼声，希望长宁区政府积极调查，如认定为无证违法建筑，必须尽快依法拆除这影响城市景观的“存量违建”——玻璃房。 ​​​​,,,
门面违建玻璃房须尽快拆除,待回复,城建 投诉,y***,2017-12-2008:14,反映长宁区仙霞路686号左边有一违章搭建的玻璃房，严重影响市容市貌也影响长宁区全国文明城市的形象。对于市民的呼声，希望长宁区有关部门积极调查，如认定为违法建筑，必须尽快依法拆除这影响城市景观的“存量违建”——玻璃房。,,,
门面违建玻璃房须尽快拆除,待回复,城建 投诉,y***,2017-12-1519:45, 长宁区区长顾洪辉 ，你好：反映长宁区仙霞路686号左边有一违章搭建的玻璃房，严重影响市容市貌也影响长宁区全国文明城市的形象。对于市民的呼声，希望长宁区有关部门积极调查，如认定为无证违法建筑，必须尽快依法拆除这影响城市景观的“存量违建”——玻璃房。,,,
依法拆除违章户外广告公司招牌,待回复,城建 投诉,y***,2017-12-0210:41, 长宁区区长顾洪辉，你好：反映长宁区虹桥路１４８８号 上海纺织疗养院房顶上有1处大型违规无证户外公司招牌，随着年久固定的铁架开始锈蚀，存在安全隐患。这户外广告设施不仅破坏城市景观和街头风貌，还污染人们的视觉神经。违规广告牌不仅影响城区市容市貌，还存在极大的安全隐患。请问：这大型户外广告牌什么时候才能拆除？【上海市长宁区网格中心】反馈，经执法局认定，上海市虹桥路1488号上海纺织屋顶设施并非户外广告而是其公司招牌，至于安全问题我局已要求上海纺织方面提供安全年检报告。请问：无审批的“户外广告公司招牌”算不算户外广告公司……？    希望长宁区政府切实整改，开展排查，依法组织拆除位于上海纺织疗养院房顶上的大型户外广告公司招牌，最大限度消除该处户外广告的安全隐患，改善上海城市的市容市貌。,,,
人行道被房占据 影响路人通行,待回复,城建 投诉,y***,2017-08-2016:06,上海市长宁区虹井路996号这段人行道被一个老破旧的小房子占据，人行道窄到令人不能走，行人只得从非机动车上走。这里近上海动物园，双休日、节假日人流量较多，公交车站上下客人山人海，把行人都“逼”上了慢机动车道，造成人车混行。这房占住人行道既妨碍路人通行，也影响城市市容市貌，给行人（尤其是盲人）行走带来了严重安全隐患。希望市交通委牵头，协调相关部门，把这问题纳入政府实事工程之中去，不要推卸责任，尽早将其老破旧的小房子早日迁走。市民亟盼政府早日拓宽这段人行道。 ,,,
人行道窄到令人不能走,待回复,城建 投诉,y***,2017-08-1816:07, 长宁区虹桥路2376号（虹桥路虹井路口）这段马路被一个老式破旧的小房子不偏不倚的竖在人行道上，人行道窄到令人不能走。行人只得从非机动车上走。这里近上海动物园，双休日、节假日人流量较多，把行人都“逼”上了慢机动车道，人车混行，这房占住人行道既妨碍路人通行，也影响市容，给行人（尤其是盲人）行走带来了安全隐患。希望相关部门协调，并把这问题纳入政府规划之中去，将其早日迁走。市民亟盼早日拓宽这段人行道。,,,
共享单车乱堆放,待回复,城建 投诉,匿***,2017-08-1513:44,最近发现长宁区曹家渡附近，从隆德路桥下到曹家渡花鸟市场，多处出站共享单车堆积成山现象。明显是人为故意堆放。希望有关部门能管下。,,,
楼顶违建 安全隐患多,待回复,城建 投诉,y***,2017-08-0916:45,反映长宁区虹梅路3888弄延北小区1号、3号、5号、7号、9号、17号、19号等一些小区业主在顶层公共空间搭建了砖混结构的房屋和玻璃房，楼顶搭建均未办理任何审批手续，属于违法建设。楼顶天台在许多楼房中还是消防通道的一部分，万一住宅发生火灾时，楼顶肩负着人员疏散的重要作用，居民私自加盖房屋会侵占疏散面积，势必会影响疏散效率。因此逃生通道被堵，无疑隐患重重。同时，在楼顶加盖，会增加整栋楼的压力，对其他业主的生命财产安全造成了严重的威胁。相关部门表示，在房屋建成后，擅自改变房屋用途和结构，将会影响整栋楼的承重和房屋结构，带来安全隐患。希望长宁区政府区长顾洪辉关注此事，尽快依法将这些违法建筑予以全部拆除。,,,
黄梅季到来白蚁泛滥 危害居民建筑安全,待回复,环保 求助,z***,2017-06-1215:17,每年天气转暖，临近梅雨季节之时，夜晚就有大量白蚁出动。发现地点包括公共街道，小区，尤其是靠近苏州河的小区，白蚁大量飞入小区居民家里，即使20层以上的高层居民楼也不能幸免。给居民生活带来极大不便，也对建筑物安全造成隐患。希望政府有关部门采取有力措施，灭杀白蚁，给长宁市民一个安心的夏天。,,,
中山公园内双休日广场喇叭分贝达扰民休息的程度,待回复,治安 投诉,匿***,2017-05-0810:01,你好，我是中山公园附近的上班族，中山公园的免费开放无疑是一件好事，可周六周日唯一两天的休息时间，公园里的老爷爷老奶奶跳舞经常使用大型喇叭等扩音装置，声音响彻附近居民楼，已达到严重扰民的程度，公园里设有分贝牌，可是也无专门人员制止这些噪音，形同虚设，平时工作已十分疲惫，周日又是噪音扰民，实在让人心烦意乱，希望有关部门严加政治，通过中山公园附近违章建筑的政治看出政府还是很注重的，希望不只是汽车禁止鸣笛，而且对扰民的地区严加管制,,,
宠物扰民,待回复,治安 投诉,朋***,2017-05-0416:40,区长你好   虹古路270弄3号403室4年多来养了一只天天尖叫鸟，每天清晨4，5点钟开始尖叫一直到傍晚才安静，每天早上都被吵醒，白天也一直尖叫，以至于窗门也不敢开，上星期投诉给这里的户籍民警，安静了2天，这几天又开始尖叫，恢复往常。严重影响干扰我们邻居的正常生活和休息。根据治安条例75条，干扰影响到邻居的，可以警告和罚款，以及根据相邻权的有关条例，希望领导能有效，长效的进行管理和制止。谢谢区长领导。,,,
安化路违章建筑,待回复,环保 投诉,匿***,2017-05-0313:27,安化路违章建筑刚刚拆除，围墙还未完全砌好，墙内又有违章建筑开始搭建且有工作人员参与其中，根本性的违反了政府拆除违建的宗旨，希望政府把事实办到实处！一拆一建不如不拆！！！,,,
长宁路半夜修路扰民,待回复,城建 投诉,匿***,2017-04-2411:57,长宁路华阳路这两天半夜修路，除了机器声音外还鸣笛，影响老人孩子休息及身体，请区长关心一下这个问题，谢谢！,,,
重拳出击整治违章搭建,待回复,城建 投诉,匿***,2017-03-1813:52,长宁区黄金城道723号右边门面，有一玻璃房是无证违章搭建的房，被违规租借经营，店家又把排烟出口设置在门口，排烟味严重地影响到楼上住户的生活。违章搭建的无证玻璃房，给黄金城道整体带来非常大的负面影响。其一：行人行走不方便，；其二：用作厨房的玻璃房，油烟直排，污染了周边的环境。希望长宁有关部门要大力整顿，坚决依法尽快拆除这一违建玻璃房，还我们一个整洁，美观的居住环境。,,,
关于北翟路与长宁路的临时路况,待回复,交通 投诉,匿***,2017-03-1410:11,区长您好：关于北翟路与长宁路修路路段，我们市民是理解和支持的态度，但是修路对一些路口的损坏缺少提示及临时修补措施，导致来往车辆躲避不及极容易引起交通事故和车辆损伤。希望区长百忙之中为该区域进行调整。  辛苦区长。,,,
空调外机噪音让人夜不能寐,待回复,环保 投诉,匿***,2017-03-1009:51,尊敬的领导，我是昭化东路200弄居民。 在我家对面的嘉里华庭二期最北面的一幢楼的空调外机噪音非常大。据我个人非专业设备测量普遍在90-120db左右。严重影响了我们这边居民晚间的休息。之前已经通过12345市民热线投诉过两次。通过居委会也已向对方物业提出过多次  但此问题已长期维持了近几个月的时间了仍然得不到解决。最后一次我拨打了110报警电话。民警到场后也向物业提出了建议。而对方物业值班人员一直称也经常保修空调。但修不好我们也没有办法。我们实在难以接受这样的回答。 难道说一句空调修不好我们就只能继续这么忍受下去了吗。这样的噪音让我们最为基础的睡眠权利都得不到保证，每天由于睡眠问题工作状态都得不到保证。,,,
关于尽快启动上海动物园港湾式综合公交站的改建,待回复,城建 建言,匿***,2017-01-1116:36,关于尽快启动上海动物园港湾式综合公交站的改建的建议    反映长宁区虹桥路2381号上海动物园对面公交终点站一大片空地改造了这多年，至今没有看到此改造港湾车站工程的时间表，空关了这么多年，白白浪费了国家的资料，也给去动物园的游客就近上下车带来不便。双休日、节假日许多社会车辆都被临时停留在动物园周边的马路上（划有黄线，属于违规停车），严重地影响动物园周边的交通畅通，也让骑车人带来了安全隐患。    为创造长宁区虹桥路动物园段快捷、安全的候车环境，方便乘客和游客候车，建议长宁区政府协调相关部门加快对上海动物园公交车港湾式综合公交终点站改造。改造后港湾式综合公交终点站有停车场，可以停留许多车辆，这样大大缓解动了上海物园周边停车难问题。希望长宁区政府领导关注此民生建设问题，为巩固长宁区全国文明城区称而共同努力！,,,
人行道窄到令人不能走，何时拓宽,待回复,城建 投诉,匿***,2017-01-0716:45,       上海长宁区虹桥路2376号（虹桥路虹井路口）这段马路由于一房屋挡道，人行道窄到令人不能走。这里近上海动物园，双休日、节假日人流量较多，把行人都“逼”上了慢机动车道，人车混行，给行人（尤其是盲人）行走带来了安全隐患。希望相关部门拆迁这挡道的一房屋，并把这问题纳入今年区规划之中去，市民亟盼早日拓宽这段人行道。,,,
违法在漆有禁止停车黄色线设临时停车点,待回复,交通 投诉,匿***,2016-11-1415:52,【违法在漆有禁止停车黄色线设临时停车点】 反映上海市长宁区 虹桥路（龙柏饭店～哈密路）一段机动车道和非机动车车道台阶漆有禁止停车黄色线，按规定漆画黄实线区域禁止停车线的路段，是不可以停车，不允许靠边停车。违者将按照交通法规定处以200元罚款、驾驶证扣3分的处罚。但长宁区有关部门同意双休日和国假日在此段漆有禁止停车黄色线路面违规设置临时停车点，已严重地违反交通法规，希望交警部门纠正这一违反交通法规的行为。,,,
公交车站人行道太窄,待回复,城建 投诉,匿***,2016-10-3016:38,    上海长宁区虹桥路程家桥925路、57路和936路车站两边车站的人行道太窄小了，该车站高峰时间候车的人流量很多，窄小的人行道给乘客候车和行人行走都带来了不便，存在着安全隐患问题。希望有关部门把后面的空闲地让点出来供公交车站使用。,,,
关于新注册公司信息泄露事宜,待回复,政务 建言,匿***,2016-10-2715:56,顾区长，您好。    百忙之中打扰您。    我是一家企业的员工，去年为企业注册公司时，刚办理完营业执照，我公司的信息及联系方式便泄露，手机收到大量的垃圾电话，其中不乏是做账和开票的电话，其中还有骗子的电话，冒充税务局专管员购买开票机，导致公司损失3590元。我已在天山派出所报案，我告知民警我认为是工商部门泄露了我司信息，但民警坚持认为不是，等我拿出相关证据时民警才接受我的报案，但至今无结果。我希望如果是工商部门泄露了公司信息，必须内部自查，堵截源头。,,,
希望尽快驱逐无证烧烤摊贩,待回复,环保 投诉,希***,2016-09-1816:06,长宁区定西路从晚上11点钟到凌晨6点钟有两三个无证烧烤摊贩扰民，每天晚上刺鼻的油烟味和食客的大声喧哗声让我们没法好好休息，已经投诉了无数次了，，希望领导帮我们早日解决问题，还我们一个安宁的休息环境。,,,
几千平方新建违章建筑请快拆除,待回复,环保 投诉,匿***,2016-09-0109:37,"原徐虹铁路原址,中山西路至古井路之间，从今年5月至今撘了几千平方的违章建筑，准备开花鸟市场，长宁虹桥街道城管参与过，现在又不管了，推给徐汇区，但到8月还是长宁的上水抢修车开来为此处开水管头子。这种大面积的违章建筑出现，是否会影响长宁区今年全国文明城区复查呀。",,,
持居住证积分的外地户口特殊儿童入幼儿园问题,待回复,教育 咨询,匿***,2016-08-3016:08,尊敬的领导，您好！我是持居住证积分外地户口，我家女儿3岁半，是一名特殊儿童，今年5月份通过区统筹划分到长宁区茅台路茜茜幼儿园，但是因孩子是特殊幼儿被幼儿园拒收了。今年5月份幼儿园报名的同时，我也去了长宁区特殊幼儿园虹古三幼儿园，同样也是被拒收了。我们希望孩子能有机会在幼儿园融合。早期的融合教育对于特殊儿童真的非常重要。望领导能百忙之中关心一下特殊幼儿的上学问题，非常感谢！,,,
西郊柏盛苑大门口违法破墙开门：,待回复,城建 投诉,y***,2016-08-1919:16,长宁区区长 ——顾洪辉西郊柏盛苑大门口违法破墙开门：反映上海长宁区 虹井路889弄2号西郊柏盛苑大门口沿街原房屋，长期以来为了便于从事商业经营活动，违法破墙开门非法出租他人使用(房屋中介)。违反《中华人民共和国城乡规划法》擅自将房屋破墙开门，拆窗改门，不但严重危害房屋结构安全，严重破坏和影响市容环境，对【长宁区网格中心】回复不认可【您好，您编号为WZ20160805076502的事项已经办理完毕，现将办理意见答复如下：上述地址不存在破墙开门，是否改变物业使用性质不归城管管辖（此处有门牌号，说明不存在改变物业使用性质）。】希望长宁区有关部门按照《实施》精神，以“五违四必”治理工作为重点，集中力量坚决依法拆除西郊柏盛苑大门口破墙开门违规行为，消除随意改变物业使用性质等违法行为。恢复了墙体原貌，消除了安全隐患，提升了市容环境质量。,,,
拆除违规临时房,待回复,城建 投诉,y***,2016-07-2815:50,     长宁区延安西路3298号一段商铺原是铁路专用线，拆除后按规定应种植绿化，美花环境。但不知什么部门同意在此违规建造二层楼房。临时证可以搭建二层砖结构房的吗。现在全市都在轰轰烈烈拆违章建筑房，这临时房也属于违章建筑，应依法拆除。拆除后按规定应种植绿化，应还绿。,,,
上海虹桥机场噪音扰民,待回复,交通 求助,匿***,2016-07-1419:59,从2016年4月至6月期间，上海虹桥机场上百上千架次飞机路径水城路449号附近上空，噪音宏大，最糟糕的时候频率每间隔30秒有一架飞机，有时候抬头可见机身（民航飞机和部分直升飞机）。造成我们地区大量老年人心率失常，住院，配药，甚至多次120急救。我们退休工人早上、中午、晚上、深夜、凌晨24小时7天全都休息不好。麻烦专业人士按照国家相关标准范围对我们所属地区的噪音情况进行检测核实和监管。,,,
的士宰外地游客,待回复,交通 建言,匿***,2016-06-2412:23,我们是内蒙古游客，下飞机已经12点了，出来后顺序排到乘坐出租车，由于网上询问过都说起步价就可以到达机场附近的莫泰酒店。由于相信大城市素质，我们直到计价表跳上三十才询问还有多远，司机借口听不懂我们讲什么，（虽然我们是少数民族地区，可是我们普通话二甲好吗？！我们内蒙古都普通话普及了，您听不懂有点说过不去吧？）绕了一圈回到T2航站楼又行进至莫泰酒店，一共41元。（鉴于网上太多司机伤人事件并没敢当面揭穿，来到酒店大堂经理说黑车也就二三十。）我们虽然没来过可是认识字好不啦？！手机里还有高德地图可以吗？慕名而来的大城市一下飞机就这样给我们上演一出拐弯抹角赚大钱，真的好吗？相信遭宰的不止内蒙古人民吧？对于这样打着正规出租车名号宰外地人的的士，是不是该管管了？,,,
改建工程,待回复,城建 求助,匿***,2016-06-0114:20,我家是长宁区茅台路200弄小区，至今已50年了还是合用卫生间，对于我们老年人来说洗澡很不方便，现在上海市提出为民生服务，其它区都在改造，不知你们怎么想的。,,,
交通大整治中的短板,待回复,交通 建言,匿***,2016-05-3114:29,顾区长您好，这次交通大整治大家都有目共睹，效果明显，公安同志很辛苦！现在望望大马路次序井然，赏心悦目，然而也有一些所顾及不周的地方，例如，很重要的小马路；还有装建筑垃圾等重型车子，东西装得很多，盖子盖不紧，东西往下掉。先说一下很重要的小马路，像万航渡路，从娄山关路口起，到曹家渡，因为长宁路上红绿灯多，又堵，车子往万航渡路上开的很多，到中山公园和曹家渡很方便，然而在万航渡路上人流密集地区，像强家角桥到娄山关路口大概200米多，交通次序不好，机动车时不时地停在马路边，给过往的车辆以及非机动车带来不便不安全，本来万航渡路就狭小，还有非机动车随意停在马路边，不停在规定的区域里，把狭小的万航渡路占去了一部分，靠近强家角桥那头比较厉害，造成行车不便不安全，经常看到有好几位警察同志在娄山关路口执勤，然而就忽视了里面的狭小的人流密集的车子繁忙的万航渡路，这些就是交通大整治中的短板，大马路固然重要，繁忙的小马路也要重视，大动脉和毛细血管同样重要。还有华东政法大学那里，人流密集，车子繁忙。希望上海交通越来越好，通过严厉的超常规的全覆盖的大整治，让人们养成上路的好习惯，长宁的明天，上海的明天会更美！！谢谢。,,,
出租车司机因路程短蛮横拒载。,待回复,交通 投诉,匿***,2016-05-1111:27,银建出租车公司 车牌号沪A FM6817 在5月10日晚间9点 本人于红松东路元一大厦门口拦车 司机询问我到哪里 我答 吴中路桂林路 距离上车点1公里多。司机拒载 态度蛮横 我告知拒载会投诉后，司机强硬回答 ：没吃饭要吃饭 。 据本人推理，上车地点处为古北高档住宅 附近有希尔顿酒店，即使要吃饭也要到宋园路差不多，所以出租车司机极有可能是因为路程短拒载我，吃饭只是借口。真的要吃饭根本不会问我去哪里了。,,,
无证违规建筑房,待回复,其他 投诉,y***,2016-04-2316:00,上海虹桥机场空港六号1号(迎宾八号头上起～8号)一段房，都是无证违规建筑房，违规彩钢复合板又建在河道内，给清理河道又带来了不便。希望有关部门按照《实施》精神，尽快拆除这段无证违建房。,,,
泉口路为何设立单行道,待回复,交通 建言,匿***,2016-04-0910:25,泉口路（哈密路与林泉路）之间为何设立单行道？双行道可以缓解由林泉路右转至哈密路的交通压力，不知道为什么设立单行措施,,,
露天卡拉ok噪音扰民,待回复,环保 投诉,匿***,2016-02-1514:43,顾区长您好 ；位于虹古路水城路的街心花园，每天天黑后，有人三轮车载着全套ktv音响设备，供人高声唱歌，可能是有偿服务.四周是居民住宅，高音喇叭严重干扰居民正常生活，强烈要求政府把他驱离，还居民一个安静的环境.谢谢区长.,,,
处置烂尾楼,待回复,环保 投诉,匿***,2016-02-1013:52,长宁路遵仪路口的一处烂尾楼大约有十年了，围垟占了大半人行道影响通行，为何不拆？这后面是否有什么文章？,,,
十号线伊犁路大量公共自行车闲置路边公民无法使,待回复,交通 求助,匿***,2015-08-0708:38,尊敬的领导您好！我是一名普通的上班族，每天乘坐十号线，该线伊犁路出口有五十多辆闲置的公共自行车，用绳子联排绑在一起，风吹日晒，周边办公楼的员工和居民却申请不到公共自行车的卡片，客服说已经不再发卡了。求您帮我们解决这个难题，让想骑车的人有车骑，让大家真正能够享受到政府的惠民工程，感激不尽,,,
路边菜场问题已经困扰多年,待回复,其他 投诉,匿***,2015-06-0510:11,谢区长您好，我是家住番禺路209弄6支弄的居民，我们小区门口就是209弄的弄堂，多年来，已经成为了一个无人管理的菜场，除了下雨天以外，几乎每天从早到晚都被小商小贩办的满满的，别说开车出行，早上下班高峰期就连走出去都很拥挤，特别到了夏天污水横流，臭气熏天，让人无法忍受，到了深夜又会有两三个烧烤摊在这里落伍，味道非常的呛鼻！城管有时候也会来管，力度大点会稍微好点，但有时也会在一旁视而不见！我们小区也联名写过投诉信，但到现在没有明显的改观，整条番禺路环境优美，只有我们这里脏乱差，往能得到区长的重视！,,,
废品堵大门，居民出行难,待回复,城建 投诉,匿***,2015-04-2609:28,区长同志，你好！在长宁区中山西路1432弄虹南小区门口有一废品回收人员违法占用小区门口道路，此处问题严重影响了小区居民的出行，还导致多次交通事故以及救护车难以进入。小区居民一年来多次向长宁城管投诉，均未得到解决。长宁城管相关人员多次以历史遗留问题为由拖延处理，拒绝对其违法行为进行处理。不知这一情况究竟何时能解决！,,,
老虎机,待回复,三农 咨询,匿***,2014-12-2913:35,仙霞路水城路路口世佳游戏厅有大量赌博机，害了无数的人,,,
长宁区党校,待回复,其他 投诉,匿***,2014-07-3110:15,求助区长：我们是住在长宁区党校的外围，但是他们的电灯是整夜的开着，里面到底是干什么的？我们也不知道可是我们的家里晚上也不用开灯了，但是我们两人都是身体不好的，夜里无法入睡，今天去问了一下，可是他们嘴里都不干净还不如我们老百姓，施工到现在还没有关灯，今天还安装了两个小太阳，让我们怎么过,,,
越来越好,待回复,其他 国美活动,匿***,2013-12-2317:01,希望长宁区在您的带领下越办越好，生活越来越好,,,
依托虹桥发展长宁,待回复,其他 国美活动,匿***,2013-12-2017:12,致力于开发大虹桥地区，使长宁区发展更为强大，更加璀璨,,,
