大场镇经纬涵青学府河道发臭,待回复,城建 投诉,c***,2019-11-2918:07,经纬涵青学府小区内河道发臭严重，从今年夏天开始就出现，并各种途经反应了多次，一直没有有效治理，严重影响周围居民身心健康，而且河道边上还有一个幼儿园。几个月前大场镇镇长在小区内答应19年12月底治理完毕，但到现在一点动作没有，臭味依旧存在，经咨询现在又推脱说到明年6月底处理完毕。关键到现在一点实质性的动作没有，,,,
上海太亿家具有限公司,待回复,企业 投诉,相***,2019-11-2709:50,宝山区太亿家具有限公司拖欠员工工资已经四个月了。上千人的厂四个月没发工资已经涉及资金几千万了。希望宝山区委书记能把这个事情重视一下。马上年底了。严查不发工资的事情。干活的车间粉尘大的严重。环保严重超标,,,
NICE app严重欺诈消费者,待回复,企业 投诉,蜡***,2019-11-1917:00,本人在nice app上在购买了一双篮球鞋（价格为11562元），到货后开箱发现商品严重瑕疵后立即联系客服，客服表示不能拒收，否则不予处理。本人签收后第三天才收到nice信息表示只赔偿60元，本人拒绝接受后才打电话来表示赔偿100元但不予退货。本人随即表示只要不影响在nice平台二次销售可以不赔偿，但客服仍然态度消极，表示无法保证。nice利用优势地位损害消费者合法权益令人愤怒的行为，且绝非个例！,,,
关于高境物业对于共和四村管理不作为,待回复,城建 投诉,W***,2019-11-1817:00,1，本小区自从换了新保安以后停车难一直没解决，甚至还发生了保安辱骂业主，扬言要打业主的情况！2，小区自行车，电瓶车，桌子，椅子，花盘等等随意摆放，无人来管！3，小区变成了快递中转站，有一个人人家把房子借给快递公司，每天晚上道路上堆满快递，还有大卡车进出送货。上面1和2条 投诉过好几次12345 都没有得到解决，我们付了停车管理费和物业费。小区却没人管理！高境物业不作为。,,,
普遍的黄金店欺骗消费者,待回复,企业 投诉,W***,2019-11-0819:02,"7月5号我与男朋友还有两个女性朋友出去逛街购买黄金饰品，逛了很多店铺都大同小异差不了太多，进入亚一金店时对其饰品也没有说特别满意，导购员诱导说后期不喜欢可免费调换，也没告知手镯克数，当时我也些粗心没有多问几句。九月底我和男朋友想去调换下手镯，进入店铺时也没有询问需要发票进行调换，就直接说要按商品九折调换，当时我们争论了一番，最后管事的组长说让我回去拿了发票过来看看哪个导购员售卖我的，损失由她承担。由于搬了一次家，发票没有找到，我只好把当时一起去购买手镯的一位朋友叫上一同返回了金店，辗转反侧，那个组长把当时我们购买的金额小吊牌商品编号抄写了下来，说是国庆节后帮我们去总部调底单查询负责的导购员出来处理事情。十月中下旬时，我查询到亚一金店电话打过去咨询事情处理进度，接电话的自称是经理，让我把事情经过承诉了一遍，她说总部单子调不出来，并且说没有发票连九折都无法进行调换，还气势汹汹的询问哪个组长承诺还要追究她的责任。
十月十九号我男朋友带我去其他金店购买项链，我询问了一下发票上是否会标注导购员名字，是否有业绩统计，得到的答案都是有的。由于我感觉自己被套路了，我让营业员称了下手镯克数，一万四千多的手镯只有二十几克，购买价格高达五六百一克。我很气愤，直接又去亚一金店了，她们给的结果还是公司调不出来单子，说是只能帮我补张发票，否则下次只能按克数调换。我拒绝了。
第一次去亚一金店时我没带发票过去，她们没有拒绝以九折调换，并且说找到发票一切损失由导购员负责。没找到发票后，她们又让我提供资料说是去总部调单子，之后又说查不到导购员，还声称店铺有规矩没有发票连九折都无法调换的。这样一步步的把我弄的无话可说。
最近上网查了很多资料，网上很多我这样类似的案例，我在这里恳请领导可以处理一下我的事情，以便警告一下金店，太多消费者被这样的套路忽悠了。买卖是心甘情愿的，但有欺骗诱导行为掺杂在里面，老百姓的心也很凉。",,,
宝山盛桥污染严重,待回复,环保 投诉,爷***,2019-10-2710:19,领导好：        上海市建设项目环评信息公开中显示有一个项目是“宝山再生能源利用中心项目”，拟建地点是：宝山区月浦镇川雄路川念路西侧罗泾厚板厂地块产业园内的东北侧 。关于这个项目， 居民质疑污染严重，希望领导核查，谢谢！,,,
垃圾分类点制造噪音 扰民 物业管不了,待回复,城建 投诉,云***,2019-10-2419:30,"1.垃圾点位置不合理，两幢高楼中间，声音往上传，尤其晚上深夜捡废品回收噪音不断，影响楼上居民晚上休息，已经三个月时间了。2.此处丢垃圾点是本宝祁雅苑北区四个点集中一块的垃圾站点，晚上垃圾异常的多，可回收垃圾也很多，就像是一个垃圾站，晚上八点垃圾箱拿走后，居民把垃圾都丢地上，就像一座垃圾山。3.以上问题咨询本小区物业和居委会，提出是否可以多放几个点，已起到分流的作用，或者挪到其他地方，予以否认，不作为。1本小区没有业委会，居委会和物业相互踢皮球，不担责任，不帮我们业主处理事情，物业居委会管理有问题，保洁阿姨捡回收废品给本小区业主卖钱，业主每晚私家车开到垃圾站点拿废品，为了这些废品，每晚都是噪音。
2.小区的垃圾压缩站至今还没有看到，物业说没钱，建不了，这新小区也有三年了，最起码的硬件也没有跟上，钱是不是都私吞了。",,,
宝山区龙湖北城天街购物广场噪音损害居民健康,待回复,企业 投诉,徐***,2019-10-1220:00,1.经常性半夜装修，噪音巨大，半夜居民被惊醒！引发身体不适，神经衰弱！多次投诉，报警，依旧我行我素！枉顾民怨！2！楼顶风机噪音严重！个人出现头晕恶心心悸！,,,
反应违法搭建真实存在却迟迟没有整治,待回复,城建 投诉,W***,2019-10-0915:37,本人于2019年7月份起，先后几十次拨打96119、12345、12319等热线反映：宝山区克山路12号（锦绣公寓），未经消防、城建部门审批私自将厂房大面积改造为住人公寓，在没有任何消防安全设施（未安装喷淋头、火灾报警器、消防栓、电线乱搭等）的情况下对外出租，且住户都在使用液化气罐等问题进行过多次实名举报且要求回复。处理结果是头两次有回复，有消防到现场（本人在现场旁观消防到现场只是拿几个煤气罐拍了个视频、照片后便离开了）。但目前锦绣公寓正常对外出租且三百来间的违法搭建房屋几乎住满，液化气罐依然存在。但后续我打热线电话反映就没人过来处理了，热线工作人员回复是相关部门申请延期处理且延期2次:第一次延期到2019年8月22日到日期后再次延期到12月21日、情况如此清楚为何延期、如果有原因为何不给举报人回复？以上所述句句属实、本人愿意实名如有需要可随时联系。,,,
康宁路（联谊路至场北路段）夜间噪音扰民,待回复,城建 建言,G***,2019-10-0421:53,"您好，       我是一名住在宝山区康宁路边的业主，康宁路宝山段跨蕰藻浜的桥上经常有汽车在夜间高速通过，噪音很大，导致周围的住户难以入睡。       小区开发商在小区靠近康宁路边种植了树木，但是并不能起到防护主路噪音的效果，并且对小区内高层住户毫无作用。       之前有过其他小区业主通过其他渠道反应过相关问题，未能够得到有效答复和解决。我相信随着我们小区入住率变高，这个问题会越发突出，反映的人数也会逐渐增多。       同时，不久的未来随着长江西路（康宁路—逸仙路）快速路的完工，康宁路北段将会迎来更大的车流，届时噪音将会更加严重。      希望政府能够在康宁路（联谊路至场北路段）主路左右设置隔音路障来解决噪音扰民问题。非常感谢，期待能够回复。",,,
请问交通辅警还收吗？？,待回复,治安 求助,阿***,2019-09-1815:47,我想做一名交通辅警 可是现在人数较多 等了很久很久都不收 问题是我没觉得人数多 马路上交通辅警还是很少 一个很大的路口一个辅警都没有 我希望领导考虑考虑再收取一部分人 给我们这种找一份工作,,,
撕拉掉线，电瓶车充电,待回复,治安 投诉,一***,2019-09-1413:35,领导好，我是宝山区泰和路23号楼上的居民。现在有居民在1楼的楼道内撕拉掉线为电瓶车充电，如果电瓶车发生火灾的话楼上楼下的居民将无处逃生。并且电瓶车充电位置在电箱的旁边，这是23号居民唯一的出口。希望领导通知有关部门尽快解决，这种隐患不能拖，谢谢！,,,
请求领导主持公道,待回复,政务 求助,W***,2019-09-1014:57,我家在2楼，家中无人一个多月，8月21日居委会给我打电话说我家泡水了，水已经到门口走廊上了，后查明是污水总管道淤堵造成，现在我地板家具均损坏，找物业协商，物业部门直接说和他们没关系，现在投诉无门，求求领导们为我主持公道，我的房子刚刚装修好，住进来到发生还没有一年，,,,
投诉,待回复,城建 投诉,吕***,2019-09-0614:22,区长大人您好？我是上海宝山区月浦镇月富路218弄居民，我们小区叫阳光美林苑是静安城投开发，于2015年交房自从我们进来就苦不堪言，我们有家不能回，车子乱停放在绿化，消防通道，大门通道全部堵死，和物业公司居委会多次反应他们根本不管不问，小区居民已经多次因为停车难和保安发生口角110也来过几次就是没管这个事，希望区长大人为我们主持公道！,,,
关于租赁合同不予认可无法办理上海居住证事宜,待回复,政务 求助,l***,2019-08-0620:02,"领导,您好,我在宝山区顾村镇电台南路45号申请办理居住证时遇到以下几点矛盾导致无法顺利办理居住证，希望政府给予有法律法规依据的答复，情况如下：1、我在上海工作多年，一直借住在亲戚家中，因考虑到孩子上学问题需要办理居住证，所以在19年7月14日上午去电台南路45号申请办理居住证，由于不是直系亲属关系所以19年6月我与亲戚签订了房屋租赁合同并在宝山区房产交易中心进行租赁备案，备案合同金额月租金500元，在给工作人员出示我们的租赁合同后，工作人员答复租金太低无法办理，我们咨询工作人员签订合同租金多少是否有政策规定，工作人员答复租金参考市场价并没有规定具体金额是多少（给了一份其他小区的金额3000元的租赁合同给我们看），我与房东把我和房东之间的关系与工作人员解释后，工作人员不认可我们的租金和租赁关系，并回复需要上门核实我们的住所，随后工作人员上门进行核实，房东拨打12345热线咨询以后顾村人口办工作人员电话联系房东沟通并要我们第二次去协商办理，此时工作人员给出的最低租金是2500元，我们告诉工作人员租金可以提高到2000元，工作人员不同意；随后我拨打12345市民热线咨询，过了一周没有收到回复，再次拨打12345热线催促的时候顾村工作人员才联系我做回访而不是协调，回访人员在了解事情后给予我的答复是：你不符合办理居住证1、你与房东不是直系亲属，2、你与房东签的的租赁合同是为了办居住证而签的，不是真实的租赁，后续至今没有任何回复。以上就是办理过程及我需要咨询的，我无法通过亲戚办理居住证，我是否可以与亲戚签订租赁合同通过住房屋租赁来办理居住证？如果可以，那么租金是否有要求？如果不可以租赁亲戚房屋办理居住证那么是否有有关政策文件规定？我与亲戚在有租赁合同备案及租金转账记录的情况下为何当地人口办不予认可而认为我们是虚假合同而不予办理？工作人员的这种认定方式是否有法律依据？根据上海市人民政府令第58号上海市居住证管理办法，第九条，申办条件；离开常住户口所在地，在本市办理居住登记满半年，符合有合法稳定就业、合法稳定住所、连续就读条件之一的境内来沪人员，可以依据本办法申领《居住证》。申请人应当根据申办条件提供相应的证明材料，并对申办材料的真实性、合法性负责。以上有关规定，我认为我的情况符合，如有哪里理解不对还请领导在百忙之中给予详细回复",,,
外地媳妇户口进沪，因家庭矛盾无法办理,待回复,政务 求助,J***,2019-08-0213:18,您好，尊敬的市委汪书记，感谢百忙中查看我的留言，问题是这样的，本人本市户口，结婚已有十年，爱人年纪也满35周岁了，按照政策爱人应该可以提交入沪户口申请，现因本人户口在祖宅，与叔叔同一户口，他是户主，因家庭矛盾十年来一直阻扰，办任何事情都拿不到户口本，现爱人年纪已到可以迁入，却因家庭矛盾迟迟未能履行对爱人的承诺，期间也去过多次当地派出所户籍处咨询该如何办理，但因政策限制必须同住人同意才可迁入，本人希望书记能给予有效解决办法，另外本人也因家庭矛盾避免升级，不想因房产纠纷导致爱人户口迁入，在这几年也另购置了套房产，希望爱人户口能迁到本人独立房产中来，但当地派出所一定要爱人随我户口所在地迁入才行，所以无奈给书记留言看是否能妥善解决我现在困扰，看是否能让本人独立名下的房产能接受爱人的户口，避免现在户口所在地的要求限制，谢谢，望领导能收到并回复解决方案，万分感谢领导百忙中的时间！,,,
外地农民工子女幼儿园读书的人数严重超员,待回复,教育 投诉,8***,2019-08-0115:08,因为家庭条件问题，公房房租家庭负担不起，所以租的民房，但是也因此不能办居住证，家里小朋友只能进入家附近的民办海豚幼儿园今天入学第一天，一进教室被场面吓坏了，一个班居然四十多个小朋友，这还只是小班，难以想象中班大班的人数，当时还听到家长说是7月28号报名的，也就相当于临时插进来的希望教育局能够对于民办海豚幼儿园学校加强管理，按照国家规定，小班一个班不超过25个人，但据我观察每个班都是40左右，我家小朋友班级有41个，老师为2位老师，一位保育员，但是我去的时候只看到两位老师，没有保育员的身影，这已经严重不符合规定，对于小朋友的生活起居、安全也是不负责任的望能看到重视并解决，谢谢,,,
大量垃圾长期堆放在小区无人清理,待回复,环保 投诉,1***,2019-07-2909:10,领导你好，水产西路859弄7号小区物业楼旁边长期大量地方废旧家具，有毒废料，建筑垃圾，长期无人清理，散落一地，严重影响了小区安全还带有极大的安全和火灾隐患。居委和物业互相推诿，毫无作为。希望领导关心，帮助解决问题。谢谢！,,,
关于殷高西路555号B1楼美邻美食广场禁烟问题,待回复,环保 投诉,L***,2019-07-1513:24,关于殷高西路555号B1楼美邻美食广场禁烟问题的反映领导您好:美邻美食广场内食客及外卖送餐员在室内随意吸烟，屡禁不止，市场管理方视而不见，请求相关部门予以严厉查处！,,,
宝山区锦秋花园物业不作为,待回复,环保 建言,匿***,2019-07-1308:53,我们宝山锦秋花园小区连续两届业委会迫于外力干扰而瘫痪，现小区管理已成为上海最差小区之一，房价远远低于经纬及周边小区！因业委会一直不能正常运转，锦秋管理已现各种乱象：1、门禁监控缺失，多年来偷盗率年年高居大场镇第一，最近色情广告登堂入室贴满业主信箱；2、发生过清洁工人不干活，将近一周没人清理垃圾，最后区政府多部门联合入驻清理；3、小区没有车辆自动识别系统，外来车辆随处可见的乱象；4、物业没有进行高层二次供水卫生检测，被政府行政处罚；5、去年，业委会二居委推举的六名委员步调一致集体辞职的创举；6、高层地下车库毒害气体侵害业主、污染水管事故；7、物业从来不公示和向业主分成小区的公共收益……8、更触目惊心的是，小区维修基金没有规范管理将被掏空的危险！        ,,,
锦秋花园小区物业不作为,待回复,城建 建言,匿***,2019-07-1218:20,居住20年的小区环境越来越差，违建给钱就可以随意建造，垃圾桶摆放位置存在安全隐患（摆放在车辆进出的主干道）20多年没有收到过维修基金的余额和用途明细，小区监控都是摆设经常丢东西，外来车辆随意停，最主要的小孩子读书这么大的小区（目前17个区）没有对口好学校！希望领导看了可以注意一下我们的小区，我们小区业主已经自行收取产证要求更换物业。希望可以解决物业的问题#业委会#,,,
锦秋花园业委会瘫痪之小区乱象,待回复,城建 建言,匿***,2019-07-1213:44,宝山区锦秋路的锦秋花园小区连续两届业委会迫于外力干扰而瘫痪，现小区管理已成为上海最差小区之一！因业委会一直不能正常运转，锦秋管理已现各种乱象：1、门禁监控缺失，多年来偷盗率年年高居大场镇第一，最近色情广告登堂入室贴满业主信箱；3、小区没有车辆自动识别系统，外来车辆僵尸车随处可见的乱象；4、物业没有进行高层二次供水卫生检测，被政府行政处罚；5、2018年业委会二居委推举的六名委员步调一致集体辞职的创举，以至业委会一直处于瘫痪7、物业从来不公示和向业主分成小区的公共收益我们的诉求：给锦秋居民指条明路成立一个真正为民的业委会。#业委会#,,,
锦秋花园物业与居委不作为,待回复,城建 建言,匿***,2019-07-1211:43,我们锦秋小区连续两届业委会迫于外力干扰而瘫痪，现小区管理已成为上海最差小区之一，花园变成垃圾场！因业委会一直不能正常运转，每一届都人员内定，业主诉求被边缘化，锦秋管理已现各种乱象：1、门禁监控缺失，多年来偷盗率年年高居大场镇第一，最近色情广告登堂入室贴满业主信箱；2、发生过清洁工人罢工，将近一周没人清理垃圾，最后区政府多部门联合入驻清理；3、小区没有车辆自动识别系统，外来车辆随处可见的乱象；4、物业没有进行高层二次供水卫生检测，被政府行政处罚；5、去年，业委会二居委推举的六名委员步调一致集体辞职的创举；6、高层地下车库毒害气体侵害业主、污染水管事故；7、物业从来不公示和向业主分成小区的公共收益……8、更触目惊心的是，小区维修基金没有规范管理将被掏空的危险！！！          #业委会#,,,
肯为业主干事的业委会主任被调走,待回复,环保 建言,匿***,2019-07-1012:31,我是宝山锦秋花园的业主，我们小区业委会去年好不容易成立了，居委书记丁虹为业委会主任，她上任后为小区业主做了不少实事，可是不知为啥突然被大场镇领导将丁虹调离锦秋居委，同时业委会中六名委员同时辞职，使得业委会名存实亡。    这次垃圾分类，居委会和物业一不宣传，二不听取业主意见，不安实际情况进行操作给居民生活带来极大不变。    我们小区因是别墅区，每二户就有一个垃圾房，本来只要在垃圾房中放二个干湿桶就可以进行干湿分离，而且也能行明确责任，还是由物业每天收二次。但是现在物业放弃了这些拉圾房集中设点投放。且设点很少，家中有91岁老母一人居住为倒垃圾每天须推着助步车带上二袋垃圾行车7分钟左右还要爬上一个小土坡去投放垃圾，天晴已经困难重重，遇到刮风下雨真不知如何了。向居委反映，居委说市里领导说的“就是要给居民制造麻烦”。真会是这样吗？    今天能在这里向父母官诉诉我们的现状，希望能根据各居住区的实际情况进行垃圾分类，不要一刀切不要劳命伤财，我们积极响应号召进行垃圾分类，也希望政府能给居民最大便利。这才是双赢。#业委会#,,,
锦秋花园小区被践踏,待回复,城建 建言,匿***,2019-07-1009:34,锦秋花园有二十多年的历史了，从高大上变如今的老破小，二十多年没有修缮过一次。绿化保洁都不行，业委会经常被停摆。#业委会#,,,
宝山新楼盘逾期不退客户认筹款,待回复,企业 投诉,一***,2019-07-0718:15,本人于2019年6月1日交给位于宝山一号线富锦路的四季都会楼盘五十万认筹款，合同中对方承诺办理退筹之后的十个工作日内退还认筹金额，但至今已超过期限好多日，销售从一开始的承诺会退到现在的无限期拖延。本人家属身患晚期癌症，在上海肿瘤医院接受治疗，此认筹金是本人家属的治病钱。本来秉持着对万科参股的地产公司的信任交付认筹金，并未担忧，但至今对方的违反合同和不作为，让我们家庭陷入恐慌和绝境，望领导关注，万分感谢！,,,
锦秋花园业委会在居委的乱政下常年瘫痪,待回复,政务 建言,匿***,2019-07-0319:16,大场镇锦秋花园常年处于业委会瘫痪，无业委会状态，业委会只要为业主利益为出发点做事，居委等就让它瘫痪，业主将始终走在换届的路上。这就是“居委两委班子确定”控制业委占多数的结果。。#业委会#,,,
呼吁书记把锦秋花园打造成为一个宝山的地标级,待回复,政务 建言,匿***,2019-07-0313:10,书记不知道有没有决心把宝山最大的社区锦秋花园打造成为一个宝山的地标级小区？锦秋花园目前的状况好似棚户区。集别墅，多层，高层为一体的大型综合小区，现在连一个业主自己推选的业委会都没有，每次都是把有想法与时俱进的年轻人以各种理由，甚至用“一小撮别有用心的人”和“diao民”来定义真心为小区无私付出的业主。这些业主相信汪书记也一定知道，因为您也在这几年里年里和教育局的陆局冒着酷暑帮锦秋孩子实地勘察校舍， 为锦秋孩子争取公立学校。被居委排斥的就是这些业主。这次门禁安装本事好事，却喊了一些不是业主的老人去充当业主听证会的主角，而后又想通过业主的门禁登记，打擦边球召开业主大会来决定本属于业主的公共收益的归属问题。汪书记是我们大宝山的家长，您为锦秋孩子都能这样尽心尽力，急百姓所急，您也一定会让锦秋的小区成为宝山的骄傲，而不是文华苑。期盼书记大驾光临小区！#业委会#,,,
居住证办理太难,待回复,政务 求助,梦***,2019-07-0210:09,汪书记：    您好，我是一名外省来沪务工人员，来上海有6年多了。公司在徐汇，现在刚刚搬迁到宝山，孩子跟随到宝山上学，由于上学需要居住证，在徐汇办理的无法使用，就需要在宝山办理居住证。不过办理可谓艰难，跑了六趟还没办好，还要分别去4个地点办理，其中3个地点周六上班，一个不上班。我家人和房东都是上班族，每次去办理都需要请假，一个月下来请假不少，证没办下来。房东配合还好，不配合我们该怎么办，为什么去不同地点都需要房东带房产证到场？程序是不是太繁琐了（徐汇和闵行都没那么繁琐），能不能给我们上班族一点方便？证没办下来公司都要有意见了，房东请假多了不过来我们能怎么办？,,,
上海东洲罗顿股份有限责任公司拖欠30多工人工,待回复,城建 求助,养***,2019-06-2814:05,汪书记您好，2012年我接上海东洲罗顿通信股份有限公司的活，在甘肃省兰州市带30多个人干活，一直到2016，起初他们公司一直不好好给钱，我就借高利贷来干活发工资，可如今他们说有一个活没干完，不给钱，没干完的活是2012年给我的，他们一直没材料一直拖到2015年底，可干了一半的活，设备被偷，我们没办法干，他们也不给钱，到现在他们不管不问，不给钱，让我发工资给工人。求领导大人为30多个家庭做主。,,,
顾村保利叶上海三期烂尾楼达5年之久,待回复,城建 建言,匿***,2019-06-2016:29,宝山区顾村镇菊联路262弄保利叶上海三期是由保利地产投资开发建设的，2012年三期公寓楼4幢已完工并交付给我们业主，另一栋烂尾楼自2013年开建后就烂尾至今，已经有五年之久，小区内有建筑工地，严重影响居民生活，居民苦不堪言，且投诉无门，多次投诉都没见有结果，现工地杂草丛生成为建筑材料堆放地，和美丽宝山的口号相去甚远。请区府尽快解决这个问题，不要拖到2020年，谢谢。#安全生产#,,,
交通辅警缺人 为何不收？,待回复,就业 建言,阿***,2019-06-1817:36,有的马路上交通辅警就一个 我想做 可现在没地方报名了 请求领导再收一些 ,,,
小区养狗严重扰民,待回复,治安 求助,保***,2019-06-0211:41,上海宝山区通河8村内有居民收养流浪狗，未知是否办理相关证件。每日早晨6点起2只狗就轮流疯叫，严重影响居民休息，多次找居委物业反应，沟通中养狗人员无理取闹，态度蛮横，在没有强制措施下，我们束手无策。据居委会告知，警察以及抓狗队也几次进入小区，但均无功而返。面对无赖，守法公民显得很弱小很无助，恳请政府为本小区居民排除此困扰，还居民一个安静的小区生活环境。,,,
高利贷暴力催收,待回复,金融 投诉,阿***,2019-05-3116:18,上海你我贷互联网金融服务有限公司，贷款利息接近36%，协商还款遭暴力催收，拨打通讯录，客服不作为，反应过后问题一直得不到解决，聚投诉排行居高不下，处理反馈几乎没有,,,
上海卓凡培训学校无资质办学吃坏孩子不负责,待回复,教育 投诉,宝***,2019-05-1416:20,宝山区盘古路727号1号楼1楼优贝乐国际儿童教育中心注册名上海卓凡培训学校，招收三岁以下托班儿童说有资质有证书，其实什么都没有，还说午饭是专业机构配送，其实就是自己在学校找个人随便做，孩子吃的上吐下泻他们说不是他们的原因，要什么都拿不出来后来一查都没有资质！宝山区教育局那边还有朋友关系一直包毕！简直害人！只要去看一下就什么证据都有了,,,
大气污染,待回复,环保 投诉,文***,2019-04-0210:26,领导，您好，我是宝山区罗店镇集贤路上的居民之一，我要向您及有关部门反应，罗店工业园区经常散发出有令人作呕的刺激性气味的气体，严重影响了居民及周边学校里学生的生活和工作，影响该地区的人民的身体健康，这是第二次举报了，第一次举报过后，现象有好转，但是时隔不久就恢复了原状，请求领导代表人民长久地解决这样的问题，还人民以清新的空气。,,,
宝山区高境科创实验小学,待回复,教育 投诉,少***,2019-03-2610:21,学校午餐质量堪忧，经常给学生实用鸡米花等不营养餐食，食材极差，师生餐食分开；四年级三班下课不让学生自由活动，上厕所，眼保健操时间基本剥夺，对孩子身心健康造成极大问题；老师公开让家长给孩子去上补习班。以上三个情况反馈望能重视和调查，谢谢,,,
被遗忘的罗泾小道,待回复,交通 投诉,萁***,2019-03-0510:27,作为上海的“后花园”，罗泾近几年的发展确实让我们耳目一新，先后被评为“最美乡村”。不过也请领导们走进我们“最破道路”潘川路来看看！道路坑洼不平，交通不便，环境脏乱，空气也特别不好，让一排未拆居民出行非常不便利。恳请领导能重视并解决该村居民的苦恼。,,,
领导您好，投诉 上海萌店信息科技有限公司 ,待回复,企业 投诉,谦***,2019-01-2515:37,领导你好，我们是一家小公司，叫：简阳市远帆电子商务有限公司  之前入驻 上海萌店信息科技有限公司 并交纳了一万元的合作保证金，当时萌店没有开发票说是退店20个工作日内会退回保证金，但是现在我们已经退店完成7个月了，他们却一直拖着不退保证金，真的是不知道怎么办了，希望领导能帮忙处理下，让萌店按合同退回一万元保证金，或者开具正式发票我们也好做账，他们现在是一直各种理由拖着，眼看马上就要过年了，他们还是这样拖着，每天人也联系不上，真的不知道怎么办才好。谢谢领导了。,,,
关于宝山83路沿线居民交通问题,待回复,交通 建言,晓***,2018-11-2208:54,尊敬的领导你好，本人想反馈宝山83路公交车发车少间隔时间太久的问题。很多学生老年人错过班车需要等待一个多小时本人也曾亲身经历过这种情况，给沿线居民以及乘客带来极大不便.且建议巴士公司能在网上张贴出运营时间 以及具体多长时间一班.将信息公开化.甚至有学生以及老年人错过班车晚上步行回家。恳求增加班次！盼回复谢谢！,,,
上海贝翼教育投资管理有限公司无证办学,待回复,教育 投诉,l***,2018-11-2011:06,上海贝翼教育投资管理有限公司缺乏办学资质，私自克扣员工薪资，诱导员工签署自愿离职协议。该机构於纪蕴路320号办学，加地下室一共四层，一二层经营早教，三层经营青少年英语培训，因一，二层部分经营业务不在其执照许可范围之列，顾将部分业务转至三楼，而三楼的青少年英语培训完全没有相关执照，因此连店招都无法挂出。其公司在虹口北外滩的分中心也因执照问题突然停业，公司拒绝退费，诱导学员转到宝山的和欣校区继续上课。希望有关部门彻查其经营范围及教育许可资质。该机构拒绝任何形式的退款，长期诱导消费者购买多年的课程计划，存在严重纰漏。该公司员工也因其诱导而签订“自愿离职”协议，导致上诉无门。,,,
汪书记救救我们好人一生平安！,待回复,城建 求助,猎***,2018-11-0910:10,尊敬的领导您好！我是江西省吉安市吉州区人。本人在2007年在上海位于宝山区殷高路555号二楼买了二个商铺当时包租三年，到2011年还给我们，但到现在2018年没还给我们，里面有一千多个业主，现在开发商没经过我们同意转租给别人开电影院。我们前前后后跑宝山区高镜镇府跑了一百多次，高镜镇府领导官商勾结，相互推诿非常严重！2016下半年上海市韩正书记要求全市拆除违章建筑的号召，在这时开发商还顶风大建违章建筑，当时所有业主都去高镜镇府反映他们都置之不理。后来几百业主集体到镇政府门口示威才停工，后来我们收到开发商打电话恐吓我们说；镇政府的领导和区政府的领导都是他们兄弟，我们奈何不了他们。难道为人民服务只是一个口号吗？看着自己买了10年的房子拿不回来，看着许多年过花甲的业主们拿着2008就拿到房产证却拿不到房子那种无奈的眼神，发自内心的疼痛！当地政府的不作为给老百姓带来永远的愤怒和伤痛。,,,
大场公园内很多空房子,待回复,城建 求助,匿***,2018-09-1208:22,塘祁路大场公园内建了很多房子，自建成一年来，公园已经开放，但是房子始终空着，建了好几栋，弄的好好的公园，被空空的无用处的房子占据了很多面积，还不如变为草地，市民还可以享用到，公园内建设这个房子什么用，到底定义是公园，建这么房子，上着锁，让人不理解！希望利国利民做些有社会价值的事情！,,,
宝山区惠民小学学校的教学资质问题 ？,待回复,教育 投诉,若***,2018-09-0607:02,2016年教育局官网就批示宝山区惠民小学已经被注销了资格，但这几年孩子居住在附近的孩子一直被分配到该校，该学校的教学环境条件算是全上海最差的环境之一，农村里面设立的学校，学校旁边还有一家私立物流园，每天大卡车来来往往，孩子们每天上学、放学必经之路。学校地址是在：宝山区月浦镇沈巷村川巷路160号，房屋瓦房结构，已经很破旧，教学资质可想而知.....教育局的电话基本是打不通，今年2018年9月1号开学去交学费450元，包含红十字会100元，也没有征的家长们的意见，统一收费，这个费用是按什么来收费的，无人知晓。 请领导看到我们的留言，实地考察该学校的情况，因为这些我们想解决的问题真的不知道去哪里才能得到最有效的解决办法。,,,
宝山区月浦镇宝月花园房屋质量问题,待回复,其他 建言,W***,2018-07-1410:11,你好，我是月浦镇月塘路268弄宝月花园的一名户主，现有一个问题，打过多个部门的电话，但是都是相互推诿。该小区建于2012年，我于2015年装修好房子之后，墙壁开始发霉，而且阳台渗水。找物业报修过，但物业说该小区有很多这种问题。问题的根源在于房屋的质量。物业说他们找过开发商商量此事，开发商承认在保修期内，但是开发商却一直不来修。该小区的开发商为宝冶集团。物业说后面多次给开发商打电话，但开发商一直处于失联状态。问题没得到解决，于是我找了居委会，想着启用维修基金，但是居委会里面的工作人员也是一问三不知。有的人说成立业委会才可以启用维修基金，她们说他们没有权利成立业委会，说要政府牵头，然后所有业主投票同意才可以，居委会的人就一直相互推诿。我跑了居委会很多次也打了很多电话，最后才有一个人告诉我说今年下半年组织投票业委会，还解释说居委会其他人都不知道，只有她自己知道这个事情。可是我问过我们楼长业委会的事，她根本不知道，也没听说过。现在的问题是开发商不来修房子，业委会也没成立，所以维修基金不能用，望有关部门能督察此事。,,,
老违章建筑难拆处，今天又出新违章，苦不开言,待回复,城建 求助,艾***,2018-07-1011:16,共康七村131号天井搭建在二楼阳台中，安全隐患，今天又把空调外搭建外更加好爬上二楼居民家里，我是宝山区建区第一个从别的城市签到上海宝山，生命是可贵的，如果我出了任何问题请通知原全国政协主席郑万通伯伯帮我收尸，把我的尸体埋在天津我爷爷奶奶的烈士陵园。到那时候都能处理了。,,,
初中可最多设置几名中层干部,待回复,教育 咨询,a***,2018-07-0208:34,您好，我想咨询一下，我区教育局对于初中中层干部的人数是否有专门的文件规定？对于全校共16个班级的公办初中，可设置多少个中层职能部门，以及最多几名中层干部？另，对于学校（镇管学校）新增的中层职能部门和新增的中层正职岗位，是否需要上报教育局？还是学校自己决定即可？,,,
公司是强制给员工上五险一金吗？,待回复,就业 投诉,会***,2018-06-1319:17,我在公司(上海光春动平衡机设备有限公司，锦伟路38号)工作四年了一直没上五险一金，公司每月就补贴三百说不交,,,
宝山工业园区内强制拆迁问题,待回复,城建 投诉,渴***,2018-05-2307:40,我们在2001年的时候买下了一个小企业（上海宝山罗新五金塑料制品厂）（有产权交易合同），位于宝山工业园区内的集贤路和罗北路路口，属于王家楼村地区，现在需要拆迁，我们提出了要求评估，但是工业园区不给评估，不知道是什么原因，这个事情将近拖了1年多，2018年的5月22日，来了一帮穿着保安制度的人（工业园区管理人员都不在）说要把我们的厂房在5月28强制拆掉，我们现在不知道该怎么办，特此向您区委书记反应此问题，希望您能过问此事，万分感谢！,,,
区长您好，邻居早晨噪音扰民，多次报警无果,待回复,治安 投诉,小***,2018-05-0810:35,区长您好，我的邻居（地址：宝山区春雷路332弄3号102室）私自再家中的一楼后院里储存大量木材，并每天早晨6:00~6:30左右开始噪音扰民（具体方式：把木材放在地板上，用铁锤敲打，整幢楼都听的见）；我曾多次向12345/110反映，均无法改变上述现象。不仅如此，夏日高温将至，囤积木材，恐有火灾危险，作为邻居深受其扰（有录像为证）。烦劳区长帮忙解决，本人张春旭，地址为同楼201室，联系方式：15801739805，以上情况均属实。,,,
小区物业失管，垃圾横飞，居委不作为。,待回复,城建 求助,奔***,2018-03-1910:22,尊敬的领导:小区自3月初开始，物业一直处于瘫痪状态，物业说由于涨价居民未通过故不履行责任，几次电话居委会去协调也未果。也先后打过市民热线也未得到有效解决，目前小区环境脏乱，严重影响居民身心健康。请区领导帮人民排忧解难，还我们一个宜居健康的生活环境。         感恩！,,,
月浦地区空气质量差,待回复,环保 求助,v***,2018-02-2321:18,书记好！月浦马泾桥附近小区，马泾桥地处宝钢附近经常出现气味难闻，类似化学品泄漏闻了感到头疼，恶心想吐的感觉，小区群内也有人说在宝钢在下雨天及晚上排放有毒气体，另外，月浦马泾桥地区开发慢，周边配套设施至今不完善，空地闲置导致安全问题及垃圾堆放，这里的环境影响周围几万的居民，恳请区政府领导严查空气污染的源头，加快周边配套设施的建设，还老百姓适合生存的空间。非常感谢！,,,
举报无办学资质琴行严重扰民,待回复,教育 投诉,匿***,2017-12-1807:53,在我市宝山区上大路1188号有一家叫“新元素钢琴坊”的所谓机构，名义上以卖琴为主，但长期进行着钢琴培训，且宣传名师辅导。工商部门进行查实后，确认此琴行无办学资质，不可以进行音乐培训。下令通知整改后，琴行依然招生。工商部门只是通知整顿，之后也没有作为，而这种打着擦边球的机构数不胜数，让家长感到无奈和困扰，根本无法为孩子找到真正优秀的培训机构。教育部和工商部何时才能真正的联合起来，整顿这些机构呢？不然所谓的整改只是空话，希望有关部门能为我们附近被扰民，被欺骗的邻居家长们还一个清静的社区环境！,,,
举报辖区非法金融公司违规恶劣行为,待回复,金融 投诉,透***,2017-12-1315:26,尊敬的区委书记：    您好，宝山区的上海聚泛信息科技有限公司通过“容易借钱”APP，在未取得经营放贷业务资质的情况下进行非法放贷、违规经营，收取高额利息，年利息高达434.32%，远远超过国家规定的36%。且借款人愿意协商还款的情况下，擅自读取借款人通讯录及通话详单，委托第三方催收公司恶意骚扰辱骂借款人亲朋好友，严重干扰借款人及周边亲朋好友的正常生活，带来极大困扰，请区委书记、政府对该公司进行查处、制止以上违法行为。,,,
举报琴行无办学资质,待回复,教育 投诉,c***,2017-12-0617:03,在我市上大路1188号有一家名为“新元素钢琴坊”的所谓“机构”，名义上是卖乐器，实为长期从事音乐培训，工商部门经过调查，确认其无教育办学资质，不可以从事音乐培训，并进行了罚款几百元的处罚，限令其整改，可是很长时间过去了，这家办学机构依然火热招生，近期在电视新闻中看到了要整顿教育培训市场，我觉得是一件好事，可是后期也没人再去管理，现在广告都打出来了，我觉得他们非常扰民。且据家长反应老师都没有教师资格证，退费也不能退。罚款后就没下文了，工商反正是罚了小款，就可以给上级一个交代。整治反正不是一个部门能处理的，那么教育部门和工商等部门还能不能联合重视起来呢？给我们一个安静的环境，同时取缔那些无证无资质的机构呢？毕竟机构要是做大了，那么政府管理起来是要考虑民生问题，那么就应该不让其招生了，为什么还在招生呢？而轻微的处罚几百元就算结束了吗？那么我真的觉得处罚的力度和相关的限期整改只是一句空话。希望我今天的反映能让相关部门引起足够的重视，给我们老百姓一个信任。,,,
书记，您好，公租房如何租？,待回复,就业 求助,匿***,2017-11-2811:04,我是外省刚毕业的大学生，签了宝山的光大证券的一个小营业部，想租公租房，还没居住证啥的？怎么办理？,,,
宝山区华和路300号门面修车房晚上喷油漆,待回复,环保 求助,求***,2017-10-1315:33,上海市宝山区华和路300号修车房经常在晚上喷油漆，污染居民区，使得居民房内灌满油漆味，严重影响市民健康，第一次像12345市民服务热线投诉该事件后，该门面房业主致电调解，表示已和修车房老板沟通，曾经也有居民反映过该情况，他和老板说不管是白天还是晚上都不能喷油漆，但是老板不承认，因没有证据，业主要求我们自己举证，这件事后一段时间内没有在发现类似情况发生.在2017年10月11晚上11点在阳台闻到阵阵油漆味，一开始想算了，喷一点还能忍受，没想到修车房一直不断再喷油漆，再次造成我们房内污染，只能关窗，同时业主电话未能联系到，只能再次拨打12345，由于多次拨打占线，迫不得已打了110，警方出警给予调节，双方到场调节，该车房当着警方的面承认刚刚有喷过喷漆，说下次注意，晚上不喷了，接着警方一走继续喷到晚上12点，迫使我们房间想通风开窗只能到午夜，2017年10月12日晚上7点20左右到家，又闻到满房间的油漆味，查看之下发现修车房又再喷油漆，接着立刻关窗，天天晚上如此使得我们回到家精神紧绷，造成严重失眠，由于我们过敏体质，这种气味会诱发我们过敏，严重威胁身体健康，烦请有关部门的帮助，谢谢了.,,,
宝山区长江南路3号线噪音扰民,待回复,城建 投诉,匿***,2017-09-1615:52,领导你好，我们小区淞良路99弄盛世宝邸二期，今年三月下旬交付了三栋期房，近期大家陆续入住，我住的2号楼离地铁直线距离75米，晚上开窗超过75分贝，白天也吵的人神经衰弱，晚上睡不好，精神和身体造成极大伤害，小区住户入住的均有同感，可政府却以地铁先房屋后造而不理我们希望造三号线隔音屏的诉求，并称开发商通过环评测试并加装双层玻璃，可即使关窗睡觉声音也吵极了更何况不用透气么？希望领导予以解决问题，我们小区也有好多住户一直在打12135可是问题一直无法解决！,,,
宝山区劳动部门 ,待回复,就业 投诉,x***,2017-08-0808:16, 本人于2017年5月14日通过上海市鲁喜劳务介绍到上海中集宝伟上班，正常离职，公司和中介没有给工资，三次向当地劳动局监察大队反应情况，没有给我一个说法，公司和中介也没给我任何答复，给我身心造成了很大的创伤，之前有很多人和我一样，付出了劳动，却拿不到工资， 投诉无门，请有关部门对此事立案调查 ,,,
环境,待回复,环保 求助,乘***,2017-07-1511:50,环境污染！目前国家正在大力查处环境污染，希望还我们广大市民一个干净健康的环境，但是有很多小型的污染问题难以取证和查处，这就要借助我们其他的部门来共同管理。在宝山区通河路高镜镇第四中学这里却没能得到有效的处理，每天晚上这里聚集了烧烤和炒饭类小摊点，占据了往学校同行的道路，给我们的交通带来了不便和危险，摊点的油烟顺着风向吹到了小区，学校和道路，有人在这里喝酒闹事，有人在这里吃坏了肚子，这些问题给我们的健康和交通和社会环境带来了很大的影响，城管每次都进行了处罚，这些罚款他们都默认了，认为我们的执法不重，不严，违法的后果太小，所以一直在这里继续着非法买卖和污染。我希望能多部门联合执法，从严，从重，从快，采取人员蹲点来快速处理这些违法。希望我们的领导能重视和处理这个问题，还我们宝山市民一个良好安全安静的家园！我代表我们受到影响的每个人谢谢书记！,,,
廉租房盼解决,待回复,城建 求助,匿***,2017-07-0607:28,宝山区的廉租房什么时候有房源，我2013年申請实体廉租房至今没有落:实，而我是一名退休人员，今年己62岁了，而且身体不好，有心脏病，目前只能就住外地，望政府能解诀一下，謝谢。,,,
上家进行的煤气改造，现将我家煤气拆除,待回复,城建 求助,s***,2017-06-3015:58,房屋我们买了四年多，因家里老人都是农民，也不懂煤气过户的问题，只知道煤气每个月按时缴纳！我们居住期间，煤气表都是按正常使用的，没有煤气公司说的用吸铁石什么的，这些都是能根据以往缴费记录查到的！现在煤气公司说给我们一个月时间找到上家，找不到就把煤气给断了！家里都是老人和小孩，没有煤气他们怎么烧饭生活啊！这个太不合理了吧！你们要找上家解决这个问题，起码得给我们先解决这个民生生活问题吧！煤气公司给我们的说法是，你们自认倒霉吧！这真的是飞来的祸事啊，我相信身正不怕影子歪，我们绝对没有干过任何违法行为，所以希望党和政府能保障我们基本的生活需求！求求你们，帮帮我们吧！,,,
物业擅自违规施工 造成纠纷动手打人 谁来解决？,待回复,其他 投诉,方***,2017-06-2307:44,投诉大华集团滨河华城物业5月18日中午物业未通知住户，在住户没有报修的情况下，擅自委派施工人员在我家楼顶层上方用冲击电锤开凿楼板，震动很大。我作为住户已经入住5年，此前也无渗水、漏水报修记录，此次物业属于私自委派他人施工，从未与业主商量沟通，擅自违规操作，在我们发现后并强烈制止下，物业才派人上门查看情况，停止施工。在我强烈要求停止施工后，物业把已遭破坏的楼板层用水泥沙填补了，楼板层却已遭到人为破坏，我怕今后会有漏水渗水的现象发生，故让物业出具保证，初始物业口头愿意保证，但后来物业经理出尔反尔不承认此次施工属于物业失误，不愿意出具书面保证。在交涉时一副死猪不怕开水烫的态度，蛮横不讲理，称此事他们不管，让我们报警处理（有电话录音），出警后，警方表示此事由物业上级部门房产局与大华集团后续跟进处理。物业是为业主服务的职能部门，但由于物业经理周伟良不讲理无法沟通，为了我的合法权利不受侵犯，我们只能恳请上级领导在百忙工作中处理此事。将心比心，换做你们自己家的楼顶板随意被开槽破坏，留下后患，你物业周伟良作何感受？根据物业法的条文，此施工为违规操作，说大了违法行为。现在才明白中环一号滨河华城物业为何管理混乱。原因在物业，根源在经理周伟良，例如小区业主反应物业情况，他常说：我们只拿这点钱，就做这点事。影响极坏！总为反映的事情找借口，从来不从根本上解决问题，导致物业管理混乱，光拿钱不办事。5月24日下午又强行在我家楼顶施工开凿，业主一老人进行阻止时，就遭物业经理殴打（物业经理同时还叫来好多施工人员，物业共有十几人之多，业主只有老人一人），65岁，遭重拳后左侧第三肋骨骨折，胸部血肿已住院。这个物业经理极其野蛮嚣张，叫嚣“我不做这个经理都要弄死你”这样的窗口单位，居然对近七十岁的业主老人进行殴打，社会影响极坏。物业作为服务窗口，一直管理不善，一味以霸权执行，强权、强势，完全不顾及业主安危。之所以出现这些问题，滨河华城中环一号的物业每天捣浆糊混日子，对这样不称职的经理我们强烈要求撤换。事情发生已有月余，至今未得到实质性解决，我们恳求市领导及有关部门在百忙工作中过问此事，解决百性之苦。2017.6.19,,,
宝山区,待回复,就业 投诉,x***,2017-06-1908:44,本人于2017年5月14日通过上海市鲁喜劳务介绍到上海中集宝伟上班，后来上了16天班，中介没有给我们签合同，也没有给工资，向劳动局监察大队反应情况，没有给任回复,,,
公安不作为,待回复,治安 投诉,行***,2017-06-0905:04,我是甘肃一个贫苦农家妇女。2016年4月10日，我与巢尚电子科技（上海）公司签订了“云时空”产品代理合同，交了13.6万元的加盟费。一个多月后我发现，巢尚公司其实是以“云时空”为幌子，以事先精心设计的“加盟合同”为诈骗手段的骗子公司。在公司注册后的短短3个多月时间里，经过大张旗鼓的广告，精心组织了几场所谓的“产品发布会”，骗取了近千万元的“加盟费”后，该公司便消失了，几十名工作人员全部不见了踪影，所有电话无法接通。6月13日，我找到宝山区工商局，也拨打了宝山区法律援助中心的电话，得到的答复是，他们管不了，建议我到公安局报案。6月16日，我来到宝山公安局报案，但民警拒绝立案。 无奈，我于次日委托律师向法院提起民事诉讼。但巢尚公司消失，法院的文书无法送达，案件的审理一直拖延。    11月28日，我再次打电话向宝山区法律援助中心以及其他律师求助，他们都认为，既然公司消失了，人联系不上，应该按诈骗报案。于是，我再次拨通了宝山区公安局的电话，希望予以立案调查，但电话那端还是那么的坚决：“我说不是诈骗就不是诈骗！不能立案！经过近一年的拖延，法院认为只有公安的调查才是最有力的证据！造假盛行，诈骗猖獗，谁能主持公道？！,,,
户口申报,待回复,其他 建言,匿***,2017-05-1114:30,外来媳妇按政策满十年可以投靠配偶，为什么到派出所申报户口，社保这一方面，流程这么复杂，提供电脑打出的社保结算小单没用，还要这个哪个证明，你们政府办事人员不会真接到对方的社保中心去核实吗?现在是信息时代，网上都可以查，为什么叫老百娃一趟一趟的跑，人民政府为人民!,,,
大场镇的飞机何时搬走,待回复,其他 投诉,匿***,2017-05-1111:05,我住在大场附近，每天到家过了晚上8点，可是一直快到9点，飞机还在空中飞，而且不间断，让人胆战心惊，家里有小孩和老人，都会要提早休息。绝对扰民。为什么要在晚上在居民区飞行巡逻？,,,
泗塘一村改建问题,待回复,城建 咨询,匿***,2017-05-1017:05,你好汪书记，我是泗塘一村118栋的居民，我们这个房子老化极其严重，到现在都还是几家人合用煤卫，改建了十几年也还没有改建到我们这里，说拆迁了也好多年了结果说着说着就黄了， 想咨询一下政府到底打算怎么解决我们这里的问题，谢谢！,,,
希望启动宝山区宝山五村大修计划,待回复,其他 投诉,匿***,2017-05-0916:30,最近包括本人在内的一些宝山五村居民一直在反映宝山五村众多问题，我在想怎么好居民和居委会和物业和业委会关系，我们应该积极去面对问题，宝山五村六号楼和八号楼居民强烈要在绿化带里放盆栽，我们友谊路街道，宝山五村居委会，宝山五村业委会，宝山五村物业可以考虑在启动小区绿化带整改的同时，专门为这些喜欢盆栽居民腾出一块地方，供这些居民养殖花花草草，这样既不破坏绿化带，也给宝山五村环境带来了好处在此希望友谊路街道牵头，尽快启动宝山五村大修计划，消除居民和有关部门间矛盾。,,,
关于外地人口办理身份证,待回复,其他 咨询,匿***,2017-05-0316:52,  书记你好，我想问一下，我是四川的，刚来上海，身份证掉了。没有办居住证，之前的身份证也没有录指纹，我想问一下这种情况可以在上海补办身份证吗?,,,
希望能解决平改坡,待回复,其他 求助,匿***,2017-04-2908:59,"汪书记你好我在宝山区宝东路有一间门面房.现在是外面下雨里面漏雨,多次修补无计可施.我找街道办房管局房地产局想平改坡给出的意见是没碰到过房屋没改变自己改应没问题.可改造时城管来了说是违章拆了投诉12345也没解决(原房地产也找不到了物业也没有)现能不能政府调解集中平改坡已解外面下大雨里面下小雨之患",,,
公司倒闭！没人给农民工发工资！！,待回复,就业 求助,匿***,2017-04-2816:48,汪书记！您好！   我是上海宝山区杨行韵达快递的员工，我们公司倒闭了，但是没人给我们结工资！公司二三十个快递员工资没人结！一共欠我们三十多万！有的五六千有的五六万！给劳动局打电话打不通！求您帮帮我们这些农民工！！,,,
上海浦东636路公交车态度恶劣,待回复,交通 投诉,匿***,2017-04-1915:47,2017年4.18日19:15分浦东636路在唐镇地铁站到站后，我位于中门位置，司机拒绝开门让我下车，理由是上车的人太多，不能开中门，我让他开门他还冲我大骂，这样的司机和服务态度简直丢上海人民的脸,,,
老庙以东还拆不拆了，路什么时候能修好。,待回复,城建 投诉,匿***,2017-04-1616:39,我是老庙镇庙南村的，为了房子我己经回家7趟了。到底我的房子拆不拆，请领导给我一个回复，谢谢领导。,,,
办理居住证要收费吗？,待回复,其他 咨询,匿***,2017-03-3013:44,书记，你好。我们外来打工的去办理居住证时，要向村里缴纳200∽300元钱，才能办理居住证，村里不开具任何发票，到了半年去拉卡时又要缴钱？请问这合法吗？是不是村里乱收费？请书记速查。谢谢,,,
三门路497弄，秋阳路交叉口，大量黑摩的,待回复,治安 投诉,匿***,2017-03-1616:11,之前12345投诉，回电是宝山区负责人，说这个地方归杨浦区管，所以没有管这个事情。杨浦区回复说管不了。在农工商超市门前有30辆左右大大小小的摩的，如果没有客人就停很多辆，有客人就停10多辆，这些黑车从早上七点左右到晚上11点多都有。1.对已经狭窄的道路造成拥堵。2.摩的司机骚扰清晨或傍晚回家的女性，吹口哨，调戏挑逗的语言表情，对着女性大喊，以是否坐车的名义说许多调戏的话。3.黑车司机拉载乘客的时候摸女性乘客的手，到地点之后加价格，不多加钱就不拉到地方，把乘客中途放下，或者不让人下车，胡搅蛮缠和乘客吵架，尤其对女性和学生。希望上海政府能帮忙处理，别让这些人搅乱这么美好的上海，和我一起居住的朋友，有一次晚上11点回家，这些司机就向朋友吹口哨，还很挑逗的问她，上车走吗，还坏笑，口哨吹了很久，朋友就是穿着很正常的白领。还有个邻居，一次坐黑车，上车之前，说好去江湾体育馆地铁，结果拉到半路，司机一定要加钱，否则就不拉，结果朋友多掏了5块钱。其他女邻居有上班迟到，坐黑车，结果司机就摸她的手，还一直抓住，不让她下车，后来到了女邻居单位，女邻居也不好意思因为这事在单位门前吵架，就忍了，结果给的50块钱那个司机都不找。,,,
18号线场北路站取消涉嫌违规且不合理,待回复,交通 求助,匿***,2017-03-1212:48,18号线场北路站已经进行了两年的环评公示，日前交通委正在进行的公示中取消了场北路站，此种做法涉嫌违规。此属于重大变更，应重新进行环评公示，且发改委批复的站点为场北路站。如果取消场北路站，应待发改委重新批复。请公平公正公开进行地铁公示，还广大场北居民场北路站。,,,
18号地铁规划线路图,待回复,就业 投诉,匿***,2017-03-1113:18,强烈要求恢复原公示18号地铁线场北路康宁路地铁站，没有的话，严重影响上下班的时间，从场北路到通河新村站（1号线）走路要35分钟，延长上班路程时间，宝山20路太稀少，望领导调查,,,
爱辉路358号喇叭噪音无人能彻底管理,待回复,其他 投诉,匿***,2017-03-0417:19,书记同志你好，在此我先表歉意，因为我不想我隐私泄漏，电话号码是乱写的一个，但是事情绝对真实。谢谢。我要强烈反应宝山区爱辉路358号花鸟市场里面每个星期六星期天喇叭噪音污染无人能彻底清除。给我们生活造成了严重的影响。麻烦你在百忙之中处理，谢谢。,,,
宝山区殷高西路段交通拥堵问题,待回复,交通 建言,匿***,2017-02-2214:39,宝山高境淞南地区每天多时段拥堵，尤其早晚高峰。小区及人口密集，但交通拥堵造成居民上下班及日常进出的极大不便。希望有关部门能够有计划的进行整治。,,,
遭遇诈骗应找谁？,待回复,治安 投诉,匿***,2017-02-1114:09,请求上海市长对宝山区月浦镇富扬路385对面报废车停车场进行整治，据说是交通警察大队专用停车场，里面有卖二手车的，他们通过微信，发布出售二手车信息，经过多次聊天，谈好价格。2016年12月3日早上十点我们从广西去到目的地，看到了微信上所描实的车，一个二十来岁男小伙来接待，他推说没车锁匙，介绍看了另一辆一汽大众车（2012年出厂），谈好全款65000元，他们说先交定金11000元，后办过户手续。在签合同时也看了没什么问题，就签了（事后才发现是阴阳合同）。他们立刻把车开走说去外检，到了十二点，把我们带到另外一个办公室说办手续。一个经理模样看了合同说“这是贷款车”，65000元是首付，全款要120000元。我说刚才说好是全款车，立马对质，他们说按合同办，细看自已手上合同也确是贷款车，与刚才所签的不一样；理论时操安徵口音一帮人围上来要打，后退回6000元。被骗5000元。当天也有三个看车的同一方式被骗。下午1点去到杨行镇派出所报案，值班民警说这是合同案纠纷不受理，叫我们去法院告。我说这明明是行骗　，无奈只好回广西。　　诈骗手法是以：阴阳合同作实，利用城中村地段偏。专骗外地人。外地人就算你去法院告也耗不起。另有交警大队停车场作保护伞，就可以正当行骗了。,,,
交通事故逃逸请尽快给百姓一个交代,待回复,交通 建言,匿***,2017-01-1514:09,今天在晚上8点10分左右，在宝山区锦秋路真陈路中国石化加油站加油时一辆沪AYH211大通G10商务车把我车撞了。在报警之后等待民警过来的时候该车却逃逸了！随后我等待民警过来之后和民警回派出所报案。希望政府尽快抓住逃逸者还受害老百姓一个公道，而不是出了重大交通事故或者人员伤亡了才全力以赴的去抓逃逸者！不管是重大交通事故人员伤亡逃逸还是轻微事故逃逸都是逃逸！如果不尽快抓住逃逸者并严惩逃逸者那么只会有更多的驾驶员逃逸！,,,
居住证满三年证明,待回复,城建 求助,匿***,2017-01-0613:23,办理房产证需要提供居住证满三年证明，但是社保局说不能开，派出所也说不能开，到底这个还需要吗？,,,
环境污染问题,待回复,环保 投诉,匿***,2017-01-0314:10,2016年12月中央环保大检查，各有部门都做的非常到位，辛苦你们了，希望坚持下去。现在有一个事项：过了12月28日，上海有关工厂（公司）又要开工大干了，这其中最严重环保问题的一百多家铝单板生产企业全部位于上海松江、嘉定、青浦、宝山、奉贤、金山，这些企业排放如下：1、	在铝板板金生产过程中，有一道打磨工艺，工人在无任何保护情况下，要把铝板表面（加工过程中）的碰伤痕迹和表面拉毛处理。在此过程中，工人会吸入大量的铝粉尘，包括自然排放铝粉尘。2、	铝板在表面清洗过程中，有大量铝粉尘顺下水道排放。这其中表面还要铬化（重金属）工艺处理，这样铬化处理的水也顺下水道排放。3、	在铝板表面氟碳喷涂中，有大量废气排放，让过路人和周围居民苦不堪言。在此过程中，还有大量的漆渣，随生活垃圾排放。4、	氟碳漆还要经过烘道烘干，在烘干过程中，更是烟雾排放中的气味，让人咳嗽难忍，这其中炉子加温，更是消防隐患，这些烘干炉子根本没经消防验收就在使用。万一造成火灾，更是后患无穷。,,,
食品中毒,待回复,其他 咨询,匿***,2016-12-2809:01,你好，汪书记，我们家最近怀疑吃了有毒草莓，全部肚子疼，我想知道宝山哪里能检测水果是否有毒，谢谢！,,,
求汪书记做主,待回复,城建 投诉,匿***,2016-12-2418:27,尊敬的汪书记！您好我请求您为老百姓做主杨行镇城管袁华一手遮天杨北村180家违建就拆5家这180家有村干部有党员有干部家属所以都不拆老百姓的就拆，现在是共产党还是国民党呢？我们觉得不公不公平啊？汪书记我们求你给我们做主啊！,,,
建议宝山区爱辉路增设违章停车监控拍摄探头,待回复,交通 建言,匿***,2016-12-2310:15,诉求：建议宝山区爱辉路增设违章停车监控拍摄探头原因说明：宝山区爱辉路为双向双车道道路，长江西路至共江路段有宝山区红星小学、爱辉路花鸟和二手交易市场、若干居民小区、菜市场、各类店铺和公交车站等，该路段的北面是长江西路主干道，南面是共江路匝道，交通流量巨大，西面的通河路和东面的虎林路周边同样人口密集，交通流量很大。北面的长江西路和南面的共江路是东西向主干道且有违章停车监控拍摄探头不具备停车条件，西面的通河路和东面的虎林路都设有违章停车监控拍摄探头，唯独爱辉路上没有违章停车监控拍摄探头，导致很多机动车常年违章停放在爱辉路两侧，加剧了交通阻塞和拥堵。在工作日的早晚高峰期间，很多红星小学的家长为了接送小孩方便把机动车违章停放在爱辉路两侧的非机动车道上导致过往的非机动车只能在机动车道上见缝插针地穿行，接送完小孩后很多机动车为了方便又违章在爱辉路上调头进一步加重了交通阻塞，人为造成交通拥堵。而在非工作日时段，爱辉路花鸟和二手交易市场熙熙攘攘人头攒动，很多车辆同样违章停放在爱辉路两侧导致交通阻塞和拥堵。因此强烈建议在宝山区爱辉路的长江西路至共江路段增设违章停车监控拍摄探头，并加派交警到现场严加管理。,,,
公司不在注册地经营导致消费者无法维权怎么解决,待回复,其他 求助,匿***,2016-12-1614:16,上海市溪源忆化妆品有限公司（注册地：上海宝山区）网上售货出现问题，但找不到该公司经营地点导致消费者无法维权，工商局说无法处理,,,
所有菜场的管理,待回复,三农 建言,匿***,2016-12-0815:21,您好：我是住在宝山区罗店镇附近的公民，2016-12-8，早上7点左右在四方村的菜场买菜，发现卖菜人员有强买强卖现象，不买就开始语言攻击，买菜时候提出一个小小要求，店家不同意，既然不同意，我们就不买，这个很正常，但是店家却语言攻击我们，导致小范围吵架，然后竟然开始攻击我们，所以想向您建议一下，所有上海市的菜场不管是正规的还是不正规的，或者将不正规的菜场变成正规的菜场，有经验的管理者，或者有类似许可证，或者有什么管理制度，或者有什么统一的投诉电话，不让这种强买强卖的现象发生。烦请您有时间看一下这条建议，我觉得这是非常有必要的。,,,
食品安全,待回复,其他 投诉,匿***,2016-10-2108:21,我是淞南八村居民，外来人员在小区内，放在黄鱼车上卖海鲜，几乎每天来。所卖海鲜时常咸的，不是咸的鱼而咸的。这次买了带鱼就是很咸。问他说怎么是咸的，他说现在进的鱼都放保鲜粉，保鲜粉是咸的。我想鱼不应该放保鲜粉来保鲜。保鲜粉放了这么多，我理解对人的身体肯定不好。请有关部门查一下，到底是什么成分，对人的身体是否有害。可以通过这位外来人员来查一下从什么地方进货。这是食品安全大事。望调查一下。谢谢,,,
宝山顾村每天晚上飞机噪音和打雷一样  ,待回复,交通 投诉,匿***,2016-10-1314:42,宝山顾村每天晚上飞机噪音和打雷一样    白天也是一样  请问领导们要如何处理   飞机噪音实在太大了  让人崩溃  ,,,
盛桥交通,待回复,交通 求助,匿***,2016-10-0914:42,希望领导能帮忙改善宝山盛桥出行难的问题，增加至市区的公交，谢谢,,,
宝山区盛桥镇空气污染,待回复,环保 求助,匿***,2016-10-0814:11,搬来这边2年了，每天都是吸黑灰，也不知道哪里飘过来的，昨天擦完今天还得擦。夏天装的纱窗上占满了黑灰，几天不擦黑灰就积一层。晚上还有呛人的烟味。不是说排放要环保嘛，投诉没人理，因为我们也不是专业的，都找不到源头在哪里。盛桥这边少说也几万人，健康最重要。请区领导至少来感受一下，大家都白天是工作时间，但是我们晚上也要在这生活的不是吗，请为民办实事。谢谢,,,
轨道交通1号线是否延伸,待回复,交通 咨询,匿***,2016-10-0811:06,汪书记你好：   我在2014年在宝山塔源路买了房子，当初开发商说1号线要延伸至盛桥2年后就可以到了，然后最近在网上查了一下有关于1号线延伸的规划结果是不延伸了，汪书记我想问一下这个规划还有吗？因为出行不方便，再说现在塔院路这块居民已经很多出行实在不方便，如果有规划的话我就心里有个底了。谢谢领导告知一下。希望领导能回复老百姓一下谢谢非常感谢。,,,
宝山五村乱象,待回复,城建 投诉,匿***,2016-09-3009:30,韩正书记你们快来看看宝山区宝山五村乱象吧，在上海宝山区宝山五村12号楼某居民在自家天井外私自圈地，铺设草坪，放了盆栽圈地，还有假山等等，在小区公共绿地上私自圈地了一个小花园。我想问一下宝山五村相关部门，为什么小区公共绿地会变成某些人私家花园，这是谁给他特权？小区业委会，小区居委会，小区物业是怎么监管的。我在小区看见宝山五村15号楼，10号楼，5号楼，11号楼，6号楼，1号楼旁边绿化带都有些是脏乱差，有些是绿化缺少。尤其是1号楼，6号楼，11号楼的旁边绿化最差。但是唯独12号这居民有特权可以在自家天井外继续圈地打造自家小花园。宝山五村还有一个乱象，在宝山五村11号楼101室101室102室401室402室都有非法改变住宅用途情况，沿街酒店把101室102室承重墙敲了变成仓库，沿街酒店把401室和沿街酒店打通变成酒吧，还把401室承重墙敲了。把402室变成员工宿舍，有群租现象。希望宝山区房管部门，宝山城管，宝山五村业委会，居委会，物业能认真管理宝山五村，确保小区环境越来越好，对私自圈地现象应加以劝阻，并报相关执法部门予以取缔！，对于沿街酒店改变住宅用途情况应快速查处，并恢复住宅原貌，并于以处罚！,,,
举报经济适用房违章搭建,待回复,城建 投诉,匿***,2016-09-2815:30,宝山区庙行镇大康路891弄68好602室违章敲掉主墙体并且搭建违章建筑已有2年多了，经各方投诉及调解无果后希望相关部门能够尽快解决。,,,
梧桐城邦2期，黑车党扰乱治安,待回复,治安 投诉,九***,2016-09-0914:48,真华路1801弄（梧桐城邦2期）门口的那群黑车能不能管管，1堵住了门口，2占盲道，3上次倒车撞了一女孩，女孩没太大问题，结果苹果6被撞坏了，女孩要赔，他们一群黑车司机想冲过来打女孩。4今天，有个人电瓶车来小区同事上班，结果以为抢他们生意，结果一群人上来又骂又推推嚷嚷，特别是那个红车女黑车司机还打了别人。严重扰乱社会安全，我旁边公司上班实在看不下去了，每次有点小事就一群人上去凶人家，希望严肃处理。,,,
外来务工者暂住违障房难办暂住证（求助）,待回复,教育 求助,匿***,2016-08-2615:13,书记大人您好，我是从湖北郧县来沪打工的外来人员，现在暂租住在宝山区顾村镇老安村陈东1号，现在遇到的困难是即将入小学的孩子暂住证到期却无法办理，原因是现在租住的房子没有房间号，据房东说涉及违规搭建所以不能办理暂住证，现在的私房短时间找不到，又没有经济能力住公房，也没有别的办暂住证的办法，孩子马上就入学了，急等要暂住证，我实在没有任何办法才来向您求助，希望您能帮帮我，跪谢了！,,,
宝山区不开居住证起始证明导致我们要纳税,待回复,城建 投诉,匿***,2016-08-2515:41,交易中心让开具居住证起始证明，免房产税，但是派出所不开具、这不是为难人吗？,,,
高校运动场地对学生收费问题,待回复,教育 咨询,匿***,2016-08-1514:07,上海大学露天场地对校内学生收费是否合理？而且疑似盈利性收费。以网球场为例，对校内学生收费标准是下午5点前15元每小时，五点后27元每小时。收费标准的变化是以时间为标准而不是以是否使用灯光为依据，这是不是暴露了其盈利目的？所以我想请问书记，高校运动场地对学生收费是否合理？属不属于二次收费？如果这些都没问题的情况下，是否可以进行盈利性收费？毕竟学生是无收入群体。,,,
咨询针对特别贫困人员和家庭是否有救助专款,待回复,其他 咨询,匿***,2016-08-0813:32,尊敬的汪书记您好！恕我冒昧的请问，党和政府每年针对特别贫困人员和家庭是否有救助专款?如果有那对象的确定是根据什么?本人应该属于本地区最最特困的贫困人员吧，可我一年四季除了过年特别救助二百块，就什么也没有。,,,
政府贫困救助到底救助了哪些人,待回复,其他 咨询,匿***,2016-08-0217:05,尊敬汪书记您好！本人今年58岁。高血压三期，脑梗二次，抗药性肺结核，右腿又撑着钢精无法取出，如今流离所室三顿不饱的我，肯请党和政府帮我一把，给我一个栖身之所。本人将不胜感恩党和政府，有生之年报效社会！,,,
赌博太害人,待回复,治安 投诉,匿***,2016-08-0119:03,宝山友谊路宝山大厦三楼乐淘淘动漫城每天24小对开门赌博的人很多。请领导叫便衣去察。地方派出所出了没用的。我每天都要带孙子上四楼补课，天天都看见有人在玩。,,,
上海宝山很黑,待回复,治安 投诉,失***,2016-07-3016:33,我在宝山买房，被太平洋房屋中介顾村店的业务员苟XX、王XX，利用虚假居间协议和卑鄙手段，骗去三万元。 报案，宝山公安不立案：沪公（宝）不立字（2014）1104号。 诉讼，宝山法院乱作为：（2015）宝民三（民）初字第447号。上海宝山政法部门，对阳光下的罪恶熟视无睹，不作为和乱作为，正义何在？,,,
沪太支路何时修,待回复,城建 投诉,匿***,2016-07-2010:30,沪太支路桥自三月份封桥抢修至今，没有任何人在抢修，施工人员不见一个，难道抢修就是这样的吗？沪太路天天堵车，原平路堵车难道跟沪太支路桥抢修封桥没关系，桥到底何时能通是否可以公告啊,,,
商榷,待回复,环保 求助,匿***,2016-07-1521:13,宝林路50弄小区紧邻烈士陵园。今年以来，前往该烈士陵园参观瞻仰的人们每天不断，我认为，进行红色传统教育，纪念英雄先烈，这很好。只是，有一点提出商榷：是否有必要每批、每次都需要播放国歌国际歌，而且音量太大，这让住在这旁边的居民感到有点困惑，问题有点敏感，不太敢多说。故特此向领导提出，有否妥善办法兼顾，冒犯之处，还请谅解！,,,
寻求正义,待回复,治安 投诉,浪***,2016-06-1817:21,我在宝山买房不慎，被太平洋房屋中介顾村店的业务员苟露晨、王子奇，利用虚假居间协议和卑鄙手段，骗去三万元。 报案，宝山公安不立案：沪公（宝）不立字（2014）1104号。 诉讼，宝山法院乱作为：（2015）宝民三（民）初字第447号。上海宝山政法部门，对阳光下的罪恶熟视无睹、麻木不仁！正义何在？,,,
大场镇赌博机猖狂，害人不浅,待回复,治安 投诉,匿***,2016-05-1809:23,大场镇附近赌博机猖狂，害人不浅，好多人都半年工资输光了，都赌的很大，希望你们早日解决。在沪太支路1090弄附近游戏厅二楼，还有后门，一个楼梯上去的。,,,
大场体肓公园烂尾严重,待回复,文娱 投诉,匿***,2016-05-0414:54,政府公示的大场体肓公园，常年工地或三五个工人，或干三五天歇七八天，几成烂尾。在效率的社会，尤其效率的上海，已成周边居民欲言又止的符号。,,,
旧小区停车难,待回复,治安 投诉,匿***,2016-04-1413:45,顾村镇泰和新城3381弄东区只有一条主干道，按规定只有道路一侧可停车，在业主车辆逐年增多的情况，物业不但没有计划扩建车位，还不停的放任外来车辆进小区过夜、违规停放，消防通道常年被占，还经常造成通行堵塞，导致车辆不能正常进出小区。在严重影响小区业主正常停车的同时，物业对外来车辆无一过问，来者不拒，这对小区安全也构成很大的威胁。,,,
赌博游戏机！赌博抓烟机,待回复,其他 求助,匿***,2016-04-0914:25,宝山区顾村镇陈行村陈广路新卢宅进大门右转有一家电子游戏厅！里面全是现金上分的赌博机！我朋友输了好几万！想捞回来！奶粉钱都拿去赌掉！他家里吵的要离婚！周围的人输的人太多了！肯定家里都不好过！不取缔掉这个赌博场所！会有更多人陷进去！破坏更多家庭！这宅子里沿街都是抓烟机！每天给小孩子的早饭钱都拿去抓烟！经常输掉早饭都不吃！抓烟机是投一元一次！如果抓到可以换钱！这是赌博吧！小孩子都害了！原来好像110来过那个机器被铁链固定在墙上！搬不动！后来不了了之了！总之大人小孩都害了！真的没人管的了吗？期待您的动作！,,,
监控形同虚设,待回复,治安 投诉,冲***,2016-04-0511:23,领导你好，我车停在弄堂里无端被刮，对方逃逸，车头正前方10米正对摄像头，报110后一起去看监控，居然什么也沒，后被赶出监控室，警号046503，无奈…希望既然装了，就应物尽其用,,,
600家居民停水五天了！,待回复,城建 求助,匿***,2016-01-2815:35,何家湾路111弄整个小区停水5天！物业置之不理！居民无法生活！请尽快解决,,,
吴淞码头和丰路98号门面房后门聚众赌博！严重,待回复,治安 投诉,匿***,2016-01-2515:12,"尊敬的汪泓书记: 您好，我举报的赌博场所位于宝山吴淞码头和丰路98号门面房（门牌号已被该老板拿掉），该房屋属居民住宅，但非法开设棋牌室，每天8点开始，赌资巨大，老板抽水高，参与赌博的人很多家破人亡，该棋牌室老板在一两年时间内买房买车。对欠钱者威逼利诱，声称黑白两道都有人。里面的吵闹声，讲电话声严重扰民，棋牌室一般经营到凌晨3,4点才结束。周围邻居无法休息好，影响到白天工作。 打了很多投诉电话都没用！",,,
宝山赌博机猖獗!,待回复,文娱 投诉,匿***,2016-01-0711:26,宝山大华二路326号三楼瑞凌游艺城公开利用赌博机设赌，辖区大华新村派出所不作为，110多次报警警方不到场，不处置，不查除赌场赌博机!,,,
公路杂乱,待回复,交通 投诉,匿***,2015-12-0516:01,在和普陀区交接的业绩路上车子在路边随便停放，特别是晚上影响通行，有的车子把人行道都给堵了，也不见有人管理，在卫星地图上看着挺好的，为什么实际路况相差那么多，而普陀区和宝山区交接红柳路路况就比较干净整洁，形成了一个鲜明的对比，难道宝山区就要比普陀区差.,,,
打通环镇南路至7号线大场镇地铁站,待回复,交通 建言,匿***,2015-11-2720:37,您好！    我于今年入住宝山区中环一号，发现这里的交通非常不方便，断头路太多，地铁站远，公交线路少频次少；我们上下班常常不得已乘坐黑车接驳。    希望能尽快打通环镇南路至沪太路（环镇南路去年已经打通至华和路，却迟迟未通至沪太路，不知道是不是动拆迁原因），并且增设公交车由环镇南路直接开至7号线大场镇地铁站，这样将大大方便了大华新界居民的出行，也能很大程度带动地区活力！是我们所有大华新界居民的民心所向！大家都盼了很多年了！    真心希望政府能切实为我们老百姓的交通出行考虑，断头路不通，最后一公里交通不解决，黑车问题也只能是屡禁不止的，因为实在是有不得已的需求，望领导能考虑我们的诉求。谢谢！,,,
我是一普通员工，只希望拿到工钱,待回复,就业 求助,匿***,2015-11-0213:04,我来到上海后再宝山一中介所介绍一工厂上班，进厂之前，面试时说，不压工资，但是进厂后要压一个月工资，我上班第一天给我安排A岗位学习培训，第二天又给我安排B岗位学习培训，之后，厂里说要派三个员工去参加民兵训练，我就是其中一个，说一天145元钱，训练了两天，来回打车的钱说回来之后报销给我。回来后又给我安排C岗位学习培训，在C岗位学习了一周，我一能独立操作生产，我已能转为正式员工，可就在当天又安排我到D岗位学习，可D岗位我做不来，每天要工作16小时。觉得是厂里有点乱来，我就在第二天提出辞职，问其原因我就说做不来，提出辞职后领导说，我并没有给公司企业带来利益，做不来就走人，我觉得很冤，多少应该有工钱的，我来上海本来就没带多少钱，找工作花了五百多，身上已所剩无几，做之前说不压工资我就觉得可以在里面做，但是并不是这样，我做了几天不给我工钱，我想要回，还有参加民兵训练的工钱和打车发票报销的钱，我都想要回，可是领导说，活动是厂里组织，你现在已经不是本员工与本企业无关，就这样一分钱也没拿到，我独自一人也没办法只好回去，希望领导帮帮我，求求你们了！如果真的是没工钱的我觉得就算了，如果不给工钱我还是觉得很冤，毕竟上班挺辛苦的，做的虽然不是很久，但做了活我觉得就应该给报酬！,,,
关于宝山大场祁连山路与华秋路环境整治,待回复,环保 投诉,匿***,2015-10-3011:05,宝山大场做为南宝山的门户，居住在祁连山路与华秋路的居民苦不堪言，周边环境脏、乱、差，晚上还有烧垃圾等情况，不知道宝山的领导们如何管辖区域内的，从浦东搬到宝山，本以为能改善居住条件，对于宝山充满了信心，但经过近一个月的居住，周边环境不敢恭维，此地方竟然是我大上海的管辖、是我大宝山的地域，简直是地狱般的生活，请领导都加关注此地的发展，前不久还拍出滨江地产2.88万/m2的地价，此地如何能承受得起。望领导能多多关心下民众的呼声、都关心下民众的期盼。,,,
举报游戏机厅,待回复,文娱 咨询,匿***,2015-09-1009:55,您好汪书记，宝山区长逸路，农公商三楼红康动漫城，游戏机厅涉嫌赌博为什么没有人去管理，当有领导检查的时候内部就收到信息把门给关上了！这又是怎么一回事，过一会店铺又开了呢！请有关部门去处理下此事。这样的场所开下去会害死很多人！我一个朋友再里面输了几十万，现在弄得妻离子散！,,,
失踪人员家属求助,待回复,治安 求助,乡***,2015-09-0214:17,上级领导你好，我是在上海打工的农民，现居住在宝山区顾村镇老安村陈南1号我有点紧急事情向您求助，2015年8月16日因为本人一点家庭矛盾，一气之下当天中午我老婆离家出走了，至今已经有半个月没有踪迹，手机一直关机，已经排除在亲戚家的可能，有必要说明的是此人精神性格稍有异常，前两天在附近刘行派出所寻找帮助，他们说除了要一些必要的证件外，还要走失人员父母在场，说是做DNA取样证实亲属关系，我没啥文化，不懂这些程序，望大人能帮忙协调一下，感激不尽！,,,
环境污染究竟啥人管,待回复,治安 咨询,匿***,2015-08-1710:09,我是本区月浦镇长春村赵家这里的村民，旁边有一家私人生产防火板的本地人，几次三番告诉他不听，没人敢管，到处是灰尘，噪音，不但没有整改，而还不停的扩展，这样的老板后面的后台究竟是谁？速明查，换老百姓一个清白。恢复！,,,
信鸽扰民,待回复,环保 投诉,匿***,2015-08-0915:30,宝山十村131号6楼，有一业主在自家阳台养鸽（属于信鸽协会会员，联系过上海信鸽协会，一直无人接听电话），但鸽棚和鸽子踏板均超出阳台，导致我们无法放心地把衣服晾在外面，窗户也无法安全打开（鸽屎及其垃圾会飘进家里）；并且该业主较嚣张，觉得凭他的信鸽协会的会员拿他无可奈何，的确最近几年物业和城管都拿他无可奈何；现在的上海的房价那么高，对于我们这些普通老百姓，换房太难了，故希望领导能帮忙解决此事，还我们老百姓一个舒适的居住环境。,,,
赌博机,待回复,其他 投诉,匿***,2015-06-2808:45,领导您好！我想举报宝山区，水产路地铁站出口 水产路311号 世纪联华对面地铁二楼康敏游戏城内设大量赌博机 如打鱼机 翻牌机等 以现金冲卡换分形式进行大额赌博。此前被关门几次 但是毫无作用 没几天又开张 还有后门可以进入。许多人赌的倾家荡产 欠一屁股债 为市民着想 请严打此点。谢谢。,,,
为何公园水塘成了社会小混混的鱼塘？,待回复,城建 投诉,匿***,2015-06-1217:00,位于宝山区红柳路于柳园路交叉口（外环林带普陀区新杨养护段），公园绿化带内的公共水塘现在成了社会小混混的鱼塘，以前我们经常去这个公园里面锻炼身体，现在突然变成私人鱼塘了，目前公园内很脏，到处都是脏东西，水塘内臭气熏天，严重影响周围群众的生活，请领导责成有关部门管管，尽快还我们一个舒心的健身环境。,,,
停车难问题,待回复,交通 建言,匿***,2015-06-0116:31,书记，您好！宝山大花地区很多小区建成比较早，停车位比较紧张。宝山交警道路管理不同意，有的划线收费，有的电子监控，有的没明确标识，造成道路管理混乱。现在居民私车增量较大，是否可以统一规划停车收费，既便于街道管理，也利于市民方面。,,,
大龄失业找不到工作,待回复,就业 咨询,匿***,2015-05-2509:46,求助汪区长大人：我丈夫45岁失业多时就是无法找到工作，原因就是在他20岁左右时犯了错误，现在找工作单位几乎都要无犯罪记录证明，我丈夫已经20几年都守法了，就为了当初一失足导致现在象是被社会遗弃的人，我还有一个读大学的女儿，家里经济来源靠我2012元退休金。我丈夫驾龄快20年了，A2照，没有发生过严重的交通事故，现在只想找一个驾驶员工作，在苦在累也能承受，能挣点钱就是为了让女儿完成大学学业，不用在借钱供孩子读书了。今天求助汪区长帮帮一个实在为生活走投无路的老百姓解决我们的生活困难吧，求求你们领导了。,,,
宝山阿里湾  共康路448号提供色情服务,待回复,治安 投诉,匿***,2015-05-0115:50,宝山区有关部门  宝山共康路448号  阿里湾养生馆常年有提供色情服务   望有关部门予以查处。,,,
大场机场制约宝山未来联动发展,待回复,城建 建言,匿***,2015-04-2214:57,1.大场机场位于中环外，外环内地理位置优越。是宝山区向市区发展的重要跳板，2.同时机场对大华，大场，庙行，顾村等周边人民的生活，生产的负面影响也很大，机场现状的周边也多为城中村，棚户区对城市管理，交通发展，稳定治安都极为不利。3.对于这个军用机场自身来说，周边被社区包围，又地处中心城区，已完全不能满足日常训练和备战的需要！望尽快搬迁！,,,
两年了可以补出生证吗？,待回复,医疗 咨询,匿***,2015-04-0216:09,汪书记您好，两年前我在上海大场医院生了小孩因为我当时没有身份证而办不了出生证现在孩子马上就要上学了我也有身份证了现在可以不补办吗？,,,
双城路上的卡车问题,待回复,环保 投诉,匿***,2015-03-3114:07,"我想反映下双城路上集卡车特别多,噪音特别大,特别是晚上,严重影响周围市民的生活和学习,希望有关部门能去规范他们的通车时间,通车数量,还民众一个安静的环境",,,
上海宝山区大型集团公司非法经济性裁员,待回复,征集 群众路线,乾***,2015-03-2911:26,    上海中集冷藏箱有限公司拆迁另建新厂，1000多名老职工以经济性裁员被强行辞退（大部分工人工作10-19年不等，且签订无固定期限的劳动合同）。2014年8月25日至27日，上海中集冷藏箱有限公司500余工人持续3天3夜维权，分别到区、市政府集会，抗议公司贪污拆迁补偿款，发给工人应该得到的安置补偿费；并要求公司补足参加工作以来的基本社保等依法应享有的各项待遇。......在我国全面依法治理的国家里不应该出现这种违法和严重侵犯劳动者合法权益的行为。希望政府机关给予高度重视！维护法律的尊严！维护广大工人的合法权益！维护社会安定的大好局面！,,,
在郊区私人出租房租房子需要交清洁费吗？,待回复,其他 咨询,匿***,2015-03-1613:28,您好领导，在郊区私人盖的专门的出租房里租房子住，总是在晚上有几个穿制服的人过去收清洁费，一年一百，说是给扫大街的费用。虽不多，但感觉不太正规。请问这种钱需要缴纳吗？如何规定规范的呢？宝山区月浦镇沈巷村塘南宅。,,,
 咨询与解答,待回复,教育 建言,匿***,2015-02-2016:40,我是一个来沪打工的孩子母亲为什么我的孩子不能想受与其他孩子一样的学费待遇呢户主与孩子都是农村户口我想不通,,,
投诉上海宝山区长江南路赌博机,待回复,治安 求助,匿***,2015-01-3113:49,上海宝山区长江南路597号大昌菜市场斜对面，电玩城老虎机捕鱼机赌博巨大，福建老板公司规模特大，三班制二十四小时营业，此店开了十几年了，群众多次举报不其效果，警察来了也是走马观花，大门关了，则边有暗门，有保安守护，害了许多人，家破人亡，有关领导你们也该醒醒了，为了保护群众利益，不是口号，要为群众做点事，把更多的赌者挽救回来，彻底打掉这些保护伞和黑幕，还群众清醒,,,
宝山有没有助浴的地方？,待回复,其他 咨询,匿***,2015-01-3108:17,   我是一个残疾人大学毕业后分配到上海（老五届），那时上世纪80年代是事情了，后来照顾我，家人从外地调入上海。现在天气冷了，不知道宝山有没有助浴的地方？前天连居委会还不知道。   我们家，没有空调、只有书。   老婆到上海以后，只有最低生活费，现在加到500元/每月（65岁以上）和几十年不涨的粮食补贴8元/每月.   2012年还有一张慈善医疗卡，现在没有了。   到上海是为了城市户口（交了城市建设费），可是她现在在老家也早是城市户口了。    老五届是从上世纪66年到70年分配的大学生。,,,
共康路444号阿里湾养生会所有淫秽色情服务,待回复,治安 投诉,匿***,2015-01-0910:07,上海市宝山区共康路444号阿里湾养生会所里常年有淫秽色情服务，服务人员全裸服务，望查处！谢谢！,,,
公司不交保险不签合同,待回复,企业 求助,匿***,2014-11-0610:16,我在上海立欣发展公司工作一年有余，公司从来没有与我签订劳动合同，而且没有交保险，后来我硬要求签订劳动合同，他就说签了合同，如果不做了，保险都没有了，一年多有好几千吧，而且无常加班，现在我不做了，我想要回我的那些损失,,,
宝钢股份行车与宝钢技术服务有限公司行车工资得,待回复,企业 咨询,匿***,2014-10-2408:52,为什么宝钢股份得行车工工资与中冶宝钢技术有限公司（以下简称宝冶）的工资差别那么大， 宝冶是宝钢股份得协力单位，宝钢股份给予宝冶行车工工资是一年八万，为什么宝冶公司就给所单位行车工一年3—4万工资，望领导给我们一个公道,,,
上海兆民云计算拖欠工资9个月，劳动监察不作为,待回复,企业 投诉,匿***,2014-10-1711:12,我之前上海兆民云计算科技的员工，公司无故拖欠几十名员工工资长达9个月（2014年2月至今年），我们已向宝山区劳动保障监察机构投诉，但一直未得到处理。为什么9个月了政府部门都不做处理？还是为人民服务的政府吗？是职能部门不作为，还是官商勾结？（我想不会的，政府部门已经很有钱了。没必要勾结对吧！）肯请政府部门还我们一个公道，我们期待能早点拿到我们的工资以及保障我们的利益！让我们能对政府恢复信心。,,,
变相传销问题,待回复,征集 群众路线,匿***,2014-09-0816:29,希望关注一下一些生物制品有限公司的变相传销问题！已经很严重了，对民生和社会的稳定影响已很大了！优其是上海！！！！！！,,,
经适房质量堪忧,待回复,征集 群众路线,匿***,2014-08-3010:46,我是上海第一批经适房的受惠者，虽然很感谢党的政策照顾能够拥有一套新房，但是万分没想到房屋的质量如此之差。入住已有2年，因房屋漏水已经大大小小修了不下数十次，依然没有很好的成效，但是每次修缮工作给我带来的不仅仅是心里的烦恼，更多的是善后清扫工作，现在家里的地板已经基本上报废，原来的装潢也受到不同程度的影响，与开发商承包商屡次协商都离不开修缮与赔偿，但是每次都得不到治根的效果，十分苦恼之余，也想到了一纸诉状告他们，是否能有相关部门能够从中协调，给我们一个满意的结果。,,,
上海市宝山区军用机场严重扰民问题，求政府关注,待回复,征集 群众路线,匿***,2014-08-2214:58,上海宝山区大场镇军用机场，一直不分昼夜训练、起飞、维修，发出刺耳的轰鸣声，严重影响周边居民的日常作息。并且我们已经默默忍受很多年了，希望有关部门能够想办法解决此类问题，避免政府与老百姓发生矛盾。求关注！！！！！！！！！！！！！！！！！,,,
信鸽违规饲养谁来管,待回复,征集 群众路线,匿***,2014-08-1615:58,上海宝山区宝山二村54号503室违反上海信鸽管理规定在多层建筑中间楼层养鸽子，给居民生活带来很大麻烦，反映给区里信访和体育局还有信鸽协会也总是以老会员或会叫他搞好卫生等理由来敷衍，信鸽审证是一年一次的，会员在违反规定的情况下每年审查都合格，也不督促整改，对政策执行不严，把政府管理上的矛盾转移变成群众矛盾。上海信鸽管理规定规定了养鸽楼层和具体要求，为什么不按规定检查和去按规定去整改，如达不到要求，迁出鸽子或取消会员资格，体育局有行政不作为行为，给老百姓生活带来了麻烦，阳台窗都不敢开，周围都是鸽粪，环境极差，请还我安静卫生的生活环境（注：此房屋房产证上不是此养鸽人名字，是租借的）,,,
游戏机赌博机,待回复,文娱 投诉,匿***,2014-07-1711:04,上海市宝山区蕴川路1555号开赌博机，办公室装暗门，每天好多人在里面输钱，里面有100多台赌博机，一天40多万收入，好多人在里面输钱，把家弄的没家，去抢，去偷，去借高利贷，我也是受害者之一。报警也没用，游戏厅经理说，他们上面都打点好的，警察过来坐坐样子，只要有人报警游戏厅人都知道的，警察转一圈就走，后面机器马上就开的，游戏厅人说，没事。真是无法无天，警鼠一家,,,
如何加强防护火灾和人员安全问题,待回复,其他 求助,匿***,2014-07-0608:19,吴淞花鸟市场是一个又脏又乱的市场，没有消防通道，没有消防栓，道路拥挤，还有大量的人员夜晚住宿此市场，日夜升烟的煮饭啊。真的很担心有一天发生了火灾怎么办，要是有人员伤亡，不但给政务照成了恶劣影响，而且将给家庭带来称重的悲伤，希望区政府加大对不合理的建设一律拆除，防范于未然。绝不能姑息一切安全隐患，给人民带来财产和人员损害。,,,
罗店天平村的篮球场貌似被工地占用,待回复,其他 投诉,匿***,2014-06-1312:23,罗店天平村的健身点里的篮球场貌似被旁边的工地占用。都有很久了，开始以为是维护篮球场，可是差不多半个月过去了，什么也没做，还盖起了小屋空调都安上了，现在我们活动得地方也没有了。真是有些傲脑,,,
关于户籍分离幼儿入园问题,待回复,教育 咨询,匿***,2014-05-0817:01,我女儿已到入园年龄，但户籍在闸北，长居在宝山。想在宝山入园，请问需要什么条件和资料？另，宝山区教育局电话打了两天了也一直未有人接听，请问他们是在上班么？,,,
"小区内开KTV,应该吗?",待回复,环保 求助,匿***,2014-04-2909:21,"在宝山区海江二村164号附近,接近小区出入口的一个名为乐一乐的茶室,其实是挂羊头卖狗肉,日日笙歌,不时还有衣着暴露的妇女出入,晚上11点还唱得正欢,严重影响居民身心健康,为下一代计,强烈要求取缔此类经营场所",,,
私开棋牌室扰民,待回复,治安 求助,大***,2014-04-0209:54,宝山区殷高西路高境2村83栋！有人私开棋牌室！吵的不得了求人管管,,,
希望越来越好,待回复,其他 国美活动,匿***,2013-12-2017:17,挺好的，希望更多为人民着想，为人民办实事。支持一下。,,,
宝山区九百偷电瓶车特严重,待回复,治安 求助,匿***,2013-12-1916:43,宝山区领导好 本人外地来上海务工人员 刚买一辆新电瓶车 来宝山新户路九百逛超市 一会时间就被偷了 找到商场 工作人员还说今天我们是第3个了 报了警 警察来了做个登记就走了 这偷车现像太严重了希望领导给予关注 查查 不然还会有更多的车被偷 谢谢,,,
宝山区书记您好！,待回复,治安 咨询,匿***,2013-11-0617:21,我是一个外来务工者，反应的问题是:共和新路4719弄，我本人清楚4年前小区里偷窃到现在都不见好转，特别白天很猖獗，公安来了，登好记就走了，没有实际行动，我问一些业主公安拿小偷有办法吗？他们回答是没用，走走过程，我所说都是实事，望书记同志关注！,,,
两年半没工作，急求工作,待回复,就业 求助,匿***,2013-08-3016:38,我是97年英语系本科毕业生，现失业在家，想找一份工作，太难，至今在70多岁的父母家啃老，自己还要承担部分生活费，眼看积蓄渐无，却无能为力，心理很难受，希望能得到您的帮助，找一份维持生计的工作－－不知何日才能找到工作，积蓄快用完，收入却无，无法维持生计，请尽快帮我解决工作问题。快一年了，何日能找到工作？我急死了……，我多次上访，找各级领导求助。我2010年的11月就被单位退工，单位还帮我交金，但不发我工资了，2011年8月就正式退工三金也不给我交了，完全把我辞掉了，我的劳动手册至今还有两份退工单，一份是2010年11月的，一份是2011年8月的。我电脑证考出了7张，还自己义务无偿献血4次，我有无偿献血证，可作证明。我在公益服务社工作期间，曾按上级安排给外来务工小孩补习英语并因此几次刊登上了宝山报，我按领导安排自觉担当世博志愿者的工作并收到一张志愿者的信用卡。在世博学英语时期，我为学世博英语的阿姨们当了很长一段时间的英语老师为她们解决了单词读音不准的问题并找出了世博书上用词不当的几处错误。我还辅导过小学五年级的奥数，还曾打电话到编辑部找出书上解题的错误，得到了编辑部的给出的与我相同的正确解题答案，并多次找出书中出题、解题不完善的地方，学奥数的学生说我讲课比昂立的奥数老师讲得还要清楚，负责。我还辅导过初中小孩的英语，她们都取得了可喜的进步。我基本上每周去一次宝杨路的职业介绍所，我跟工作人员说过我什么工作都愿意干，清洁工、扫厕所我都愿意干，但他们至今没给我安排什么工作。我是单身今年38岁，按理我可以享受低保，但我一直又怕又担心不敢去办低保，因为据说领了低保就再也不给安排工作了，到现在，我也没敢去领低保，请问领了低保就再也不给安排工作了吗？我现在的问题是我现在如果办了低保，以后工作还给我安排吗？又过了一年多，我不上访也不写信给领导了，因为没有用，至今没有工作。2013.8.30,,,
